Attendance_ID,Worker_ID,Date,Present_Flag,Late_Minutes,Leave_Flag
AT000001,W001,01-06-2026,1,0,0
AT000002,W001,02-06-2026,1,6,0
AT000003,W001,03-06-2026,1,0,0
AT000004,W001,04-06-2026,1,0,0
AT000005,W001,05-06-2026,1,7,0
AT000006,W001,06-06-2026,1,5,0
AT000007,W001,07-06-2026,0,0,0
AT000008,W001,08-06-2026,1,0,0
AT000009,W001,09-06-2026,1,12,0
AT000010,W001,10-06-2026,1,1,0
AT000011,W001,11-06-2026,1,6,0
AT000012,W001,12-06-2026,1,8,0
AT000013,W001,13-06-2026,1,10,0
AT000014,W001,14-06-2026,0,0,0
AT000015,W001,15-06-2026,1,0,0
AT000016,W001,16-06-2026,1,0,0
AT000017,W001,17-06-2026,1,1,0
AT000018,W001,18-06-2026,1,14,0
AT000019,W001,19-06-2026,1,11,0
AT000020,W001,20-06-2026,1,4,0
AT000021,W001,21-06-2026,0,0,0
AT000022,W001,22-06-2026,1,4,0
AT000023,W001,23-06-2026,1,8,0
AT000024,W001,24-06-2026,1,10,0
AT000025,W001,25-06-2026,1,0,0
AT000026,W001,26-06-2026,1,0,0
AT000027,W001,27-06-2026,1,0,0
AT000028,W001,28-06-2026,0,0,0
AT000029,W001,29-06-2026,1,0,0
AT000030,W001,30-06-2026,1,0,0
AT000031,W001,01-07-2026,1,0,0
AT000032,W001,02-07-2026,1,4,0
AT000033,W001,03-07-2026,1,0,0
AT000034,W001,04-07-2026,1,1,0
AT000035,W001,05-07-2026,0,0,0
AT000036,W001,06-07-2026,1,0,0
AT000037,W001,07-07-2026,1,7,0
AT000038,W001,08-07-2026,1,0,0
AT000039,W001,09-07-2026,1,0,0
AT000040,W001,10-07-2026,1,6,0
AT000041,W001,11-07-2026,1,4,0
AT000042,W001,12-07-2026,0,0,0
AT000043,W001,13-07-2026,1,8,0
AT000044,W001,14-07-2026,1,0,0
AT000045,W001,15-07-2026,1,8,0
AT000046,W001,16-07-2026,1,5,0
AT000047,W001,17-07-2026,1,5,0
AT000048,W001,18-07-2026,1,0,0
AT000049,W001,19-07-2026,0,0,0
AT000050,W001,20-07-2026,1,0,0
AT000051,W001,21-07-2026,1,1,0
AT000052,W001,22-07-2026,1,3,0
AT000053,W001,23-07-2026,1,4,0
AT000054,W001,24-07-2026,1,0,0
AT000055,W001,25-07-2026,1,7,0
AT000056,W001,26-07-2026,0,0,0
AT000057,W001,27-07-2026,1,0,0
AT000058,W001,28-07-2026,1,0,0
AT000059,W001,29-07-2026,1,0,0
AT000060,W001,30-07-2026,1,0,0
AT000061,W001,31-07-2026,1,9,0
AT000062,W001,01-08-2026,1,0,0
AT000063,W001,02-08-2026,0,0,0
AT000064,W001,03-08-2026,1,0,0
AT000065,W001,04-08-2026,1,0,0
AT000066,W001,05-08-2026,1,2,0
AT000067,W001,06-08-2026,1,0,0
AT000068,W001,07-08-2026,1,3,0
AT000069,W001,08-08-2026,1,7,0
AT000070,W001,09-08-2026,0,0,0
AT000071,W001,10-08-2026,1,0,0
AT000072,W001,11-08-2026,1,6,0
AT000073,W001,12-08-2026,1,0,0
AT000074,W001,13-08-2026,1,5,0
AT000075,W001,14-08-2026,1,0,0
AT000076,W001,15-08-2026,1,0,0
AT000077,W001,16-08-2026,0,0,0
AT000078,W001,17-08-2026,1,0,0
AT000079,W001,18-08-2026,1,0,0
AT000080,W001,19-08-2026,1,0,0
AT000081,W001,20-08-2026,1,6,0
AT000082,W001,21-08-2026,1,7,0
AT000083,W001,22-08-2026,1,3,0
AT000084,W001,23-08-2026,0,0,0
AT000085,W001,24-08-2026,1,0,0
AT000086,W001,25-08-2026,1,1,0
AT000087,W001,26-08-2026,1,4,0
AT000088,W001,27-08-2026,1,2,0
AT000089,W001,28-08-2026,1,0,0
AT000090,W001,29-08-2026,1,0,0
AT000091,W002,01-06-2026,1,7,0
AT000092,W002,02-06-2026,1,9,0
AT000093,W002,03-06-2026,1,2,0
AT000094,W002,04-06-2026,1,20,0
AT000095,W002,05-06-2026,1,6,0
AT000096,W002,06-06-2026,1,4,0
AT000097,W002,07-06-2026,0,0,0
AT000098,W002,08-06-2026,1,8,0
AT000099,W002,09-06-2026,1,11,0
AT000100,W002,10-06-2026,1,1,0
AT000101,W002,11-06-2026,1,7,0
AT000102,W002,12-06-2026,1,0,0
AT000103,W002,13-06-2026,1,0,0
AT000104,W002,14-06-2026,1,9,0
AT000105,W002,15-06-2026,1,8,0
AT000106,W002,16-06-2026,1,3,0
AT000107,W002,17-06-2026,1,2,0
AT000108,W002,18-06-2026,1,2,0
AT000109,W002,19-06-2026,1,0,0
AT000110,W002,20-06-2026,1,2,0
AT000111,W002,21-06-2026,0,0,0
AT000112,W002,22-06-2026,1,3,0
AT000113,W002,23-06-2026,1,6,0
AT000114,W002,24-06-2026,1,9,0
AT000115,W002,25-06-2026,1,0,0
AT000116,W002,26-06-2026,1,0,0
AT000117,W002,27-06-2026,1,3,0
AT000118,W002,28-06-2026,0,0,0
AT000119,W002,29-06-2026,1,2,0
AT000120,W002,30-06-2026,1,11,0
AT000121,W002,01-07-2026,1,15,0
AT000122,W002,02-07-2026,1,0,0
AT000123,W002,03-07-2026,0,0,1
AT000124,W002,04-07-2026,0,0,1
AT000125,W002,05-07-2026,0,0,0
AT000126,W002,06-07-2026,1,2,0
AT000127,W002,07-07-2026,1,0,0
AT000128,W002,08-07-2026,1,12,0
AT000129,W002,09-07-2026,1,7,0
AT000130,W002,10-07-2026,1,11,0
AT000131,W002,11-07-2026,1,11,0
AT000132,W002,12-07-2026,0,0,0
AT000133,W002,13-07-2026,1,7,0
AT000134,W002,14-07-2026,1,5,0
AT000135,W002,15-07-2026,1,6,0
AT000136,W002,16-07-2026,1,9,0
AT000137,W002,17-07-2026,1,1,0
AT000138,W002,18-07-2026,1,0,0
AT000139,W002,19-07-2026,0,0,0
AT000140,W002,20-07-2026,1,4,0
AT000141,W002,21-07-2026,1,5,0
AT000142,W002,22-07-2026,1,14,0
AT000143,W002,23-07-2026,1,7,0
AT000144,W002,24-07-2026,1,1,0
AT000145,W002,25-07-2026,1,0,0
AT000146,W002,26-07-2026,1,6,0
AT000147,W002,27-07-2026,1,5,0
AT000148,W002,28-07-2026,1,11,0
AT000149,W002,29-07-2026,1,11,0
AT000150,W002,30-07-2026,1,8,0
AT000151,W002,31-07-2026,1,7,0
AT000152,W002,01-08-2026,1,0,0
AT000153,W002,02-08-2026,0,0,0
AT000154,W002,03-08-2026,1,0,0
AT000155,W002,04-08-2026,1,6,0
AT000156,W002,05-08-2026,1,0,0
AT000157,W002,06-08-2026,1,17,0
AT000158,W002,07-08-2026,1,5,0
AT000159,W002,08-08-2026,1,0,0
AT000160,W002,09-08-2026,0,0,0
AT000161,W002,10-08-2026,1,7,0
AT000162,W002,11-08-2026,1,4,0
AT000163,W002,12-08-2026,1,4,0
AT000164,W002,13-08-2026,1,0,0
AT000165,W002,14-08-2026,1,0,0
AT000166,W002,15-08-2026,1,7,0
AT000167,W002,16-08-2026,0,0,0
AT000168,W002,17-08-2026,1,4,0
AT000169,W002,18-08-2026,1,7,0
AT000170,W002,19-08-2026,0,0,1
AT000171,W002,20-08-2026,1,0,0
AT000172,W002,21-08-2026,0,0,1
AT000173,W002,22-08-2026,1,10,0
AT000174,W002,23-08-2026,0,0,0
AT000175,W002,24-08-2026,1,3,0
AT000176,W002,25-08-2026,1,9,0
AT000177,W002,26-08-2026,1,4,0
AT000178,W002,27-08-2026,0,0,1
AT000179,W002,28-08-2026,1,0,0
AT000180,W002,29-08-2026,1,4,0
AT000181,W003,01-06-2026,1,9,0
AT000182,W003,02-06-2026,1,2,0
AT000183,W003,03-06-2026,1,6,0
AT000184,W003,04-06-2026,1,0,0
AT000185,W003,05-06-2026,1,10,0
AT000186,W003,06-06-2026,1,10,0
AT000187,W003,07-06-2026,0,0,0
AT000188,W003,08-06-2026,1,2,0
AT000189,W003,09-06-2026,1,0,0
AT000190,W003,10-06-2026,1,5,0
AT000191,W003,11-06-2026,1,4,0
AT000192,W003,12-06-2026,1,13,0
AT000193,W003,13-06-2026,1,6,0
AT000194,W003,14-06-2026,0,0,0
AT000195,W003,15-06-2026,1,4,0
AT000196,W003,16-06-2026,1,5,0
AT000197,W003,17-06-2026,1,0,0
AT000198,W003,18-06-2026,1,6,0
AT000199,W003,19-06-2026,1,7,0
AT000200,W003,20-06-2026,1,0,0
AT000201,W003,21-06-2026,0,0,0
AT000202,W003,22-06-2026,1,7,0
AT000203,W003,23-06-2026,1,3,0
AT000204,W003,24-06-2026,1,0,0
AT000205,W003,25-06-2026,1,1,0
AT000206,W003,26-06-2026,1,4,0
AT000207,W003,27-06-2026,1,0,0
AT000208,W003,28-06-2026,0,0,0
AT000209,W003,29-06-2026,1,5,0
AT000210,W003,30-06-2026,1,0,0
AT000211,W003,01-07-2026,1,9,0
AT000212,W003,02-07-2026,1,1,0
AT000213,W003,03-07-2026,1,10,0
AT000214,W003,04-07-2026,1,2,0
AT000215,W003,05-07-2026,0,0,0
AT000216,W003,06-07-2026,1,8,0
AT000217,W003,07-07-2026,1,1,0
AT000218,W003,08-07-2026,0,0,1
AT000219,W003,09-07-2026,1,0,0
AT000220,W003,10-07-2026,1,0,0
AT000221,W003,11-07-2026,1,5,0
AT000222,W003,12-07-2026,0,0,0
AT000223,W003,13-07-2026,1,0,0
AT000224,W003,14-07-2026,1,0,0
AT000225,W003,15-07-2026,0,0,1
AT000226,W003,16-07-2026,1,14,0
AT000227,W003,17-07-2026,1,6,0
AT000228,W003,18-07-2026,1,6,0
AT000229,W003,19-07-2026,0,0,0
AT000230,W003,20-07-2026,1,1,0
AT000231,W003,21-07-2026,0,0,1
AT000232,W003,22-07-2026,1,6,0
AT000233,W003,23-07-2026,1,3,0
AT000234,W003,24-07-2026,1,2,0
AT000235,W003,25-07-2026,1,8,0
AT000236,W003,26-07-2026,0,0,0
AT000237,W003,27-07-2026,1,2,0
AT000238,W003,28-07-2026,1,4,0
AT000239,W003,29-07-2026,1,10,0
AT000240,W003,30-07-2026,1,9,0
AT000241,W003,31-07-2026,1,11,0
AT000242,W003,01-08-2026,1,0,0
AT000243,W003,02-08-2026,0,0,0
AT000244,W003,03-08-2026,1,3,0
AT000245,W003,04-08-2026,1,5,0
AT000246,W003,05-08-2026,1,13,0
AT000247,W003,06-08-2026,1,9,0
AT000248,W003,07-08-2026,1,5,0
AT000249,W003,08-08-2026,1,0,0
AT000250,W003,09-08-2026,0,0,0
AT000251,W003,10-08-2026,1,0,0
AT000252,W003,11-08-2026,1,5,0
AT000253,W003,12-08-2026,1,1,0
AT000254,W003,13-08-2026,1,0,0
AT000255,W003,14-08-2026,1,4,0
AT000256,W003,15-08-2026,1,10,0
AT000257,W003,16-08-2026,0,0,0
AT000258,W003,17-08-2026,1,14,0
AT000259,W003,18-08-2026,1,0,0
AT000260,W003,19-08-2026,1,0,0
AT000261,W003,20-08-2026,1,6,0
AT000262,W003,21-08-2026,0,0,1
AT000263,W003,22-08-2026,1,6,0
AT000264,W003,23-08-2026,1,2,0
AT000265,W003,24-08-2026,1,8,0
AT000266,W003,25-08-2026,1,12,0
AT000267,W003,26-08-2026,1,11,0
AT000268,W003,27-08-2026,1,13,0
AT000269,W003,28-08-2026,1,2,0
AT000270,W003,29-08-2026,1,3,0
AT000271,W004,01-06-2026,1,3,0
AT000272,W004,02-06-2026,1,2,0
AT000273,W004,03-06-2026,1,8,0
AT000274,W004,04-06-2026,1,4,0
AT000275,W004,05-06-2026,1,1,0
AT000276,W004,06-06-2026,1,5,0
AT000277,W004,07-06-2026,0,0,0
AT000278,W004,08-06-2026,1,2,0
AT000279,W004,09-06-2026,1,7,0
AT000280,W004,10-06-2026,1,0,0
AT000281,W004,11-06-2026,1,8,0
AT000282,W004,12-06-2026,1,1,0
AT000283,W004,13-06-2026,1,6,0
AT000284,W004,14-06-2026,0,0,0
AT000285,W004,15-06-2026,1,0,0
AT000286,W004,16-06-2026,1,9,0
AT000287,W004,17-06-2026,1,3,0
AT000288,W004,18-06-2026,1,9,0
AT000289,W004,19-06-2026,1,1,0
AT000290,W004,20-06-2026,1,1,0
AT000291,W004,21-06-2026,0,0,0
AT000292,W004,22-06-2026,1,7,0
AT000293,W004,23-06-2026,1,2,0
AT000294,W004,24-06-2026,1,1,0
AT000295,W004,25-06-2026,1,2,0
AT000296,W004,26-06-2026,1,1,0
AT000297,W004,27-06-2026,1,0,0
AT000298,W004,28-06-2026,0,0,0
AT000299,W004,29-06-2026,1,4,0
AT000300,W004,30-06-2026,1,4,0
AT000301,W004,01-07-2026,1,9,0
AT000302,W004,02-07-2026,1,9,0
AT000303,W004,03-07-2026,1,8,0
AT000304,W004,04-07-2026,1,0,0
AT000305,W004,05-07-2026,0,0,0
AT000306,W004,06-07-2026,1,9,0
AT000307,W004,07-07-2026,1,0,0
AT000308,W004,08-07-2026,1,4,0
AT000309,W004,09-07-2026,1,2,0
AT000310,W004,10-07-2026,1,10,0
AT000311,W004,11-07-2026,1,6,0
AT000312,W004,12-07-2026,0,0,0
AT000313,W004,13-07-2026,1,0,0
AT000314,W004,14-07-2026,1,2,0
AT000315,W004,15-07-2026,0,0,1
AT000316,W004,16-07-2026,1,8,0
AT000317,W004,17-07-2026,1,6,0
AT000318,W004,18-07-2026,1,14,0
AT000319,W004,19-07-2026,0,0,0
AT000320,W004,20-07-2026,1,11,0
AT000321,W004,21-07-2026,1,3,0
AT000322,W004,22-07-2026,1,5,0
AT000323,W004,23-07-2026,1,8,0
AT000324,W004,24-07-2026,1,1,0
AT000325,W004,25-07-2026,1,6,0
AT000326,W004,26-07-2026,0,0,0
AT000327,W004,27-07-2026,1,2,0
AT000328,W004,28-07-2026,1,0,0
AT000329,W004,29-07-2026,1,5,0
AT000330,W004,30-07-2026,1,4,0
AT000331,W004,31-07-2026,1,4,0
AT000332,W004,01-08-2026,0,0,1
AT000333,W004,02-08-2026,0,0,0
AT000334,W004,03-08-2026,1,4,0
AT000335,W004,04-08-2026,1,4,0
AT000336,W004,05-08-2026,1,4,0
AT000337,W004,06-08-2026,1,9,0
AT000338,W004,07-08-2026,1,4,0
AT000339,W004,08-08-2026,1,4,0
AT000340,W004,09-08-2026,1,10,0
AT000341,W004,10-08-2026,1,1,0
AT000342,W004,11-08-2026,1,5,0
AT000343,W004,12-08-2026,0,0,1
AT000344,W004,13-08-2026,1,5,0
AT000345,W004,14-08-2026,1,6,0
AT000346,W004,15-08-2026,1,6,0
AT000347,W004,16-08-2026,1,4,0
AT000348,W004,17-08-2026,1,6,0
AT000349,W004,18-08-2026,1,4,0
AT000350,W004,19-08-2026,1,8,0
AT000351,W004,20-08-2026,1,10,0
AT000352,W004,21-08-2026,1,7,0
AT000353,W004,22-08-2026,1,0,0
AT000354,W004,23-08-2026,0,0,0
AT000355,W004,24-08-2026,1,3,0
AT000356,W004,25-08-2026,1,0,0
AT000357,W004,26-08-2026,1,12,0
AT000358,W004,27-08-2026,1,14,0
AT000359,W004,28-08-2026,1,7,0
AT000360,W004,29-08-2026,1,0,0
AT000361,W005,01-06-2026,1,1,0
AT000362,W005,02-06-2026,1,7,0
AT000363,W005,03-06-2026,1,5,0
AT000364,W005,04-06-2026,1,8,0
AT000365,W005,05-06-2026,1,0,0
AT000366,W005,06-06-2026,1,10,0
AT000367,W005,07-06-2026,0,0,0
AT000368,W005,08-06-2026,1,7,0
AT000369,W005,09-06-2026,1,0,0
AT000370,W005,10-06-2026,1,7,0
AT000371,W005,11-06-2026,1,0,0
AT000372,W005,12-06-2026,0,0,1
AT000373,W005,13-06-2026,1,3,0
AT000374,W005,14-06-2026,0,0,0
AT000375,W005,15-06-2026,1,0,0
AT000376,W005,16-06-2026,1,1,0
AT000377,W005,17-06-2026,1,1,0
AT000378,W005,18-06-2026,1,1,0
AT000379,W005,19-06-2026,1,1,0
AT000380,W005,20-06-2026,1,6,0
AT000381,W005,21-06-2026,0,0,0
AT000382,W005,22-06-2026,1,0,0
AT000383,W005,23-06-2026,0,0,1
AT000384,W005,24-06-2026,1,6,0
AT000385,W005,25-06-2026,1,5,0
AT000386,W005,26-06-2026,1,0,0
AT000387,W005,27-06-2026,1,8,0
AT000388,W005,28-06-2026,0,0,0
AT000389,W005,29-06-2026,1,0,0
AT000390,W005,30-06-2026,1,0,0
AT000391,W005,01-07-2026,1,0,0
AT000392,W005,02-07-2026,1,2,0
AT000393,W005,03-07-2026,1,0,0
AT000394,W005,04-07-2026,1,0,0
AT000395,W005,05-07-2026,0,0,0
AT000396,W005,06-07-2026,1,4,0
AT000397,W005,07-07-2026,1,3,0
AT000398,W005,08-07-2026,1,5,0
AT000399,W005,09-07-2026,1,6,0
AT000400,W005,10-07-2026,1,3,0
AT000401,W005,11-07-2026,1,0,0
AT000402,W005,12-07-2026,0,0,0
AT000403,W005,13-07-2026,1,0,0
AT000404,W005,14-07-2026,1,0,0
AT000405,W005,15-07-2026,1,2,0
AT000406,W005,16-07-2026,1,0,0
AT000407,W005,17-07-2026,1,5,0
AT000408,W005,18-07-2026,1,1,0
AT000409,W005,19-07-2026,0,0,0
AT000410,W005,20-07-2026,1,8,0
AT000411,W005,21-07-2026,1,2,0
AT000412,W005,22-07-2026,1,2,0
AT000413,W005,23-07-2026,1,2,0
AT000414,W005,24-07-2026,1,2,0
AT000415,W005,25-07-2026,1,7,0
AT000416,W005,26-07-2026,0,0,0
AT000417,W005,27-07-2026,1,0,0
AT000418,W005,28-07-2026,1,0,0
AT000419,W005,29-07-2026,1,11,0
AT000420,W005,30-07-2026,1,0,0
AT000421,W005,31-07-2026,1,1,0
AT000422,W005,01-08-2026,1,4,0
AT000423,W005,02-08-2026,0,0,0
AT000424,W005,03-08-2026,1,0,0
AT000425,W005,04-08-2026,1,0,0
AT000426,W005,05-08-2026,1,12,0
AT000427,W005,06-08-2026,1,0,0
AT000428,W005,07-08-2026,1,0,0
AT000429,W005,08-08-2026,1,0,0
AT000430,W005,09-08-2026,0,0,0
AT000431,W005,10-08-2026,1,4,0
AT000432,W005,11-08-2026,1,3,0
AT000433,W005,12-08-2026,1,0,0
AT000434,W005,13-08-2026,1,0,0
AT000435,W005,14-08-2026,1,6,0
AT000436,W005,15-08-2026,1,1,0
AT000437,W005,16-08-2026,0,0,0
AT000438,W005,17-08-2026,1,6,0
AT000439,W005,18-08-2026,1,0,0
AT000440,W005,19-08-2026,1,6,0
AT000441,W005,20-08-2026,1,0,0
AT000442,W005,21-08-2026,1,5,0
AT000443,W005,22-08-2026,1,7,0
AT000444,W005,23-08-2026,1,17,0
AT000445,W005,24-08-2026,1,8,0
AT000446,W005,25-08-2026,1,2,0
AT000447,W005,26-08-2026,1,0,0
AT000448,W005,27-08-2026,1,2,0
AT000449,W005,28-08-2026,1,2,0
AT000450,W005,29-08-2026,1,3,0
AT000451,W006,01-06-2026,1,13,0
AT000452,W006,02-06-2026,1,0,0
AT000453,W006,03-06-2026,1,0,0
AT000454,W006,04-06-2026,1,6,0
AT000455,W006,05-06-2026,1,0,0
AT000456,W006,06-06-2026,1,0,0
AT000457,W006,07-06-2026,0,0,0
AT000458,W006,08-06-2026,1,3,0
AT000459,W006,09-06-2026,1,0,0
AT000460,W006,10-06-2026,1,0,0
AT000461,W006,11-06-2026,1,9,0
AT000462,W006,12-06-2026,1,7,0
AT000463,W006,13-06-2026,1,2,0
AT000464,W006,14-06-2026,0,0,0
AT000465,W006,15-06-2026,1,5,0
AT000466,W006,16-06-2026,1,0,0
AT000467,W006,17-06-2026,1,7,0
AT000468,W006,18-06-2026,1,10,0
AT000469,W006,19-06-2026,0,0,1
AT000470,W006,20-06-2026,0,0,1
AT000471,W006,21-06-2026,0,0,0
AT000472,W006,22-06-2026,1,0,0
AT000473,W006,23-06-2026,1,10,0
AT000474,W006,24-06-2026,0,0,1
AT000475,W006,25-06-2026,1,3,0
AT000476,W006,26-06-2026,1,6,0
AT000477,W006,27-06-2026,1,3,0
AT000478,W006,28-06-2026,0,0,0
AT000479,W006,29-06-2026,1,2,0
AT000480,W006,30-06-2026,1,0,0
AT000481,W006,01-07-2026,1,3,0
AT000482,W006,02-07-2026,1,1,0
AT000483,W006,03-07-2026,1,10,0
AT000484,W006,04-07-2026,1,0,0
AT000485,W006,05-07-2026,0,0,0
AT000486,W006,06-07-2026,1,4,0
AT000487,W006,07-07-2026,1,2,0
AT000488,W006,08-07-2026,1,5,0
AT000489,W006,09-07-2026,1,6,0
AT000490,W006,10-07-2026,1,7,0
AT000491,W006,11-07-2026,1,1,0
AT000492,W006,12-07-2026,0,0,0
AT000493,W006,13-07-2026,1,1,0
AT000494,W006,14-07-2026,1,8,0
AT000495,W006,15-07-2026,1,7,0
AT000496,W006,16-07-2026,0,0,1
AT000497,W006,17-07-2026,1,0,0
AT000498,W006,18-07-2026,1,5,0
AT000499,W006,19-07-2026,0,0,0
AT000500,W006,20-07-2026,1,4,0
AT000501,W006,21-07-2026,1,16,0
AT000502,W006,22-07-2026,1,0,0
AT000503,W006,23-07-2026,1,4,0
AT000504,W006,24-07-2026,1,0,0
AT000505,W006,25-07-2026,1,0,0
AT000506,W006,26-07-2026,0,0,0
AT000507,W006,27-07-2026,1,3,0
AT000508,W006,28-07-2026,1,0,0
AT000509,W006,29-07-2026,1,0,0
AT000510,W006,30-07-2026,1,2,0
AT000511,W006,31-07-2026,1,5,0
AT000512,W006,01-08-2026,1,0,0
AT000513,W006,02-08-2026,0,0,0
AT000514,W006,03-08-2026,1,6,0
AT000515,W006,04-08-2026,1,4,0
AT000516,W006,05-08-2026,1,11,0
AT000517,W006,06-08-2026,1,0,0
AT000518,W006,07-08-2026,1,8,0
AT000519,W006,08-08-2026,1,0,0
AT000520,W006,09-08-2026,0,0,0
AT000521,W006,10-08-2026,1,0,0
AT000522,W006,11-08-2026,1,0,0
AT000523,W006,12-08-2026,1,8,0
AT000524,W006,13-08-2026,0,0,1
AT000525,W006,14-08-2026,1,0,0
AT000526,W006,15-08-2026,1,16,0
AT000527,W006,16-08-2026,0,0,0
AT000528,W006,17-08-2026,1,5,0
AT000529,W006,18-08-2026,1,7,0
AT000530,W006,19-08-2026,1,0,0
AT000531,W006,20-08-2026,1,0,0
AT000532,W006,21-08-2026,0,0,1
AT000533,W006,22-08-2026,1,0,0
AT000534,W006,23-08-2026,1,6,0
AT000535,W006,24-08-2026,1,6,0
AT000536,W006,25-08-2026,1,9,0
AT000537,W006,26-08-2026,1,0,0
AT000538,W006,27-08-2026,1,0,0
AT000539,W006,28-08-2026,1,6,0
AT000540,W006,29-08-2026,1,0,0
AT000541,W007,01-06-2026,1,0,0
AT000542,W007,02-06-2026,1,15,0
AT000543,W007,03-06-2026,1,3,0
AT000544,W007,04-06-2026,1,9,0
AT000545,W007,05-06-2026,1,7,0
AT000546,W007,06-06-2026,1,0,0
AT000547,W007,07-06-2026,1,5,0
AT000548,W007,08-06-2026,1,5,0
AT000549,W007,09-06-2026,1,4,0
AT000550,W007,10-06-2026,1,0,0
AT000551,W007,11-06-2026,1,2,0
AT000552,W007,12-06-2026,1,3,0
AT000553,W007,13-06-2026,1,4,0
AT000554,W007,14-06-2026,1,0,0
AT000555,W007,15-06-2026,1,2,0
AT000556,W007,16-06-2026,1,10,0
AT000557,W007,17-06-2026,1,0,0
AT000558,W007,18-06-2026,1,6,0
AT000559,W007,19-06-2026,1,8,0
AT000560,W007,20-06-2026,1,7,0
AT000561,W007,21-06-2026,0,0,0
AT000562,W007,22-06-2026,1,12,0
AT000563,W007,23-06-2026,1,7,0
AT000564,W007,24-06-2026,1,3,0
AT000565,W007,25-06-2026,1,3,0
AT000566,W007,26-06-2026,1,12,0
AT000567,W007,27-06-2026,1,4,0
AT000568,W007,28-06-2026,0,0,0
AT000569,W007,29-06-2026,1,7,0
AT000570,W007,30-06-2026,1,0,0
AT000571,W007,01-07-2026,1,3,0
AT000572,W007,02-07-2026,1,0,0
AT000573,W007,03-07-2026,0,0,1
AT000574,W007,04-07-2026,1,7,0
AT000575,W007,05-07-2026,0,0,0
AT000576,W007,06-07-2026,1,0,0
AT000577,W007,07-07-2026,1,0,0
AT000578,W007,08-07-2026,1,9,0
AT000579,W007,09-07-2026,1,6,0
AT000580,W007,10-07-2026,1,10,0
AT000581,W007,11-07-2026,1,0,0
AT000582,W007,12-07-2026,0,0,0
AT000583,W007,13-07-2026,1,7,0
AT000584,W007,14-07-2026,1,0,0
AT000585,W007,15-07-2026,1,0,0
AT000586,W007,16-07-2026,1,6,0
AT000587,W007,17-07-2026,1,7,0
AT000588,W007,18-07-2026,1,1,0
AT000589,W007,19-07-2026,0,0,0
AT000590,W007,20-07-2026,1,0,0
AT000591,W007,21-07-2026,1,0,0
AT000592,W007,22-07-2026,1,9,0
AT000593,W007,23-07-2026,0,0,1
AT000594,W007,24-07-2026,1,8,0
AT000595,W007,25-07-2026,1,0,0
AT000596,W007,26-07-2026,0,0,0
AT000597,W007,27-07-2026,1,0,0
AT000598,W007,28-07-2026,1,8,0
AT000599,W007,29-07-2026,1,4,0
AT000600,W007,30-07-2026,1,3,0
AT000601,W007,31-07-2026,1,3,0
AT000602,W007,01-08-2026,1,6,0
AT000603,W007,02-08-2026,0,0,0
AT000604,W007,03-08-2026,1,0,0
AT000605,W007,04-08-2026,1,6,0
AT000606,W007,05-08-2026,0,0,1
AT000607,W007,06-08-2026,1,11,0
AT000608,W007,07-08-2026,1,4,0
AT000609,W007,08-08-2026,1,4,0
AT000610,W007,09-08-2026,0,0,0
AT000611,W007,10-08-2026,1,8,0
AT000612,W007,11-08-2026,1,12,0
AT000613,W007,12-08-2026,1,1,0
AT000614,W007,13-08-2026,1,8,0
AT000615,W007,14-08-2026,1,0,0
AT000616,W007,15-08-2026,1,0,0
AT000617,W007,16-08-2026,0,0,0
AT000618,W007,17-08-2026,1,0,0
AT000619,W007,18-08-2026,0,0,1
AT000620,W007,19-08-2026,1,0,0
AT000621,W007,20-08-2026,1,2,0
AT000622,W007,21-08-2026,1,4,0
AT000623,W007,22-08-2026,1,12,0
AT000624,W007,23-08-2026,0,0,0
AT000625,W007,24-08-2026,1,9,0
AT000626,W007,25-08-2026,1,7,0
AT000627,W007,26-08-2026,1,2,0
AT000628,W007,27-08-2026,1,1,0
AT000629,W007,28-08-2026,1,7,0
AT000630,W007,29-08-2026,1,0,0
AT000631,W008,01-06-2026,1,7,0
AT000632,W008,02-06-2026,1,17,0
AT000633,W008,03-06-2026,1,0,0
AT000634,W008,04-06-2026,1,16,0
AT000635,W008,05-06-2026,1,0,0
AT000636,W008,06-06-2026,1,5,0
AT000637,W008,07-06-2026,0,0,0
AT000638,W008,08-06-2026,1,2,0
AT000639,W008,09-06-2026,1,6,0
AT000640,W008,10-06-2026,1,12,0
AT000641,W008,11-06-2026,1,5,0
AT000642,W008,12-06-2026,1,9,0
AT000643,W008,13-06-2026,1,0,0
AT000644,W008,14-06-2026,0,0,0
AT000645,W008,15-06-2026,1,12,0
AT000646,W008,16-06-2026,1,11,0
AT000647,W008,17-06-2026,1,3,0
AT000648,W008,18-06-2026,1,11,0
AT000649,W008,19-06-2026,1,18,0
AT000650,W008,20-06-2026,1,11,0
AT000651,W008,21-06-2026,0,0,0
AT000652,W008,22-06-2026,1,0,0
AT000653,W008,23-06-2026,1,3,0
AT000654,W008,24-06-2026,1,3,0
AT000655,W008,25-06-2026,1,8,0
AT000656,W008,26-06-2026,1,13,0
AT000657,W008,27-06-2026,1,12,0
AT000658,W008,28-06-2026,0,0,0
AT000659,W008,29-06-2026,1,2,0
AT000660,W008,30-06-2026,1,1,0
AT000661,W008,01-07-2026,1,2,0
AT000662,W008,02-07-2026,1,12,0
AT000663,W008,03-07-2026,1,9,0
AT000664,W008,04-07-2026,1,3,0
AT000665,W008,05-07-2026,0,0,0
AT000666,W008,06-07-2026,1,10,0
AT000667,W008,07-07-2026,0,0,1
AT000668,W008,08-07-2026,1,6,0
AT000669,W008,09-07-2026,1,8,0
AT000670,W008,10-07-2026,1,0,0
AT000671,W008,11-07-2026,1,8,0
AT000672,W008,12-07-2026,0,0,0
AT000673,W008,13-07-2026,1,3,0
AT000674,W008,14-07-2026,1,12,0
AT000675,W008,15-07-2026,1,5,0
AT000676,W008,16-07-2026,1,11,0
AT000677,W008,17-07-2026,1,9,0
AT000678,W008,18-07-2026,1,0,0
AT000679,W008,19-07-2026,0,0,0
AT000680,W008,20-07-2026,1,3,0
AT000681,W008,21-07-2026,1,0,0
AT000682,W008,22-07-2026,1,0,0
AT000683,W008,23-07-2026,1,3,0
AT000684,W008,24-07-2026,1,0,0
AT000685,W008,25-07-2026,1,6,0
AT000686,W008,26-07-2026,0,0,0
AT000687,W008,27-07-2026,1,2,0
AT000688,W008,28-07-2026,1,2,0
AT000689,W008,29-07-2026,1,13,0
AT000690,W008,30-07-2026,1,11,0
AT000691,W008,31-07-2026,1,8,0
AT000692,W008,01-08-2026,1,0,0
AT000693,W008,02-08-2026,0,0,0
AT000694,W008,03-08-2026,1,6,0
AT000695,W008,04-08-2026,1,5,0
AT000696,W008,05-08-2026,1,5,0
AT000697,W008,06-08-2026,1,0,0
AT000698,W008,07-08-2026,1,8,0
AT000699,W008,08-08-2026,0,0,1
AT000700,W008,09-08-2026,0,0,0
AT000701,W008,10-08-2026,1,5,0
AT000702,W008,11-08-2026,1,8,0
AT000703,W008,12-08-2026,0,0,1
AT000704,W008,13-08-2026,1,0,0
AT000705,W008,14-08-2026,1,0,0
AT000706,W008,15-08-2026,1,10,0
AT000707,W008,16-08-2026,0,0,0
AT000708,W008,17-08-2026,0,0,1
AT000709,W008,18-08-2026,1,11,0
AT000710,W008,19-08-2026,1,4,0
AT000711,W008,20-08-2026,1,9,0
AT000712,W008,21-08-2026,1,9,0
AT000713,W008,22-08-2026,1,8,0
AT000714,W008,23-08-2026,0,0,0
AT000715,W008,24-08-2026,1,5,0
AT000716,W008,25-08-2026,1,12,0
AT000717,W008,26-08-2026,1,1,0
AT000718,W008,27-08-2026,1,9,0
AT000719,W008,28-08-2026,1,5,0
AT000720,W008,29-08-2026,1,16,0
AT000721,W009,01-06-2026,1,9,0
AT000722,W009,02-06-2026,1,2,0
AT000723,W009,03-06-2026,0,0,1
AT000724,W009,04-06-2026,1,10,0
AT000725,W009,05-06-2026,0,0,1
AT000726,W009,06-06-2026,1,0,0
AT000727,W009,07-06-2026,0,0,0
AT000728,W009,08-06-2026,0,0,1
AT000729,W009,09-06-2026,1,4,0
AT000730,W009,10-06-2026,1,0,0
AT000731,W009,11-06-2026,1,0,0
AT000732,W009,12-06-2026,1,0,0
AT000733,W009,13-06-2026,1,4,0
AT000734,W009,14-06-2026,1,0,0
AT000735,W009,15-06-2026,0,0,1
AT000736,W009,16-06-2026,0,0,1
AT000737,W009,17-06-2026,1,4,0
AT000738,W009,18-06-2026,1,10,0
AT000739,W009,19-06-2026,1,0,0
AT000740,W009,20-06-2026,1,9,0
AT000741,W009,21-06-2026,0,0,0
AT000742,W009,22-06-2026,1,7,0
AT000743,W009,23-06-2026,1,0,0
AT000744,W009,24-06-2026,1,0,0
AT000745,W009,25-06-2026,1,9,0
AT000746,W009,26-06-2026,1,5,0
AT000747,W009,27-06-2026,1,1,0
AT000748,W009,28-06-2026,0,0,0
AT000749,W009,29-06-2026,1,0,0
AT000750,W009,30-06-2026,1,8,0
AT000751,W009,01-07-2026,1,7,0
AT000752,W009,02-07-2026,1,0,0
AT000753,W009,03-07-2026,1,2,0
AT000754,W009,04-07-2026,0,0,1
AT000755,W009,05-07-2026,0,0,0
AT000756,W009,06-07-2026,1,1,0
AT000757,W009,07-07-2026,1,7,0
AT000758,W009,08-07-2026,1,1,0
AT000759,W009,09-07-2026,1,1,0
AT000760,W009,10-07-2026,1,0,0
AT000761,W009,11-07-2026,1,10,0
AT000762,W009,12-07-2026,0,0,0
AT000763,W009,13-07-2026,1,0,0
AT000764,W009,14-07-2026,1,4,0
AT000765,W009,15-07-2026,1,1,0
AT000766,W009,16-07-2026,1,4,0
AT000767,W009,17-07-2026,1,0,0
AT000768,W009,18-07-2026,1,2,0
AT000769,W009,19-07-2026,0,0,0
AT000770,W009,20-07-2026,1,5,0
AT000771,W009,21-07-2026,1,12,0
AT000772,W009,22-07-2026,1,7,0
AT000773,W009,23-07-2026,1,7,0
AT000774,W009,24-07-2026,0,0,1
AT000775,W009,25-07-2026,1,5,0
AT000776,W009,26-07-2026,0,0,0
AT000777,W009,27-07-2026,1,4,0
AT000778,W009,28-07-2026,1,1,0
AT000779,W009,29-07-2026,1,8,0
AT000780,W009,30-07-2026,1,0,0
AT000781,W009,31-07-2026,1,14,0
AT000782,W009,01-08-2026,1,0,0
AT000783,W009,02-08-2026,0,0,0
AT000784,W009,03-08-2026,1,4,0
AT000785,W009,04-08-2026,1,1,0
AT000786,W009,05-08-2026,1,0,0
AT000787,W009,06-08-2026,1,6,0
AT000788,W009,07-08-2026,1,14,0
AT000789,W009,08-08-2026,1,0,0
AT000790,W009,09-08-2026,0,0,0
AT000791,W009,10-08-2026,1,8,0
AT000792,W009,11-08-2026,1,1,0
AT000793,W009,12-08-2026,1,11,0
AT000794,W009,13-08-2026,1,4,0
AT000795,W009,14-08-2026,0,0,1
AT000796,W009,15-08-2026,1,10,0
AT000797,W009,16-08-2026,0,0,0
AT000798,W009,17-08-2026,1,5,0
AT000799,W009,18-08-2026,1,4,0
AT000800,W009,19-08-2026,1,12,0
AT000801,W009,20-08-2026,1,3,0
AT000802,W009,21-08-2026,1,0,0
AT000803,W009,22-08-2026,1,7,0
AT000804,W009,23-08-2026,0,0,0
AT000805,W009,24-08-2026,1,5,0
AT000806,W009,25-08-2026,1,0,0
AT000807,W009,26-08-2026,1,2,0
AT000808,W009,27-08-2026,1,0,0
AT000809,W009,28-08-2026,1,4,0
AT000810,W009,29-08-2026,1,0,0
AT000811,W010,01-06-2026,1,3,0
AT000812,W010,02-06-2026,1,2,0
AT000813,W010,03-06-2026,1,7,0
AT000814,W010,04-06-2026,1,0,0
AT000815,W010,05-06-2026,1,0,0
AT000816,W010,06-06-2026,1,8,0
AT000817,W010,07-06-2026,0,0,0
AT000818,W010,08-06-2026,1,0,0
AT000819,W010,09-06-2026,1,7,0
AT000820,W010,10-06-2026,1,7,0
AT000821,W010,11-06-2026,0,0,1
AT000822,W010,12-06-2026,1,5,0
AT000823,W010,13-06-2026,1,13,0
AT000824,W010,14-06-2026,0,0,0
AT000825,W010,15-06-2026,1,5,0
AT000826,W010,16-06-2026,1,11,0
AT000827,W010,17-06-2026,1,2,0
AT000828,W010,18-06-2026,1,10,0
AT000829,W010,19-06-2026,1,0,0
AT000830,W010,20-06-2026,1,0,0
AT000831,W010,21-06-2026,0,0,0
AT000832,W010,22-06-2026,0,0,1
AT000833,W010,23-06-2026,1,4,0
AT000834,W010,24-06-2026,1,0,0
AT000835,W010,25-06-2026,1,0,0
AT000836,W010,26-06-2026,1,2,0
AT000837,W010,27-06-2026,1,6,0
AT000838,W010,28-06-2026,1,0,0
AT000839,W010,29-06-2026,1,2,0
AT000840,W010,30-06-2026,1,8,0
AT000841,W010,01-07-2026,1,0,0
AT000842,W010,02-07-2026,0,0,1
AT000843,W010,03-07-2026,1,0,0
AT000844,W010,04-07-2026,1,8,0
AT000845,W010,05-07-2026,0,0,0
AT000846,W010,06-07-2026,1,13,0
AT000847,W010,07-07-2026,1,4,0
AT000848,W010,08-07-2026,1,9,0
AT000849,W010,09-07-2026,1,0,0
AT000850,W010,10-07-2026,1,12,0
AT000851,W010,11-07-2026,1,0,0
AT000852,W010,12-07-2026,0,0,0
AT000853,W010,13-07-2026,1,4,0
AT000854,W010,14-07-2026,1,1,0
AT000855,W010,15-07-2026,1,0,0
AT000856,W010,16-07-2026,1,0,0
AT000857,W010,17-07-2026,1,0,0
AT000858,W010,18-07-2026,1,4,0
AT000859,W010,19-07-2026,0,0,0
AT000860,W010,20-07-2026,0,0,1
AT000861,W010,21-07-2026,1,2,0
AT000862,W010,22-07-2026,1,4,0
AT000863,W010,23-07-2026,1,0,0
AT000864,W010,24-07-2026,1,0,0
AT000865,W010,25-07-2026,1,9,0
AT000866,W010,26-07-2026,0,0,0
AT000867,W010,27-07-2026,1,3,0
AT000868,W010,28-07-2026,1,5,0
AT000869,W010,29-07-2026,1,0,0
AT000870,W010,30-07-2026,1,0,0
AT000871,W010,31-07-2026,1,0,0
AT000872,W010,01-08-2026,1,0,0
AT000873,W010,02-08-2026,0,0,0
AT000874,W010,03-08-2026,1,0,0
AT000875,W010,04-08-2026,1,3,0
AT000876,W010,05-08-2026,1,13,0
AT000877,W010,06-08-2026,1,0,0
AT000878,W010,07-08-2026,1,6,0
AT000879,W010,08-08-2026,1,1,0
AT000880,W010,09-08-2026,0,0,0
AT000881,W010,10-08-2026,1,6,0
AT000882,W010,11-08-2026,1,4,0
AT000883,W010,12-08-2026,1,2,0
AT000884,W010,13-08-2026,1,2,0
AT000885,W010,14-08-2026,1,0,0
AT000886,W010,15-08-2026,1,9,0
AT000887,W010,16-08-2026,0,0,0
AT000888,W010,17-08-2026,1,7,0
AT000889,W010,18-08-2026,0,0,1
AT000890,W010,19-08-2026,0,0,1
AT000891,W010,20-08-2026,1,0,0
AT000892,W010,21-08-2026,1,1,0
AT000893,W010,22-08-2026,1,13,0
AT000894,W010,23-08-2026,0,0,0
AT000895,W010,24-08-2026,1,0,0
AT000896,W010,25-08-2026,1,5,0
AT000897,W010,26-08-2026,1,11,0
AT000898,W010,27-08-2026,1,0,0
AT000899,W010,28-08-2026,1,5,0
AT000900,W010,29-08-2026,1,6,0
AT000901,W011,01-06-2026,1,2,0
AT000902,W011,02-06-2026,1,0,0
AT000903,W011,03-06-2026,1,12,0
AT000904,W011,04-06-2026,1,5,0
AT000905,W011,05-06-2026,1,6,0
AT000906,W011,06-06-2026,1,2,0
AT000907,W011,07-06-2026,0,0,0
AT000908,W011,08-06-2026,0,0,1
AT000909,W011,09-06-2026,1,4,0
AT000910,W011,10-06-2026,1,8,0
AT000911,W011,11-06-2026,1,8,0
AT000912,W011,12-06-2026,1,0,0
AT000913,W011,13-06-2026,1,0,0
AT000914,W011,14-06-2026,0,0,0
AT000915,W011,15-06-2026,1,2,0
AT000916,W011,16-06-2026,1,5,0
AT000917,W011,17-06-2026,1,0,0
AT000918,W011,18-06-2026,0,0,1
AT000919,W011,19-06-2026,1,5,0
AT000920,W011,20-06-2026,1,0,0
AT000921,W011,21-06-2026,0,0,0
AT000922,W011,22-06-2026,1,0,0
AT000923,W011,23-06-2026,1,6,0
AT000924,W011,24-06-2026,1,2,0
AT000925,W011,25-06-2026,1,0,0
AT000926,W011,26-06-2026,1,5,0
AT000927,W011,27-06-2026,1,1,0
AT000928,W011,28-06-2026,0,0,0
AT000929,W011,29-06-2026,1,4,0
AT000930,W011,30-06-2026,1,4,0
AT000931,W011,01-07-2026,1,7,0
AT000932,W011,02-07-2026,1,7,0
AT000933,W011,03-07-2026,1,0,0
AT000934,W011,04-07-2026,0,0,1
AT000935,W011,05-07-2026,0,0,0
AT000936,W011,06-07-2026,1,9,0
AT000937,W011,07-07-2026,1,0,0
AT000938,W011,08-07-2026,1,9,0
AT000939,W011,09-07-2026,1,12,0
AT000940,W011,10-07-2026,1,3,0
AT000941,W011,11-07-2026,1,2,0
AT000942,W011,12-07-2026,1,10,0
AT000943,W011,13-07-2026,1,6,0
AT000944,W011,14-07-2026,1,1,0
AT000945,W011,15-07-2026,1,0,0
AT000946,W011,16-07-2026,1,0,0
AT000947,W011,17-07-2026,1,1,0
AT000948,W011,18-07-2026,1,5,0
AT000949,W011,19-07-2026,0,0,0
AT000950,W011,20-07-2026,1,0,0
AT000951,W011,21-07-2026,1,0,0
AT000952,W011,22-07-2026,1,0,0
AT000953,W011,23-07-2026,1,0,0
AT000954,W011,24-07-2026,1,0,0
AT000955,W011,25-07-2026,1,2,0
AT000956,W011,26-07-2026,0,0,0
AT000957,W011,27-07-2026,1,7,0
AT000958,W011,28-07-2026,1,8,0
AT000959,W011,29-07-2026,1,1,0
AT000960,W011,30-07-2026,1,1,0
AT000961,W011,31-07-2026,1,4,0
AT000962,W011,01-08-2026,1,10,0
AT000963,W011,02-08-2026,0,0,0
AT000964,W011,03-08-2026,1,11,0
AT000965,W011,04-08-2026,1,1,0
AT000966,W011,05-08-2026,1,0,0
AT000967,W011,06-08-2026,1,4,0
AT000968,W011,07-08-2026,1,0,0
AT000969,W011,08-08-2026,1,0,0
AT000970,W011,09-08-2026,0,0,0
AT000971,W011,10-08-2026,1,1,0
AT000972,W011,11-08-2026,1,1,0
AT000973,W011,12-08-2026,1,0,0
AT000974,W011,13-08-2026,1,9,0
AT000975,W011,14-08-2026,1,0,0
AT000976,W011,15-08-2026,1,4,0
AT000977,W011,16-08-2026,0,0,0
AT000978,W011,17-08-2026,1,1,0
AT000979,W011,18-08-2026,0,0,1
AT000980,W011,19-08-2026,1,4,0
AT000981,W011,20-08-2026,1,5,0
AT000982,W011,21-08-2026,1,2,0
AT000983,W011,22-08-2026,1,9,0
AT000984,W011,23-08-2026,0,0,0
AT000985,W011,24-08-2026,1,0,0
AT000986,W011,25-08-2026,1,3,0
AT000987,W011,26-08-2026,1,1,0
AT000988,W011,27-08-2026,1,4,0
AT000989,W011,28-08-2026,1,2,0
AT000990,W011,29-08-2026,1,4,0
AT000991,W012,01-06-2026,1,3,0
AT000992,W012,02-06-2026,1,3,0
AT000993,W012,03-06-2026,1,13,0
AT000994,W012,04-06-2026,1,3,0
AT000995,W012,05-06-2026,1,0,0
AT000996,W012,06-06-2026,1,6,0
AT000997,W012,07-06-2026,0,0,0
AT000998,W012,08-06-2026,1,0,0
AT000999,W012,09-06-2026,1,2,0
AT001000,W012,10-06-2026,1,3,0
AT001001,W012,11-06-2026,1,0,0
AT001002,W012,12-06-2026,1,0,0
AT001003,W012,13-06-2026,1,10,0
AT001004,W012,14-06-2026,0,0,0
AT001005,W012,15-06-2026,1,8,0
AT001006,W012,16-06-2026,1,4,0
AT001007,W012,17-06-2026,1,5,0
AT001008,W012,18-06-2026,1,0,0
AT001009,W012,19-06-2026,1,4,0
AT001010,W012,20-06-2026,1,8,0
AT001011,W012,21-06-2026,0,0,0
AT001012,W012,22-06-2026,1,1,0
AT001013,W012,23-06-2026,1,0,0
AT001014,W012,24-06-2026,1,2,0
AT001015,W012,25-06-2026,1,3,0
AT001016,W012,26-06-2026,1,3,0
AT001017,W012,27-06-2026,1,8,0
AT001018,W012,28-06-2026,0,0,0
AT001019,W012,29-06-2026,1,0,0
AT001020,W012,30-06-2026,1,10,0
AT001021,W012,01-07-2026,1,8,0
AT001022,W012,02-07-2026,1,1,0
AT001023,W012,03-07-2026,1,5,0
AT001024,W012,04-07-2026,1,12,0
AT001025,W012,05-07-2026,1,16,0
AT001026,W012,06-07-2026,1,0,0
AT001027,W012,07-07-2026,1,2,0
AT001028,W012,08-07-2026,1,8,0
AT001029,W012,09-07-2026,1,4,0
AT001030,W012,10-07-2026,1,14,0
AT001031,W012,11-07-2026,1,9,0
AT001032,W012,12-07-2026,0,0,0
AT001033,W012,13-07-2026,1,6,0
AT001034,W012,14-07-2026,1,0,0
AT001035,W012,15-07-2026,1,4,0
AT001036,W012,16-07-2026,1,12,0
AT001037,W012,17-07-2026,1,2,0
AT001038,W012,18-07-2026,1,0,0
AT001039,W012,19-07-2026,0,0,0
AT001040,W012,20-07-2026,1,7,0
AT001041,W012,21-07-2026,1,0,0
AT001042,W012,22-07-2026,1,5,0
AT001043,W012,23-07-2026,1,1,0
AT001044,W012,24-07-2026,1,3,0
AT001045,W012,25-07-2026,1,0,0
AT001046,W012,26-07-2026,1,0,0
AT001047,W012,27-07-2026,1,7,0
AT001048,W012,28-07-2026,1,14,0
AT001049,W012,29-07-2026,1,4,0
AT001050,W012,30-07-2026,1,2,0
AT001051,W012,31-07-2026,1,2,0
AT001052,W012,01-08-2026,1,7,0
AT001053,W012,02-08-2026,0,0,0
AT001054,W012,03-08-2026,1,3,0
AT001055,W012,04-08-2026,1,2,0
AT001056,W012,05-08-2026,1,4,0
AT001057,W012,06-08-2026,1,3,0
AT001058,W012,07-08-2026,1,5,0
AT001059,W012,08-08-2026,1,3,0
AT001060,W012,09-08-2026,0,0,0
AT001061,W012,10-08-2026,1,11,0
AT001062,W012,11-08-2026,1,4,0
AT001063,W012,12-08-2026,1,10,0
AT001064,W012,13-08-2026,1,0,0
AT001065,W012,14-08-2026,1,10,0
AT001066,W012,15-08-2026,0,0,1
AT001067,W012,16-08-2026,0,0,0
AT001068,W012,17-08-2026,1,0,0
AT001069,W012,18-08-2026,1,0,0
AT001070,W012,19-08-2026,1,19,0
AT001071,W012,20-08-2026,1,10,0
AT001072,W012,21-08-2026,1,2,0
AT001073,W012,22-08-2026,1,0,0
AT001074,W012,23-08-2026,1,12,0
AT001075,W012,24-08-2026,0,0,1
AT001076,W012,25-08-2026,1,8,0
AT001077,W012,26-08-2026,1,3,0
AT001078,W012,27-08-2026,1,3,0
AT001079,W012,28-08-2026,1,5,0
AT001080,W012,29-08-2026,1,12,0
AT001081,W013,01-06-2026,1,4,0
AT001082,W013,02-06-2026,1,9,0
AT001083,W013,03-06-2026,1,3,0
AT001084,W013,04-06-2026,1,1,0
AT001085,W013,05-06-2026,1,6,0
AT001086,W013,06-06-2026,1,1,0
AT001087,W013,07-06-2026,1,0,0
AT001088,W013,08-06-2026,1,0,0
AT001089,W013,09-06-2026,1,4,0
AT001090,W013,10-06-2026,1,2,0
AT001091,W013,11-06-2026,1,3,0
AT001092,W013,12-06-2026,1,7,0
AT001093,W013,13-06-2026,1,5,0
AT001094,W013,14-06-2026,0,0,0
AT001095,W013,15-06-2026,1,5,0
AT001096,W013,16-06-2026,1,2,0
AT001097,W013,17-06-2026,1,1,0
AT001098,W013,18-06-2026,1,6,0
AT001099,W013,19-06-2026,1,8,0
AT001100,W013,20-06-2026,1,0,0
AT001101,W013,21-06-2026,0,0,0
AT001102,W013,22-06-2026,1,3,0
AT001103,W013,23-06-2026,1,10,0
AT001104,W013,24-06-2026,1,10,0
AT001105,W013,25-06-2026,1,0,0
AT001106,W013,26-06-2026,1,8,0
AT001107,W013,27-06-2026,1,4,0
AT001108,W013,28-06-2026,0,0,0
AT001109,W013,29-06-2026,1,11,0
AT001110,W013,30-06-2026,1,2,0
AT001111,W013,01-07-2026,1,8,0
AT001112,W013,02-07-2026,1,10,0
AT001113,W013,03-07-2026,1,6,0
AT001114,W013,04-07-2026,0,0,1
AT001115,W013,05-07-2026,1,0,0
AT001116,W013,06-07-2026,1,5,0
AT001117,W013,07-07-2026,1,10,0
AT001118,W013,08-07-2026,1,0,0
AT001119,W013,09-07-2026,1,0,0
AT001120,W013,10-07-2026,1,10,0
AT001121,W013,11-07-2026,1,0,0
AT001122,W013,12-07-2026,0,0,0
AT001123,W013,13-07-2026,1,0,0
AT001124,W013,14-07-2026,1,2,0
AT001125,W013,15-07-2026,1,1,0
AT001126,W013,16-07-2026,1,3,0
AT001127,W013,17-07-2026,1,0,0
AT001128,W013,18-07-2026,1,6,0
AT001129,W013,19-07-2026,0,0,0
AT001130,W013,20-07-2026,1,0,0
AT001131,W013,21-07-2026,1,0,0
AT001132,W013,22-07-2026,1,7,0
AT001133,W013,23-07-2026,1,6,0
AT001134,W013,24-07-2026,1,2,0
AT001135,W013,25-07-2026,1,1,0
AT001136,W013,26-07-2026,0,0,0
AT001137,W013,27-07-2026,1,9,0
AT001138,W013,28-07-2026,1,0,0
AT001139,W013,29-07-2026,1,7,0
AT001140,W013,30-07-2026,1,1,0
AT001141,W013,31-07-2026,1,0,0
AT001142,W013,01-08-2026,1,3,0
AT001143,W013,02-08-2026,0,0,0
AT001144,W013,03-08-2026,1,4,0
AT001145,W013,04-08-2026,1,0,0
AT001146,W013,05-08-2026,1,0,0
AT001147,W013,06-08-2026,1,0,0
AT001148,W013,07-08-2026,1,0,0
AT001149,W013,08-08-2026,1,11,0
AT001150,W013,09-08-2026,0,0,0
AT001151,W013,10-08-2026,1,6,0
AT001152,W013,11-08-2026,1,5,0
AT001153,W013,12-08-2026,1,3,0
AT001154,W013,13-08-2026,1,9,0
AT001155,W013,14-08-2026,1,0,0
AT001156,W013,15-08-2026,1,6,0
AT001157,W013,16-08-2026,0,0,0
AT001158,W013,17-08-2026,1,3,0
AT001159,W013,18-08-2026,0,0,1
AT001160,W013,19-08-2026,1,0,0
AT001161,W013,20-08-2026,1,5,0
AT001162,W013,21-08-2026,1,0,0
AT001163,W013,22-08-2026,0,0,1
AT001164,W013,23-08-2026,0,0,0
AT001165,W013,24-08-2026,0,0,1
AT001166,W013,25-08-2026,1,0,0
AT001167,W013,26-08-2026,1,4,0
AT001168,W013,27-08-2026,1,7,0
AT001169,W013,28-08-2026,1,2,0
AT001170,W013,29-08-2026,1,0,0
AT001171,W014,01-06-2026,1,3,0
AT001172,W014,02-06-2026,1,0,0
AT001173,W014,03-06-2026,1,0,0
AT001174,W014,04-06-2026,1,0,0
AT001175,W014,05-06-2026,1,6,0
AT001176,W014,06-06-2026,1,0,0
AT001177,W014,07-06-2026,0,0,0
AT001178,W014,08-06-2026,1,11,0
AT001179,W014,09-06-2026,1,7,0
AT001180,W014,10-06-2026,1,6,0
AT001181,W014,11-06-2026,1,5,0
AT001182,W014,12-06-2026,1,6,0
AT001183,W014,13-06-2026,1,0,0
AT001184,W014,14-06-2026,0,0,0
AT001185,W014,15-06-2026,1,2,0
AT001186,W014,16-06-2026,1,8,0
AT001187,W014,17-06-2026,1,11,0
AT001188,W014,18-06-2026,1,8,0
AT001189,W014,19-06-2026,1,0,0
AT001190,W014,20-06-2026,0,0,1
AT001191,W014,21-06-2026,0,0,0
AT001192,W014,22-06-2026,1,0,0
AT001193,W014,23-06-2026,1,3,0
AT001194,W014,24-06-2026,0,0,1
AT001195,W014,25-06-2026,1,6,0
AT001196,W014,26-06-2026,1,6,0
AT001197,W014,27-06-2026,1,9,0
AT001198,W014,28-06-2026,0,0,0
AT001199,W014,29-06-2026,1,6,0
AT001200,W014,30-06-2026,1,1,0
AT001201,W014,01-07-2026,1,6,0
AT001202,W014,02-07-2026,1,1,0
AT001203,W014,03-07-2026,1,0,0
AT001204,W014,04-07-2026,1,4,0
AT001205,W014,05-07-2026,0,0,0
AT001206,W014,06-07-2026,1,3,0
AT001207,W014,07-07-2026,1,0,0
AT001208,W014,08-07-2026,1,3,0
AT001209,W014,09-07-2026,1,1,0
AT001210,W014,10-07-2026,1,2,0
AT001211,W014,11-07-2026,1,0,0
AT001212,W014,12-07-2026,0,0,0
AT001213,W014,13-07-2026,1,0,0
AT001214,W014,14-07-2026,1,4,0
AT001215,W014,15-07-2026,1,7,0
AT001216,W014,16-07-2026,1,0,0
AT001217,W014,17-07-2026,1,0,0
AT001218,W014,18-07-2026,1,8,0
AT001219,W014,19-07-2026,0,0,0
AT001220,W014,20-07-2026,1,5,0
AT001221,W014,21-07-2026,0,0,1
AT001222,W014,22-07-2026,1,6,0
AT001223,W014,23-07-2026,1,0,0
AT001224,W014,24-07-2026,1,3,0
AT001225,W014,25-07-2026,1,0,0
AT001226,W014,26-07-2026,0,0,0
AT001227,W014,27-07-2026,1,0,0
AT001228,W014,28-07-2026,1,6,0
AT001229,W014,29-07-2026,1,0,0
AT001230,W014,30-07-2026,1,0,0
AT001231,W014,31-07-2026,1,0,0
AT001232,W014,01-08-2026,1,18,0
AT001233,W014,02-08-2026,0,0,0
AT001234,W014,03-08-2026,1,1,0
AT001235,W014,04-08-2026,1,1,0
AT001236,W014,05-08-2026,1,3,0
AT001237,W014,06-08-2026,1,0,0
AT001238,W014,07-08-2026,1,0,0
AT001239,W014,08-08-2026,1,0,0
AT001240,W014,09-08-2026,0,0,0
AT001241,W014,10-08-2026,1,0,0
AT001242,W014,11-08-2026,1,2,0
AT001243,W014,12-08-2026,1,0,0
AT001244,W014,13-08-2026,1,6,0
AT001245,W014,14-08-2026,1,4,0
AT001246,W014,15-08-2026,1,2,0
AT001247,W014,16-08-2026,0,0,0
AT001248,W014,17-08-2026,1,2,0
AT001249,W014,18-08-2026,1,4,0
AT001250,W014,19-08-2026,1,10,0
AT001251,W014,20-08-2026,1,2,0
AT001252,W014,21-08-2026,1,5,0
AT001253,W014,22-08-2026,1,0,0
AT001254,W014,23-08-2026,0,0,0
AT001255,W014,24-08-2026,1,0,0
AT001256,W014,25-08-2026,1,13,0
AT001257,W014,26-08-2026,1,8,0
AT001258,W014,27-08-2026,1,0,0
AT001259,W014,28-08-2026,1,11,0
AT001260,W014,29-08-2026,1,0,0
AT001261,W015,01-06-2026,1,6,0
AT001262,W015,02-06-2026,1,4,0
AT001263,W015,03-06-2026,1,12,0
AT001264,W015,04-06-2026,1,0,0
AT001265,W015,05-06-2026,1,7,0
AT001266,W015,06-06-2026,0,0,1
AT001267,W015,07-06-2026,0,0,0
AT001268,W015,08-06-2026,1,4,0
AT001269,W015,09-06-2026,1,8,0
AT001270,W015,10-06-2026,1,2,0
AT001271,W015,11-06-2026,1,13,0
AT001272,W015,12-06-2026,1,3,0
AT001273,W015,13-06-2026,1,6,0
AT001274,W015,14-06-2026,0,0,0
AT001275,W015,15-06-2026,1,13,0
AT001276,W015,16-06-2026,1,1,0
AT001277,W015,17-06-2026,1,8,0
AT001278,W015,18-06-2026,1,13,0
AT001279,W015,19-06-2026,1,13,0
AT001280,W015,20-06-2026,1,7,0
AT001281,W015,21-06-2026,0,0,0
AT001282,W015,22-06-2026,1,14,0
AT001283,W015,23-06-2026,1,3,0
AT001284,W015,24-06-2026,1,12,0
AT001285,W015,25-06-2026,1,14,0
AT001286,W015,26-06-2026,1,12,0
AT001287,W015,27-06-2026,1,0,0
AT001288,W015,28-06-2026,0,0,0
AT001289,W015,29-06-2026,1,7,0
AT001290,W015,30-06-2026,1,12,0
AT001291,W015,01-07-2026,0,0,1
AT001292,W015,02-07-2026,1,17,0
AT001293,W015,03-07-2026,0,0,1
AT001294,W015,04-07-2026,1,9,0
AT001295,W015,05-07-2026,0,0,0
AT001296,W015,06-07-2026,1,8,0
AT001297,W015,07-07-2026,1,12,0
AT001298,W015,08-07-2026,1,1,0
AT001299,W015,09-07-2026,1,2,0
AT001300,W015,10-07-2026,1,6,0
AT001301,W015,11-07-2026,1,0,0
AT001302,W015,12-07-2026,0,0,1
AT001303,W015,13-07-2026,1,5,0
AT001304,W015,14-07-2026,1,6,0
AT001305,W015,15-07-2026,1,8,0
AT001306,W015,16-07-2026,1,1,0
AT001307,W015,17-07-2026,1,5,0
AT001308,W015,18-07-2026,1,3,0
AT001309,W015,19-07-2026,0,0,0
AT001310,W015,20-07-2026,1,0,0
AT001311,W015,21-07-2026,1,9,0
AT001312,W015,22-07-2026,1,3,0
AT001313,W015,23-07-2026,1,0,0
AT001314,W015,24-07-2026,1,13,0
AT001315,W015,25-07-2026,1,17,0
AT001316,W015,26-07-2026,0,0,0
AT001317,W015,27-07-2026,1,0,0
AT001318,W015,28-07-2026,1,0,0
AT001319,W015,29-07-2026,1,9,0
AT001320,W015,30-07-2026,1,3,0
AT001321,W015,31-07-2026,1,7,0
AT001322,W015,01-08-2026,1,4,0
AT001323,W015,02-08-2026,1,3,0
AT001324,W015,03-08-2026,1,5,0
AT001325,W015,04-08-2026,1,1,0
AT001326,W015,05-08-2026,1,3,0
AT001327,W015,06-08-2026,1,0,0
AT001328,W015,07-08-2026,1,12,0
AT001329,W015,08-08-2026,1,1,0
AT001330,W015,09-08-2026,0,0,0
AT001331,W015,10-08-2026,1,8,0
AT001332,W015,11-08-2026,1,1,0
AT001333,W015,12-08-2026,1,0,0
AT001334,W015,13-08-2026,1,1,0
AT001335,W015,14-08-2026,1,3,0
AT001336,W015,15-08-2026,1,0,0
AT001337,W015,16-08-2026,1,9,0
AT001338,W015,17-08-2026,1,1,0
AT001339,W015,18-08-2026,1,0,0
AT001340,W015,19-08-2026,1,8,0
AT001341,W015,20-08-2026,1,10,0
AT001342,W015,21-08-2026,1,1,0
AT001343,W015,22-08-2026,1,6,0
AT001344,W015,23-08-2026,0,0,0
AT001345,W015,24-08-2026,1,11,0
AT001346,W015,25-08-2026,1,15,0
AT001347,W015,26-08-2026,1,7,0
AT001348,W015,27-08-2026,1,4,0
AT001349,W015,28-08-2026,1,16,0
AT001350,W015,29-08-2026,1,7,0
AT001351,W016,01-06-2026,1,4,0
AT001352,W016,02-06-2026,1,0,0
AT001353,W016,03-06-2026,1,1,0
AT001354,W016,04-06-2026,1,0,0
AT001355,W016,05-06-2026,1,0,0
AT001356,W016,06-06-2026,1,4,0
AT001357,W016,07-06-2026,0,0,0
AT001358,W016,08-06-2026,1,7,0
AT001359,W016,09-06-2026,1,0,0
AT001360,W016,10-06-2026,1,2,0
AT001361,W016,11-06-2026,1,4,0
AT001362,W016,12-06-2026,1,12,0
AT001363,W016,13-06-2026,1,0,0
AT001364,W016,14-06-2026,0,0,0
AT001365,W016,15-06-2026,1,12,0
AT001366,W016,16-06-2026,1,2,0
AT001367,W016,17-06-2026,1,0,0
AT001368,W016,18-06-2026,1,3,0
AT001369,W016,19-06-2026,1,2,0
AT001370,W016,20-06-2026,1,5,0
AT001371,W016,21-06-2026,0,0,0
AT001372,W016,22-06-2026,1,0,0
AT001373,W016,23-06-2026,1,4,0
AT001374,W016,24-06-2026,1,0,0
AT001375,W016,25-06-2026,1,3,0
AT001376,W016,26-06-2026,1,4,0
AT001377,W016,27-06-2026,1,11,0
AT001378,W016,28-06-2026,0,0,0
AT001379,W016,29-06-2026,1,0,0
AT001380,W016,30-06-2026,1,2,0
AT001381,W016,01-07-2026,1,0,0
AT001382,W016,02-07-2026,1,7,0
AT001383,W016,03-07-2026,1,5,0
AT001384,W016,04-07-2026,1,1,0
AT001385,W016,05-07-2026,0,0,0
AT001386,W016,06-07-2026,1,11,0
AT001387,W016,07-07-2026,1,5,0
AT001388,W016,08-07-2026,1,0,0
AT001389,W016,09-07-2026,1,14,0
AT001390,W016,10-07-2026,1,0,0
AT001391,W016,11-07-2026,1,6,0
AT001392,W016,12-07-2026,0,0,0
AT001393,W016,13-07-2026,1,1,0
AT001394,W016,14-07-2026,1,0,0
AT001395,W016,15-07-2026,1,3,0
AT001396,W016,16-07-2026,1,9,0
AT001397,W016,17-07-2026,1,11,0
AT001398,W016,18-07-2026,1,0,0
AT001399,W016,19-07-2026,0,0,0
AT001400,W016,20-07-2026,1,4,0
AT001401,W016,21-07-2026,1,12,0
AT001402,W016,22-07-2026,1,4,0
AT001403,W016,23-07-2026,1,2,0
AT001404,W016,24-07-2026,1,0,0
AT001405,W016,25-07-2026,1,0,0
AT001406,W016,26-07-2026,0,0,0
AT001407,W016,27-07-2026,0,0,1
AT001408,W016,28-07-2026,1,7,0
AT001409,W016,29-07-2026,1,0,0
AT001410,W016,30-07-2026,1,1,0
AT001411,W016,31-07-2026,1,0,0
AT001412,W016,01-08-2026,1,0,0
AT001413,W016,02-08-2026,0,0,0
AT001414,W016,03-08-2026,1,7,0
AT001415,W016,04-08-2026,1,0,0
AT001416,W016,05-08-2026,1,8,0
AT001417,W016,06-08-2026,1,0,0
AT001418,W016,07-08-2026,1,5,0
AT001419,W016,08-08-2026,1,0,0
AT001420,W016,09-08-2026,0,0,0
AT001421,W016,10-08-2026,1,0,0
AT001422,W016,11-08-2026,1,0,0
AT001423,W016,12-08-2026,1,3,0
AT001424,W016,13-08-2026,1,0,0
AT001425,W016,14-08-2026,1,2,0
AT001426,W016,15-08-2026,1,1,0
AT001427,W016,16-08-2026,0,0,0
AT001428,W016,17-08-2026,1,0,0
AT001429,W016,18-08-2026,1,0,0
AT001430,W016,19-08-2026,1,1,0
AT001431,W016,20-08-2026,1,8,0
AT001432,W016,21-08-2026,1,12,0
AT001433,W016,22-08-2026,1,11,0
AT001434,W016,23-08-2026,0,0,0
AT001435,W016,24-08-2026,1,9,0
AT001436,W016,25-08-2026,0,0,1
AT001437,W016,26-08-2026,1,0,0
AT001438,W016,27-08-2026,1,0,0
AT001439,W016,28-08-2026,1,0,0
AT001440,W016,29-08-2026,1,5,0
AT001441,W017,01-06-2026,1,3,0
AT001442,W017,02-06-2026,1,15,0
AT001443,W017,03-06-2026,0,0,1
AT001444,W017,04-06-2026,1,7,0
AT001445,W017,05-06-2026,1,9,0
AT001446,W017,06-06-2026,1,9,0
AT001447,W017,07-06-2026,0,0,0
AT001448,W017,08-06-2026,1,7,0
AT001449,W017,09-06-2026,1,8,0
AT001450,W017,10-06-2026,1,8,0
AT001451,W017,11-06-2026,0,0,1
AT001452,W017,12-06-2026,1,3,0
AT001453,W017,13-06-2026,1,4,0
AT001454,W017,14-06-2026,0,0,0
AT001455,W017,15-06-2026,1,6,0
AT001456,W017,16-06-2026,1,5,0
AT001457,W017,17-06-2026,1,13,0
AT001458,W017,18-06-2026,1,6,0
AT001459,W017,19-06-2026,1,2,0
AT001460,W017,20-06-2026,1,0,0
AT001461,W017,21-06-2026,1,0,0
AT001462,W017,22-06-2026,1,11,0
AT001463,W017,23-06-2026,1,3,0
AT001464,W017,24-06-2026,1,4,0
AT001465,W017,25-06-2026,1,8,0
AT001466,W017,26-06-2026,0,0,1
AT001467,W017,27-06-2026,1,4,0
AT001468,W017,28-06-2026,1,3,0
AT001469,W017,29-06-2026,1,6,0
AT001470,W017,30-06-2026,1,1,0
AT001471,W017,01-07-2026,1,7,0
AT001472,W017,02-07-2026,1,4,0
AT001473,W017,03-07-2026,1,9,0
AT001474,W017,04-07-2026,1,2,0
AT001475,W017,05-07-2026,1,5,0
AT001476,W017,06-07-2026,1,3,0
AT001477,W017,07-07-2026,1,4,0
AT001478,W017,08-07-2026,1,11,0
AT001479,W017,09-07-2026,1,8,0
AT001480,W017,10-07-2026,1,3,0
AT001481,W017,11-07-2026,1,8,0
AT001482,W017,12-07-2026,0,0,0
AT001483,W017,13-07-2026,1,7,0
AT001484,W017,14-07-2026,1,13,0
AT001485,W017,15-07-2026,1,3,0
AT001486,W017,16-07-2026,1,1,0
AT001487,W017,17-07-2026,1,2,0
AT001488,W017,18-07-2026,1,10,0
AT001489,W017,19-07-2026,1,5,0
AT001490,W017,20-07-2026,1,8,0
AT001491,W017,21-07-2026,1,9,0
AT001492,W017,22-07-2026,1,3,0
AT001493,W017,23-07-2026,1,1,0
AT001494,W017,24-07-2026,1,11,0
AT001495,W017,25-07-2026,1,1,0
AT001496,W017,26-07-2026,0,0,0
AT001497,W017,27-07-2026,1,5,0
AT001498,W017,28-07-2026,1,7,0
AT001499,W017,29-07-2026,1,0,0
AT001500,W017,30-07-2026,1,5,0
AT001501,W017,31-07-2026,1,5,0
AT001502,W017,01-08-2026,1,5,0
AT001503,W017,02-08-2026,0,0,0
AT001504,W017,03-08-2026,1,4,0
AT001505,W017,04-08-2026,0,0,1
AT001506,W017,05-08-2026,1,0,0
AT001507,W017,06-08-2026,1,1,0
AT001508,W017,07-08-2026,1,7,0
AT001509,W017,08-08-2026,1,3,0
AT001510,W017,09-08-2026,0,0,0
AT001511,W017,10-08-2026,1,7,0
AT001512,W017,11-08-2026,1,4,0
AT001513,W017,12-08-2026,1,4,0
AT001514,W017,13-08-2026,1,13,0
AT001515,W017,14-08-2026,1,13,0
AT001516,W017,15-08-2026,1,5,0
AT001517,W017,16-08-2026,0,0,0
AT001518,W017,17-08-2026,1,8,0
AT001519,W017,18-08-2026,1,5,0
AT001520,W017,19-08-2026,1,6,0
AT001521,W017,20-08-2026,1,7,0
AT001522,W017,21-08-2026,1,0,0
AT001523,W017,22-08-2026,1,3,0
AT001524,W017,23-08-2026,1,6,0
AT001525,W017,24-08-2026,1,6,0
AT001526,W017,25-08-2026,1,0,0
AT001527,W017,26-08-2026,1,6,0
AT001528,W017,27-08-2026,1,0,0
AT001529,W017,28-08-2026,1,14,0
AT001530,W017,29-08-2026,1,4,0
AT001531,W018,01-06-2026,1,0,0
AT001532,W018,02-06-2026,1,0,0
AT001533,W018,03-06-2026,1,0,0
AT001534,W018,04-06-2026,1,3,0
AT001535,W018,05-06-2026,1,4,0
AT001536,W018,06-06-2026,1,3,0
AT001537,W018,07-06-2026,0,0,0
AT001538,W018,08-06-2026,1,0,0
AT001539,W018,09-06-2026,1,5,0
AT001540,W018,10-06-2026,1,2,0
AT001541,W018,11-06-2026,1,0,0
AT001542,W018,12-06-2026,1,5,0
AT001543,W018,13-06-2026,1,0,0
AT001544,W018,14-06-2026,0,0,0
AT001545,W018,15-06-2026,1,7,0
AT001546,W018,16-06-2026,1,1,0
AT001547,W018,17-06-2026,1,0,0
AT001548,W018,18-06-2026,1,4,0
AT001549,W018,19-06-2026,1,3,0
AT001550,W018,20-06-2026,1,7,0
AT001551,W018,21-06-2026,0,0,0
AT001552,W018,22-06-2026,1,3,0
AT001553,W018,23-06-2026,1,0,0
AT001554,W018,24-06-2026,1,6,0
AT001555,W018,25-06-2026,1,13,0
AT001556,W018,26-06-2026,1,2,0
AT001557,W018,27-06-2026,1,5,0
AT001558,W018,28-06-2026,0,0,0
AT001559,W018,29-06-2026,1,0,0
AT001560,W018,30-06-2026,1,10,0
AT001561,W018,01-07-2026,1,0,0
AT001562,W018,02-07-2026,1,0,0
AT001563,W018,03-07-2026,1,0,0
AT001564,W018,04-07-2026,1,2,0
AT001565,W018,05-07-2026,0,0,0
AT001566,W018,06-07-2026,1,0,0
AT001567,W018,07-07-2026,1,5,0
AT001568,W018,08-07-2026,1,0,0
AT001569,W018,09-07-2026,1,0,0
AT001570,W018,10-07-2026,1,0,0
AT001571,W018,11-07-2026,1,3,0
AT001572,W018,12-07-2026,0,0,0
AT001573,W018,13-07-2026,1,7,0
AT001574,W018,14-07-2026,1,6,0
AT001575,W018,15-07-2026,1,0,0
AT001576,W018,16-07-2026,1,2,0
AT001577,W018,17-07-2026,1,0,0
AT001578,W018,18-07-2026,1,3,0
AT001579,W018,19-07-2026,0,0,0
AT001580,W018,20-07-2026,1,9,0
AT001581,W018,21-07-2026,1,8,0
AT001582,W018,22-07-2026,1,6,0
AT001583,W018,23-07-2026,1,10,0
AT001584,W018,24-07-2026,1,11,0
AT001585,W018,25-07-2026,0,0,1
AT001586,W018,26-07-2026,0,0,0
AT001587,W018,27-07-2026,1,3,0
AT001588,W018,28-07-2026,1,3,0
AT001589,W018,29-07-2026,0,0,1
AT001590,W018,30-07-2026,1,0,0
AT001591,W018,31-07-2026,1,0,0
AT001592,W018,01-08-2026,1,0,0
AT001593,W018,02-08-2026,1,0,0
AT001594,W018,03-08-2026,1,2,0
AT001595,W018,04-08-2026,1,3,0
AT001596,W018,05-08-2026,1,3,0
AT001597,W018,06-08-2026,1,6,0
AT001598,W018,07-08-2026,1,8,0
AT001599,W018,08-08-2026,1,10,0
AT001600,W018,09-08-2026,0,0,1
AT001601,W018,10-08-2026,1,8,0
AT001602,W018,11-08-2026,1,6,0
AT001603,W018,12-08-2026,1,0,0
AT001604,W018,13-08-2026,1,8,0
AT001605,W018,14-08-2026,1,3,0
AT001606,W018,15-08-2026,1,1,0
AT001607,W018,16-08-2026,0,0,0
AT001608,W018,17-08-2026,0,0,1
AT001609,W018,18-08-2026,1,5,0
AT001610,W018,19-08-2026,1,4,0
AT001611,W018,20-08-2026,1,4,0
AT001612,W018,21-08-2026,1,7,0
AT001613,W018,22-08-2026,1,10,0
AT001614,W018,23-08-2026,0,0,0
AT001615,W018,24-08-2026,1,7,0
AT001616,W018,25-08-2026,1,0,0
AT001617,W018,26-08-2026,1,0,0
AT001618,W018,27-08-2026,1,1,0
AT001619,W018,28-08-2026,1,8,0
AT001620,W018,29-08-2026,1,2,0
AT001621,W019,01-06-2026,1,0,0
AT001622,W019,02-06-2026,1,13,0
AT001623,W019,03-06-2026,0,0,1
AT001624,W019,04-06-2026,1,0,0
AT001625,W019,05-06-2026,1,8,0
AT001626,W019,06-06-2026,1,6,0
AT001627,W019,07-06-2026,0,0,0
AT001628,W019,08-06-2026,1,0,0
AT001629,W019,09-06-2026,1,2,0
AT001630,W019,10-06-2026,1,7,0
AT001631,W019,11-06-2026,1,3,0
AT001632,W019,12-06-2026,1,0,0
AT001633,W019,13-06-2026,1,9,0
AT001634,W019,14-06-2026,0,0,0
AT001635,W019,15-06-2026,1,0,0
AT001636,W019,16-06-2026,1,1,0
AT001637,W019,17-06-2026,1,3,0
AT001638,W019,18-06-2026,1,0,0
AT001639,W019,19-06-2026,1,0,0
AT001640,W019,20-06-2026,1,0,0
AT001641,W019,21-06-2026,0,0,0
AT001642,W019,22-06-2026,1,11,0
AT001643,W019,23-06-2026,1,0,0
AT001644,W019,24-06-2026,1,0,0
AT001645,W019,25-06-2026,1,1,0
AT001646,W019,26-06-2026,1,0,0
AT001647,W019,27-06-2026,0,0,1
AT001648,W019,28-06-2026,0,0,0
AT001649,W019,29-06-2026,1,0,0
AT001650,W019,30-06-2026,1,8,0
AT001651,W019,01-07-2026,1,0,0
AT001652,W019,02-07-2026,1,1,0
AT001653,W019,03-07-2026,1,6,0
AT001654,W019,04-07-2026,1,5,0
AT001655,W019,05-07-2026,0,0,0
AT001656,W019,06-07-2026,1,7,0
AT001657,W019,07-07-2026,1,4,0
AT001658,W019,08-07-2026,1,0,0
AT001659,W019,09-07-2026,1,4,0
AT001660,W019,10-07-2026,1,0,0
AT001661,W019,11-07-2026,1,5,0
AT001662,W019,12-07-2026,0,0,0
AT001663,W019,13-07-2026,1,2,0
AT001664,W019,14-07-2026,1,5,0
AT001665,W019,15-07-2026,1,3,0
AT001666,W019,16-07-2026,1,7,0
AT001667,W019,17-07-2026,1,0,0
AT001668,W019,18-07-2026,1,8,0
AT001669,W019,19-07-2026,0,0,0
AT001670,W019,20-07-2026,1,4,0
AT001671,W019,21-07-2026,1,7,0
AT001672,W019,22-07-2026,1,0,0
AT001673,W019,23-07-2026,1,1,0
AT001674,W019,24-07-2026,1,0,0
AT001675,W019,25-07-2026,1,12,0
AT001676,W019,26-07-2026,0,0,0
AT001677,W019,27-07-2026,1,0,0
AT001678,W019,28-07-2026,1,10,0
AT001679,W019,29-07-2026,1,6,0
AT001680,W019,30-07-2026,1,0,0
AT001681,W019,31-07-2026,1,7,0
AT001682,W019,01-08-2026,1,2,0
AT001683,W019,02-08-2026,0,0,0
AT001684,W019,03-08-2026,1,0,0
AT001685,W019,04-08-2026,1,3,0
AT001686,W019,05-08-2026,1,0,0
AT001687,W019,06-08-2026,1,0,0
AT001688,W019,07-08-2026,1,13,0
AT001689,W019,08-08-2026,1,12,0
AT001690,W019,09-08-2026,0,0,0
AT001691,W019,10-08-2026,1,0,0
AT001692,W019,11-08-2026,1,0,0
AT001693,W019,12-08-2026,1,12,0
AT001694,W019,13-08-2026,1,0,0
AT001695,W019,14-08-2026,1,0,0
AT001696,W019,15-08-2026,1,0,0
AT001697,W019,16-08-2026,0,0,0
AT001698,W019,17-08-2026,1,0,0
AT001699,W019,18-08-2026,1,0,0
AT001700,W019,19-08-2026,1,0,0
AT001701,W019,20-08-2026,1,3,0
AT001702,W019,21-08-2026,1,0,0
AT001703,W019,22-08-2026,1,0,0
AT001704,W019,23-08-2026,0,0,0
AT001705,W019,24-08-2026,1,7,0
AT001706,W019,25-08-2026,1,7,0
AT001707,W019,26-08-2026,1,1,0
AT001708,W019,27-08-2026,1,6,0
AT001709,W019,28-08-2026,1,5,0
AT001710,W019,29-08-2026,1,5,0
AT001711,W020,01-06-2026,1,21,0
AT001712,W020,02-06-2026,1,5,0
AT001713,W020,03-06-2026,1,3,0
AT001714,W020,04-06-2026,1,0,0
AT001715,W020,05-06-2026,1,0,0
AT001716,W020,06-06-2026,1,4,0
AT001717,W020,07-06-2026,0,0,0
AT001718,W020,08-06-2026,1,0,0
AT001719,W020,09-06-2026,1,5,0
AT001720,W020,10-06-2026,1,1,0
AT001721,W020,11-06-2026,1,0,0
AT001722,W020,12-06-2026,1,0,0
AT001723,W020,13-06-2026,0,0,1
AT001724,W020,14-06-2026,0,0,0
AT001725,W020,15-06-2026,1,4,0
AT001726,W020,16-06-2026,1,0,0
AT001727,W020,17-06-2026,1,3,0
AT001728,W020,18-06-2026,1,9,0
AT001729,W020,19-06-2026,1,3,0
AT001730,W020,20-06-2026,1,9,0
AT001731,W020,21-06-2026,1,4,0
AT001732,W020,22-06-2026,1,0,0
AT001733,W020,23-06-2026,1,6,0
AT001734,W020,24-06-2026,1,8,0
AT001735,W020,25-06-2026,1,4,0
AT001736,W020,26-06-2026,1,9,0
AT001737,W020,27-06-2026,1,3,0
AT001738,W020,28-06-2026,0,0,0
AT001739,W020,29-06-2026,1,0,0
AT001740,W020,30-06-2026,1,0,0
AT001741,W020,01-07-2026,1,0,0
AT001742,W020,02-07-2026,1,4,0
AT001743,W020,03-07-2026,1,11,0
AT001744,W020,04-07-2026,1,1,0
AT001745,W020,05-07-2026,1,13,0
AT001746,W020,06-07-2026,1,0,0
AT001747,W020,07-07-2026,1,3,0
AT001748,W020,08-07-2026,1,5,0
AT001749,W020,09-07-2026,1,8,0
AT001750,W020,10-07-2026,1,0,0
AT001751,W020,11-07-2026,1,1,0
AT001752,W020,12-07-2026,0,0,0
AT001753,W020,13-07-2026,1,3,0
AT001754,W020,14-07-2026,1,5,0
AT001755,W020,15-07-2026,1,9,0
AT001756,W020,16-07-2026,1,6,0
AT001757,W020,17-07-2026,1,7,0
AT001758,W020,18-07-2026,1,8,0
AT001759,W020,19-07-2026,0,0,0
AT001760,W020,20-07-2026,1,2,0
AT001761,W020,21-07-2026,1,12,0
AT001762,W020,22-07-2026,1,2,0
AT001763,W020,23-07-2026,1,4,0
AT001764,W020,24-07-2026,0,0,1
AT001765,W020,25-07-2026,1,0,0
AT001766,W020,26-07-2026,1,13,0
AT001767,W020,27-07-2026,1,0,0
AT001768,W020,28-07-2026,1,4,0
AT001769,W020,29-07-2026,1,15,0
AT001770,W020,30-07-2026,1,0,0
AT001771,W020,31-07-2026,1,4,0
AT001772,W020,01-08-2026,1,9,0
AT001773,W020,02-08-2026,0,0,0
AT001774,W020,03-08-2026,0,0,1
AT001775,W020,04-08-2026,1,4,0
AT001776,W020,05-08-2026,1,5,0
AT001777,W020,06-08-2026,1,10,0
AT001778,W020,07-08-2026,1,1,0
AT001779,W020,08-08-2026,1,12,0
AT001780,W020,09-08-2026,0,0,0
AT001781,W020,10-08-2026,1,5,0
AT001782,W020,11-08-2026,1,0,0
AT001783,W020,12-08-2026,1,0,0
AT001784,W020,13-08-2026,1,4,0
AT001785,W020,14-08-2026,1,3,0
AT001786,W020,15-08-2026,1,8,0
AT001787,W020,16-08-2026,0,0,0
AT001788,W020,17-08-2026,1,6,0
AT001789,W020,18-08-2026,1,9,0
AT001790,W020,19-08-2026,1,6,0
AT001791,W020,20-08-2026,1,4,0
AT001792,W020,21-08-2026,1,0,0
AT001793,W020,22-08-2026,1,7,0
AT001794,W020,23-08-2026,0,0,0
AT001795,W020,24-08-2026,1,4,0
AT001796,W020,25-08-2026,1,4,0
AT001797,W020,26-08-2026,1,7,0
AT001798,W020,27-08-2026,1,0,0
AT001799,W020,28-08-2026,1,16,0
AT001800,W020,29-08-2026,1,0,0
AT001801,W021,01-06-2026,1,3,0
AT001802,W021,02-06-2026,1,9,0
AT001803,W021,03-06-2026,1,9,0
AT001804,W021,04-06-2026,1,0,0
AT001805,W021,05-06-2026,1,2,0
AT001806,W021,06-06-2026,1,4,0
AT001807,W021,07-06-2026,0,0,0
AT001808,W021,08-06-2026,1,9,0
AT001809,W021,09-06-2026,1,2,0
AT001810,W021,10-06-2026,1,0,0
AT001811,W021,11-06-2026,1,7,0
AT001812,W021,12-06-2026,1,3,0
AT001813,W021,13-06-2026,1,0,0
AT001814,W021,14-06-2026,0,0,0
AT001815,W021,15-06-2026,1,4,0
AT001816,W021,16-06-2026,1,4,0
AT001817,W021,17-06-2026,1,1,0
AT001818,W021,18-06-2026,1,7,0
AT001819,W021,19-06-2026,1,0,0
AT001820,W021,20-06-2026,1,0,0
AT001821,W021,21-06-2026,0,0,0
AT001822,W021,22-06-2026,1,4,0
AT001823,W021,23-06-2026,1,12,0
AT001824,W021,24-06-2026,1,12,0
AT001825,W021,25-06-2026,1,6,0
AT001826,W021,26-06-2026,1,11,0
AT001827,W021,27-06-2026,1,7,0
AT001828,W021,28-06-2026,0,0,0
AT001829,W021,29-06-2026,1,7,0
AT001830,W021,30-06-2026,1,8,0
AT001831,W021,01-07-2026,1,0,0
AT001832,W021,02-07-2026,1,6,0
AT001833,W021,03-07-2026,1,6,0
AT001834,W021,04-07-2026,1,0,0
AT001835,W021,05-07-2026,0,0,0
AT001836,W021,06-07-2026,1,8,0
AT001837,W021,07-07-2026,1,4,0
AT001838,W021,08-07-2026,1,1,0
AT001839,W021,09-07-2026,1,0,0
AT001840,W021,10-07-2026,1,3,0
AT001841,W021,11-07-2026,1,9,0
AT001842,W021,12-07-2026,0,0,0
AT001843,W021,13-07-2026,1,3,0
AT001844,W021,14-07-2026,1,11,0
AT001845,W021,15-07-2026,1,8,0
AT001846,W021,16-07-2026,1,7,0
AT001847,W021,17-07-2026,1,4,0
AT001848,W021,18-07-2026,1,3,0
AT001849,W021,19-07-2026,0,0,0
AT001850,W021,20-07-2026,1,0,0
AT001851,W021,21-07-2026,1,4,0
AT001852,W021,22-07-2026,1,0,0
AT001853,W021,23-07-2026,1,1,0
AT001854,W021,24-07-2026,1,9,0
AT001855,W021,25-07-2026,1,3,0
AT001856,W021,26-07-2026,0,0,0
AT001857,W021,27-07-2026,1,0,0
AT001858,W021,28-07-2026,1,1,0
AT001859,W021,29-07-2026,1,1,0
AT001860,W021,30-07-2026,0,0,1
AT001861,W021,31-07-2026,1,2,0
AT001862,W021,01-08-2026,1,0,0
AT001863,W021,02-08-2026,0,0,0
AT001864,W021,03-08-2026,1,3,0
AT001865,W021,04-08-2026,1,0,0
AT001866,W021,05-08-2026,1,9,0
AT001867,W021,06-08-2026,1,5,0
AT001868,W021,07-08-2026,1,1,0
AT001869,W021,08-08-2026,1,9,0
AT001870,W021,09-08-2026,0,0,0
AT001871,W021,10-08-2026,1,0,0
AT001872,W021,11-08-2026,1,14,0
AT001873,W021,12-08-2026,1,0,0
AT001874,W021,13-08-2026,1,2,0
AT001875,W021,14-08-2026,1,5,0
AT001876,W021,15-08-2026,1,2,0
AT001877,W021,16-08-2026,0,0,0
AT001878,W021,17-08-2026,1,8,0
AT001879,W021,18-08-2026,0,0,1
AT001880,W021,19-08-2026,1,9,0
AT001881,W021,20-08-2026,1,11,0
AT001882,W021,21-08-2026,1,0,0
AT001883,W021,22-08-2026,1,4,0
AT001884,W021,23-08-2026,0,0,0
AT001885,W021,24-08-2026,1,1,0
AT001886,W021,25-08-2026,1,4,0
AT001887,W021,26-08-2026,1,9,0
AT001888,W021,27-08-2026,1,5,0
AT001889,W021,28-08-2026,1,1,0
AT001890,W021,29-08-2026,1,2,0
AT001891,W022,01-06-2026,1,0,0
AT001892,W022,02-06-2026,1,1,0
AT001893,W022,03-06-2026,1,14,0
AT001894,W022,04-06-2026,1,1,0
AT001895,W022,05-06-2026,1,4,0
AT001896,W022,06-06-2026,1,4,0
AT001897,W022,07-06-2026,0,0,0
AT001898,W022,08-06-2026,1,7,0
AT001899,W022,09-06-2026,1,6,0
AT001900,W022,10-06-2026,1,9,0
AT001901,W022,11-06-2026,1,0,0
AT001902,W022,12-06-2026,1,0,0
AT001903,W022,13-06-2026,1,2,0
AT001904,W022,14-06-2026,1,0,0
AT001905,W022,15-06-2026,1,0,0
AT001906,W022,16-06-2026,1,7,0
AT001907,W022,17-06-2026,1,3,0
AT001908,W022,18-06-2026,1,8,0
AT001909,W022,19-06-2026,1,0,0
AT001910,W022,20-06-2026,1,1,0
AT001911,W022,21-06-2026,1,6,0
AT001912,W022,22-06-2026,1,0,0
AT001913,W022,23-06-2026,1,1,0
AT001914,W022,24-06-2026,1,4,0
AT001915,W022,25-06-2026,1,0,0
AT001916,W022,26-06-2026,1,4,0
AT001917,W022,27-06-2026,1,3,0
AT001918,W022,28-06-2026,0,0,0
AT001919,W022,29-06-2026,1,4,0
AT001920,W022,30-06-2026,1,7,0
AT001921,W022,01-07-2026,1,8,0
AT001922,W022,02-07-2026,1,3,0
AT001923,W022,03-07-2026,1,0,0
AT001924,W022,04-07-2026,1,5,0
AT001925,W022,05-07-2026,0,0,0
AT001926,W022,06-07-2026,1,6,0
AT001927,W022,07-07-2026,1,11,0
AT001928,W022,08-07-2026,1,6,0
AT001929,W022,09-07-2026,1,5,0
AT001930,W022,10-07-2026,1,0,0
AT001931,W022,11-07-2026,1,8,0
AT001932,W022,12-07-2026,1,2,0
AT001933,W022,13-07-2026,1,0,0
AT001934,W022,14-07-2026,1,8,0
AT001935,W022,15-07-2026,1,4,0
AT001936,W022,16-07-2026,1,4,0
AT001937,W022,17-07-2026,1,3,0
AT001938,W022,18-07-2026,1,2,0
AT001939,W022,19-07-2026,0,0,0
AT001940,W022,20-07-2026,1,9,0
AT001941,W022,21-07-2026,0,0,1
AT001942,W022,22-07-2026,1,4,0
AT001943,W022,23-07-2026,1,13,0
AT001944,W022,24-07-2026,1,7,0
AT001945,W022,25-07-2026,1,8,0
AT001946,W022,26-07-2026,0,0,0
AT001947,W022,27-07-2026,1,3,0
AT001948,W022,28-07-2026,1,5,0
AT001949,W022,29-07-2026,0,0,1
AT001950,W022,30-07-2026,1,11,0
AT001951,W022,31-07-2026,1,3,0
AT001952,W022,01-08-2026,1,4,0
AT001953,W022,02-08-2026,0,0,0
AT001954,W022,03-08-2026,1,4,0
AT001955,W022,04-08-2026,1,8,0
AT001956,W022,05-08-2026,1,5,0
AT001957,W022,06-08-2026,1,0,0
AT001958,W022,07-08-2026,1,4,0
AT001959,W022,08-08-2026,1,0,0
AT001960,W022,09-08-2026,0,0,0
AT001961,W022,10-08-2026,0,0,1
AT001962,W022,11-08-2026,1,3,0
AT001963,W022,12-08-2026,1,2,0
AT001964,W022,13-08-2026,1,2,0
AT001965,W022,14-08-2026,1,0,0
AT001966,W022,15-08-2026,1,5,0
AT001967,W022,16-08-2026,0,0,0
AT001968,W022,17-08-2026,0,0,1
AT001969,W022,18-08-2026,1,2,0
AT001970,W022,19-08-2026,1,12,0
AT001971,W022,20-08-2026,1,0,0
AT001972,W022,21-08-2026,1,1,0
AT001973,W022,22-08-2026,1,9,0
AT001974,W022,23-08-2026,0,0,0
AT001975,W022,24-08-2026,1,15,0
AT001976,W022,25-08-2026,1,0,0
AT001977,W022,26-08-2026,1,6,0
AT001978,W022,27-08-2026,1,5,0
AT001979,W022,28-08-2026,1,0,0
AT001980,W022,29-08-2026,1,7,0
AT001981,W023,01-06-2026,1,3,0
AT001982,W023,02-06-2026,1,4,0
AT001983,W023,03-06-2026,1,10,0
AT001984,W023,04-06-2026,1,10,0
AT001985,W023,05-06-2026,1,0,0
AT001986,W023,06-06-2026,1,6,0
AT001987,W023,07-06-2026,0,0,0
AT001988,W023,08-06-2026,1,11,0
AT001989,W023,09-06-2026,1,10,0
AT001990,W023,10-06-2026,1,1,0
AT001991,W023,11-06-2026,1,0,0
AT001992,W023,12-06-2026,0,0,1
AT001993,W023,13-06-2026,1,0,0
AT001994,W023,14-06-2026,0,0,0
AT001995,W023,15-06-2026,1,6,0
AT001996,W023,16-06-2026,1,0,0
AT001997,W023,17-06-2026,1,0,0
AT001998,W023,18-06-2026,1,10,0
AT001999,W023,19-06-2026,1,5,0
AT002000,W023,20-06-2026,1,0,0
AT002001,W023,21-06-2026,0,0,0
AT002002,W023,22-06-2026,1,0,0
AT002003,W023,23-06-2026,1,5,0
AT002004,W023,24-06-2026,1,0,0
AT002005,W023,25-06-2026,1,5,0
AT002006,W023,26-06-2026,1,15,0
AT002007,W023,27-06-2026,1,4,0
AT002008,W023,28-06-2026,0,0,0
AT002009,W023,29-06-2026,1,9,0
AT002010,W023,30-06-2026,1,0,0
AT002011,W023,01-07-2026,1,0,0
AT002012,W023,02-07-2026,1,7,0
AT002013,W023,03-07-2026,1,5,0
AT002014,W023,04-07-2026,1,10,0
AT002015,W023,05-07-2026,1,0,0
AT002016,W023,06-07-2026,1,1,0
AT002017,W023,07-07-2026,1,2,0
AT002018,W023,08-07-2026,1,5,0
AT002019,W023,09-07-2026,1,5,0
AT002020,W023,10-07-2026,1,1,0
AT002021,W023,11-07-2026,1,9,0
AT002022,W023,12-07-2026,0,0,0
AT002023,W023,13-07-2026,1,3,0
AT002024,W023,14-07-2026,1,5,0
AT002025,W023,15-07-2026,1,3,0
AT002026,W023,16-07-2026,1,7,0
AT002027,W023,17-07-2026,1,4,0
AT002028,W023,18-07-2026,1,6,0
AT002029,W023,19-07-2026,0,0,0
AT002030,W023,20-07-2026,1,1,0
AT002031,W023,21-07-2026,1,4,0
AT002032,W023,22-07-2026,1,0,0
AT002033,W023,23-07-2026,1,0,0
AT002034,W023,24-07-2026,1,2,0
AT002035,W023,25-07-2026,1,3,0
AT002036,W023,26-07-2026,0,0,0
AT002037,W023,27-07-2026,1,8,0
AT002038,W023,28-07-2026,1,3,0
AT002039,W023,29-07-2026,1,8,0
AT002040,W023,30-07-2026,1,10,0
AT002041,W023,31-07-2026,1,0,0
AT002042,W023,01-08-2026,1,7,0
AT002043,W023,02-08-2026,0,0,0
AT002044,W023,03-08-2026,0,0,1
AT002045,W023,04-08-2026,1,0,0
AT002046,W023,05-08-2026,1,10,0
AT002047,W023,06-08-2026,1,11,0
AT002048,W023,07-08-2026,1,13,0
AT002049,W023,08-08-2026,1,2,0
AT002050,W023,09-08-2026,1,5,0
AT002051,W023,10-08-2026,1,5,0
AT002052,W023,11-08-2026,1,12,0
AT002053,W023,12-08-2026,1,0,0
AT002054,W023,13-08-2026,1,9,0
AT002055,W023,14-08-2026,1,5,0
AT002056,W023,15-08-2026,1,16,0
AT002057,W023,16-08-2026,0,0,0
AT002058,W023,17-08-2026,1,4,0
AT002059,W023,18-08-2026,1,8,0
AT002060,W023,19-08-2026,1,3,0
AT002061,W023,20-08-2026,1,9,0
AT002062,W023,21-08-2026,1,0,0
AT002063,W023,22-08-2026,1,8,0
AT002064,W023,23-08-2026,0,0,0
AT002065,W023,24-08-2026,1,8,0
AT002066,W023,25-08-2026,1,12,0
AT002067,W023,26-08-2026,1,2,0
AT002068,W023,27-08-2026,1,9,0
AT002069,W023,28-08-2026,1,3,0
AT002070,W023,29-08-2026,1,8,0
AT002071,W024,01-06-2026,1,0,0
AT002072,W024,02-06-2026,1,3,0
AT002073,W024,03-06-2026,1,6,0
AT002074,W024,04-06-2026,1,0,0
AT002075,W024,05-06-2026,1,0,0
AT002076,W024,06-06-2026,1,10,0
AT002077,W024,07-06-2026,0,0,0
AT002078,W024,08-06-2026,1,5,0
AT002079,W024,09-06-2026,1,4,0
AT002080,W024,10-06-2026,1,3,0
AT002081,W024,11-06-2026,1,1,0
AT002082,W024,12-06-2026,1,2,0
AT002083,W024,13-06-2026,1,0,0
AT002084,W024,14-06-2026,0,0,0
AT002085,W024,15-06-2026,1,9,0
AT002086,W024,16-06-2026,1,5,0
AT002087,W024,17-06-2026,1,5,0
AT002088,W024,18-06-2026,1,1,0
AT002089,W024,19-06-2026,1,5,0
AT002090,W024,20-06-2026,1,4,0
AT002091,W024,21-06-2026,0,0,0
AT002092,W024,22-06-2026,1,5,0
AT002093,W024,23-06-2026,0,0,1
AT002094,W024,24-06-2026,1,7,0
AT002095,W024,25-06-2026,1,7,0
AT002096,W024,26-06-2026,1,0,0
AT002097,W024,27-06-2026,1,0,0
AT002098,W024,28-06-2026,0,0,0
AT002099,W024,29-06-2026,1,8,0
AT002100,W024,30-06-2026,1,5,0
AT002101,W024,01-07-2026,1,4,0
AT002102,W024,02-07-2026,1,11,0
AT002103,W024,03-07-2026,1,0,0
AT002104,W024,04-07-2026,1,11,0
AT002105,W024,05-07-2026,0,0,0
AT002106,W024,06-07-2026,1,10,0
AT002107,W024,07-07-2026,1,6,0
AT002108,W024,08-07-2026,1,0,0
AT002109,W024,09-07-2026,1,5,0
AT002110,W024,10-07-2026,1,6,0
AT002111,W024,11-07-2026,1,5,0
AT002112,W024,12-07-2026,1,8,0
AT002113,W024,13-07-2026,1,9,0
AT002114,W024,14-07-2026,1,8,0
AT002115,W024,15-07-2026,1,16,0
AT002116,W024,16-07-2026,1,7,0
AT002117,W024,17-07-2026,1,4,0
AT002118,W024,18-07-2026,1,1,0
AT002119,W024,19-07-2026,0,0,0
AT002120,W024,20-07-2026,1,1,0
AT002121,W024,21-07-2026,1,10,0
AT002122,W024,22-07-2026,1,0,0
AT002123,W024,23-07-2026,1,1,0
AT002124,W024,24-07-2026,1,7,0
AT002125,W024,25-07-2026,1,0,0
AT002126,W024,26-07-2026,0,0,0
AT002127,W024,27-07-2026,1,8,0
AT002128,W024,28-07-2026,1,1,0
AT002129,W024,29-07-2026,1,0,0
AT002130,W024,30-07-2026,1,10,0
AT002131,W024,31-07-2026,1,12,0
AT002132,W024,01-08-2026,1,4,0
AT002133,W024,02-08-2026,0,0,0
AT002134,W024,03-08-2026,1,0,0
AT002135,W024,04-08-2026,1,11,0
AT002136,W024,05-08-2026,1,3,0
AT002137,W024,06-08-2026,0,0,1
AT002138,W024,07-08-2026,1,0,0
AT002139,W024,08-08-2026,1,0,0
AT002140,W024,09-08-2026,0,0,0
AT002141,W024,10-08-2026,1,2,0
AT002142,W024,11-08-2026,1,1,0
AT002143,W024,12-08-2026,1,12,0
AT002144,W024,13-08-2026,1,0,0
AT002145,W024,14-08-2026,1,10,0
AT002146,W024,15-08-2026,1,10,0
AT002147,W024,16-08-2026,0,0,0
AT002148,W024,17-08-2026,1,2,0
AT002149,W024,18-08-2026,1,5,0
AT002150,W024,19-08-2026,1,0,0
AT002151,W024,20-08-2026,1,8,0
AT002152,W024,21-08-2026,1,8,0
AT002153,W024,22-08-2026,1,8,0
AT002154,W024,23-08-2026,0,0,0
AT002155,W024,24-08-2026,1,4,0
AT002156,W024,25-08-2026,1,6,0
AT002157,W024,26-08-2026,1,1,0
AT002158,W024,27-08-2026,1,3,0
AT002159,W024,28-08-2026,0,0,1
AT002160,W024,29-08-2026,1,0,0
AT002161,W025,01-06-2026,1,2,0
AT002162,W025,02-06-2026,1,4,0
AT002163,W025,03-06-2026,1,0,0
AT002164,W025,04-06-2026,1,0,0
AT002165,W025,05-06-2026,1,3,0
AT002166,W025,06-06-2026,1,7,0
AT002167,W025,07-06-2026,0,0,0
AT002168,W025,08-06-2026,1,1,0
AT002169,W025,09-06-2026,1,0,0
AT002170,W025,10-06-2026,1,5,0
AT002171,W025,11-06-2026,1,0,0
AT002172,W025,12-06-2026,1,1,0
AT002173,W025,13-06-2026,1,2,0
AT002174,W025,14-06-2026,0,0,0
AT002175,W025,15-06-2026,1,0,0
AT002176,W025,16-06-2026,1,0,0
AT002177,W025,17-06-2026,1,0,0
AT002178,W025,18-06-2026,1,0,0
AT002179,W025,19-06-2026,1,0,0
AT002180,W025,20-06-2026,1,7,0
AT002181,W025,21-06-2026,0,0,0
AT002182,W025,22-06-2026,1,1,0
AT002183,W025,23-06-2026,1,7,0
AT002184,W025,24-06-2026,1,1,0
AT002185,W025,25-06-2026,1,0,0
AT002186,W025,26-06-2026,1,10,0
AT002187,W025,27-06-2026,1,0,0
AT002188,W025,28-06-2026,0,0,0
AT002189,W025,29-06-2026,1,0,0
AT002190,W025,30-06-2026,1,0,0
AT002191,W025,01-07-2026,1,4,0
AT002192,W025,02-07-2026,1,0,0
AT002193,W025,03-07-2026,1,0,0
AT002194,W025,04-07-2026,1,8,0
AT002195,W025,05-07-2026,0,0,0
AT002196,W025,06-07-2026,1,0,0
AT002197,W025,07-07-2026,1,6,0
AT002198,W025,08-07-2026,1,5,0
AT002199,W025,09-07-2026,1,0,0
AT002200,W025,10-07-2026,1,8,0
AT002201,W025,11-07-2026,1,6,0
AT002202,W025,12-07-2026,0,0,0
AT002203,W025,13-07-2026,1,0,0
AT002204,W025,14-07-2026,1,0,0
AT002205,W025,15-07-2026,1,3,0
AT002206,W025,16-07-2026,1,10,0
AT002207,W025,17-07-2026,1,2,0
AT002208,W025,18-07-2026,1,6,0
AT002209,W025,19-07-2026,0,0,0
AT002210,W025,20-07-2026,1,0,0
AT002211,W025,21-07-2026,0,0,1
AT002212,W025,22-07-2026,1,0,0
AT002213,W025,23-07-2026,1,2,0
AT002214,W025,24-07-2026,1,1,0
AT002215,W025,25-07-2026,1,1,0
AT002216,W025,26-07-2026,0,0,0
AT002217,W025,27-07-2026,1,1,0
AT002218,W025,28-07-2026,1,0,0
AT002219,W025,29-07-2026,1,0,0
AT002220,W025,30-07-2026,1,1,0
AT002221,W025,31-07-2026,1,0,0
AT002222,W025,01-08-2026,1,4,0
AT002223,W025,02-08-2026,0,0,0
AT002224,W025,03-08-2026,1,0,0
AT002225,W025,04-08-2026,1,0,0
AT002226,W025,05-08-2026,1,0,0
AT002227,W025,06-08-2026,1,0,0
AT002228,W025,07-08-2026,1,3,0
AT002229,W025,08-08-2026,1,10,0
AT002230,W025,09-08-2026,0,0,0
AT002231,W025,10-08-2026,1,6,0
AT002232,W025,11-08-2026,1,0,0
AT002233,W025,12-08-2026,1,0,0
AT002234,W025,13-08-2026,1,5,0
AT002235,W025,14-08-2026,1,8,0
AT002236,W025,15-08-2026,1,0,0
AT002237,W025,16-08-2026,0,0,0
AT002238,W025,17-08-2026,1,6,0
AT002239,W025,18-08-2026,1,7,0
AT002240,W025,19-08-2026,1,0,0
AT002241,W025,20-08-2026,1,0,0
AT002242,W025,21-08-2026,1,0,0
AT002243,W025,22-08-2026,1,0,0
AT002244,W025,23-08-2026,0,0,0
AT002245,W025,24-08-2026,1,5,0
AT002246,W025,25-08-2026,1,0,0
AT002247,W025,26-08-2026,1,0,0
AT002248,W025,27-08-2026,1,2,0
AT002249,W025,28-08-2026,1,9,0
AT002250,W025,29-08-2026,1,0,0
AT002251,W026,01-06-2026,1,1,0
AT002252,W026,02-06-2026,1,7,0
AT002253,W026,03-06-2026,1,7,0
AT002254,W026,04-06-2026,1,5,0
AT002255,W026,05-06-2026,1,5,0
AT002256,W026,06-06-2026,1,7,0
AT002257,W026,07-06-2026,0,0,0
AT002258,W026,08-06-2026,0,0,1
AT002259,W026,09-06-2026,1,6,0
AT002260,W026,10-06-2026,1,8,0
AT002261,W026,11-06-2026,1,6,0
AT002262,W026,12-06-2026,1,2,0
AT002263,W026,13-06-2026,1,12,0
AT002264,W026,14-06-2026,1,9,0
AT002265,W026,15-06-2026,1,1,0
AT002266,W026,16-06-2026,1,6,0
AT002267,W026,17-06-2026,1,3,0
AT002268,W026,18-06-2026,1,6,0
AT002269,W026,19-06-2026,1,3,0
AT002270,W026,20-06-2026,1,5,0
AT002271,W026,21-06-2026,1,0,0
AT002272,W026,22-06-2026,1,13,0
AT002273,W026,23-06-2026,1,6,0
AT002274,W026,24-06-2026,0,0,1
AT002275,W026,25-06-2026,1,8,0
AT002276,W026,26-06-2026,0,0,1
AT002277,W026,27-06-2026,1,1,0
AT002278,W026,28-06-2026,0,0,0
AT002279,W026,29-06-2026,1,0,0
AT002280,W026,30-06-2026,1,6,0
AT002281,W026,01-07-2026,1,3,0
AT002282,W026,02-07-2026,1,8,0
AT002283,W026,03-07-2026,1,0,0
AT002284,W026,04-07-2026,1,5,0
AT002285,W026,05-07-2026,1,2,0
AT002286,W026,06-07-2026,1,15,0
AT002287,W026,07-07-2026,1,3,0
AT002288,W026,08-07-2026,1,2,0
AT002289,W026,09-07-2026,1,10,0
AT002290,W026,10-07-2026,1,10,0
AT002291,W026,11-07-2026,1,0,0
AT002292,W026,12-07-2026,0,0,0
AT002293,W026,13-07-2026,1,3,0
AT002294,W026,14-07-2026,1,4,0
AT002295,W026,15-07-2026,1,2,0
AT002296,W026,16-07-2026,1,3,0
AT002297,W026,17-07-2026,1,0,0
AT002298,W026,18-07-2026,1,0,0
AT002299,W026,19-07-2026,1,2,0
AT002300,W026,20-07-2026,1,12,0
AT002301,W026,21-07-2026,1,0,0
AT002302,W026,22-07-2026,1,1,0
AT002303,W026,23-07-2026,1,7,0
AT002304,W026,24-07-2026,1,3,0
AT002305,W026,25-07-2026,0,0,1
AT002306,W026,26-07-2026,0,0,1
AT002307,W026,27-07-2026,1,10,0
AT002308,W026,28-07-2026,1,5,0
AT002309,W026,29-07-2026,1,5,0
AT002310,W026,30-07-2026,1,0,0
AT002311,W026,31-07-2026,1,7,0
AT002312,W026,01-08-2026,1,5,0
AT002313,W026,02-08-2026,0,0,0
AT002314,W026,03-08-2026,1,2,0
AT002315,W026,04-08-2026,1,10,0
AT002316,W026,05-08-2026,1,4,0
AT002317,W026,06-08-2026,1,10,0
AT002318,W026,07-08-2026,1,5,0
AT002319,W026,08-08-2026,1,4,0
AT002320,W026,09-08-2026,0,0,0
AT002321,W026,10-08-2026,1,6,0
AT002322,W026,11-08-2026,1,0,0
AT002323,W026,12-08-2026,1,0,0
AT002324,W026,13-08-2026,1,12,0
AT002325,W026,14-08-2026,1,5,0
AT002326,W026,15-08-2026,1,3,0
AT002327,W026,16-08-2026,0,0,0
AT002328,W026,17-08-2026,1,7,0
AT002329,W026,18-08-2026,1,3,0
AT002330,W026,19-08-2026,1,0,0
AT002331,W026,20-08-2026,1,0,0
AT002332,W026,21-08-2026,1,2,0
AT002333,W026,22-08-2026,1,13,0
AT002334,W026,23-08-2026,0,0,0
AT002335,W026,24-08-2026,1,9,0
AT002336,W026,25-08-2026,1,4,0
AT002337,W026,26-08-2026,1,8,0
AT002338,W026,27-08-2026,1,14,0
AT002339,W026,28-08-2026,1,12,0
AT002340,W026,29-08-2026,1,4,0
AT002341,W027,01-06-2026,1,5,0
AT002342,W027,02-06-2026,0,0,1
AT002343,W027,03-06-2026,1,7,0
AT002344,W027,04-06-2026,1,3,0
AT002345,W027,05-06-2026,1,2,0
AT002346,W027,06-06-2026,1,9,0
AT002347,W027,07-06-2026,0,0,0
AT002348,W027,08-06-2026,1,5,0
AT002349,W027,09-06-2026,1,4,0
AT002350,W027,10-06-2026,1,0,0
AT002351,W027,11-06-2026,1,2,0
AT002352,W027,12-06-2026,1,0,0
AT002353,W027,13-06-2026,1,0,0
AT002354,W027,14-06-2026,0,0,0
AT002355,W027,15-06-2026,0,0,1
AT002356,W027,16-06-2026,1,4,0
AT002357,W027,17-06-2026,1,1,0
AT002358,W027,18-06-2026,1,0,0
AT002359,W027,19-06-2026,1,0,0
AT002360,W027,20-06-2026,1,0,0
AT002361,W027,21-06-2026,0,0,0
AT002362,W027,22-06-2026,1,2,0
AT002363,W027,23-06-2026,1,0,0
AT002364,W027,24-06-2026,1,1,0
AT002365,W027,25-06-2026,1,10,0
AT002366,W027,26-06-2026,1,10,0
AT002367,W027,27-06-2026,1,0,0
AT002368,W027,28-06-2026,0,0,0
AT002369,W027,29-06-2026,1,3,0
AT002370,W027,30-06-2026,1,0,0
AT002371,W027,01-07-2026,1,0,0
AT002372,W027,02-07-2026,1,3,0
AT002373,W027,03-07-2026,1,3,0
AT002374,W027,04-07-2026,1,6,0
AT002375,W027,05-07-2026,0,0,0
AT002376,W027,06-07-2026,1,1,0
AT002377,W027,07-07-2026,1,5,0
AT002378,W027,08-07-2026,1,0,0
AT002379,W027,09-07-2026,1,1,0
AT002380,W027,10-07-2026,1,8,0
AT002381,W027,11-07-2026,1,0,0
AT002382,W027,12-07-2026,0,0,0
AT002383,W027,13-07-2026,1,3,0
AT002384,W027,14-07-2026,1,7,0
AT002385,W027,15-07-2026,1,3,0
AT002386,W027,16-07-2026,1,0,0
AT002387,W027,17-07-2026,1,0,0
AT002388,W027,18-07-2026,1,3,0
AT002389,W027,19-07-2026,0,0,0
AT002390,W027,20-07-2026,1,3,0
AT002391,W027,21-07-2026,0,0,1
AT002392,W027,22-07-2026,1,3,0
AT002393,W027,23-07-2026,1,5,0
AT002394,W027,24-07-2026,1,0,0
AT002395,W027,25-07-2026,1,5,0
AT002396,W027,26-07-2026,0,0,0
AT002397,W027,27-07-2026,1,12,0
AT002398,W027,28-07-2026,1,9,0
AT002399,W027,29-07-2026,0,0,1
AT002400,W027,30-07-2026,1,4,0
AT002401,W027,31-07-2026,1,6,0
AT002402,W027,01-08-2026,1,3,0
AT002403,W027,02-08-2026,0,0,0
AT002404,W027,03-08-2026,1,0,0
AT002405,W027,04-08-2026,1,5,0
AT002406,W027,05-08-2026,1,0,0
AT002407,W027,06-08-2026,1,11,0
AT002408,W027,07-08-2026,1,1,0
AT002409,W027,08-08-2026,1,0,0
AT002410,W027,09-08-2026,0,0,0
AT002411,W027,10-08-2026,1,3,0
AT002412,W027,11-08-2026,1,5,0
AT002413,W027,12-08-2026,1,2,0
AT002414,W027,13-08-2026,1,3,0
AT002415,W027,14-08-2026,1,4,0
AT002416,W027,15-08-2026,1,4,0
AT002417,W027,16-08-2026,0,0,0
AT002418,W027,17-08-2026,1,0,0
AT002419,W027,18-08-2026,1,5,0
AT002420,W027,19-08-2026,1,4,0
AT002421,W027,20-08-2026,1,1,0
AT002422,W027,21-08-2026,1,4,0
AT002423,W027,22-08-2026,1,0,0
AT002424,W027,23-08-2026,0,0,0
AT002425,W027,24-08-2026,1,0,0
AT002426,W027,25-08-2026,1,1,0
AT002427,W027,26-08-2026,1,0,0
AT002428,W027,27-08-2026,1,0,0
AT002429,W027,28-08-2026,1,2,0
AT002430,W027,29-08-2026,1,3,0
AT002431,W028,01-06-2026,1,4,0
AT002432,W028,02-06-2026,1,0,0
AT002433,W028,03-06-2026,1,15,0
AT002434,W028,04-06-2026,1,6,0
AT002435,W028,05-06-2026,1,6,0
AT002436,W028,06-06-2026,1,2,0
AT002437,W028,07-06-2026,0,0,0
AT002438,W028,08-06-2026,1,11,0
AT002439,W028,09-06-2026,1,1,0
AT002440,W028,10-06-2026,1,0,0
AT002441,W028,11-06-2026,1,8,0
AT002442,W028,12-06-2026,1,7,0
AT002443,W028,13-06-2026,1,10,0
AT002444,W028,14-06-2026,0,0,0
AT002445,W028,15-06-2026,1,9,0
AT002446,W028,16-06-2026,1,11,0
AT002447,W028,17-06-2026,1,1,0
AT002448,W028,18-06-2026,1,2,0
AT002449,W028,19-06-2026,1,5,0
AT002450,W028,20-06-2026,1,0,0
AT002451,W028,21-06-2026,1,1,0
AT002452,W028,22-06-2026,1,5,0
AT002453,W028,23-06-2026,1,2,0
AT002454,W028,24-06-2026,1,10,0
AT002455,W028,25-06-2026,1,6,0
AT002456,W028,26-06-2026,1,1,0
AT002457,W028,27-06-2026,1,0,0
AT002458,W028,28-06-2026,0,0,0
AT002459,W028,29-06-2026,1,0,0
AT002460,W028,30-06-2026,1,2,0
AT002461,W028,01-07-2026,1,0,0
AT002462,W028,02-07-2026,1,0,0
AT002463,W028,03-07-2026,1,12,0
AT002464,W028,04-07-2026,1,11,0
AT002465,W028,05-07-2026,0,0,0
AT002466,W028,06-07-2026,1,7,0
AT002467,W028,07-07-2026,1,0,0
AT002468,W028,08-07-2026,1,2,0
AT002469,W028,09-07-2026,1,6,0
AT002470,W028,10-07-2026,1,5,0
AT002471,W028,11-07-2026,1,3,0
AT002472,W028,12-07-2026,0,0,0
AT002473,W028,13-07-2026,0,0,1
AT002474,W028,14-07-2026,1,0,0
AT002475,W028,15-07-2026,1,4,0
AT002476,W028,16-07-2026,1,9,0
AT002477,W028,17-07-2026,1,5,0
AT002478,W028,18-07-2026,1,2,0
AT002479,W028,19-07-2026,0,0,0
AT002480,W028,20-07-2026,1,0,0
AT002481,W028,21-07-2026,1,5,0
AT002482,W028,22-07-2026,1,6,0
AT002483,W028,23-07-2026,1,5,0
AT002484,W028,24-07-2026,0,0,1
AT002485,W028,25-07-2026,1,8,0
AT002486,W028,26-07-2026,0,0,0
AT002487,W028,27-07-2026,1,6,0
AT002488,W028,28-07-2026,1,10,0
AT002489,W028,29-07-2026,1,12,0
AT002490,W028,30-07-2026,1,0,0
AT002491,W028,31-07-2026,1,0,0
AT002492,W028,01-08-2026,1,10,0
AT002493,W028,02-08-2026,0,0,0
AT002494,W028,03-08-2026,1,8,0
AT002495,W028,04-08-2026,1,0,0
AT002496,W028,05-08-2026,1,9,0
AT002497,W028,06-08-2026,1,5,0
AT002498,W028,07-08-2026,1,11,0
AT002499,W028,08-08-2026,1,3,0
AT002500,W028,09-08-2026,0,0,0
AT002501,W028,10-08-2026,1,0,0
AT002502,W028,11-08-2026,1,5,0
AT002503,W028,12-08-2026,1,10,0
AT002504,W028,13-08-2026,1,14,0
AT002505,W028,14-08-2026,1,1,0
AT002506,W028,15-08-2026,1,8,0
AT002507,W028,16-08-2026,0,0,0
AT002508,W028,17-08-2026,1,0,0
AT002509,W028,18-08-2026,1,4,0
AT002510,W028,19-08-2026,1,4,0
AT002511,W028,20-08-2026,1,3,0
AT002512,W028,21-08-2026,1,3,0
AT002513,W028,22-08-2026,1,6,0
AT002514,W028,23-08-2026,1,9,0
AT002515,W028,24-08-2026,1,5,0
AT002516,W028,25-08-2026,1,16,0
AT002517,W028,26-08-2026,1,15,0
AT002518,W028,27-08-2026,1,3,0
AT002519,W028,28-08-2026,1,0,0
AT002520,W028,29-08-2026,1,4,0
AT002521,W029,01-06-2026,1,5,0
AT002522,W029,02-06-2026,1,10,0
AT002523,W029,03-06-2026,1,3,0
AT002524,W029,04-06-2026,1,0,0
AT002525,W029,05-06-2026,1,5,0
AT002526,W029,06-06-2026,1,7,0
AT002527,W029,07-06-2026,0,0,0
AT002528,W029,08-06-2026,1,3,0
AT002529,W029,09-06-2026,1,12,0
AT002530,W029,10-06-2026,1,4,0
AT002531,W029,11-06-2026,1,6,0
AT002532,W029,12-06-2026,1,13,0
AT002533,W029,13-06-2026,1,4,0
AT002534,W029,14-06-2026,1,0,0
AT002535,W029,15-06-2026,1,1,0
AT002536,W029,16-06-2026,1,7,0
AT002537,W029,17-06-2026,1,15,0
AT002538,W029,18-06-2026,1,0,0
AT002539,W029,19-06-2026,1,3,0
AT002540,W029,20-06-2026,1,7,0
AT002541,W029,21-06-2026,1,6,0
AT002542,W029,22-06-2026,1,0,0
AT002543,W029,23-06-2026,1,4,0
AT002544,W029,24-06-2026,1,7,0
AT002545,W029,25-06-2026,1,12,0
AT002546,W029,26-06-2026,1,9,0
AT002547,W029,27-06-2026,1,0,0
AT002548,W029,28-06-2026,0,0,0
AT002549,W029,29-06-2026,1,7,0
AT002550,W029,30-06-2026,1,0,0
AT002551,W029,01-07-2026,1,4,0
AT002552,W029,02-07-2026,1,3,0
AT002553,W029,03-07-2026,1,7,0
AT002554,W029,04-07-2026,1,4,0
AT002555,W029,05-07-2026,0,0,0
AT002556,W029,06-07-2026,1,3,0
AT002557,W029,07-07-2026,1,2,0
AT002558,W029,08-07-2026,1,0,0
AT002559,W029,09-07-2026,1,0,0
AT002560,W029,10-07-2026,1,0,0
AT002561,W029,11-07-2026,1,2,0
AT002562,W029,12-07-2026,0,0,0
AT002563,W029,13-07-2026,1,5,0
AT002564,W029,14-07-2026,1,7,0
AT002565,W029,15-07-2026,1,7,0
AT002566,W029,16-07-2026,0,0,1
AT002567,W029,17-07-2026,1,0,0
AT002568,W029,18-07-2026,1,3,0
AT002569,W029,19-07-2026,1,0,0
AT002570,W029,20-07-2026,1,11,0
AT002571,W029,21-07-2026,1,0,0
AT002572,W029,22-07-2026,1,2,0
AT002573,W029,23-07-2026,1,4,0
AT002574,W029,24-07-2026,0,0,1
AT002575,W029,25-07-2026,1,0,0
AT002576,W029,26-07-2026,0,0,0
AT002577,W029,27-07-2026,1,2,0
AT002578,W029,28-07-2026,1,13,0
AT002579,W029,29-07-2026,1,7,0
AT002580,W029,30-07-2026,1,2,0
AT002581,W029,31-07-2026,1,2,0
AT002582,W029,01-08-2026,1,2,0
AT002583,W029,02-08-2026,0,0,0
AT002584,W029,03-08-2026,1,2,0
AT002585,W029,04-08-2026,1,5,0
AT002586,W029,05-08-2026,1,7,0
AT002587,W029,06-08-2026,1,5,0
AT002588,W029,07-08-2026,1,13,0
AT002589,W029,08-08-2026,1,10,0
AT002590,W029,09-08-2026,1,11,0
AT002591,W029,10-08-2026,0,0,1
AT002592,W029,11-08-2026,1,6,0
AT002593,W029,12-08-2026,1,15,0
AT002594,W029,13-08-2026,1,9,0
AT002595,W029,14-08-2026,1,9,0
AT002596,W029,15-08-2026,1,12,0
AT002597,W029,16-08-2026,0,0,0
AT002598,W029,17-08-2026,1,0,0
AT002599,W029,18-08-2026,1,11,0
AT002600,W029,19-08-2026,1,6,0
AT002601,W029,20-08-2026,1,13,0
AT002602,W029,21-08-2026,1,6,0
AT002603,W029,22-08-2026,1,0,0
AT002604,W029,23-08-2026,1,5,0
AT002605,W029,24-08-2026,1,6,0
AT002606,W029,25-08-2026,1,6,0
AT002607,W029,26-08-2026,1,5,0
AT002608,W029,27-08-2026,1,4,0
AT002609,W029,28-08-2026,1,14,0
AT002610,W029,29-08-2026,1,12,0
AT002611,W030,01-06-2026,1,9,0
AT002612,W030,02-06-2026,1,1,0
AT002613,W030,03-06-2026,1,2,0
AT002614,W030,04-06-2026,1,0,0
AT002615,W030,05-06-2026,1,20,0
AT002616,W030,06-06-2026,1,7,0
AT002617,W030,07-06-2026,0,0,0
AT002618,W030,08-06-2026,1,6,0
AT002619,W030,09-06-2026,1,9,0
AT002620,W030,10-06-2026,0,0,1
AT002621,W030,11-06-2026,1,0,0
AT002622,W030,12-06-2026,1,0,0
AT002623,W030,13-06-2026,1,0,0
AT002624,W030,14-06-2026,1,1,0
AT002625,W030,15-06-2026,1,7,0
AT002626,W030,16-06-2026,1,6,0
AT002627,W030,17-06-2026,1,7,0
AT002628,W030,18-06-2026,1,3,0
AT002629,W030,19-06-2026,1,9,0
AT002630,W030,20-06-2026,1,4,0
AT002631,W030,21-06-2026,0,0,0
AT002632,W030,22-06-2026,0,0,1
AT002633,W030,23-06-2026,1,10,0
AT002634,W030,24-06-2026,1,2,0
AT002635,W030,25-06-2026,1,9,0
AT002636,W030,26-06-2026,1,8,0
AT002637,W030,27-06-2026,1,3,0
AT002638,W030,28-06-2026,0,0,0
AT002639,W030,29-06-2026,1,6,0
AT002640,W030,30-06-2026,1,2,0
AT002641,W030,01-07-2026,1,1,0
AT002642,W030,02-07-2026,1,0,0
AT002643,W030,03-07-2026,0,0,1
AT002644,W030,04-07-2026,1,11,0
AT002645,W030,05-07-2026,0,0,0
AT002646,W030,06-07-2026,1,6,0
AT002647,W030,07-07-2026,1,15,0
AT002648,W030,08-07-2026,1,18,0
AT002649,W030,09-07-2026,1,11,0
AT002650,W030,10-07-2026,1,3,0
AT002651,W030,11-07-2026,1,0,0
AT002652,W030,12-07-2026,0,0,0
AT002653,W030,13-07-2026,1,15,0
AT002654,W030,14-07-2026,1,7,0
AT002655,W030,15-07-2026,1,0,0
AT002656,W030,16-07-2026,1,7,0
AT002657,W030,17-07-2026,1,7,0
AT002658,W030,18-07-2026,1,4,0
AT002659,W030,19-07-2026,0,0,0
AT002660,W030,20-07-2026,1,4,0
AT002661,W030,21-07-2026,1,0,0
AT002662,W030,22-07-2026,1,18,0
AT002663,W030,23-07-2026,1,5,0
AT002664,W030,24-07-2026,1,6,0
AT002665,W030,25-07-2026,1,5,0
AT002666,W030,26-07-2026,0,0,0
AT002667,W030,27-07-2026,1,0,0
AT002668,W030,28-07-2026,0,0,1
AT002669,W030,29-07-2026,0,0,1
AT002670,W030,30-07-2026,1,2,0
AT002671,W030,31-07-2026,1,0,0
AT002672,W030,01-08-2026,1,4,0
AT002673,W030,02-08-2026,0,0,0
AT002674,W030,03-08-2026,1,0,0
AT002675,W030,04-08-2026,1,0,0
AT002676,W030,05-08-2026,1,0,0
AT002677,W030,06-08-2026,1,2,0
AT002678,W030,07-08-2026,1,5,0
AT002679,W030,08-08-2026,1,9,0
AT002680,W030,09-08-2026,0,0,0
AT002681,W030,10-08-2026,1,3,0
AT002682,W030,11-08-2026,1,4,0
AT002683,W030,12-08-2026,1,4,0
AT002684,W030,13-08-2026,1,0,0
AT002685,W030,14-08-2026,1,0,0
AT002686,W030,15-08-2026,1,9,0
AT002687,W030,16-08-2026,0,0,0
AT002688,W030,17-08-2026,1,6,0
AT002689,W030,18-08-2026,1,2,0
AT002690,W030,19-08-2026,1,3,0
AT002691,W030,20-08-2026,1,0,0
AT002692,W030,21-08-2026,0,0,1
AT002693,W030,22-08-2026,1,3,0
AT002694,W030,23-08-2026,0,0,0
AT002695,W030,24-08-2026,1,6,0
AT002696,W030,25-08-2026,1,7,0
AT002697,W030,26-08-2026,1,1,0
AT002698,W030,27-08-2026,1,3,0
AT002699,W030,28-08-2026,1,3,0
AT002700,W030,29-08-2026,1,6,0
AT002701,W031,01-06-2026,1,3,0
AT002702,W031,02-06-2026,1,0,0
AT002703,W031,03-06-2026,1,5,0
AT002704,W031,04-06-2026,1,2,0
AT002705,W031,05-06-2026,1,4,0
AT002706,W031,06-06-2026,1,0,0
AT002707,W031,07-06-2026,0,0,1
AT002708,W031,08-06-2026,1,1,0
AT002709,W031,09-06-2026,1,3,0
AT002710,W031,10-06-2026,1,4,0
AT002711,W031,11-06-2026,1,0,0
AT002712,W031,12-06-2026,1,2,0
AT002713,W031,13-06-2026,1,6,0
AT002714,W031,14-06-2026,0,0,0
AT002715,W031,15-06-2026,1,5,0
AT002716,W031,16-06-2026,1,9,0
AT002717,W031,17-06-2026,1,0,0
AT002718,W031,18-06-2026,1,6,0
AT002719,W031,19-06-2026,1,11,0
AT002720,W031,20-06-2026,1,5,0
AT002721,W031,21-06-2026,0,0,0
AT002722,W031,22-06-2026,1,7,0
AT002723,W031,23-06-2026,1,3,0
AT002724,W031,24-06-2026,1,0,0
AT002725,W031,25-06-2026,1,6,0
AT002726,W031,26-06-2026,1,0,0
AT002727,W031,27-06-2026,1,1,0
AT002728,W031,28-06-2026,0,0,0
AT002729,W031,29-06-2026,1,0,0
AT002730,W031,30-06-2026,1,2,0
AT002731,W031,01-07-2026,1,9,0
AT002732,W031,02-07-2026,1,0,0
AT002733,W031,03-07-2026,1,9,0
AT002734,W031,04-07-2026,1,10,0
AT002735,W031,05-07-2026,0,0,0
AT002736,W031,06-07-2026,1,3,0
AT002737,W031,07-07-2026,1,14,0
AT002738,W031,08-07-2026,1,13,0
AT002739,W031,09-07-2026,1,2,0
AT002740,W031,10-07-2026,1,9,0
AT002741,W031,11-07-2026,1,2,0
AT002742,W031,12-07-2026,0,0,0
AT002743,W031,13-07-2026,1,10,0
AT002744,W031,14-07-2026,1,2,0
AT002745,W031,15-07-2026,1,0,0
AT002746,W031,16-07-2026,1,3,0
AT002747,W031,17-07-2026,1,8,0
AT002748,W031,18-07-2026,1,0,0
AT002749,W031,19-07-2026,0,0,0
AT002750,W031,20-07-2026,1,10,0
AT002751,W031,21-07-2026,1,0,0
AT002752,W031,22-07-2026,1,9,0
AT002753,W031,23-07-2026,1,3,0
AT002754,W031,24-07-2026,0,0,1
AT002755,W031,25-07-2026,1,4,0
AT002756,W031,26-07-2026,0,0,0
AT002757,W031,27-07-2026,1,2,0
AT002758,W031,28-07-2026,1,1,0
AT002759,W031,29-07-2026,1,4,0
AT002760,W031,30-07-2026,1,1,0
AT002761,W031,31-07-2026,1,3,0
AT002762,W031,01-08-2026,1,7,0
AT002763,W031,02-08-2026,0,0,0
AT002764,W031,03-08-2026,1,1,0
AT002765,W031,04-08-2026,1,3,0
AT002766,W031,05-08-2026,1,4,0
AT002767,W031,06-08-2026,1,3,0
AT002768,W031,07-08-2026,1,0,0
AT002769,W031,08-08-2026,1,0,0
AT002770,W031,09-08-2026,0,0,0
AT002771,W031,10-08-2026,1,6,0
AT002772,W031,11-08-2026,1,0,0
AT002773,W031,12-08-2026,1,6,0
AT002774,W031,13-08-2026,1,7,0
AT002775,W031,14-08-2026,1,0,0
AT002776,W031,15-08-2026,1,2,0
AT002777,W031,16-08-2026,0,0,0
AT002778,W031,17-08-2026,1,11,0
AT002779,W031,18-08-2026,1,0,0
AT002780,W031,19-08-2026,1,8,0
AT002781,W031,20-08-2026,1,3,0
AT002782,W031,21-08-2026,1,15,0
AT002783,W031,22-08-2026,1,10,0
AT002784,W031,23-08-2026,0,0,0
AT002785,W031,24-08-2026,1,9,0
AT002786,W031,25-08-2026,1,6,0
AT002787,W031,26-08-2026,1,12,0
AT002788,W031,27-08-2026,1,5,0
AT002789,W031,28-08-2026,1,2,0
AT002790,W031,29-08-2026,1,10,0
AT002791,W032,01-06-2026,0,0,1
AT002792,W032,02-06-2026,0,0,1
AT002793,W032,03-06-2026,1,6,0
AT002794,W032,04-06-2026,1,3,0
AT002795,W032,05-06-2026,1,7,0
AT002796,W032,06-06-2026,1,2,0
AT002797,W032,07-06-2026,0,0,0
AT002798,W032,08-06-2026,1,7,0
AT002799,W032,09-06-2026,1,5,0
AT002800,W032,10-06-2026,1,0,0
AT002801,W032,11-06-2026,1,4,0
AT002802,W032,12-06-2026,1,15,0
AT002803,W032,13-06-2026,1,1,0
AT002804,W032,14-06-2026,0,0,0
AT002805,W032,15-06-2026,1,0,0
AT002806,W032,16-06-2026,1,2,0
AT002807,W032,17-06-2026,1,0,0
AT002808,W032,18-06-2026,1,8,0
AT002809,W032,19-06-2026,1,2,0
AT002810,W032,20-06-2026,1,0,0
AT002811,W032,21-06-2026,0,0,0
AT002812,W032,22-06-2026,1,0,0
AT002813,W032,23-06-2026,1,9,0
AT002814,W032,24-06-2026,1,0,0
AT002815,W032,25-06-2026,1,5,0
AT002816,W032,26-06-2026,1,6,0
AT002817,W032,27-06-2026,1,6,0
AT002818,W032,28-06-2026,0,0,0
AT002819,W032,29-06-2026,1,4,0
AT002820,W032,30-06-2026,1,9,0
AT002821,W032,01-07-2026,1,0,0
AT002822,W032,02-07-2026,1,5,0
AT002823,W032,03-07-2026,0,0,1
AT002824,W032,04-07-2026,1,6,0
AT002825,W032,05-07-2026,0,0,0
AT002826,W032,06-07-2026,1,6,0
AT002827,W032,07-07-2026,1,0,0
AT002828,W032,08-07-2026,1,0,0
AT002829,W032,09-07-2026,1,1,0
AT002830,W032,10-07-2026,1,0,0
AT002831,W032,11-07-2026,1,6,0
AT002832,W032,12-07-2026,1,4,0
AT002833,W032,13-07-2026,1,0,0
AT002834,W032,14-07-2026,1,0,0
AT002835,W032,15-07-2026,1,6,0
AT002836,W032,16-07-2026,1,7,0
AT002837,W032,17-07-2026,1,4,0
AT002838,W032,18-07-2026,1,1,0
AT002839,W032,19-07-2026,0,0,0
AT002840,W032,20-07-2026,1,5,0
AT002841,W032,21-07-2026,1,0,0
AT002842,W032,22-07-2026,1,0,0
AT002843,W032,23-07-2026,1,1,0
AT002844,W032,24-07-2026,0,0,1
AT002845,W032,25-07-2026,1,0,0
AT002846,W032,26-07-2026,0,0,0
AT002847,W032,27-07-2026,1,4,0
AT002848,W032,28-07-2026,1,0,0
AT002849,W032,29-07-2026,1,0,0
AT002850,W032,30-07-2026,1,4,0
AT002851,W032,31-07-2026,1,2,0
AT002852,W032,01-08-2026,1,8,0
AT002853,W032,02-08-2026,0,0,0
AT002854,W032,03-08-2026,1,5,0
AT002855,W032,04-08-2026,1,0,0
AT002856,W032,05-08-2026,1,1,0
AT002857,W032,06-08-2026,1,8,0
AT002858,W032,07-08-2026,1,11,0
AT002859,W032,08-08-2026,1,0,0
AT002860,W032,09-08-2026,0,0,0
AT002861,W032,10-08-2026,1,0,0
AT002862,W032,11-08-2026,0,0,1
AT002863,W032,12-08-2026,1,0,0
AT002864,W032,13-08-2026,1,7,0
AT002865,W032,14-08-2026,1,0,0
AT002866,W032,15-08-2026,1,0,0
AT002867,W032,16-08-2026,0,0,0
AT002868,W032,17-08-2026,1,0,0
AT002869,W032,18-08-2026,1,8,0
AT002870,W032,19-08-2026,1,0,0
AT002871,W032,20-08-2026,1,0,0
AT002872,W032,21-08-2026,1,2,0
AT002873,W032,22-08-2026,1,0,0
AT002874,W032,23-08-2026,1,3,0
AT002875,W032,24-08-2026,1,4,0
AT002876,W032,25-08-2026,1,4,0
AT002877,W032,26-08-2026,1,0,0
AT002878,W032,27-08-2026,1,0,0
AT002879,W032,28-08-2026,1,1,0
AT002880,W032,29-08-2026,1,2,0
AT002881,W033,01-06-2026,1,0,0
AT002882,W033,02-06-2026,1,6,0
AT002883,W033,03-06-2026,1,0,0
AT002884,W033,04-06-2026,1,9,0
AT002885,W033,05-06-2026,1,0,0
AT002886,W033,06-06-2026,1,1,0
AT002887,W033,07-06-2026,1,9,0
AT002888,W033,08-06-2026,0,0,1
AT002889,W033,09-06-2026,1,7,0
AT002890,W033,10-06-2026,1,0,0
AT002891,W033,11-06-2026,1,5,0
AT002892,W033,12-06-2026,1,1,0
AT002893,W033,13-06-2026,1,8,0
AT002894,W033,14-06-2026,1,5,0
AT002895,W033,15-06-2026,1,8,0
AT002896,W033,16-06-2026,1,3,0
AT002897,W033,17-06-2026,1,4,0
AT002898,W033,18-06-2026,1,0,0
AT002899,W033,19-06-2026,1,5,0
AT002900,W033,20-06-2026,0,0,1
AT002901,W033,21-06-2026,0,0,0
AT002902,W033,22-06-2026,1,10,0
AT002903,W033,23-06-2026,1,17,0
AT002904,W033,24-06-2026,1,0,0
AT002905,W033,25-06-2026,1,8,0
AT002906,W033,26-06-2026,1,9,0
AT002907,W033,27-06-2026,1,0,0
AT002908,W033,28-06-2026,0,0,0
AT002909,W033,29-06-2026,0,0,1
AT002910,W033,30-06-2026,1,6,0
AT002911,W033,01-07-2026,1,0,0
AT002912,W033,02-07-2026,1,1,0
AT002913,W033,03-07-2026,1,5,0
AT002914,W033,04-07-2026,1,8,0
AT002915,W033,05-07-2026,0,0,0
AT002916,W033,06-07-2026,1,0,0
AT002917,W033,07-07-2026,1,0,0
AT002918,W033,08-07-2026,1,4,0
AT002919,W033,09-07-2026,1,3,0
AT002920,W033,10-07-2026,1,3,0
AT002921,W033,11-07-2026,1,7,0
AT002922,W033,12-07-2026,1,7,0
AT002923,W033,13-07-2026,1,2,0
AT002924,W033,14-07-2026,1,6,0
AT002925,W033,15-07-2026,1,9,0
AT002926,W033,16-07-2026,1,0,0
AT002927,W033,17-07-2026,1,0,0
AT002928,W033,18-07-2026,1,3,0
AT002929,W033,19-07-2026,0,0,0
AT002930,W033,20-07-2026,1,8,0
AT002931,W033,21-07-2026,1,12,0
AT002932,W033,22-07-2026,1,9,0
AT002933,W033,23-07-2026,1,2,0
AT002934,W033,24-07-2026,1,12,0
AT002935,W033,25-07-2026,1,9,0
AT002936,W033,26-07-2026,0,0,0
AT002937,W033,27-07-2026,1,1,0
AT002938,W033,28-07-2026,1,10,0
AT002939,W033,29-07-2026,1,2,0
AT002940,W033,30-07-2026,1,4,0
AT002941,W033,31-07-2026,1,5,0
AT002942,W033,01-08-2026,1,5,0
AT002943,W033,02-08-2026,0,0,0
AT002944,W033,03-08-2026,1,2,0
AT002945,W033,04-08-2026,1,5,0
AT002946,W033,05-08-2026,1,1,0
AT002947,W033,06-08-2026,1,0,0
AT002948,W033,07-08-2026,1,5,0
AT002949,W033,08-08-2026,1,7,0
AT002950,W033,09-08-2026,0,0,0
AT002951,W033,10-08-2026,1,1,0
AT002952,W033,11-08-2026,1,6,0
AT002953,W033,12-08-2026,1,4,0
AT002954,W033,13-08-2026,1,10,0
AT002955,W033,14-08-2026,1,3,0
AT002956,W033,15-08-2026,1,5,0
AT002957,W033,16-08-2026,0,0,0
AT002958,W033,17-08-2026,1,4,0
AT002959,W033,18-08-2026,1,0,0
AT002960,W033,19-08-2026,1,6,0
AT002961,W033,20-08-2026,1,7,0
AT002962,W033,21-08-2026,1,4,0
AT002963,W033,22-08-2026,1,0,0
AT002964,W033,23-08-2026,0,0,0
AT002965,W033,24-08-2026,1,10,0
AT002966,W033,25-08-2026,1,8,0
AT002967,W033,26-08-2026,1,0,0
AT002968,W033,27-08-2026,1,4,0
AT002969,W033,28-08-2026,1,6,0
AT002970,W033,29-08-2026,1,9,0
AT002971,W034,01-06-2026,1,15,0
AT002972,W034,02-06-2026,1,8,0
AT002973,W034,03-06-2026,1,0,0
AT002974,W034,04-06-2026,1,0,0
AT002975,W034,05-06-2026,1,7,0
AT002976,W034,06-06-2026,1,4,0
AT002977,W034,07-06-2026,0,0,0
AT002978,W034,08-06-2026,1,1,0
AT002979,W034,09-06-2026,1,3,0
AT002980,W034,10-06-2026,1,9,0
AT002981,W034,11-06-2026,1,0,0
AT002982,W034,12-06-2026,1,0,0
AT002983,W034,13-06-2026,1,0,0
AT002984,W034,14-06-2026,0,0,0
AT002985,W034,15-06-2026,1,6,0
AT002986,W034,16-06-2026,1,10,0
AT002987,W034,17-06-2026,1,12,0
AT002988,W034,18-06-2026,1,6,0
AT002989,W034,19-06-2026,1,1,0
AT002990,W034,20-06-2026,1,4,0
AT002991,W034,21-06-2026,0,0,0
AT002992,W034,22-06-2026,1,3,0
AT002993,W034,23-06-2026,1,0,0
AT002994,W034,24-06-2026,1,2,0
AT002995,W034,25-06-2026,1,1,0
AT002996,W034,26-06-2026,1,0,0
AT002997,W034,27-06-2026,1,0,0
AT002998,W034,28-06-2026,0,0,0
AT002999,W034,29-06-2026,1,10,0
AT003000,W034,30-06-2026,0,0,1
AT003001,W034,01-07-2026,1,5,0
AT003002,W034,02-07-2026,1,5,0
AT003003,W034,03-07-2026,1,0,0
AT003004,W034,04-07-2026,1,3,0
AT003005,W034,05-07-2026,0,0,0
AT003006,W034,06-07-2026,1,0,0
AT003007,W034,07-07-2026,1,13,0
AT003008,W034,08-07-2026,1,4,0
AT003009,W034,09-07-2026,1,11,0
AT003010,W034,10-07-2026,1,0,0
AT003011,W034,11-07-2026,1,3,0
AT003012,W034,12-07-2026,0,0,0
AT003013,W034,13-07-2026,1,0,0
AT003014,W034,14-07-2026,1,0,0
AT003015,W034,15-07-2026,1,0,0
AT003016,W034,16-07-2026,1,5,0
AT003017,W034,17-07-2026,1,0,0
AT003018,W034,18-07-2026,1,0,0
AT003019,W034,19-07-2026,0,0,0
AT003020,W034,20-07-2026,1,0,0
AT003021,W034,21-07-2026,1,0,0
AT003022,W034,22-07-2026,1,3,0
AT003023,W034,23-07-2026,1,2,0
AT003024,W034,24-07-2026,1,6,0
AT003025,W034,25-07-2026,1,0,0
AT003026,W034,26-07-2026,0,0,0
AT003027,W034,27-07-2026,1,0,0
AT003028,W034,28-07-2026,1,9,0
AT003029,W034,29-07-2026,1,3,0
AT003030,W034,30-07-2026,1,9,0
AT003031,W034,31-07-2026,1,0,0
AT003032,W034,01-08-2026,1,5,0
AT003033,W034,02-08-2026,0,0,0
AT003034,W034,03-08-2026,1,0,0
AT003035,W034,04-08-2026,1,13,0
AT003036,W034,05-08-2026,1,1,0
AT003037,W034,06-08-2026,1,0,0
AT003038,W034,07-08-2026,1,3,0
AT003039,W034,08-08-2026,1,2,0
AT003040,W034,09-08-2026,0,0,0
AT003041,W034,10-08-2026,1,0,0
AT003042,W034,11-08-2026,1,2,0
AT003043,W034,12-08-2026,1,10,0
AT003044,W034,13-08-2026,1,0,0
AT003045,W034,14-08-2026,1,0,0
AT003046,W034,15-08-2026,1,2,0
AT003047,W034,16-08-2026,0,0,0
AT003048,W034,17-08-2026,1,0,0
AT003049,W034,18-08-2026,1,5,0
AT003050,W034,19-08-2026,1,3,0
AT003051,W034,20-08-2026,1,0,0
AT003052,W034,21-08-2026,1,0,0
AT003053,W034,22-08-2026,1,5,0
AT003054,W034,23-08-2026,0,0,0
AT003055,W034,24-08-2026,1,0,0
AT003056,W034,25-08-2026,1,3,0
AT003057,W034,26-08-2026,1,7,0
AT003058,W034,27-08-2026,1,8,0
AT003059,W034,28-08-2026,1,2,0
AT003060,W034,29-08-2026,1,3,0
AT003061,W035,01-06-2026,1,3,0
AT003062,W035,02-06-2026,0,0,1
AT003063,W035,03-06-2026,1,0,0
AT003064,W035,04-06-2026,1,4,0
AT003065,W035,05-06-2026,1,6,0
AT003066,W035,06-06-2026,1,9,0
AT003067,W035,07-06-2026,0,0,0
AT003068,W035,08-06-2026,1,10,0
AT003069,W035,09-06-2026,1,5,0
AT003070,W035,10-06-2026,1,12,0
AT003071,W035,11-06-2026,1,13,0
AT003072,W035,12-06-2026,1,5,0
AT003073,W035,13-06-2026,1,7,0
AT003074,W035,14-06-2026,0,0,0
AT003075,W035,15-06-2026,1,5,0
AT003076,W035,16-06-2026,1,1,0
AT003077,W035,17-06-2026,1,6,0
AT003078,W035,18-06-2026,1,5,0
AT003079,W035,19-06-2026,1,11,0
AT003080,W035,20-06-2026,1,5,0
AT003081,W035,21-06-2026,0,0,0
AT003082,W035,22-06-2026,1,12,0
AT003083,W035,23-06-2026,1,0,0
AT003084,W035,24-06-2026,1,4,0
AT003085,W035,25-06-2026,1,5,0
AT003086,W035,26-06-2026,1,1,0
AT003087,W035,27-06-2026,1,13,0
AT003088,W035,28-06-2026,0,0,0
AT003089,W035,29-06-2026,1,0,0
AT003090,W035,30-06-2026,1,6,0
AT003091,W035,01-07-2026,1,6,0
AT003092,W035,02-07-2026,1,1,0
AT003093,W035,03-07-2026,1,0,0
AT003094,W035,04-07-2026,1,1,0
AT003095,W035,05-07-2026,0,0,0
AT003096,W035,06-07-2026,1,9,0
AT003097,W035,07-07-2026,1,5,0
AT003098,W035,08-07-2026,1,0,0
AT003099,W035,09-07-2026,1,5,0
AT003100,W035,10-07-2026,1,0,0
AT003101,W035,11-07-2026,1,4,0
AT003102,W035,12-07-2026,0,0,0
AT003103,W035,13-07-2026,1,11,0
AT003104,W035,14-07-2026,1,0,0
AT003105,W035,15-07-2026,1,4,0
AT003106,W035,16-07-2026,1,7,0
AT003107,W035,17-07-2026,1,13,0
AT003108,W035,18-07-2026,1,12,0
AT003109,W035,19-07-2026,1,0,0
AT003110,W035,20-07-2026,1,0,0
AT003111,W035,21-07-2026,1,1,0
AT003112,W035,22-07-2026,1,0,0
AT003113,W035,23-07-2026,1,0,0
AT003114,W035,24-07-2026,1,4,0
AT003115,W035,25-07-2026,1,0,0
AT003116,W035,26-07-2026,0,0,0
AT003117,W035,27-07-2026,0,0,1
AT003118,W035,28-07-2026,1,2,0
AT003119,W035,29-07-2026,1,6,0
AT003120,W035,30-07-2026,1,0,0
AT003121,W035,31-07-2026,1,1,0
AT003122,W035,01-08-2026,1,1,0
AT003123,W035,02-08-2026,0,0,0
AT003124,W035,03-08-2026,1,0,0
AT003125,W035,04-08-2026,1,0,0
AT003126,W035,05-08-2026,1,5,0
AT003127,W035,06-08-2026,0,0,1
AT003128,W035,07-08-2026,1,7,0
AT003129,W035,08-08-2026,1,2,0
AT003130,W035,09-08-2026,1,10,0
AT003131,W035,10-08-2026,1,13,0
AT003132,W035,11-08-2026,1,7,0
AT003133,W035,12-08-2026,1,5,0
AT003134,W035,13-08-2026,1,9,0
AT003135,W035,14-08-2026,1,5,0
AT003136,W035,15-08-2026,1,5,0
AT003137,W035,16-08-2026,1,0,0
AT003138,W035,17-08-2026,1,3,0
AT003139,W035,18-08-2026,1,10,0
AT003140,W035,19-08-2026,1,4,0
AT003141,W035,20-08-2026,1,8,0
AT003142,W035,21-08-2026,1,8,0
AT003143,W035,22-08-2026,1,2,0
AT003144,W035,23-08-2026,0,0,0
AT003145,W035,24-08-2026,1,15,0
AT003146,W035,25-08-2026,1,3,0
AT003147,W035,26-08-2026,1,4,0
AT003148,W035,27-08-2026,1,0,0
AT003149,W035,28-08-2026,0,0,1
AT003150,W035,29-08-2026,1,8,0
AT003151,W036,01-06-2026,1,5,0
AT003152,W036,02-06-2026,1,10,0
AT003153,W036,03-06-2026,1,8,0
AT003154,W036,04-06-2026,1,9,0
AT003155,W036,05-06-2026,1,1,0
AT003156,W036,06-06-2026,1,10,0
AT003157,W036,07-06-2026,1,7,0
AT003158,W036,08-06-2026,0,0,1
AT003159,W036,09-06-2026,1,9,0
AT003160,W036,10-06-2026,1,4,0
AT003161,W036,11-06-2026,1,8,0
AT003162,W036,12-06-2026,1,11,0
AT003163,W036,13-06-2026,1,5,0
AT003164,W036,14-06-2026,0,0,0
AT003165,W036,15-06-2026,1,6,0
AT003166,W036,16-06-2026,1,14,0
AT003167,W036,17-06-2026,1,3,0
AT003168,W036,18-06-2026,1,8,0
AT003169,W036,19-06-2026,1,6,0
AT003170,W036,20-06-2026,1,9,0
AT003171,W036,21-06-2026,0,0,0
AT003172,W036,22-06-2026,1,7,0
AT003173,W036,23-06-2026,1,3,0
AT003174,W036,24-06-2026,1,0,0
AT003175,W036,25-06-2026,1,3,0
AT003176,W036,26-06-2026,1,0,0
AT003177,W036,27-06-2026,1,0,0
AT003178,W036,28-06-2026,1,11,0
AT003179,W036,29-06-2026,1,11,0
AT003180,W036,30-06-2026,0,0,1
AT003181,W036,01-07-2026,1,2,0
AT003182,W036,02-07-2026,1,6,0
AT003183,W036,03-07-2026,1,0,0
AT003184,W036,04-07-2026,1,2,0
AT003185,W036,05-07-2026,0,0,0
AT003186,W036,06-07-2026,1,8,0
AT003187,W036,07-07-2026,1,5,0
AT003188,W036,08-07-2026,1,1,0
AT003189,W036,09-07-2026,1,0,0
AT003190,W036,10-07-2026,1,4,0
AT003191,W036,11-07-2026,1,3,0
AT003192,W036,12-07-2026,0,0,0
AT003193,W036,13-07-2026,1,7,0
AT003194,W036,14-07-2026,1,1,0
AT003195,W036,15-07-2026,1,12,0
AT003196,W036,16-07-2026,1,11,0
AT003197,W036,17-07-2026,1,1,0
AT003198,W036,18-07-2026,1,0,0
AT003199,W036,19-07-2026,0,0,0
AT003200,W036,20-07-2026,1,9,0
AT003201,W036,21-07-2026,1,3,0
AT003202,W036,22-07-2026,1,6,0
AT003203,W036,23-07-2026,1,9,0
AT003204,W036,24-07-2026,1,5,0
AT003205,W036,25-07-2026,1,13,0
AT003206,W036,26-07-2026,0,0,0
AT003207,W036,27-07-2026,1,13,0
AT003208,W036,28-07-2026,1,9,0
AT003209,W036,29-07-2026,1,8,0
AT003210,W036,30-07-2026,1,6,0
AT003211,W036,31-07-2026,1,11,0
AT003212,W036,01-08-2026,1,5,0
AT003213,W036,02-08-2026,0,0,0
AT003214,W036,03-08-2026,0,0,1
AT003215,W036,04-08-2026,1,9,0
AT003216,W036,05-08-2026,1,8,0
AT003217,W036,06-08-2026,1,1,0
AT003218,W036,07-08-2026,1,11,0
AT003219,W036,08-08-2026,1,1,0
AT003220,W036,09-08-2026,0,0,0
AT003221,W036,10-08-2026,1,6,0
AT003222,W036,11-08-2026,1,9,0
AT003223,W036,12-08-2026,0,0,1
AT003224,W036,13-08-2026,1,8,0
AT003225,W036,14-08-2026,1,5,0
AT003226,W036,15-08-2026,1,0,0
AT003227,W036,16-08-2026,1,3,0
AT003228,W036,17-08-2026,1,2,0
AT003229,W036,18-08-2026,1,6,0
AT003230,W036,19-08-2026,1,5,0
AT003231,W036,20-08-2026,1,7,0
AT003232,W036,21-08-2026,1,6,0
AT003233,W036,22-08-2026,1,2,0
AT003234,W036,23-08-2026,0,0,0
AT003235,W036,24-08-2026,1,6,0
AT003236,W036,25-08-2026,1,1,0
AT003237,W036,26-08-2026,1,0,0
AT003238,W036,27-08-2026,1,11,0
AT003239,W036,28-08-2026,1,14,0
AT003240,W036,29-08-2026,1,0,0
AT003241,W037,01-06-2026,1,7,0
AT003242,W037,02-06-2026,1,3,0
AT003243,W037,03-06-2026,1,2,0
AT003244,W037,04-06-2026,1,3,0
AT003245,W037,05-06-2026,1,8,0
AT003246,W037,06-06-2026,0,0,1
AT003247,W037,07-06-2026,0,0,0
AT003248,W037,08-06-2026,1,7,0
AT003249,W037,09-06-2026,1,0,0
AT003250,W037,10-06-2026,1,10,0
AT003251,W037,11-06-2026,1,4,0
AT003252,W037,12-06-2026,1,2,0
AT003253,W037,13-06-2026,1,7,0
AT003254,W037,14-06-2026,0,0,0
AT003255,W037,15-06-2026,1,0,0
AT003256,W037,16-06-2026,1,0,0
AT003257,W037,17-06-2026,1,8,0
AT003258,W037,18-06-2026,1,5,0
AT003259,W037,19-06-2026,1,13,0
AT003260,W037,20-06-2026,1,14,0
AT003261,W037,21-06-2026,0,0,0
AT003262,W037,22-06-2026,1,0,0
AT003263,W037,23-06-2026,1,3,0
AT003264,W037,24-06-2026,1,11,0
AT003265,W037,25-06-2026,1,5,0
AT003266,W037,26-06-2026,1,1,0
AT003267,W037,27-06-2026,1,2,0
AT003268,W037,28-06-2026,1,9,0
AT003269,W037,29-06-2026,1,0,0
AT003270,W037,30-06-2026,1,2,0
AT003271,W037,01-07-2026,1,4,0
AT003272,W037,02-07-2026,1,0,0
AT003273,W037,03-07-2026,1,0,0
AT003274,W037,04-07-2026,1,1,0
AT003275,W037,05-07-2026,0,0,0
AT003276,W037,06-07-2026,1,4,0
AT003277,W037,07-07-2026,1,6,0
AT003278,W037,08-07-2026,1,0,0
AT003279,W037,09-07-2026,1,9,0
AT003280,W037,10-07-2026,1,4,0
AT003281,W037,11-07-2026,1,6,0
AT003282,W037,12-07-2026,0,0,0
AT003283,W037,13-07-2026,1,11,0
AT003284,W037,14-07-2026,0,0,1
AT003285,W037,15-07-2026,1,0,0
AT003286,W037,16-07-2026,1,2,0
AT003287,W037,17-07-2026,1,3,0
AT003288,W037,18-07-2026,1,0,0
AT003289,W037,19-07-2026,0,0,0
AT003290,W037,20-07-2026,1,4,0
AT003291,W037,21-07-2026,1,1,0
AT003292,W037,22-07-2026,1,7,0
AT003293,W037,23-07-2026,1,6,0
AT003294,W037,24-07-2026,1,6,0
AT003295,W037,25-07-2026,1,5,0
AT003296,W037,26-07-2026,0,0,0
AT003297,W037,27-07-2026,1,2,0
AT003298,W037,28-07-2026,1,2,0
AT003299,W037,29-07-2026,1,5,0
AT003300,W037,30-07-2026,1,7,0
AT003301,W037,31-07-2026,1,0,0
AT003302,W037,01-08-2026,1,3,0
AT003303,W037,02-08-2026,0,0,0
AT003304,W037,03-08-2026,1,7,0
AT003305,W037,04-08-2026,1,4,0
AT003306,W037,05-08-2026,1,3,0
AT003307,W037,06-08-2026,1,12,0
AT003308,W037,07-08-2026,1,6,0
AT003309,W037,08-08-2026,1,9,0
AT003310,W037,09-08-2026,0,0,0
AT003311,W037,10-08-2026,1,7,0
AT003312,W037,11-08-2026,1,6,0
AT003313,W037,12-08-2026,1,2,0
AT003314,W037,13-08-2026,1,4,0
AT003315,W037,14-08-2026,1,7,0
AT003316,W037,15-08-2026,1,4,0
AT003317,W037,16-08-2026,0,0,0
AT003318,W037,17-08-2026,1,0,0
AT003319,W037,18-08-2026,0,0,1
AT003320,W037,19-08-2026,1,6,0
AT003321,W037,20-08-2026,1,8,0
AT003322,W037,21-08-2026,1,5,0
AT003323,W037,22-08-2026,0,0,1
AT003324,W037,23-08-2026,0,0,0
AT003325,W037,24-08-2026,1,6,0
AT003326,W037,25-08-2026,1,0,0
AT003327,W037,26-08-2026,1,12,0
AT003328,W037,27-08-2026,1,5,0
AT003329,W037,28-08-2026,1,4,0
AT003330,W037,29-08-2026,1,12,0
AT003331,W038,01-06-2026,1,2,0
AT003332,W038,02-06-2026,1,0,0
AT003333,W038,03-06-2026,1,2,0
AT003334,W038,04-06-2026,1,7,0
AT003335,W038,05-06-2026,1,0,0
AT003336,W038,06-06-2026,1,5,0
AT003337,W038,07-06-2026,0,0,0
AT003338,W038,08-06-2026,1,2,0
AT003339,W038,09-06-2026,1,3,0
AT003340,W038,10-06-2026,1,0,0
AT003341,W038,11-06-2026,1,0,0
AT003342,W038,12-06-2026,1,9,0
AT003343,W038,13-06-2026,1,0,0
AT003344,W038,14-06-2026,0,0,0
AT003345,W038,15-06-2026,1,0,0
AT003346,W038,16-06-2026,1,6,0
AT003347,W038,17-06-2026,1,4,0
AT003348,W038,18-06-2026,1,10,0
AT003349,W038,19-06-2026,1,4,0
AT003350,W038,20-06-2026,1,4,0
AT003351,W038,21-06-2026,0,0,0
AT003352,W038,22-06-2026,0,0,1
AT003353,W038,23-06-2026,1,13,0
AT003354,W038,24-06-2026,1,2,0
AT003355,W038,25-06-2026,0,0,1
AT003356,W038,26-06-2026,1,7,0
AT003357,W038,27-06-2026,1,0,0
AT003358,W038,28-06-2026,0,0,0
AT003359,W038,29-06-2026,1,0,0
AT003360,W038,30-06-2026,1,4,0
AT003361,W038,01-07-2026,1,3,0
AT003362,W038,02-07-2026,1,6,0
AT003363,W038,03-07-2026,1,8,0
AT003364,W038,04-07-2026,1,0,0
AT003365,W038,05-07-2026,0,0,0
AT003366,W038,06-07-2026,1,0,0
AT003367,W038,07-07-2026,1,0,0
AT003368,W038,08-07-2026,1,12,0
AT003369,W038,09-07-2026,1,7,0
AT003370,W038,10-07-2026,1,3,0
AT003371,W038,11-07-2026,1,0,0
AT003372,W038,12-07-2026,0,0,0
AT003373,W038,13-07-2026,1,0,0
AT003374,W038,14-07-2026,1,5,0
AT003375,W038,15-07-2026,1,0,0
AT003376,W038,16-07-2026,1,0,0
AT003377,W038,17-07-2026,1,5,0
AT003378,W038,18-07-2026,1,4,0
AT003379,W038,19-07-2026,0,0,0
AT003380,W038,20-07-2026,1,8,0
AT003381,W038,21-07-2026,1,1,0
AT003382,W038,22-07-2026,1,0,0
AT003383,W038,23-07-2026,1,2,0
AT003384,W038,24-07-2026,1,15,0
AT003385,W038,25-07-2026,1,0,0
AT003386,W038,26-07-2026,0,0,0
AT003387,W038,27-07-2026,1,4,0
AT003388,W038,28-07-2026,1,12,0
AT003389,W038,29-07-2026,1,8,0
AT003390,W038,30-07-2026,1,0,0
AT003391,W038,31-07-2026,1,9,0
AT003392,W038,01-08-2026,1,12,0
AT003393,W038,02-08-2026,0,0,0
AT003394,W038,03-08-2026,1,5,0
AT003395,W038,04-08-2026,1,10,0
AT003396,W038,05-08-2026,1,1,0
AT003397,W038,06-08-2026,1,3,0
AT003398,W038,07-08-2026,1,0,0
AT003399,W038,08-08-2026,1,9,0
AT003400,W038,09-08-2026,1,0,0
AT003401,W038,10-08-2026,1,2,0
AT003402,W038,11-08-2026,1,0,0
AT003403,W038,12-08-2026,1,5,0
AT003404,W038,13-08-2026,1,6,0
AT003405,W038,14-08-2026,1,2,0
AT003406,W038,15-08-2026,1,9,0
AT003407,W038,16-08-2026,0,0,0
AT003408,W038,17-08-2026,1,11,0
AT003409,W038,18-08-2026,1,5,0
AT003410,W038,19-08-2026,1,5,0
AT003411,W038,20-08-2026,1,0,0
AT003412,W038,21-08-2026,1,12,0
AT003413,W038,22-08-2026,1,0,0
AT003414,W038,23-08-2026,1,2,0
AT003415,W038,24-08-2026,1,0,0
AT003416,W038,25-08-2026,1,1,0
AT003417,W038,26-08-2026,1,10,0
AT003418,W038,27-08-2026,1,0,0
AT003419,W038,28-08-2026,1,8,0
AT003420,W038,29-08-2026,1,5,0
AT003421,W039,01-06-2026,1,8,0
AT003422,W039,02-06-2026,1,5,0
AT003423,W039,03-06-2026,1,4,0
AT003424,W039,04-06-2026,1,6,0
AT003425,W039,05-06-2026,1,4,0
AT003426,W039,06-06-2026,0,0,1
AT003427,W039,07-06-2026,0,0,0
AT003428,W039,08-06-2026,1,0,0
AT003429,W039,09-06-2026,1,0,0
AT003430,W039,10-06-2026,1,4,0
AT003431,W039,11-06-2026,1,0,0
AT003432,W039,12-06-2026,1,6,0
AT003433,W039,13-06-2026,1,0,0
AT003434,W039,14-06-2026,0,0,0
AT003435,W039,15-06-2026,1,0,0
AT003436,W039,16-06-2026,1,2,0
AT003437,W039,17-06-2026,1,11,0
AT003438,W039,18-06-2026,1,0,0
AT003439,W039,19-06-2026,1,19,0
AT003440,W039,20-06-2026,1,1,0
AT003441,W039,21-06-2026,0,0,0
AT003442,W039,22-06-2026,1,6,0
AT003443,W039,23-06-2026,1,2,0
AT003444,W039,24-06-2026,1,8,0
AT003445,W039,25-06-2026,1,4,0
AT003446,W039,26-06-2026,1,2,0
AT003447,W039,27-06-2026,1,15,0
AT003448,W039,28-06-2026,0,0,0
AT003449,W039,29-06-2026,1,0,0
AT003450,W039,30-06-2026,1,11,0
AT003451,W039,01-07-2026,1,8,0
AT003452,W039,02-07-2026,1,2,0
AT003453,W039,03-07-2026,1,0,0
AT003454,W039,04-07-2026,1,5,0
AT003455,W039,05-07-2026,0,0,0
AT003456,W039,06-07-2026,1,23,0
AT003457,W039,07-07-2026,1,6,0
AT003458,W039,08-07-2026,1,4,0
AT003459,W039,09-07-2026,1,8,0
AT003460,W039,10-07-2026,0,0,1
AT003461,W039,11-07-2026,1,9,0
AT003462,W039,12-07-2026,0,0,0
AT003463,W039,13-07-2026,1,0,0
AT003464,W039,14-07-2026,1,3,0
AT003465,W039,15-07-2026,1,6,0
AT003466,W039,16-07-2026,1,3,0
AT003467,W039,17-07-2026,1,0,0
AT003468,W039,18-07-2026,1,0,0
AT003469,W039,19-07-2026,0,0,0
AT003470,W039,20-07-2026,1,0,0
AT003471,W039,21-07-2026,0,0,1
AT003472,W039,22-07-2026,1,6,0
AT003473,W039,23-07-2026,1,0,0
AT003474,W039,24-07-2026,1,9,0
AT003475,W039,25-07-2026,1,0,0
AT003476,W039,26-07-2026,0,0,0
AT003477,W039,27-07-2026,0,0,1
AT003478,W039,28-07-2026,1,0,0
AT003479,W039,29-07-2026,1,1,0
AT003480,W039,30-07-2026,1,5,0
AT003481,W039,31-07-2026,1,9,0
AT003482,W039,01-08-2026,1,7,0
AT003483,W039,02-08-2026,0,0,0
AT003484,W039,03-08-2026,1,6,0
AT003485,W039,04-08-2026,1,3,0
AT003486,W039,05-08-2026,0,0,1
AT003487,W039,06-08-2026,1,0,0
AT003488,W039,07-08-2026,1,0,0
AT003489,W039,08-08-2026,1,6,0
AT003490,W039,09-08-2026,0,0,0
AT003491,W039,10-08-2026,1,2,0
AT003492,W039,11-08-2026,1,3,0
AT003493,W039,12-08-2026,1,0,0
AT003494,W039,13-08-2026,1,1,0
AT003495,W039,14-08-2026,1,2,0
AT003496,W039,15-08-2026,1,0,0
AT003497,W039,16-08-2026,0,0,0
AT003498,W039,17-08-2026,1,9,0
AT003499,W039,18-08-2026,1,2,0
AT003500,W039,19-08-2026,1,0,0
AT003501,W039,20-08-2026,1,0,0
AT003502,W039,21-08-2026,1,0,0
AT003503,W039,22-08-2026,1,11,0
AT003504,W039,23-08-2026,0,0,0
AT003505,W039,24-08-2026,1,11,0
AT003506,W039,25-08-2026,1,1,0
AT003507,W039,26-08-2026,1,0,0
AT003508,W039,27-08-2026,1,2,0
AT003509,W039,28-08-2026,1,2,0
AT003510,W039,29-08-2026,1,0,0
AT003511,W040,01-06-2026,1,2,0
AT003512,W040,02-06-2026,1,1,0
AT003513,W040,03-06-2026,1,5,0
AT003514,W040,04-06-2026,1,6,0
AT003515,W040,05-06-2026,1,0,0
AT003516,W040,06-06-2026,1,5,0
AT003517,W040,07-06-2026,0,0,0
AT003518,W040,08-06-2026,1,0,0
AT003519,W040,09-06-2026,1,2,0
AT003520,W040,10-06-2026,1,0,0
AT003521,W040,11-06-2026,1,0,0
AT003522,W040,12-06-2026,1,0,0
AT003523,W040,13-06-2026,1,7,0
AT003524,W040,14-06-2026,0,0,0
AT003525,W040,15-06-2026,1,0,0
AT003526,W040,16-06-2026,1,0,0
AT003527,W040,17-06-2026,1,0,0
AT003528,W040,18-06-2026,1,6,0
AT003529,W040,19-06-2026,0,0,1
AT003530,W040,20-06-2026,1,3,0
AT003531,W040,21-06-2026,0,0,0
AT003532,W040,22-06-2026,1,5,0
AT003533,W040,23-06-2026,1,12,0
AT003534,W040,24-06-2026,1,9,0
AT003535,W040,25-06-2026,1,3,0
AT003536,W040,26-06-2026,1,0,0
AT003537,W040,27-06-2026,1,12,0
AT003538,W040,28-06-2026,0,0,0
AT003539,W040,29-06-2026,1,4,0
AT003540,W040,30-06-2026,1,0,0
AT003541,W040,01-07-2026,1,3,0
AT003542,W040,02-07-2026,1,0,0
AT003543,W040,03-07-2026,1,8,0
AT003544,W040,04-07-2026,1,6,0
AT003545,W040,05-07-2026,0,0,0
AT003546,W040,06-07-2026,1,1,0
AT003547,W040,07-07-2026,1,0,0
AT003548,W040,08-07-2026,1,0,0
AT003549,W040,09-07-2026,0,0,1
AT003550,W040,10-07-2026,1,0,0
AT003551,W040,11-07-2026,1,12,0
AT003552,W040,12-07-2026,0,0,0
AT003553,W040,13-07-2026,1,6,0
AT003554,W040,14-07-2026,1,0,0
AT003555,W040,15-07-2026,1,0,0
AT003556,W040,16-07-2026,1,5,0
AT003557,W040,17-07-2026,1,4,0
AT003558,W040,18-07-2026,1,6,0
AT003559,W040,19-07-2026,0,0,0
AT003560,W040,20-07-2026,1,2,0
AT003561,W040,21-07-2026,1,0,0
AT003562,W040,22-07-2026,1,0,0
AT003563,W040,23-07-2026,1,1,0
AT003564,W040,24-07-2026,1,8,0
AT003565,W040,25-07-2026,1,8,0
AT003566,W040,26-07-2026,1,0,0
AT003567,W040,27-07-2026,1,6,0
AT003568,W040,28-07-2026,1,0,0
AT003569,W040,29-07-2026,1,1,0
AT003570,W040,30-07-2026,1,6,0
AT003571,W040,31-07-2026,1,2,0
AT003572,W040,01-08-2026,1,0,0
AT003573,W040,02-08-2026,0,0,0
AT003574,W040,03-08-2026,1,8,0
AT003575,W040,04-08-2026,1,5,0
AT003576,W040,05-08-2026,1,0,0
AT003577,W040,06-08-2026,1,0,0
AT003578,W040,07-08-2026,1,11,0
AT003579,W040,08-08-2026,1,7,0
AT003580,W040,09-08-2026,0,0,0
AT003581,W040,10-08-2026,1,0,0
AT003582,W040,11-08-2026,1,1,0
AT003583,W040,12-08-2026,1,0,0
AT003584,W040,13-08-2026,1,9,0
AT003585,W040,14-08-2026,1,0,0
AT003586,W040,15-08-2026,1,8,0
AT003587,W040,16-08-2026,0,0,0
AT003588,W040,17-08-2026,1,3,0
AT003589,W040,18-08-2026,1,8,0
AT003590,W040,19-08-2026,1,0,0
AT003591,W040,20-08-2026,0,0,1
AT003592,W040,21-08-2026,1,0,0
AT003593,W040,22-08-2026,1,0,0
AT003594,W040,23-08-2026,0,0,0
AT003595,W040,24-08-2026,1,3,0
AT003596,W040,25-08-2026,1,3,0
AT003597,W040,26-08-2026,1,0,0
AT003598,W040,27-08-2026,1,1,0
AT003599,W040,28-08-2026,1,5,0
AT003600,W040,29-08-2026,1,0,0
AT003601,W041,01-06-2026,1,8,0
AT003602,W041,02-06-2026,1,6,0
AT003603,W041,03-06-2026,1,1,0
AT003604,W041,04-06-2026,0,0,1
AT003605,W041,05-06-2026,1,7,0
AT003606,W041,06-06-2026,1,0,0
AT003607,W041,07-06-2026,0,0,0
AT003608,W041,08-06-2026,1,0,0
AT003609,W041,09-06-2026,1,0,0
AT003610,W041,10-06-2026,1,5,0
AT003611,W041,11-06-2026,1,9,0
AT003612,W041,12-06-2026,1,2,0
AT003613,W041,13-06-2026,1,4,0
AT003614,W041,14-06-2026,0,0,0
AT003615,W041,15-06-2026,1,0,0
AT003616,W041,16-06-2026,1,8,0
AT003617,W041,17-06-2026,1,0,0
AT003618,W041,18-06-2026,1,8,0
AT003619,W041,19-06-2026,1,11,0
AT003620,W041,20-06-2026,1,0,0
AT003621,W041,21-06-2026,0,0,0
AT003622,W041,22-06-2026,1,8,0
AT003623,W041,23-06-2026,1,6,0
AT003624,W041,24-06-2026,1,11,0
AT003625,W041,25-06-2026,1,15,0
AT003626,W041,26-06-2026,1,0,0
AT003627,W041,27-06-2026,1,4,0
AT003628,W041,28-06-2026,0,0,0
AT003629,W041,29-06-2026,1,5,0
AT003630,W041,30-06-2026,0,0,1
AT003631,W041,01-07-2026,1,8,0
AT003632,W041,02-07-2026,1,3,0
AT003633,W041,03-07-2026,0,0,1
AT003634,W041,04-07-2026,1,3,0
AT003635,W041,05-07-2026,0,0,0
AT003636,W041,06-07-2026,1,8,0
AT003637,W041,07-07-2026,1,7,0
AT003638,W041,08-07-2026,1,6,0
AT003639,W041,09-07-2026,1,5,0
AT003640,W041,10-07-2026,1,11,0
AT003641,W041,11-07-2026,1,5,0
AT003642,W041,12-07-2026,0,0,0
AT003643,W041,13-07-2026,1,2,0
AT003644,W041,14-07-2026,1,6,0
AT003645,W041,15-07-2026,1,0,0
AT003646,W041,16-07-2026,1,0,0
AT003647,W041,17-07-2026,1,7,0
AT003648,W041,18-07-2026,1,0,0
AT003649,W041,19-07-2026,0,0,0
AT003650,W041,20-07-2026,1,10,0
AT003651,W041,21-07-2026,1,0,0
AT003652,W041,22-07-2026,0,0,1
AT003653,W041,23-07-2026,1,0,0
AT003654,W041,24-07-2026,1,4,0
AT003655,W041,25-07-2026,1,3,0
AT003656,W041,26-07-2026,0,0,0
AT003657,W041,27-07-2026,1,10,0
AT003658,W041,28-07-2026,1,7,0
AT003659,W041,29-07-2026,0,0,1
AT003660,W041,30-07-2026,1,6,0
AT003661,W041,31-07-2026,1,6,0
AT003662,W041,01-08-2026,1,1,0
AT003663,W041,02-08-2026,0,0,0
AT003664,W041,03-08-2026,1,0,0
AT003665,W041,04-08-2026,1,7,0
AT003666,W041,05-08-2026,1,0,0
AT003667,W041,06-08-2026,1,3,0
AT003668,W041,07-08-2026,0,0,1
AT003669,W041,08-08-2026,1,4,0
AT003670,W041,09-08-2026,0,0,1
AT003671,W041,10-08-2026,1,0,0
AT003672,W041,11-08-2026,1,6,0
AT003673,W041,12-08-2026,1,0,0
AT003674,W041,13-08-2026,1,8,0
AT003675,W041,14-08-2026,1,6,0
AT003676,W041,15-08-2026,1,0,0
AT003677,W041,16-08-2026,0,0,0
AT003678,W041,17-08-2026,1,15,0
AT003679,W041,18-08-2026,1,5,0
AT003680,W041,19-08-2026,1,4,0
AT003681,W041,20-08-2026,1,0,0
AT003682,W041,21-08-2026,1,11,0
AT003683,W041,22-08-2026,1,2,0
AT003684,W041,23-08-2026,0,0,0
AT003685,W041,24-08-2026,1,9,0
AT003686,W041,25-08-2026,1,1,0
AT003687,W041,26-08-2026,1,4,0
AT003688,W041,27-08-2026,1,8,0
AT003689,W041,28-08-2026,1,7,0
AT003690,W041,29-08-2026,1,13,0
AT003691,W042,01-06-2026,1,1,0
AT003692,W042,02-06-2026,1,0,0
AT003693,W042,03-06-2026,1,1,0
AT003694,W042,04-06-2026,1,6,0
AT003695,W042,05-06-2026,1,0,0
AT003696,W042,06-06-2026,1,0,0
AT003697,W042,07-06-2026,0,0,0
AT003698,W042,08-06-2026,1,0,0
AT003699,W042,09-06-2026,1,14,0
AT003700,W042,10-06-2026,1,10,0
AT003701,W042,11-06-2026,1,0,0
AT003702,W042,12-06-2026,1,7,0
AT003703,W042,13-06-2026,1,6,0
AT003704,W042,14-06-2026,0,0,0
AT003705,W042,15-06-2026,1,8,0
AT003706,W042,16-06-2026,1,0,0
AT003707,W042,17-06-2026,1,0,0
AT003708,W042,18-06-2026,1,2,0
AT003709,W042,19-06-2026,1,2,0
AT003710,W042,20-06-2026,1,0,0
AT003711,W042,21-06-2026,0,0,0
AT003712,W042,22-06-2026,1,3,0
AT003713,W042,23-06-2026,1,7,0
AT003714,W042,24-06-2026,1,6,0
AT003715,W042,25-06-2026,1,0,0
AT003716,W042,26-06-2026,1,3,0
AT003717,W042,27-06-2026,1,7,0
AT003718,W042,28-06-2026,0,0,0
AT003719,W042,29-06-2026,0,0,1
AT003720,W042,30-06-2026,1,14,0
AT003721,W042,01-07-2026,1,0,0
AT003722,W042,02-07-2026,1,5,0
AT003723,W042,03-07-2026,1,7,0
AT003724,W042,04-07-2026,1,15,0
AT003725,W042,05-07-2026,0,0,0
AT003726,W042,06-07-2026,1,7,0
AT003727,W042,07-07-2026,1,5,0
AT003728,W042,08-07-2026,1,10,0
AT003729,W042,09-07-2026,1,0,0
AT003730,W042,10-07-2026,1,0,0
AT003731,W042,11-07-2026,1,0,0
AT003732,W042,12-07-2026,0,0,0
AT003733,W042,13-07-2026,1,1,0
AT003734,W042,14-07-2026,1,4,0
AT003735,W042,15-07-2026,1,0,0
AT003736,W042,16-07-2026,1,3,0
AT003737,W042,17-07-2026,1,1,0
AT003738,W042,18-07-2026,1,0,0
AT003739,W042,19-07-2026,0,0,0
AT003740,W042,20-07-2026,1,5,0
AT003741,W042,21-07-2026,1,1,0
AT003742,W042,22-07-2026,1,8,0
AT003743,W042,23-07-2026,1,0,0
AT003744,W042,24-07-2026,1,1,0
AT003745,W042,25-07-2026,1,15,0
AT003746,W042,26-07-2026,0,0,0
AT003747,W042,27-07-2026,1,10,0
AT003748,W042,28-07-2026,1,5,0
AT003749,W042,29-07-2026,1,10,0
AT003750,W042,30-07-2026,1,0,0
AT003751,W042,31-07-2026,1,2,0
AT003752,W042,01-08-2026,1,2,0
AT003753,W042,02-08-2026,0,0,0
AT003754,W042,03-08-2026,1,2,0
AT003755,W042,04-08-2026,1,3,0
AT003756,W042,05-08-2026,1,0,0
AT003757,W042,06-08-2026,1,6,0
AT003758,W042,07-08-2026,1,7,0
AT003759,W042,08-08-2026,1,15,0
AT003760,W042,09-08-2026,0,0,0
AT003761,W042,10-08-2026,1,13,0
AT003762,W042,11-08-2026,1,6,0
AT003763,W042,12-08-2026,1,17,0
AT003764,W042,13-08-2026,1,3,0
AT003765,W042,14-08-2026,1,7,0
AT003766,W042,15-08-2026,0,0,1
AT003767,W042,16-08-2026,1,7,0
AT003768,W042,17-08-2026,1,5,0
AT003769,W042,18-08-2026,1,6,0
AT003770,W042,19-08-2026,1,5,0
AT003771,W042,20-08-2026,1,0,0
AT003772,W042,21-08-2026,1,9,0
AT003773,W042,22-08-2026,1,10,0
AT003774,W042,23-08-2026,0,0,0
AT003775,W042,24-08-2026,1,0,0
AT003776,W042,25-08-2026,1,3,0
AT003777,W042,26-08-2026,1,0,0
AT003778,W042,27-08-2026,1,7,0
AT003779,W042,28-08-2026,1,0,0
AT003780,W042,29-08-2026,1,11,0
AT003781,W043,01-06-2026,1,4,0
AT003782,W043,02-06-2026,1,0,0
AT003783,W043,03-06-2026,1,5,0
AT003784,W043,04-06-2026,1,14,0
AT003785,W043,05-06-2026,1,4,0
AT003786,W043,06-06-2026,1,15,0
AT003787,W043,07-06-2026,0,0,0
AT003788,W043,08-06-2026,1,0,0
AT003789,W043,09-06-2026,1,0,0
AT003790,W043,10-06-2026,1,12,0
AT003791,W043,11-06-2026,1,6,0
AT003792,W043,12-06-2026,1,13,0
AT003793,W043,13-06-2026,1,1,0
AT003794,W043,14-06-2026,1,9,0
AT003795,W043,15-06-2026,1,16,0
AT003796,W043,16-06-2026,1,6,0
AT003797,W043,17-06-2026,1,4,0
AT003798,W043,18-06-2026,1,15,0
AT003799,W043,19-06-2026,1,14,0
AT003800,W043,20-06-2026,1,7,0
AT003801,W043,21-06-2026,0,0,0
AT003802,W043,22-06-2026,1,14,0
AT003803,W043,23-06-2026,1,6,0
AT003804,W043,24-06-2026,1,1,0
AT003805,W043,25-06-2026,1,11,0
AT003806,W043,26-06-2026,1,3,0
AT003807,W043,27-06-2026,1,1,0
AT003808,W043,28-06-2026,1,10,0
AT003809,W043,29-06-2026,1,6,0
AT003810,W043,30-06-2026,1,3,0
AT003811,W043,01-07-2026,1,8,0
AT003812,W043,02-07-2026,1,3,0
AT003813,W043,03-07-2026,1,6,0
AT003814,W043,04-07-2026,1,11,0
AT003815,W043,05-07-2026,0,0,0
AT003816,W043,06-07-2026,1,3,0
AT003817,W043,07-07-2026,1,13,0
AT003818,W043,08-07-2026,1,8,0
AT003819,W043,09-07-2026,1,0,0
AT003820,W043,10-07-2026,1,5,0
AT003821,W043,11-07-2026,1,0,0
AT003822,W043,12-07-2026,0,0,0
AT003823,W043,13-07-2026,1,2,0
AT003824,W043,14-07-2026,1,2,0
AT003825,W043,15-07-2026,1,0,0
AT003826,W043,16-07-2026,1,0,0
AT003827,W043,17-07-2026,1,4,0
AT003828,W043,18-07-2026,1,1,0
AT003829,W043,19-07-2026,0,0,0
AT003830,W043,20-07-2026,1,2,0
AT003831,W043,21-07-2026,1,8,0
AT003832,W043,22-07-2026,1,9,0
AT003833,W043,23-07-2026,1,0,0
AT003834,W043,24-07-2026,1,9,0
AT003835,W043,25-07-2026,1,11,0
AT003836,W043,26-07-2026,0,0,0
AT003837,W043,27-07-2026,1,2,0
AT003838,W043,28-07-2026,1,9,0
AT003839,W043,29-07-2026,1,10,0
AT003840,W043,30-07-2026,1,0,0
AT003841,W043,31-07-2026,1,1,0
AT003842,W043,01-08-2026,1,3,0
AT003843,W043,02-08-2026,0,0,0
AT003844,W043,03-08-2026,1,7,0
AT003845,W043,04-08-2026,1,7,0
AT003846,W043,05-08-2026,1,10,0
AT003847,W043,06-08-2026,1,1,0
AT003848,W043,07-08-2026,1,16,0
AT003849,W043,08-08-2026,0,0,1
AT003850,W043,09-08-2026,1,3,0
AT003851,W043,10-08-2026,1,11,0
AT003852,W043,11-08-2026,1,1,0
AT003853,W043,12-08-2026,1,4,0
AT003854,W043,13-08-2026,1,9,0
AT003855,W043,14-08-2026,1,0,0
AT003856,W043,15-08-2026,1,11,0
AT003857,W043,16-08-2026,0,0,0
AT003858,W043,17-08-2026,1,1,0
AT003859,W043,18-08-2026,1,7,0
AT003860,W043,19-08-2026,1,5,0
AT003861,W043,20-08-2026,1,0,0
AT003862,W043,21-08-2026,1,2,0
AT003863,W043,22-08-2026,1,6,0
AT003864,W043,23-08-2026,0,0,0
AT003865,W043,24-08-2026,0,0,1
AT003866,W043,25-08-2026,1,10,0
AT003867,W043,26-08-2026,1,0,0
AT003868,W043,27-08-2026,1,6,0
AT003869,W043,28-08-2026,1,4,0
AT003870,W043,29-08-2026,1,0,0
AT003871,W044,01-06-2026,1,6,0
AT003872,W044,02-06-2026,1,7,0
AT003873,W044,03-06-2026,1,0,0
AT003874,W044,04-06-2026,1,7,0
AT003875,W044,05-06-2026,1,8,0
AT003876,W044,06-06-2026,1,2,0
AT003877,W044,07-06-2026,1,4,0
AT003878,W044,08-06-2026,1,2,0
AT003879,W044,09-06-2026,1,14,0
AT003880,W044,10-06-2026,1,2,0
AT003881,W044,11-06-2026,1,2,0
AT003882,W044,12-06-2026,1,7,0
AT003883,W044,13-06-2026,1,2,0
AT003884,W044,14-06-2026,0,0,0
AT003885,W044,15-06-2026,1,7,0
AT003886,W044,16-06-2026,1,1,0
AT003887,W044,17-06-2026,1,6,0
AT003888,W044,18-06-2026,1,5,0
AT003889,W044,19-06-2026,1,3,0
AT003890,W044,20-06-2026,1,4,0
AT003891,W044,21-06-2026,0,0,0
AT003892,W044,22-06-2026,1,13,0
AT003893,W044,23-06-2026,1,4,0
AT003894,W044,24-06-2026,1,0,0
AT003895,W044,25-06-2026,1,2,0
AT003896,W044,26-06-2026,1,15,0
AT003897,W044,27-06-2026,1,0,0
AT003898,W044,28-06-2026,1,12,0
AT003899,W044,29-06-2026,1,4,0
AT003900,W044,30-06-2026,0,0,1
AT003901,W044,01-07-2026,1,8,0
AT003902,W044,02-07-2026,0,0,1
AT003903,W044,03-07-2026,1,4,0
AT003904,W044,04-07-2026,1,13,0
AT003905,W044,05-07-2026,0,0,0
AT003906,W044,06-07-2026,1,5,0
AT003907,W044,07-07-2026,1,9,0
AT003908,W044,08-07-2026,1,2,0
AT003909,W044,09-07-2026,1,6,0
AT003910,W044,10-07-2026,1,0,0
AT003911,W044,11-07-2026,1,1,0
AT003912,W044,12-07-2026,0,0,0
AT003913,W044,13-07-2026,1,6,0
AT003914,W044,14-07-2026,1,14,0
AT003915,W044,15-07-2026,1,8,0
AT003916,W044,16-07-2026,1,14,0
AT003917,W044,17-07-2026,1,5,0
AT003918,W044,18-07-2026,1,9,0
AT003919,W044,19-07-2026,0,0,0
AT003920,W044,20-07-2026,1,9,0
AT003921,W044,21-07-2026,1,7,0
AT003922,W044,22-07-2026,1,0,0
AT003923,W044,23-07-2026,1,0,0
AT003924,W044,24-07-2026,1,7,0
AT003925,W044,25-07-2026,1,15,0
AT003926,W044,26-07-2026,0,0,0
AT003927,W044,27-07-2026,0,0,1
AT003928,W044,28-07-2026,0,0,1
AT003929,W044,29-07-2026,1,14,0
AT003930,W044,30-07-2026,1,7,0
AT003931,W044,31-07-2026,1,13,0
AT003932,W044,01-08-2026,1,3,0
AT003933,W044,02-08-2026,1,12,0
AT003934,W044,03-08-2026,1,5,0
AT003935,W044,04-08-2026,1,3,0
AT003936,W044,05-08-2026,1,5,0
AT003937,W044,06-08-2026,1,3,0
AT003938,W044,07-08-2026,1,4,0
AT003939,W044,08-08-2026,1,0,0
AT003940,W044,09-08-2026,0,0,0
AT003941,W044,10-08-2026,1,2,0
AT003942,W044,11-08-2026,1,5,0
AT003943,W044,12-08-2026,1,10,0
AT003944,W044,13-08-2026,0,0,1
AT003945,W044,14-08-2026,1,0,0
AT003946,W044,15-08-2026,1,13,0
AT003947,W044,16-08-2026,0,0,0
AT003948,W044,17-08-2026,1,5,0
AT003949,W044,18-08-2026,0,0,1
AT003950,W044,19-08-2026,1,7,0
AT003951,W044,20-08-2026,1,17,0
AT003952,W044,21-08-2026,1,10,0
AT003953,W044,22-08-2026,1,7,0
AT003954,W044,23-08-2026,1,9,0
AT003955,W044,24-08-2026,1,0,0
AT003956,W044,25-08-2026,1,9,0
AT003957,W044,26-08-2026,1,15,0
AT003958,W044,27-08-2026,1,3,0
AT003959,W044,28-08-2026,1,0,0
AT003960,W044,29-08-2026,1,0,0
AT003961,W045,01-06-2026,1,0,0
AT003962,W045,02-06-2026,1,6,0
AT003963,W045,03-06-2026,1,13,0
AT003964,W045,04-06-2026,1,0,0
AT003965,W045,05-06-2026,1,3,0
AT003966,W045,06-06-2026,1,0,0
AT003967,W045,07-06-2026,0,0,0
AT003968,W045,08-06-2026,1,0,0
AT003969,W045,09-06-2026,1,1,0
AT003970,W045,10-06-2026,1,2,0
AT003971,W045,11-06-2026,1,0,0
AT003972,W045,12-06-2026,1,0,0
AT003973,W045,13-06-2026,1,5,0
AT003974,W045,14-06-2026,0,0,0
AT003975,W045,15-06-2026,1,9,0
AT003976,W045,16-06-2026,1,0,0
AT003977,W045,17-06-2026,1,5,0
AT003978,W045,18-06-2026,1,0,0
AT003979,W045,19-06-2026,1,0,0
AT003980,W045,20-06-2026,1,3,0
AT003981,W045,21-06-2026,0,0,0
AT003982,W045,22-06-2026,1,2,0
AT003983,W045,23-06-2026,1,0,0
AT003984,W045,24-06-2026,1,12,0
AT003985,W045,25-06-2026,1,3,0
AT003986,W045,26-06-2026,1,0,0
AT003987,W045,27-06-2026,1,0,0
AT003988,W045,28-06-2026,0,0,0
AT003989,W045,29-06-2026,1,7,0
AT003990,W045,30-06-2026,1,11,0
AT003991,W045,01-07-2026,1,0,0
AT003992,W045,02-07-2026,1,11,0
AT003993,W045,03-07-2026,1,7,0
AT003994,W045,04-07-2026,1,5,0
AT003995,W045,05-07-2026,0,0,0
AT003996,W045,06-07-2026,1,3,0
AT003997,W045,07-07-2026,1,0,0
AT003998,W045,08-07-2026,1,4,0
AT003999,W045,09-07-2026,1,5,0
AT004000,W045,10-07-2026,1,0,0
AT004001,W045,11-07-2026,1,5,0
AT004002,W045,12-07-2026,0,0,0
AT004003,W045,13-07-2026,1,8,0
AT004004,W045,14-07-2026,1,5,0
AT004005,W045,15-07-2026,1,13,0
AT004006,W045,16-07-2026,1,0,0
AT004007,W045,17-07-2026,1,12,0
AT004008,W045,18-07-2026,1,8,0
AT004009,W045,19-07-2026,1,4,0
AT004010,W045,20-07-2026,1,2,0
AT004011,W045,21-07-2026,1,5,0
AT004012,W045,22-07-2026,1,0,0
AT004013,W045,23-07-2026,1,11,0
AT004014,W045,24-07-2026,1,8,0
AT004015,W045,25-07-2026,1,3,0
AT004016,W045,26-07-2026,0,0,0
AT004017,W045,27-07-2026,1,9,0
AT004018,W045,28-07-2026,1,13,0
AT004019,W045,29-07-2026,1,2,0
AT004020,W045,30-07-2026,1,3,0
AT004021,W045,31-07-2026,1,2,0
AT004022,W045,01-08-2026,1,11,0
AT004023,W045,02-08-2026,0,0,0
AT004024,W045,03-08-2026,1,0,0
AT004025,W045,04-08-2026,1,4,0
AT004026,W045,05-08-2026,1,0,0
AT004027,W045,06-08-2026,1,2,0
AT004028,W045,07-08-2026,1,5,0
AT004029,W045,08-08-2026,1,0,0
AT004030,W045,09-08-2026,0,0,0
AT004031,W045,10-08-2026,0,0,1
AT004032,W045,11-08-2026,1,7,0
AT004033,W045,12-08-2026,1,12,0
AT004034,W045,13-08-2026,1,7,0
AT004035,W045,14-08-2026,1,1,0
AT004036,W045,15-08-2026,1,11,0
AT004037,W045,16-08-2026,0,0,0
AT004038,W045,17-08-2026,1,12,0
AT004039,W045,18-08-2026,1,0,0
AT004040,W045,19-08-2026,1,1,0
AT004041,W045,20-08-2026,0,0,1
AT004042,W045,21-08-2026,1,0,0
AT004043,W045,22-08-2026,1,2,0
AT004044,W045,23-08-2026,0,0,0
AT004045,W045,24-08-2026,1,10,0
AT004046,W045,25-08-2026,1,11,0
AT004047,W045,26-08-2026,1,0,0
AT004048,W045,27-08-2026,1,6,0
AT004049,W045,28-08-2026,1,2,0
AT004050,W045,29-08-2026,1,0,0
AT004051,W046,01-06-2026,1,6,0
AT004052,W046,02-06-2026,1,1,0
AT004053,W046,03-06-2026,1,0,0
AT004054,W046,04-06-2026,1,0,0
AT004055,W046,05-06-2026,1,7,0
AT004056,W046,06-06-2026,1,0,0
AT004057,W046,07-06-2026,0,0,0
AT004058,W046,08-06-2026,1,2,0
AT004059,W046,09-06-2026,1,7,0
AT004060,W046,10-06-2026,1,2,0
AT004061,W046,11-06-2026,1,2,0
AT004062,W046,12-06-2026,1,2,0
AT004063,W046,13-06-2026,1,1,0
AT004064,W046,14-06-2026,0,0,0
AT004065,W046,15-06-2026,1,6,0
AT004066,W046,16-06-2026,1,0,0
AT004067,W046,17-06-2026,1,3,0
AT004068,W046,18-06-2026,1,0,0
AT004069,W046,19-06-2026,1,0,0
AT004070,W046,20-06-2026,1,0,0
AT004071,W046,21-06-2026,0,0,0
AT004072,W046,22-06-2026,1,6,0
AT004073,W046,23-06-2026,1,1,0
AT004074,W046,24-06-2026,1,8,0
AT004075,W046,25-06-2026,1,4,0
AT004076,W046,26-06-2026,1,9,0
AT004077,W046,27-06-2026,1,8,0
AT004078,W046,28-06-2026,1,6,0
AT004079,W046,29-06-2026,1,2,0
AT004080,W046,30-06-2026,1,0,0
AT004081,W046,01-07-2026,1,12,0
AT004082,W046,02-07-2026,1,8,0
AT004083,W046,03-07-2026,0,0,1
AT004084,W046,04-07-2026,1,0,0
AT004085,W046,05-07-2026,0,0,0
AT004086,W046,06-07-2026,1,0,0
AT004087,W046,07-07-2026,1,0,0
AT004088,W046,08-07-2026,0,0,1
AT004089,W046,09-07-2026,1,0,0
AT004090,W046,10-07-2026,1,0,0
AT004091,W046,11-07-2026,1,3,0
AT004092,W046,12-07-2026,0,0,0
AT004093,W046,13-07-2026,0,0,1
AT004094,W046,14-07-2026,1,13,0
AT004095,W046,15-07-2026,1,5,0
AT004096,W046,16-07-2026,1,0,0
AT004097,W046,17-07-2026,1,3,0
AT004098,W046,18-07-2026,1,3,0
AT004099,W046,19-07-2026,0,0,0
AT004100,W046,20-07-2026,1,12,0
AT004101,W046,21-07-2026,1,0,0
AT004102,W046,22-07-2026,1,0,0
AT004103,W046,23-07-2026,1,3,0
AT004104,W046,24-07-2026,1,7,0
AT004105,W046,25-07-2026,1,4,0
AT004106,W046,26-07-2026,0,0,0
AT004107,W046,27-07-2026,1,6,0
AT004108,W046,28-07-2026,1,2,0
AT004109,W046,29-07-2026,1,4,0
AT004110,W046,30-07-2026,1,2,0
AT004111,W046,31-07-2026,1,0,0
AT004112,W046,01-08-2026,1,5,0
AT004113,W046,02-08-2026,0,0,0
AT004114,W046,03-08-2026,1,9,0
AT004115,W046,04-08-2026,1,6,0
AT004116,W046,05-08-2026,1,0,0
AT004117,W046,06-08-2026,1,6,0
AT004118,W046,07-08-2026,1,3,0
AT004119,W046,08-08-2026,1,0,0
AT004120,W046,09-08-2026,0,0,0
AT004121,W046,10-08-2026,1,1,0
AT004122,W046,11-08-2026,1,7,0
AT004123,W046,12-08-2026,1,2,0
AT004124,W046,13-08-2026,1,8,0
AT004125,W046,14-08-2026,1,1,0
AT004126,W046,15-08-2026,1,0,0
AT004127,W046,16-08-2026,0,0,0
AT004128,W046,17-08-2026,1,8,0
AT004129,W046,18-08-2026,1,6,0
AT004130,W046,19-08-2026,1,7,0
AT004131,W046,20-08-2026,1,4,0
AT004132,W046,21-08-2026,0,0,1
AT004133,W046,22-08-2026,1,2,0
AT004134,W046,23-08-2026,0,0,0
AT004135,W046,24-08-2026,0,0,1
AT004136,W046,25-08-2026,1,3,0
AT004137,W046,26-08-2026,1,0,0
AT004138,W046,27-08-2026,1,4,0
AT004139,W046,28-08-2026,1,2,0
AT004140,W046,29-08-2026,1,1,0
AT004141,W047,01-06-2026,1,10,0
AT004142,W047,02-06-2026,1,0,0
AT004143,W047,03-06-2026,1,1,0
AT004144,W047,04-06-2026,1,6,0
AT004145,W047,05-06-2026,1,11,0
AT004146,W047,06-06-2026,0,0,1
AT004147,W047,07-06-2026,0,0,0
AT004148,W047,08-06-2026,1,5,0
AT004149,W047,09-06-2026,1,5,0
AT004150,W047,10-06-2026,1,6,0
AT004151,W047,11-06-2026,1,9,0
AT004152,W047,12-06-2026,1,8,0
AT004153,W047,13-06-2026,1,5,0
AT004154,W047,14-06-2026,1,1,0
AT004155,W047,15-06-2026,1,7,0
AT004156,W047,16-06-2026,1,7,0
AT004157,W047,17-06-2026,1,14,0
AT004158,W047,18-06-2026,1,4,0
AT004159,W047,19-06-2026,1,4,0
AT004160,W047,20-06-2026,1,0,0
AT004161,W047,21-06-2026,0,0,0
AT004162,W047,22-06-2026,1,5,0
AT004163,W047,23-06-2026,1,3,0
AT004164,W047,24-06-2026,1,9,0
AT004165,W047,25-06-2026,1,0,0
AT004166,W047,26-06-2026,1,3,0
AT004167,W047,27-06-2026,1,10,0
AT004168,W047,28-06-2026,0,0,0
AT004169,W047,29-06-2026,1,3,0
AT004170,W047,30-06-2026,1,12,0
AT004171,W047,01-07-2026,1,5,0
AT004172,W047,02-07-2026,1,13,0
AT004173,W047,03-07-2026,1,13,0
AT004174,W047,04-07-2026,1,15,0
AT004175,W047,05-07-2026,0,0,0
AT004176,W047,06-07-2026,1,0,0
AT004177,W047,07-07-2026,1,7,0
AT004178,W047,08-07-2026,1,8,0
AT004179,W047,09-07-2026,1,0,0
AT004180,W047,10-07-2026,1,5,0
AT004181,W047,11-07-2026,0,0,1
AT004182,W047,12-07-2026,0,0,0
AT004183,W047,13-07-2026,1,8,0
AT004184,W047,14-07-2026,0,0,1
AT004185,W047,15-07-2026,1,1,0
AT004186,W047,16-07-2026,1,11,0
AT004187,W047,17-07-2026,1,0,0
AT004188,W047,18-07-2026,1,1,0
AT004189,W047,19-07-2026,0,0,0
AT004190,W047,20-07-2026,1,15,0
AT004191,W047,21-07-2026,1,3,0
AT004192,W047,22-07-2026,0,0,1
AT004193,W047,23-07-2026,1,14,0
AT004194,W047,24-07-2026,1,9,0
AT004195,W047,25-07-2026,1,7,0
AT004196,W047,26-07-2026,0,0,0
AT004197,W047,27-07-2026,0,0,1
AT004198,W047,28-07-2026,1,6,0
AT004199,W047,29-07-2026,1,1,0
AT004200,W047,30-07-2026,1,6,0
AT004201,W047,31-07-2026,1,12,0
AT004202,W047,01-08-2026,1,14,0
AT004203,W047,02-08-2026,0,0,0
AT004204,W047,03-08-2026,1,5,0
AT004205,W047,04-08-2026,1,0,0
AT004206,W047,05-08-2026,1,3,0
AT004207,W047,06-08-2026,1,11,0
AT004208,W047,07-08-2026,1,12,0
AT004209,W047,08-08-2026,1,3,0
AT004210,W047,09-08-2026,0,0,0
AT004211,W047,10-08-2026,1,4,0
AT004212,W047,11-08-2026,1,17,0
AT004213,W047,12-08-2026,1,0,0
AT004214,W047,13-08-2026,1,0,0
AT004215,W047,14-08-2026,1,0,0
AT004216,W047,15-08-2026,1,8,0
AT004217,W047,16-08-2026,0,0,0
AT004218,W047,17-08-2026,1,6,0
AT004219,W047,18-08-2026,1,0,0
AT004220,W047,19-08-2026,1,7,0
AT004221,W047,20-08-2026,1,4,0
AT004222,W047,21-08-2026,1,3,0
AT004223,W047,22-08-2026,1,7,0
AT004224,W047,23-08-2026,1,1,0
AT004225,W047,24-08-2026,1,0,0
AT004226,W047,25-08-2026,1,8,0
AT004227,W047,26-08-2026,1,0,0
AT004228,W047,27-08-2026,1,12,0
AT004229,W047,28-08-2026,1,9,0
AT004230,W047,29-08-2026,1,1,0
AT004231,W048,01-06-2026,1,7,0
AT004232,W048,02-06-2026,1,5,0
AT004233,W048,03-06-2026,1,4,0
AT004234,W048,04-06-2026,1,0,0
AT004235,W048,05-06-2026,1,0,0
AT004236,W048,06-06-2026,1,9,0
AT004237,W048,07-06-2026,0,0,0
AT004238,W048,08-06-2026,1,0,0
AT004239,W048,09-06-2026,1,9,0
AT004240,W048,10-06-2026,1,2,0
AT004241,W048,11-06-2026,1,0,0
AT004242,W048,12-06-2026,1,7,0
AT004243,W048,13-06-2026,1,9,0
AT004244,W048,14-06-2026,0,0,0
AT004245,W048,15-06-2026,1,3,0
AT004246,W048,16-06-2026,1,4,0
AT004247,W048,17-06-2026,1,5,0
AT004248,W048,18-06-2026,1,5,0
AT004249,W048,19-06-2026,1,22,0
AT004250,W048,20-06-2026,1,16,0
AT004251,W048,21-06-2026,0,0,0
AT004252,W048,22-06-2026,0,0,1
AT004253,W048,23-06-2026,1,8,0
AT004254,W048,24-06-2026,1,6,0
AT004255,W048,25-06-2026,1,5,0
AT004256,W048,26-06-2026,1,0,0
AT004257,W048,27-06-2026,1,20,0
AT004258,W048,28-06-2026,0,0,0
AT004259,W048,29-06-2026,1,3,0
AT004260,W048,30-06-2026,1,0,0
AT004261,W048,01-07-2026,1,6,0
AT004262,W048,02-07-2026,1,11,0
AT004263,W048,03-07-2026,1,10,0
AT004264,W048,04-07-2026,1,13,0
AT004265,W048,05-07-2026,1,10,0
AT004266,W048,06-07-2026,1,7,0
AT004267,W048,07-07-2026,1,10,0
AT004268,W048,08-07-2026,1,0,0
AT004269,W048,09-07-2026,1,10,0
AT004270,W048,10-07-2026,1,10,0
AT004271,W048,11-07-2026,1,7,0
AT004272,W048,12-07-2026,0,0,0
AT004273,W048,13-07-2026,1,8,0
AT004274,W048,14-07-2026,1,13,0
AT004275,W048,15-07-2026,1,10,0
AT004276,W048,16-07-2026,1,0,0
AT004277,W048,17-07-2026,1,7,0
AT004278,W048,18-07-2026,1,0,0
AT004279,W048,19-07-2026,0,0,0
AT004280,W048,20-07-2026,1,3,0
AT004281,W048,21-07-2026,1,0,0
AT004282,W048,22-07-2026,0,0,1
AT004283,W048,23-07-2026,0,0,1
AT004284,W048,24-07-2026,1,11,0
AT004285,W048,25-07-2026,1,2,0
AT004286,W048,26-07-2026,0,0,0
AT004287,W048,27-07-2026,1,7,0
AT004288,W048,28-07-2026,1,8,0
AT004289,W048,29-07-2026,1,8,0
AT004290,W048,30-07-2026,1,12,0
AT004291,W048,31-07-2026,1,11,0
AT004292,W048,01-08-2026,1,4,0
AT004293,W048,02-08-2026,0,0,0
AT004294,W048,03-08-2026,1,11,0
AT004295,W048,04-08-2026,1,15,0
AT004296,W048,05-08-2026,1,11,0
AT004297,W048,06-08-2026,1,9,0
AT004298,W048,07-08-2026,1,6,0
AT004299,W048,08-08-2026,1,3,0
AT004300,W048,09-08-2026,0,0,0
AT004301,W048,10-08-2026,1,1,0
AT004302,W048,11-08-2026,0,0,1
AT004303,W048,12-08-2026,1,8,0
AT004304,W048,13-08-2026,1,6,0
AT004305,W048,14-08-2026,1,11,0
AT004306,W048,15-08-2026,1,9,0
AT004307,W048,16-08-2026,0,0,0
AT004308,W048,17-08-2026,1,8,0
AT004309,W048,18-08-2026,1,15,0
AT004310,W048,19-08-2026,0,0,1
AT004311,W048,20-08-2026,1,5,0
AT004312,W048,21-08-2026,1,16,0
AT004313,W048,22-08-2026,1,0,0
AT004314,W048,23-08-2026,0,0,0
AT004315,W048,24-08-2026,1,5,0
AT004316,W048,25-08-2026,1,11,0
AT004317,W048,26-08-2026,1,1,0
AT004318,W048,27-08-2026,1,8,0
AT004319,W048,28-08-2026,1,0,0
AT004320,W048,29-08-2026,1,13,0
AT004321,W049,01-06-2026,1,0,0
AT004322,W049,02-06-2026,1,1,0
AT004323,W049,03-06-2026,1,3,0
AT004324,W049,04-06-2026,1,10,0
AT004325,W049,05-06-2026,1,3,0
AT004326,W049,06-06-2026,1,0,0
AT004327,W049,07-06-2026,0,0,0
AT004328,W049,08-06-2026,1,9,0
AT004329,W049,09-06-2026,1,2,0
AT004330,W049,10-06-2026,1,9,0
AT004331,W049,11-06-2026,1,0,0
AT004332,W049,12-06-2026,1,2,0
AT004333,W049,13-06-2026,1,0,0
AT004334,W049,14-06-2026,0,0,0
AT004335,W049,15-06-2026,1,4,0
AT004336,W049,16-06-2026,1,0,0
AT004337,W049,17-06-2026,1,11,0
AT004338,W049,18-06-2026,1,3,0
AT004339,W049,19-06-2026,1,11,0
AT004340,W049,20-06-2026,1,4,0
AT004341,W049,21-06-2026,0,0,0
AT004342,W049,22-06-2026,1,8,0
AT004343,W049,23-06-2026,1,0,0
AT004344,W049,24-06-2026,1,4,0
AT004345,W049,25-06-2026,1,0,0
AT004346,W049,26-06-2026,1,6,0
AT004347,W049,27-06-2026,1,6,0
AT004348,W049,28-06-2026,0,0,0
AT004349,W049,29-06-2026,1,0,0
AT004350,W049,30-06-2026,1,0,0
AT004351,W049,01-07-2026,1,2,0
AT004352,W049,02-07-2026,1,10,0
AT004353,W049,03-07-2026,1,5,0
AT004354,W049,04-07-2026,1,0,0
AT004355,W049,05-07-2026,0,0,1
AT004356,W049,06-07-2026,1,1,0
AT004357,W049,07-07-2026,1,5,0
AT004358,W049,08-07-2026,1,8,0
AT004359,W049,09-07-2026,1,0,0
AT004360,W049,10-07-2026,1,0,0
AT004361,W049,11-07-2026,1,3,0
AT004362,W049,12-07-2026,0,0,0
AT004363,W049,13-07-2026,1,0,0
AT004364,W049,14-07-2026,1,1,0
AT004365,W049,15-07-2026,1,3,0
AT004366,W049,16-07-2026,1,4,0
AT004367,W049,17-07-2026,1,7,0
AT004368,W049,18-07-2026,1,0,0
AT004369,W049,19-07-2026,0,0,0
AT004370,W049,20-07-2026,1,6,0
AT004371,W049,21-07-2026,1,0,0
AT004372,W049,22-07-2026,1,2,0
AT004373,W049,23-07-2026,1,2,0
AT004374,W049,24-07-2026,1,3,0
AT004375,W049,25-07-2026,1,0,0
AT004376,W049,26-07-2026,0,0,0
AT004377,W049,27-07-2026,1,5,0
AT004378,W049,28-07-2026,1,2,0
AT004379,W049,29-07-2026,1,0,0
AT004380,W049,30-07-2026,1,5,0
AT004381,W049,31-07-2026,1,0,0
AT004382,W049,01-08-2026,1,0,0
AT004383,W049,02-08-2026,0,0,0
AT004384,W049,03-08-2026,1,6,0
AT004385,W049,04-08-2026,1,6,0
AT004386,W049,05-08-2026,1,14,0
AT004387,W049,06-08-2026,1,6,0
AT004388,W049,07-08-2026,1,8,0
AT004389,W049,08-08-2026,1,0,0
AT004390,W049,09-08-2026,0,0,0
AT004391,W049,10-08-2026,1,6,0
AT004392,W049,11-08-2026,1,0,0
AT004393,W049,12-08-2026,1,0,0
AT004394,W049,13-08-2026,1,5,0
AT004395,W049,14-08-2026,1,0,0
AT004396,W049,15-08-2026,1,8,0
AT004397,W049,16-08-2026,0,0,0
AT004398,W049,17-08-2026,1,0,0
AT004399,W049,18-08-2026,1,5,0
AT004400,W049,19-08-2026,1,3,0
AT004401,W049,20-08-2026,1,3,0
AT004402,W049,21-08-2026,1,0,0
AT004403,W049,22-08-2026,1,0,0
AT004404,W049,23-08-2026,1,1,0
AT004405,W049,24-08-2026,1,14,0
AT004406,W049,25-08-2026,1,0,0
AT004407,W049,26-08-2026,1,5,0
AT004408,W049,27-08-2026,1,0,0
AT004409,W049,28-08-2026,1,3,0
AT004410,W049,29-08-2026,0,0,1
AT004411,W050,01-06-2026,1,0,0
AT004412,W050,02-06-2026,1,5,0
AT004413,W050,03-06-2026,1,1,0
AT004414,W050,04-06-2026,1,5,0
AT004415,W050,05-06-2026,1,6,0
AT004416,W050,06-06-2026,1,0,0
AT004417,W050,07-06-2026,0,0,0
AT004418,W050,08-06-2026,1,7,0
AT004419,W050,09-06-2026,1,4,0
AT004420,W050,10-06-2026,1,9,0
AT004421,W050,11-06-2026,1,1,0
AT004422,W050,12-06-2026,1,6,0
AT004423,W050,13-06-2026,1,14,0
AT004424,W050,14-06-2026,0,0,0
AT004425,W050,15-06-2026,1,6,0
AT004426,W050,16-06-2026,1,0,0
AT004427,W050,17-06-2026,1,13,0
AT004428,W050,18-06-2026,1,2,0
AT004429,W050,19-06-2026,1,0,0
AT004430,W050,20-06-2026,1,9,0
AT004431,W050,21-06-2026,0,0,0
AT004432,W050,22-06-2026,1,4,0
AT004433,W050,23-06-2026,1,12,0
AT004434,W050,24-06-2026,1,0,0
AT004435,W050,25-06-2026,1,4,0
AT004436,W050,26-06-2026,1,3,0
AT004437,W050,27-06-2026,1,4,0
AT004438,W050,28-06-2026,0,0,0
AT004439,W050,29-06-2026,1,0,0
AT004440,W050,30-06-2026,1,8,0
AT004441,W050,01-07-2026,1,0,0
AT004442,W050,02-07-2026,1,1,0
AT004443,W050,03-07-2026,1,4,0
AT004444,W050,04-07-2026,1,1,0
AT004445,W050,05-07-2026,0,0,0
AT004446,W050,06-07-2026,1,3,0
AT004447,W050,07-07-2026,1,0,0
AT004448,W050,08-07-2026,1,4,0
AT004449,W050,09-07-2026,0,0,1
AT004450,W050,10-07-2026,1,10,0
AT004451,W050,11-07-2026,1,3,0
AT004452,W050,12-07-2026,0,0,0
AT004453,W050,13-07-2026,1,3,0
AT004454,W050,14-07-2026,1,5,0
AT004455,W050,15-07-2026,1,12,0
AT004456,W050,16-07-2026,1,4,0
AT004457,W050,17-07-2026,1,3,0
AT004458,W050,18-07-2026,1,3,0
AT004459,W050,19-07-2026,0,0,0
AT004460,W050,20-07-2026,0,0,1
AT004461,W050,21-07-2026,1,0,0
AT004462,W050,22-07-2026,1,1,0
AT004463,W050,23-07-2026,1,6,0
AT004464,W050,24-07-2026,1,16,0
AT004465,W050,25-07-2026,1,7,0
AT004466,W050,26-07-2026,0,0,0
AT004467,W050,27-07-2026,1,11,0
AT004468,W050,28-07-2026,1,3,0
AT004469,W050,29-07-2026,1,5,0
AT004470,W050,30-07-2026,1,6,0
AT004471,W050,31-07-2026,1,0,0
AT004472,W050,01-08-2026,1,4,0
AT004473,W050,02-08-2026,0,0,0
AT004474,W050,03-08-2026,1,10,0
AT004475,W050,04-08-2026,1,3,0
AT004476,W050,05-08-2026,1,3,0
AT004477,W050,06-08-2026,1,9,0
AT004478,W050,07-08-2026,1,0,0
AT004479,W050,08-08-2026,1,0,0
AT004480,W050,09-08-2026,0,0,0
AT004481,W050,10-08-2026,1,0,0
AT004482,W050,11-08-2026,1,0,0
AT004483,W050,12-08-2026,1,0,0
AT004484,W050,13-08-2026,1,5,0
AT004485,W050,14-08-2026,1,0,0
AT004486,W050,15-08-2026,1,7,0
AT004487,W050,16-08-2026,0,0,0
AT004488,W050,17-08-2026,1,4,0
AT004489,W050,18-08-2026,1,0,0
AT004490,W050,19-08-2026,1,0,0
AT004491,W050,20-08-2026,1,3,0
AT004492,W050,21-08-2026,1,2,0
AT004493,W050,22-08-2026,1,0,0
AT004494,W050,23-08-2026,0,0,0
AT004495,W050,24-08-2026,1,5,0
AT004496,W050,25-08-2026,1,3,0
AT004497,W050,26-08-2026,1,13,0
AT004498,W050,27-08-2026,1,1,0
AT004499,W050,28-08-2026,1,0,0
AT004500,W050,29-08-2026,1,10,0
AT004501,W051,01-06-2026,1,10,0
AT004502,W051,02-06-2026,1,5,0
AT004503,W051,03-06-2026,1,6,0
AT004504,W051,04-06-2026,1,8,0
AT004505,W051,05-06-2026,1,3,0
AT004506,W051,06-06-2026,1,2,0
AT004507,W051,07-06-2026,0,0,0
AT004508,W051,08-06-2026,1,8,0
AT004509,W051,09-06-2026,1,0,0
AT004510,W051,10-06-2026,1,0,0
AT004511,W051,11-06-2026,1,7,0
AT004512,W051,12-06-2026,1,0,0
AT004513,W051,13-06-2026,1,0,0
AT004514,W051,14-06-2026,0,0,0
AT004515,W051,15-06-2026,1,11,0
AT004516,W051,16-06-2026,1,0,0
AT004517,W051,17-06-2026,1,1,0
AT004518,W051,18-06-2026,0,0,1
AT004519,W051,19-06-2026,1,3,0
AT004520,W051,20-06-2026,1,6,0
AT004521,W051,21-06-2026,0,0,0
AT004522,W051,22-06-2026,1,12,0
AT004523,W051,23-06-2026,1,8,0
AT004524,W051,24-06-2026,1,0,0
AT004525,W051,25-06-2026,1,1,0
AT004526,W051,26-06-2026,1,1,0
AT004527,W051,27-06-2026,1,6,0
AT004528,W051,28-06-2026,0,0,0
AT004529,W051,29-06-2026,1,0,0
AT004530,W051,30-06-2026,1,2,0
AT004531,W051,01-07-2026,1,0,0
AT004532,W051,02-07-2026,1,2,0
AT004533,W051,03-07-2026,1,5,0
AT004534,W051,04-07-2026,1,0,0
AT004535,W051,05-07-2026,0,0,0
AT004536,W051,06-07-2026,1,1,0
AT004537,W051,07-07-2026,1,4,0
AT004538,W051,08-07-2026,1,7,0
AT004539,W051,09-07-2026,1,5,0
AT004540,W051,10-07-2026,1,2,0
AT004541,W051,11-07-2026,1,0,0
AT004542,W051,12-07-2026,0,0,0
AT004543,W051,13-07-2026,1,18,0
AT004544,W051,14-07-2026,1,3,0
AT004545,W051,15-07-2026,1,10,0
AT004546,W051,16-07-2026,1,2,0
AT004547,W051,17-07-2026,1,1,0
AT004548,W051,18-07-2026,1,4,0
AT004549,W051,19-07-2026,0,0,0
AT004550,W051,20-07-2026,1,9,0
AT004551,W051,21-07-2026,1,7,0
AT004552,W051,22-07-2026,1,0,0
AT004553,W051,23-07-2026,1,8,0
AT004554,W051,24-07-2026,1,12,0
AT004555,W051,25-07-2026,1,0,0
AT004556,W051,26-07-2026,0,0,0
AT004557,W051,27-07-2026,1,5,0
AT004558,W051,28-07-2026,1,1,0
AT004559,W051,29-07-2026,1,3,0
AT004560,W051,30-07-2026,1,4,0
AT004561,W051,31-07-2026,1,4,0
AT004562,W051,01-08-2026,1,0,0
AT004563,W051,02-08-2026,0,0,0
AT004564,W051,03-08-2026,1,4,0
AT004565,W051,04-08-2026,1,10,0
AT004566,W051,05-08-2026,1,0,0
AT004567,W051,06-08-2026,1,2,0
AT004568,W051,07-08-2026,1,6,0
AT004569,W051,08-08-2026,1,5,0
AT004570,W051,09-08-2026,0,0,0
AT004571,W051,10-08-2026,1,0,0
AT004572,W051,11-08-2026,1,8,0
AT004573,W051,12-08-2026,1,0,0
AT004574,W051,13-08-2026,1,2,0
AT004575,W051,14-08-2026,1,0,0
AT004576,W051,15-08-2026,1,0,0
AT004577,W051,16-08-2026,0,0,0
AT004578,W051,17-08-2026,1,3,0
AT004579,W051,18-08-2026,1,5,0
AT004580,W051,19-08-2026,1,1,0
AT004581,W051,20-08-2026,1,0,0
AT004582,W051,21-08-2026,1,12,0
AT004583,W051,22-08-2026,1,1,0
AT004584,W051,23-08-2026,0,0,0
AT004585,W051,24-08-2026,1,2,0
AT004586,W051,25-08-2026,1,0,0
AT004587,W051,26-08-2026,1,0,0
AT004588,W051,27-08-2026,1,5,0
AT004589,W051,28-08-2026,1,6,0
AT004590,W051,29-08-2026,1,2,0
AT004591,W052,01-06-2026,1,2,0
AT004592,W052,02-06-2026,1,3,0
AT004593,W052,03-06-2026,0,0,1
AT004594,W052,04-06-2026,1,0,0
AT004595,W052,05-06-2026,1,6,0
AT004596,W052,06-06-2026,1,4,0
AT004597,W052,07-06-2026,1,0,0
AT004598,W052,08-06-2026,1,9,0
AT004599,W052,09-06-2026,1,5,0
AT004600,W052,10-06-2026,1,6,0
AT004601,W052,11-06-2026,1,7,0
AT004602,W052,12-06-2026,1,4,0
AT004603,W052,13-06-2026,1,0,0
AT004604,W052,14-06-2026,0,0,0
AT004605,W052,15-06-2026,1,0,0
AT004606,W052,16-06-2026,1,0,0
AT004607,W052,17-06-2026,1,2,0
AT004608,W052,18-06-2026,1,9,0
AT004609,W052,19-06-2026,1,0,0
AT004610,W052,20-06-2026,1,0,0
AT004611,W052,21-06-2026,0,0,0
AT004612,W052,22-06-2026,1,5,0
AT004613,W052,23-06-2026,1,0,0
AT004614,W052,24-06-2026,1,4,0
AT004615,W052,25-06-2026,1,4,0
AT004616,W052,26-06-2026,1,13,0
AT004617,W052,27-06-2026,1,3,0
AT004618,W052,28-06-2026,0,0,0
AT004619,W052,29-06-2026,1,0,0
AT004620,W052,30-06-2026,1,8,0
AT004621,W052,01-07-2026,1,7,0
AT004622,W052,02-07-2026,1,8,0
AT004623,W052,03-07-2026,0,0,1
AT004624,W052,04-07-2026,1,0,0
AT004625,W052,05-07-2026,0,0,0
AT004626,W052,06-07-2026,1,1,0
AT004627,W052,07-07-2026,1,3,0
AT004628,W052,08-07-2026,1,0,0
AT004629,W052,09-07-2026,1,0,0
AT004630,W052,10-07-2026,1,5,0
AT004631,W052,11-07-2026,1,5,0
AT004632,W052,12-07-2026,1,11,0
AT004633,W052,13-07-2026,1,0,0
AT004634,W052,14-07-2026,0,0,1
AT004635,W052,15-07-2026,1,3,0
AT004636,W052,16-07-2026,1,1,0
AT004637,W052,17-07-2026,1,3,0
AT004638,W052,18-07-2026,1,4,0
AT004639,W052,19-07-2026,0,0,0
AT004640,W052,20-07-2026,1,2,0
AT004641,W052,21-07-2026,1,2,0
AT004642,W052,22-07-2026,1,0,0
AT004643,W052,23-07-2026,1,10,0
AT004644,W052,24-07-2026,1,0,0
AT004645,W052,25-07-2026,1,0,0
AT004646,W052,26-07-2026,0,0,0
AT004647,W052,27-07-2026,1,12,0
AT004648,W052,28-07-2026,1,5,0
AT004649,W052,29-07-2026,1,0,0
AT004650,W052,30-07-2026,1,8,0
AT004651,W052,31-07-2026,1,4,0
AT004652,W052,01-08-2026,1,8,0
AT004653,W052,02-08-2026,0,0,0
AT004654,W052,03-08-2026,1,4,0
AT004655,W052,04-08-2026,1,4,0
AT004656,W052,05-08-2026,1,4,0
AT004657,W052,06-08-2026,1,0,0
AT004658,W052,07-08-2026,0,0,1
AT004659,W052,08-08-2026,1,0,0
AT004660,W052,09-08-2026,0,0,0
AT004661,W052,10-08-2026,1,0,0
AT004662,W052,11-08-2026,1,1,0
AT004663,W052,12-08-2026,1,0,0
AT004664,W052,13-08-2026,1,0,0
AT004665,W052,14-08-2026,0,0,1
AT004666,W052,15-08-2026,1,0,0
AT004667,W052,16-08-2026,0,0,0
AT004668,W052,17-08-2026,1,0,0
AT004669,W052,18-08-2026,1,0,0
AT004670,W052,19-08-2026,1,2,0
AT004671,W052,20-08-2026,1,0,0
AT004672,W052,21-08-2026,1,4,0
AT004673,W052,22-08-2026,1,10,0
AT004674,W052,23-08-2026,0,0,0
AT004675,W052,24-08-2026,1,1,0
AT004676,W052,25-08-2026,1,0,0
AT004677,W052,26-08-2026,1,2,0
AT004678,W052,27-08-2026,1,5,0
AT004679,W052,28-08-2026,1,5,0
AT004680,W052,29-08-2026,1,0,0
AT004681,W053,01-06-2026,1,3,0
AT004682,W053,02-06-2026,1,3,0
AT004683,W053,03-06-2026,1,0,0
AT004684,W053,04-06-2026,1,1,0
AT004685,W053,05-06-2026,1,0,0
AT004686,W053,06-06-2026,1,0,0
AT004687,W053,07-06-2026,0,0,0
AT004688,W053,08-06-2026,1,6,0
AT004689,W053,09-06-2026,1,8,0
AT004690,W053,10-06-2026,1,7,0
AT004691,W053,11-06-2026,1,8,0
AT004692,W053,12-06-2026,1,0,0
AT004693,W053,13-06-2026,1,8,0
AT004694,W053,14-06-2026,0,0,0
AT004695,W053,15-06-2026,1,1,0
AT004696,W053,16-06-2026,1,0,0
AT004697,W053,17-06-2026,1,7,0
AT004698,W053,18-06-2026,1,0,0
AT004699,W053,19-06-2026,1,5,0
AT004700,W053,20-06-2026,1,0,0
AT004701,W053,21-06-2026,0,0,0
AT004702,W053,22-06-2026,0,0,1
AT004703,W053,23-06-2026,1,2,0
AT004704,W053,24-06-2026,1,8,0
AT004705,W053,25-06-2026,1,0,0
AT004706,W053,26-06-2026,1,2,0
AT004707,W053,27-06-2026,0,0,1
AT004708,W053,28-06-2026,0,0,1
AT004709,W053,29-06-2026,1,0,0
AT004710,W053,30-06-2026,1,11,0
AT004711,W053,01-07-2026,1,0,0
AT004712,W053,02-07-2026,1,0,0
AT004713,W053,03-07-2026,1,2,0
AT004714,W053,04-07-2026,1,4,0
AT004715,W053,05-07-2026,0,0,0
AT004716,W053,06-07-2026,1,0,0
AT004717,W053,07-07-2026,1,0,0
AT004718,W053,08-07-2026,1,8,0
AT004719,W053,09-07-2026,1,0,0
AT004720,W053,10-07-2026,1,6,0
AT004721,W053,11-07-2026,1,1,0
AT004722,W053,12-07-2026,1,7,0
AT004723,W053,13-07-2026,1,8,0
AT004724,W053,14-07-2026,1,0,0
AT004725,W053,15-07-2026,1,8,0
AT004726,W053,16-07-2026,1,3,0
AT004727,W053,17-07-2026,1,10,0
AT004728,W053,18-07-2026,1,6,0
AT004729,W053,19-07-2026,0,0,0
AT004730,W053,20-07-2026,1,0,0
AT004731,W053,21-07-2026,1,4,0
AT004732,W053,22-07-2026,1,0,0
AT004733,W053,23-07-2026,1,2,0
AT004734,W053,24-07-2026,1,6,0
AT004735,W053,25-07-2026,0,0,1
AT004736,W053,26-07-2026,0,0,0
AT004737,W053,27-07-2026,1,0,0
AT004738,W053,28-07-2026,1,0,0
AT004739,W053,29-07-2026,1,9,0
AT004740,W053,30-07-2026,1,0,0
AT004741,W053,31-07-2026,1,11,0
AT004742,W053,01-08-2026,1,4,0
AT004743,W053,02-08-2026,1,2,0
AT004744,W053,03-08-2026,1,8,0
AT004745,W053,04-08-2026,1,9,0
AT004746,W053,05-08-2026,1,13,0
AT004747,W053,06-08-2026,1,7,0
AT004748,W053,07-08-2026,1,0,0
AT004749,W053,08-08-2026,1,4,0
AT004750,W053,09-08-2026,0,0,0
AT004751,W053,10-08-2026,1,2,0
AT004752,W053,11-08-2026,1,0,0
AT004753,W053,12-08-2026,1,7,0
AT004754,W053,13-08-2026,1,2,0
AT004755,W053,14-08-2026,1,19,0
AT004756,W053,15-08-2026,0,0,1
AT004757,W053,16-08-2026,1,0,0
AT004758,W053,17-08-2026,1,0,0
AT004759,W053,18-08-2026,1,10,0
AT004760,W053,19-08-2026,1,3,0
AT004761,W053,20-08-2026,1,9,0
AT004762,W053,21-08-2026,1,9,0
AT004763,W053,22-08-2026,1,3,0
AT004764,W053,23-08-2026,0,0,0
AT004765,W053,24-08-2026,1,0,0
AT004766,W053,25-08-2026,1,15,0
AT004767,W053,26-08-2026,1,4,0
AT004768,W053,27-08-2026,1,3,0
AT004769,W053,28-08-2026,1,1,0
AT004770,W053,29-08-2026,1,9,0
AT004771,W054,01-06-2026,0,0,1
AT004772,W054,02-06-2026,1,7,0
AT004773,W054,03-06-2026,1,5,0
AT004774,W054,04-06-2026,1,1,0
AT004775,W054,05-06-2026,1,5,0
AT004776,W054,06-06-2026,1,9,0
AT004777,W054,07-06-2026,0,0,0
AT004778,W054,08-06-2026,1,5,0
AT004779,W054,09-06-2026,1,0,0
AT004780,W054,10-06-2026,1,1,0
AT004781,W054,11-06-2026,1,7,0
AT004782,W054,12-06-2026,1,0,0
AT004783,W054,13-06-2026,1,15,0
AT004784,W054,14-06-2026,0,0,0
AT004785,W054,15-06-2026,1,8,0
AT004786,W054,16-06-2026,1,12,0
AT004787,W054,17-06-2026,1,7,0
AT004788,W054,18-06-2026,1,4,0
AT004789,W054,19-06-2026,1,5,0
AT004790,W054,20-06-2026,1,15,0
AT004791,W054,21-06-2026,0,0,0
AT004792,W054,22-06-2026,1,4,0
AT004793,W054,23-06-2026,1,11,0
AT004794,W054,24-06-2026,1,3,0
AT004795,W054,25-06-2026,1,4,0
AT004796,W054,26-06-2026,1,7,0
AT004797,W054,27-06-2026,1,5,0
AT004798,W054,28-06-2026,0,0,0
AT004799,W054,29-06-2026,1,3,0
AT004800,W054,30-06-2026,1,6,0
AT004801,W054,01-07-2026,1,0,0
AT004802,W054,02-07-2026,1,7,0
AT004803,W054,03-07-2026,1,5,0
AT004804,W054,04-07-2026,1,4,0
AT004805,W054,05-07-2026,1,0,0
AT004806,W054,06-07-2026,1,3,0
AT004807,W054,07-07-2026,1,0,0
AT004808,W054,08-07-2026,1,11,0
AT004809,W054,09-07-2026,1,10,0
AT004810,W054,10-07-2026,1,3,0
AT004811,W054,11-07-2026,1,4,0
AT004812,W054,12-07-2026,0,0,0
AT004813,W054,13-07-2026,1,5,0
AT004814,W054,14-07-2026,1,2,0
AT004815,W054,15-07-2026,1,2,0
AT004816,W054,16-07-2026,1,0,0
AT004817,W054,17-07-2026,1,7,0
AT004818,W054,18-07-2026,1,9,0
AT004819,W054,19-07-2026,0,0,0
AT004820,W054,20-07-2026,1,0,0
AT004821,W054,21-07-2026,1,11,0
AT004822,W054,22-07-2026,1,7,0
AT004823,W054,23-07-2026,0,0,1
AT004824,W054,24-07-2026,1,10,0
AT004825,W054,25-07-2026,1,0,0
AT004826,W054,26-07-2026,0,0,0
AT004827,W054,27-07-2026,1,3,0
AT004828,W054,28-07-2026,1,4,0
AT004829,W054,29-07-2026,1,10,0
AT004830,W054,30-07-2026,1,8,0
AT004831,W054,31-07-2026,1,3,0
AT004832,W054,01-08-2026,1,0,0
AT004833,W054,02-08-2026,0,0,0
AT004834,W054,03-08-2026,1,5,0
AT004835,W054,04-08-2026,1,5,0
AT004836,W054,05-08-2026,1,0,0
AT004837,W054,06-08-2026,1,8,0
AT004838,W054,07-08-2026,1,6,0
AT004839,W054,08-08-2026,1,5,0
AT004840,W054,09-08-2026,1,3,0
AT004841,W054,10-08-2026,1,7,0
AT004842,W054,11-08-2026,1,8,0
AT004843,W054,12-08-2026,1,13,0
AT004844,W054,13-08-2026,1,10,0
AT004845,W054,14-08-2026,1,9,0
AT004846,W054,15-08-2026,1,3,0
AT004847,W054,16-08-2026,1,0,0
AT004848,W054,17-08-2026,1,6,0
AT004849,W054,18-08-2026,1,7,0
AT004850,W054,19-08-2026,1,3,0
AT004851,W054,20-08-2026,1,7,0
AT004852,W054,21-08-2026,1,16,0
AT004853,W054,22-08-2026,1,9,0
AT004854,W054,23-08-2026,0,0,0
AT004855,W054,24-08-2026,1,9,0
AT004856,W054,25-08-2026,1,0,0
AT004857,W054,26-08-2026,1,1,0
AT004858,W054,27-08-2026,1,2,0
AT004859,W054,28-08-2026,0,0,1
AT004860,W054,29-08-2026,1,14,0
AT004861,W055,01-06-2026,1,0,0
AT004862,W055,02-06-2026,1,2,0
AT004863,W055,03-06-2026,1,0,0
AT004864,W055,04-06-2026,1,2,0
AT004865,W055,05-06-2026,1,11,0
AT004866,W055,06-06-2026,1,10,0
AT004867,W055,07-06-2026,0,0,0
AT004868,W055,08-06-2026,1,0,0
AT004869,W055,09-06-2026,1,10,0
AT004870,W055,10-06-2026,0,0,1
AT004871,W055,11-06-2026,1,7,0
AT004872,W055,12-06-2026,1,1,0
AT004873,W055,13-06-2026,1,1,0
AT004874,W055,14-06-2026,0,0,0
AT004875,W055,15-06-2026,1,3,0
AT004876,W055,16-06-2026,1,7,0
AT004877,W055,17-06-2026,1,6,0
AT004878,W055,18-06-2026,1,7,0
AT004879,W055,19-06-2026,1,10,0
AT004880,W055,20-06-2026,1,9,0
AT004881,W055,21-06-2026,0,0,0
AT004882,W055,22-06-2026,1,3,0
AT004883,W055,23-06-2026,1,0,0
AT004884,W055,24-06-2026,1,2,0
AT004885,W055,25-06-2026,1,1,0
AT004886,W055,26-06-2026,1,7,0
AT004887,W055,27-06-2026,1,3,0
AT004888,W055,28-06-2026,0,0,0
AT004889,W055,29-06-2026,1,2,0
AT004890,W055,30-06-2026,1,4,0
AT004891,W055,01-07-2026,1,8,0
AT004892,W055,02-07-2026,1,0,0
AT004893,W055,03-07-2026,1,0,0
AT004894,W055,04-07-2026,1,6,0
AT004895,W055,05-07-2026,0,0,0
AT004896,W055,06-07-2026,1,4,0
AT004897,W055,07-07-2026,1,0,0
AT004898,W055,08-07-2026,1,9,0
AT004899,W055,09-07-2026,1,0,0
AT004900,W055,10-07-2026,1,8,0
AT004901,W055,11-07-2026,1,1,0
AT004902,W055,12-07-2026,0,0,0
AT004903,W055,13-07-2026,1,5,0
AT004904,W055,14-07-2026,0,0,1
AT004905,W055,15-07-2026,1,0,0
AT004906,W055,16-07-2026,1,1,0
AT004907,W055,17-07-2026,1,8,0
AT004908,W055,18-07-2026,1,0,0
AT004909,W055,19-07-2026,0,0,0
AT004910,W055,20-07-2026,1,1,0
AT004911,W055,21-07-2026,1,4,0
AT004912,W055,22-07-2026,1,0,0
AT004913,W055,23-07-2026,1,1,0
AT004914,W055,24-07-2026,1,11,0
AT004915,W055,25-07-2026,1,10,0
AT004916,W055,26-07-2026,0,0,0
AT004917,W055,27-07-2026,1,0,0
AT004918,W055,28-07-2026,1,0,0
AT004919,W055,29-07-2026,1,0,0
AT004920,W055,30-07-2026,1,9,0
AT004921,W055,31-07-2026,1,0,0
AT004922,W055,01-08-2026,1,0,0
AT004923,W055,02-08-2026,0,0,0
AT004924,W055,03-08-2026,1,8,0
AT004925,W055,04-08-2026,1,5,0
AT004926,W055,05-08-2026,1,3,0
AT004927,W055,06-08-2026,1,2,0
AT004928,W055,07-08-2026,1,0,0
AT004929,W055,08-08-2026,1,6,0
AT004930,W055,09-08-2026,1,0,0
AT004931,W055,10-08-2026,1,8,0
AT004932,W055,11-08-2026,1,0,0
AT004933,W055,12-08-2026,1,3,0
AT004934,W055,13-08-2026,1,1,0
AT004935,W055,14-08-2026,1,0,0
AT004936,W055,15-08-2026,1,2,0
AT004937,W055,16-08-2026,0,0,0
AT004938,W055,17-08-2026,1,0,0
AT004939,W055,18-08-2026,1,1,0
AT004940,W055,19-08-2026,1,0,0
AT004941,W055,20-08-2026,1,5,0
AT004942,W055,21-08-2026,1,6,0
AT004943,W055,22-08-2026,1,6,0
AT004944,W055,23-08-2026,0,0,0
AT004945,W055,24-08-2026,1,1,0
AT004946,W055,25-08-2026,1,3,0
AT004947,W055,26-08-2026,1,5,0
AT004948,W055,27-08-2026,1,0,0
AT004949,W055,28-08-2026,1,0,0
AT004950,W055,29-08-2026,1,0,0
AT004951,W056,01-06-2026,1,0,0
AT004952,W056,02-06-2026,1,11,0
AT004953,W056,03-06-2026,1,10,0
AT004954,W056,04-06-2026,1,2,0
AT004955,W056,05-06-2026,1,0,0
AT004956,W056,06-06-2026,1,4,0
AT004957,W056,07-06-2026,0,0,0
AT004958,W056,08-06-2026,1,3,0
AT004959,W056,09-06-2026,1,6,0
AT004960,W056,10-06-2026,1,9,0
AT004961,W056,11-06-2026,1,7,0
AT004962,W056,12-06-2026,1,9,0
AT004963,W056,13-06-2026,1,2,0
AT004964,W056,14-06-2026,0,0,0
AT004965,W056,15-06-2026,1,5,0
AT004966,W056,16-06-2026,1,7,0
AT004967,W056,17-06-2026,1,1,0
AT004968,W056,18-06-2026,1,0,0
AT004969,W056,19-06-2026,1,2,0
AT004970,W056,20-06-2026,1,18,0
AT004971,W056,21-06-2026,0,0,0
AT004972,W056,22-06-2026,1,1,0
AT004973,W056,23-06-2026,1,0,0
AT004974,W056,24-06-2026,1,2,0
AT004975,W056,25-06-2026,1,0,0
AT004976,W056,26-06-2026,1,7,0
AT004977,W056,27-06-2026,1,3,0
AT004978,W056,28-06-2026,0,0,0
AT004979,W056,29-06-2026,1,3,0
AT004980,W056,30-06-2026,1,0,0
AT004981,W056,01-07-2026,1,3,0
AT004982,W056,02-07-2026,1,12,0
AT004983,W056,03-07-2026,1,0,0
AT004984,W056,04-07-2026,1,6,0
AT004985,W056,05-07-2026,1,5,0
AT004986,W056,06-07-2026,1,4,0
AT004987,W056,07-07-2026,1,2,0
AT004988,W056,08-07-2026,0,0,1
AT004989,W056,09-07-2026,1,3,0
AT004990,W056,10-07-2026,1,12,0
AT004991,W056,11-07-2026,1,7,0
AT004992,W056,12-07-2026,0,0,0
AT004993,W056,13-07-2026,1,8,0
AT004994,W056,14-07-2026,1,0,0
AT004995,W056,15-07-2026,1,1,0
AT004996,W056,16-07-2026,1,0,0
AT004997,W056,17-07-2026,0,0,1
AT004998,W056,18-07-2026,1,6,0
AT004999,W056,19-07-2026,0,0,0
AT005000,W056,20-07-2026,1,0,0
AT005001,W056,21-07-2026,1,19,0
AT005002,W056,22-07-2026,1,4,0
AT005003,W056,23-07-2026,1,4,0
AT005004,W056,24-07-2026,1,9,0
AT005005,W056,25-07-2026,1,0,0
AT005006,W056,26-07-2026,0,0,0
AT005007,W056,27-07-2026,1,3,0
AT005008,W056,28-07-2026,1,5,0
AT005009,W056,29-07-2026,1,6,0
AT005010,W056,30-07-2026,1,0,0
AT005011,W056,31-07-2026,1,0,0
AT005012,W056,01-08-2026,1,0,0
AT005013,W056,02-08-2026,0,0,0
AT005014,W056,03-08-2026,1,4,0
AT005015,W056,04-08-2026,1,2,0
AT005016,W056,05-08-2026,1,0,0
AT005017,W056,06-08-2026,1,0,0
AT005018,W056,07-08-2026,1,8,0
AT005019,W056,08-08-2026,1,0,0
AT005020,W056,09-08-2026,0,0,0
AT005021,W056,10-08-2026,1,6,0
AT005022,W056,11-08-2026,1,5,0
AT005023,W056,12-08-2026,1,10,0
AT005024,W056,13-08-2026,1,7,0
AT005025,W056,14-08-2026,1,2,0
AT005026,W056,15-08-2026,1,16,0
AT005027,W056,16-08-2026,1,5,0
AT005028,W056,17-08-2026,1,3,0
AT005029,W056,18-08-2026,1,0,0
AT005030,W056,19-08-2026,1,6,0
AT005031,W056,20-08-2026,1,2,0
AT005032,W056,21-08-2026,1,5,0
AT005033,W056,22-08-2026,1,8,0
AT005034,W056,23-08-2026,0,0,0
AT005035,W056,24-08-2026,1,4,0
AT005036,W056,25-08-2026,1,0,0
AT005037,W056,26-08-2026,1,8,0
AT005038,W056,27-08-2026,1,3,0
AT005039,W056,28-08-2026,1,10,0
AT005040,W056,29-08-2026,1,10,0
AT005041,W057,01-06-2026,1,0,0
AT005042,W057,02-06-2026,1,9,0
AT005043,W057,03-06-2026,1,14,0
AT005044,W057,04-06-2026,1,0,0
AT005045,W057,05-06-2026,1,0,0
AT005046,W057,06-06-2026,1,0,0
AT005047,W057,07-06-2026,0,0,0
AT005048,W057,08-06-2026,1,6,0
AT005049,W057,09-06-2026,1,9,0
AT005050,W057,10-06-2026,1,10,0
AT005051,W057,11-06-2026,1,0,0
AT005052,W057,12-06-2026,0,0,1
AT005053,W057,13-06-2026,0,0,1
AT005054,W057,14-06-2026,0,0,0
AT005055,W057,15-06-2026,1,1,0
AT005056,W057,16-06-2026,1,0,0
AT005057,W057,17-06-2026,1,2,0
AT005058,W057,18-06-2026,1,0,0
AT005059,W057,19-06-2026,1,4,0
AT005060,W057,20-06-2026,1,5,0
AT005061,W057,21-06-2026,1,4,0
AT005062,W057,22-06-2026,1,0,0
AT005063,W057,23-06-2026,0,0,1
AT005064,W057,24-06-2026,1,7,0
AT005065,W057,25-06-2026,1,3,0
AT005066,W057,26-06-2026,1,5,0
AT005067,W057,27-06-2026,0,0,1
AT005068,W057,28-06-2026,0,0,0
AT005069,W057,29-06-2026,1,4,0
AT005070,W057,30-06-2026,1,3,0
AT005071,W057,01-07-2026,1,18,0
AT005072,W057,02-07-2026,1,6,0
AT005073,W057,03-07-2026,1,17,0
AT005074,W057,04-07-2026,1,5,0
AT005075,W057,05-07-2026,0,0,0
AT005076,W057,06-07-2026,1,0,0
AT005077,W057,07-07-2026,1,0,0
AT005078,W057,08-07-2026,1,9,0
AT005079,W057,09-07-2026,1,0,0
AT005080,W057,10-07-2026,1,15,0
AT005081,W057,11-07-2026,1,5,0
AT005082,W057,12-07-2026,0,0,0
AT005083,W057,13-07-2026,1,12,0
AT005084,W057,14-07-2026,1,0,0
AT005085,W057,15-07-2026,1,14,0
AT005086,W057,16-07-2026,1,13,0
AT005087,W057,17-07-2026,1,0,0
AT005088,W057,18-07-2026,1,6,0
AT005089,W057,19-07-2026,0,0,0
AT005090,W057,20-07-2026,1,7,0
AT005091,W057,21-07-2026,1,3,0
AT005092,W057,22-07-2026,1,8,0
AT005093,W057,23-07-2026,1,10,0
AT005094,W057,24-07-2026,1,8,0
AT005095,W057,25-07-2026,1,6,0
AT005096,W057,26-07-2026,0,0,0
AT005097,W057,27-07-2026,1,6,0
AT005098,W057,28-07-2026,1,3,0
AT005099,W057,29-07-2026,1,4,0
AT005100,W057,30-07-2026,1,2,0
AT005101,W057,31-07-2026,1,0,0
AT005102,W057,01-08-2026,1,14,0
AT005103,W057,02-08-2026,0,0,0
AT005104,W057,03-08-2026,1,6,0
AT005105,W057,04-08-2026,1,9,0
AT005106,W057,05-08-2026,1,1,0
AT005107,W057,06-08-2026,1,2,0
AT005108,W057,07-08-2026,1,7,0
AT005109,W057,08-08-2026,1,1,0
AT005110,W057,09-08-2026,0,0,0
AT005111,W057,10-08-2026,1,11,0
AT005112,W057,11-08-2026,1,1,0
AT005113,W057,12-08-2026,1,1,0
AT005114,W057,13-08-2026,1,0,0
AT005115,W057,14-08-2026,1,13,0
AT005116,W057,15-08-2026,1,11,0
AT005117,W057,16-08-2026,0,0,0
AT005118,W057,17-08-2026,1,17,0
AT005119,W057,18-08-2026,1,6,0
AT005120,W057,19-08-2026,1,7,0
AT005121,W057,20-08-2026,1,7,0
AT005122,W057,21-08-2026,1,3,0
AT005123,W057,22-08-2026,1,5,0
AT005124,W057,23-08-2026,0,0,0
AT005125,W057,24-08-2026,1,0,0
AT005126,W057,25-08-2026,0,0,1
AT005127,W057,26-08-2026,1,11,0
AT005128,W057,27-08-2026,1,11,0
AT005129,W057,28-08-2026,1,10,0
AT005130,W057,29-08-2026,1,0,0
AT005131,W058,01-06-2026,1,9,0
AT005132,W058,02-06-2026,1,2,0
AT005133,W058,03-06-2026,1,8,0
AT005134,W058,04-06-2026,1,4,0
AT005135,W058,05-06-2026,1,4,0
AT005136,W058,06-06-2026,1,9,0
AT005137,W058,07-06-2026,0,0,0
AT005138,W058,08-06-2026,1,0,0
AT005139,W058,09-06-2026,1,0,0
AT005140,W058,10-06-2026,1,21,0
AT005141,W058,11-06-2026,1,2,0
AT005142,W058,12-06-2026,1,3,0
AT005143,W058,13-06-2026,1,0,0
AT005144,W058,14-06-2026,0,0,0
AT005145,W058,15-06-2026,1,1,0
AT005146,W058,16-06-2026,1,7,0
AT005147,W058,17-06-2026,1,9,0
AT005148,W058,18-06-2026,1,4,0
AT005149,W058,19-06-2026,1,3,0
AT005150,W058,20-06-2026,1,6,0
AT005151,W058,21-06-2026,0,0,0
AT005152,W058,22-06-2026,1,5,0
AT005153,W058,23-06-2026,1,0,0
AT005154,W058,24-06-2026,1,9,0
AT005155,W058,25-06-2026,0,0,1
AT005156,W058,26-06-2026,1,2,0
AT005157,W058,27-06-2026,1,9,0
AT005158,W058,28-06-2026,1,11,0
AT005159,W058,29-06-2026,1,5,0
AT005160,W058,30-06-2026,1,3,0
AT005161,W058,01-07-2026,1,10,0
AT005162,W058,02-07-2026,1,3,0
AT005163,W058,03-07-2026,1,7,0
AT005164,W058,04-07-2026,1,8,0
AT005165,W058,05-07-2026,0,0,0
AT005166,W058,06-07-2026,1,0,0
AT005167,W058,07-07-2026,1,2,0
AT005168,W058,08-07-2026,1,0,0
AT005169,W058,09-07-2026,1,3,0
AT005170,W058,10-07-2026,1,8,0
AT005171,W058,11-07-2026,1,2,0
AT005172,W058,12-07-2026,0,0,0
AT005173,W058,13-07-2026,1,11,0
AT005174,W058,14-07-2026,1,1,0
AT005175,W058,15-07-2026,1,1,0
AT005176,W058,16-07-2026,1,0,0
AT005177,W058,17-07-2026,1,2,0
AT005178,W058,18-07-2026,1,3,0
AT005179,W058,19-07-2026,0,0,0
AT005180,W058,20-07-2026,1,6,0
AT005181,W058,21-07-2026,1,0,0
AT005182,W058,22-07-2026,1,0,0
AT005183,W058,23-07-2026,1,9,0
AT005184,W058,24-07-2026,1,8,0
AT005185,W058,25-07-2026,1,11,0
AT005186,W058,26-07-2026,0,0,0
AT005187,W058,27-07-2026,1,5,0
AT005188,W058,28-07-2026,1,16,0
AT005189,W058,29-07-2026,1,7,0
AT005190,W058,30-07-2026,1,13,0
AT005191,W058,31-07-2026,1,0,0
AT005192,W058,01-08-2026,1,8,0
AT005193,W058,02-08-2026,0,0,0
AT005194,W058,03-08-2026,1,7,0
AT005195,W058,04-08-2026,1,3,0
AT005196,W058,05-08-2026,1,9,0
AT005197,W058,06-08-2026,1,2,0
AT005198,W058,07-08-2026,1,7,0
AT005199,W058,08-08-2026,1,0,0
AT005200,W058,09-08-2026,1,0,0
AT005201,W058,10-08-2026,1,0,0
AT005202,W058,11-08-2026,1,0,0
AT005203,W058,12-08-2026,1,9,0
AT005204,W058,13-08-2026,1,5,0
AT005205,W058,14-08-2026,1,0,0
AT005206,W058,15-08-2026,1,7,0
AT005207,W058,16-08-2026,0,0,0
AT005208,W058,17-08-2026,1,4,0
AT005209,W058,18-08-2026,1,3,0
AT005210,W058,19-08-2026,1,1,0
AT005211,W058,20-08-2026,1,10,0
AT005212,W058,21-08-2026,1,2,0
AT005213,W058,22-08-2026,1,14,0
AT005214,W058,23-08-2026,0,0,0
AT005215,W058,24-08-2026,1,7,0
AT005216,W058,25-08-2026,1,8,0
AT005217,W058,26-08-2026,1,6,0
AT005218,W058,27-08-2026,0,0,1
AT005219,W058,28-08-2026,1,0,0
AT005220,W058,29-08-2026,1,1,0
AT005221,W059,01-06-2026,1,2,0
AT005222,W059,02-06-2026,1,12,0
AT005223,W059,03-06-2026,1,13,0
AT005224,W059,04-06-2026,1,2,0
AT005225,W059,05-06-2026,1,7,0
AT005226,W059,06-06-2026,1,0,0
AT005227,W059,07-06-2026,0,0,0
AT005228,W059,08-06-2026,1,9,0
AT005229,W059,09-06-2026,1,0,0
AT005230,W059,10-06-2026,1,0,0
AT005231,W059,11-06-2026,1,0,0
AT005232,W059,12-06-2026,1,10,0
AT005233,W059,13-06-2026,1,2,0
AT005234,W059,14-06-2026,0,0,0
AT005235,W059,15-06-2026,1,5,0
AT005236,W059,16-06-2026,1,0,0
AT005237,W059,17-06-2026,1,9,0
AT005238,W059,18-06-2026,1,1,0
AT005239,W059,19-06-2026,1,8,0
AT005240,W059,20-06-2026,1,0,0
AT005241,W059,21-06-2026,0,0,0
AT005242,W059,22-06-2026,1,1,0
AT005243,W059,23-06-2026,1,0,0
AT005244,W059,24-06-2026,1,10,0
AT005245,W059,25-06-2026,1,2,0
AT005246,W059,26-06-2026,1,0,0
AT005247,W059,27-06-2026,1,0,0
AT005248,W059,28-06-2026,0,0,0
AT005249,W059,29-06-2026,1,4,0
AT005250,W059,30-06-2026,1,2,0
AT005251,W059,01-07-2026,1,10,0
AT005252,W059,02-07-2026,1,6,0
AT005253,W059,03-07-2026,1,6,0
AT005254,W059,04-07-2026,1,7,0
AT005255,W059,05-07-2026,0,0,0
AT005256,W059,06-07-2026,1,9,0
AT005257,W059,07-07-2026,1,0,0
AT005258,W059,08-07-2026,1,6,0
AT005259,W059,09-07-2026,1,7,0
AT005260,W059,10-07-2026,1,9,0
AT005261,W059,11-07-2026,1,0,0
AT005262,W059,12-07-2026,0,0,0
AT005263,W059,13-07-2026,1,5,0
AT005264,W059,14-07-2026,1,8,0
AT005265,W059,15-07-2026,1,2,0
AT005266,W059,16-07-2026,1,0,0
AT005267,W059,17-07-2026,1,0,0
AT005268,W059,18-07-2026,1,8,0
AT005269,W059,19-07-2026,0,0,0
AT005270,W059,20-07-2026,0,0,1
AT005271,W059,21-07-2026,1,2,0
AT005272,W059,22-07-2026,1,2,0
AT005273,W059,23-07-2026,1,6,0
AT005274,W059,24-07-2026,1,1,0
AT005275,W059,25-07-2026,1,9,0
AT005276,W059,26-07-2026,0,0,0
AT005277,W059,27-07-2026,1,2,0
AT005278,W059,28-07-2026,1,7,0
AT005279,W059,29-07-2026,1,15,0
AT005280,W059,30-07-2026,1,0,0
AT005281,W059,31-07-2026,1,3,0
AT005282,W059,01-08-2026,1,7,0
AT005283,W059,02-08-2026,0,0,0
AT005284,W059,03-08-2026,1,10,0
AT005285,W059,04-08-2026,1,17,0
AT005286,W059,05-08-2026,1,5,0
AT005287,W059,06-08-2026,1,5,0
AT005288,W059,07-08-2026,1,12,0
AT005289,W059,08-08-2026,1,9,0
AT005290,W059,09-08-2026,0,0,0
AT005291,W059,10-08-2026,1,13,0
AT005292,W059,11-08-2026,1,5,0
AT005293,W059,12-08-2026,1,6,0
AT005294,W059,13-08-2026,1,14,0
AT005295,W059,14-08-2026,1,0,0
AT005296,W059,15-08-2026,1,14,0
AT005297,W059,16-08-2026,0,0,0
AT005298,W059,17-08-2026,1,7,0
AT005299,W059,18-08-2026,1,1,0
AT005300,W059,19-08-2026,1,0,0
AT005301,W059,20-08-2026,1,8,0
AT005302,W059,21-08-2026,1,5,0
AT005303,W059,22-08-2026,1,3,0
AT005304,W059,23-08-2026,1,4,0
AT005305,W059,24-08-2026,1,7,0
AT005306,W059,25-08-2026,1,2,0
AT005307,W059,26-08-2026,1,1,0
AT005308,W059,27-08-2026,1,6,0
AT005309,W059,28-08-2026,1,10,0
AT005310,W059,29-08-2026,0,0,1
AT005311,W060,01-06-2026,1,1,0
AT005312,W060,02-06-2026,1,0,0
AT005313,W060,03-06-2026,1,0,0
AT005314,W060,04-06-2026,1,4,0
AT005315,W060,05-06-2026,1,0,0
AT005316,W060,06-06-2026,1,9,0
AT005317,W060,07-06-2026,0,0,0
AT005318,W060,08-06-2026,0,0,1
AT005319,W060,09-06-2026,1,0,0
AT005320,W060,10-06-2026,1,2,0
AT005321,W060,11-06-2026,1,8,0
AT005322,W060,12-06-2026,1,0,0
AT005323,W060,13-06-2026,1,5,0
AT005324,W060,14-06-2026,0,0,0
AT005325,W060,15-06-2026,1,4,0
AT005326,W060,16-06-2026,1,2,0
AT005327,W060,17-06-2026,1,0,0
AT005328,W060,18-06-2026,1,0,0
AT005329,W060,19-06-2026,1,11,0
AT005330,W060,20-06-2026,1,3,0
AT005331,W060,21-06-2026,0,0,0
AT005332,W060,22-06-2026,1,4,0
AT005333,W060,23-06-2026,1,6,0
AT005334,W060,24-06-2026,0,0,1
AT005335,W060,25-06-2026,1,0,0
AT005336,W060,26-06-2026,1,6,0
AT005337,W060,27-06-2026,1,0,0
AT005338,W060,28-06-2026,0,0,0
AT005339,W060,29-06-2026,1,0,0
AT005340,W060,30-06-2026,1,5,0
AT005341,W060,01-07-2026,1,2,0
AT005342,W060,02-07-2026,1,0,0
AT005343,W060,03-07-2026,1,4,0
AT005344,W060,04-07-2026,1,2,0
AT005345,W060,05-07-2026,0,0,0
AT005346,W060,06-07-2026,1,3,0
AT005347,W060,07-07-2026,1,0,0
AT005348,W060,08-07-2026,1,0,0
AT005349,W060,09-07-2026,1,0,0
AT005350,W060,10-07-2026,1,0,0
AT005351,W060,11-07-2026,1,9,0
AT005352,W060,12-07-2026,0,0,0
AT005353,W060,13-07-2026,1,0,0
AT005354,W060,14-07-2026,1,0,0
AT005355,W060,15-07-2026,1,5,0
AT005356,W060,16-07-2026,1,1,0
AT005357,W060,17-07-2026,1,0,0
AT005358,W060,18-07-2026,1,7,0
AT005359,W060,19-07-2026,0,0,0
AT005360,W060,20-07-2026,1,4,0
AT005361,W060,21-07-2026,1,8,0
AT005362,W060,22-07-2026,1,9,0
AT005363,W060,23-07-2026,1,0,0
AT005364,W060,24-07-2026,1,4,0
AT005365,W060,25-07-2026,1,13,0
AT005366,W060,26-07-2026,0,0,0
AT005367,W060,27-07-2026,1,2,0
AT005368,W060,28-07-2026,1,9,0
AT005369,W060,29-07-2026,1,2,0
AT005370,W060,30-07-2026,1,0,0
AT005371,W060,31-07-2026,1,4,0
AT005372,W060,01-08-2026,1,9,0
AT005373,W060,02-08-2026,0,0,0
AT005374,W060,03-08-2026,1,1,0
AT005375,W060,04-08-2026,1,2,0
AT005376,W060,05-08-2026,1,2,0
AT005377,W060,06-08-2026,1,7,0
AT005378,W060,07-08-2026,1,4,0
AT005379,W060,08-08-2026,1,8,0
AT005380,W060,09-08-2026,0,0,0
AT005381,W060,10-08-2026,1,0,0
AT005382,W060,11-08-2026,1,3,0
AT005383,W060,12-08-2026,1,11,0
AT005384,W060,13-08-2026,1,0,0
AT005385,W060,14-08-2026,1,13,0
AT005386,W060,15-08-2026,1,0,0
AT005387,W060,16-08-2026,0,0,0
AT005388,W060,17-08-2026,1,0,0
AT005389,W060,18-08-2026,1,6,0
AT005390,W060,19-08-2026,1,0,0
AT005391,W060,20-08-2026,1,0,0
AT005392,W060,21-08-2026,1,5,0
AT005393,W060,22-08-2026,1,5,0
AT005394,W060,23-08-2026,0,0,0
AT005395,W060,24-08-2026,1,1,0
AT005396,W060,25-08-2026,1,5,0
AT005397,W060,26-08-2026,1,0,0
AT005398,W060,27-08-2026,1,2,0
AT005399,W060,28-08-2026,1,2,0
AT005400,W060,29-08-2026,1,0,0
AT005401,W061,01-06-2026,1,5,0
AT005402,W061,02-06-2026,1,0,0
AT005403,W061,03-06-2026,1,4,0
AT005404,W061,04-06-2026,1,9,0
AT005405,W061,05-06-2026,1,2,0
AT005406,W061,06-06-2026,1,0,0
AT005407,W061,07-06-2026,0,0,0
AT005408,W061,08-06-2026,1,5,0
AT005409,W061,09-06-2026,1,3,0
AT005410,W061,10-06-2026,1,7,0
AT005411,W061,11-06-2026,1,7,0
AT005412,W061,12-06-2026,1,4,0
AT005413,W061,13-06-2026,1,3,0
AT005414,W061,14-06-2026,0,0,0
AT005415,W061,15-06-2026,1,4,0
AT005416,W061,16-06-2026,1,2,0
AT005417,W061,17-06-2026,0,0,1
AT005418,W061,18-06-2026,1,8,0
AT005419,W061,19-06-2026,1,0,0
AT005420,W061,20-06-2026,1,9,0
AT005421,W061,21-06-2026,0,0,0
AT005422,W061,22-06-2026,1,9,0
AT005423,W061,23-06-2026,1,4,0
AT005424,W061,24-06-2026,1,0,0
AT005425,W061,25-06-2026,1,6,0
AT005426,W061,26-06-2026,1,8,0
AT005427,W061,27-06-2026,1,8,0
AT005428,W061,28-06-2026,0,0,0
AT005429,W061,29-06-2026,1,2,0
AT005430,W061,30-06-2026,1,0,0
AT005431,W061,01-07-2026,1,0,0
AT005432,W061,02-07-2026,1,0,0
AT005433,W061,03-07-2026,1,2,0
AT005434,W061,04-07-2026,1,1,0
AT005435,W061,05-07-2026,0,0,0
AT005436,W061,06-07-2026,1,8,0
AT005437,W061,07-07-2026,1,0,0
AT005438,W061,08-07-2026,1,5,0
AT005439,W061,09-07-2026,1,5,0
AT005440,W061,10-07-2026,1,7,0
AT005441,W061,11-07-2026,1,2,0
AT005442,W061,12-07-2026,1,5,0
AT005443,W061,13-07-2026,0,0,1
AT005444,W061,14-07-2026,1,2,0
AT005445,W061,15-07-2026,1,0,0
AT005446,W061,16-07-2026,1,1,0
AT005447,W061,17-07-2026,1,0,0
AT005448,W061,18-07-2026,1,7,0
AT005449,W061,19-07-2026,0,0,0
AT005450,W061,20-07-2026,1,0,0
AT005451,W061,21-07-2026,1,0,0
AT005452,W061,22-07-2026,1,3,0
AT005453,W061,23-07-2026,1,0,0
AT005454,W061,24-07-2026,1,6,0
AT005455,W061,25-07-2026,1,10,0
AT005456,W061,26-07-2026,0,0,0
AT005457,W061,27-07-2026,1,7,0
AT005458,W061,28-07-2026,1,3,0
AT005459,W061,29-07-2026,1,3,0
AT005460,W061,30-07-2026,1,3,0
AT005461,W061,31-07-2026,1,1,0
AT005462,W061,01-08-2026,1,8,0
AT005463,W061,02-08-2026,0,0,0
AT005464,W061,03-08-2026,1,1,0
AT005465,W061,04-08-2026,1,3,0
AT005466,W061,05-08-2026,1,9,0
AT005467,W061,06-08-2026,1,4,0
AT005468,W061,07-08-2026,1,6,0
AT005469,W061,08-08-2026,1,4,0
AT005470,W061,09-08-2026,0,0,0
AT005471,W061,10-08-2026,1,0,0
AT005472,W061,11-08-2026,1,0,0
AT005473,W061,12-08-2026,1,5,0
AT005474,W061,13-08-2026,1,0,0
AT005475,W061,14-08-2026,1,9,0
AT005476,W061,15-08-2026,1,0,0
AT005477,W061,16-08-2026,0,0,0
AT005478,W061,17-08-2026,1,0,0
AT005479,W061,18-08-2026,1,11,0
AT005480,W061,19-08-2026,1,9,0
AT005481,W061,20-08-2026,1,0,0
AT005482,W061,21-08-2026,1,10,0
AT005483,W061,22-08-2026,0,0,1
AT005484,W061,23-08-2026,0,0,0
AT005485,W061,24-08-2026,1,18,0
AT005486,W061,25-08-2026,1,5,0
AT005487,W061,26-08-2026,1,6,0
AT005488,W061,27-08-2026,1,0,0
AT005489,W061,28-08-2026,1,5,0
AT005490,W061,29-08-2026,1,1,0
AT005491,W062,01-06-2026,0,0,1
AT005492,W062,02-06-2026,1,0,0
AT005493,W062,03-06-2026,1,5,0
AT005494,W062,04-06-2026,1,0,0
AT005495,W062,05-06-2026,0,0,1
AT005496,W062,06-06-2026,1,6,0
AT005497,W062,07-06-2026,1,0,0
AT005498,W062,08-06-2026,1,1,0
AT005499,W062,09-06-2026,1,6,0
AT005500,W062,10-06-2026,1,6,0
AT005501,W062,11-06-2026,1,6,0
AT005502,W062,12-06-2026,1,9,0
AT005503,W062,13-06-2026,1,0,0
AT005504,W062,14-06-2026,0,0,0
AT005505,W062,15-06-2026,1,0,0
AT005506,W062,16-06-2026,1,11,0
AT005507,W062,17-06-2026,1,9,0
AT005508,W062,18-06-2026,1,2,0
AT005509,W062,19-06-2026,1,13,0
AT005510,W062,20-06-2026,1,0,0
AT005511,W062,21-06-2026,0,0,0
AT005512,W062,22-06-2026,1,7,0
AT005513,W062,23-06-2026,1,1,0
AT005514,W062,24-06-2026,1,6,0
AT005515,W062,25-06-2026,1,1,0
AT005516,W062,26-06-2026,1,5,0
AT005517,W062,27-06-2026,1,0,0
AT005518,W062,28-06-2026,1,9,0
AT005519,W062,29-06-2026,0,0,1
AT005520,W062,30-06-2026,1,16,0
AT005521,W062,01-07-2026,1,4,0
AT005522,W062,02-07-2026,1,0,0
AT005523,W062,03-07-2026,1,5,0
AT005524,W062,04-07-2026,1,5,0
AT005525,W062,05-07-2026,0,0,0
AT005526,W062,06-07-2026,1,9,0
AT005527,W062,07-07-2026,1,8,0
AT005528,W062,08-07-2026,1,10,0
AT005529,W062,09-07-2026,1,0,0
AT005530,W062,10-07-2026,0,0,1
AT005531,W062,11-07-2026,1,10,0
AT005532,W062,12-07-2026,0,0,0
AT005533,W062,13-07-2026,1,14,0
AT005534,W062,14-07-2026,1,5,0
AT005535,W062,15-07-2026,1,0,0
AT005536,W062,16-07-2026,1,4,0
AT005537,W062,17-07-2026,1,8,0
AT005538,W062,18-07-2026,1,6,0
AT005539,W062,19-07-2026,0,0,0
AT005540,W062,20-07-2026,1,0,0
AT005541,W062,21-07-2026,1,2,0
AT005542,W062,22-07-2026,1,3,0
AT005543,W062,23-07-2026,1,0,0
AT005544,W062,24-07-2026,1,6,0
AT005545,W062,25-07-2026,1,17,0
AT005546,W062,26-07-2026,0,0,0
AT005547,W062,27-07-2026,0,0,1
AT005548,W062,28-07-2026,1,0,0
AT005549,W062,29-07-2026,1,3,0
AT005550,W062,30-07-2026,1,4,0
AT005551,W062,31-07-2026,1,10,0
AT005552,W062,01-08-2026,1,7,0
AT005553,W062,02-08-2026,1,1,0
AT005554,W062,03-08-2026,1,5,0
AT005555,W062,04-08-2026,1,5,0
AT005556,W062,05-08-2026,1,9,0
AT005557,W062,06-08-2026,1,16,0
AT005558,W062,07-08-2026,1,6,0
AT005559,W062,08-08-2026,1,4,0
AT005560,W062,09-08-2026,1,15,0
AT005561,W062,10-08-2026,1,7,0
AT005562,W062,11-08-2026,1,0,0
AT005563,W062,12-08-2026,1,12,0
AT005564,W062,13-08-2026,1,6,0
AT005565,W062,14-08-2026,1,4,0
AT005566,W062,15-08-2026,1,4,0
AT005567,W062,16-08-2026,1,18,0
AT005568,W062,17-08-2026,1,11,0
AT005569,W062,18-08-2026,1,5,0
AT005570,W062,19-08-2026,1,5,0
AT005571,W062,20-08-2026,1,11,0
AT005572,W062,21-08-2026,1,4,0
AT005573,W062,22-08-2026,1,6,0
AT005574,W062,23-08-2026,0,0,0
AT005575,W062,24-08-2026,1,0,0
AT005576,W062,25-08-2026,0,0,1
AT005577,W062,26-08-2026,1,9,0
AT005578,W062,27-08-2026,1,2,0
AT005579,W062,28-08-2026,1,8,0
AT005580,W062,29-08-2026,1,5,0
AT005581,W063,01-06-2026,1,0,0
AT005582,W063,02-06-2026,1,0,0
AT005583,W063,03-06-2026,1,0,0
AT005584,W063,04-06-2026,1,0,0
AT005585,W063,05-06-2026,1,7,0
AT005586,W063,06-06-2026,1,8,0
AT005587,W063,07-06-2026,1,0,0
AT005588,W063,08-06-2026,1,3,0
AT005589,W063,09-06-2026,1,2,0
AT005590,W063,10-06-2026,0,0,1
AT005591,W063,11-06-2026,1,0,0
AT005592,W063,12-06-2026,1,6,0
AT005593,W063,13-06-2026,1,0,0
AT005594,W063,14-06-2026,0,0,0
AT005595,W063,15-06-2026,1,4,0
AT005596,W063,16-06-2026,1,0,0
AT005597,W063,17-06-2026,0,0,1
AT005598,W063,18-06-2026,1,5,0
AT005599,W063,19-06-2026,1,14,0
AT005600,W063,20-06-2026,1,8,0
AT005601,W063,21-06-2026,0,0,0
AT005602,W063,22-06-2026,1,0,0
AT005603,W063,23-06-2026,1,0,0
AT005604,W063,24-06-2026,1,6,0
AT005605,W063,25-06-2026,1,0,0
AT005606,W063,26-06-2026,1,0,0
AT005607,W063,27-06-2026,1,1,0
AT005608,W063,28-06-2026,0,0,0
AT005609,W063,29-06-2026,1,3,0
AT005610,W063,30-06-2026,1,14,0
AT005611,W063,01-07-2026,1,3,0
AT005612,W063,02-07-2026,1,11,0
AT005613,W063,03-07-2026,1,0,0
AT005614,W063,04-07-2026,1,5,0
AT005615,W063,05-07-2026,1,10,0
AT005616,W063,06-07-2026,1,3,0
AT005617,W063,07-07-2026,1,9,0
AT005618,W063,08-07-2026,1,1,0
AT005619,W063,09-07-2026,1,0,0
AT005620,W063,10-07-2026,1,4,0
AT005621,W063,11-07-2026,1,12,0
AT005622,W063,12-07-2026,0,0,0
AT005623,W063,13-07-2026,1,7,0
AT005624,W063,14-07-2026,1,2,0
AT005625,W063,15-07-2026,1,8,0
AT005626,W063,16-07-2026,1,14,0
AT005627,W063,17-07-2026,1,11,0
AT005628,W063,18-07-2026,1,0,0
AT005629,W063,19-07-2026,0,0,0
AT005630,W063,20-07-2026,1,6,0
AT005631,W063,21-07-2026,1,9,0
AT005632,W063,22-07-2026,1,3,0
AT005633,W063,23-07-2026,1,2,0
AT005634,W063,24-07-2026,1,8,0
AT005635,W063,25-07-2026,1,11,0
AT005636,W063,26-07-2026,0,0,0
AT005637,W063,27-07-2026,1,2,0
AT005638,W063,28-07-2026,1,11,0
AT005639,W063,29-07-2026,1,5,0
AT005640,W063,30-07-2026,1,2,0
AT005641,W063,31-07-2026,1,16,0
AT005642,W063,01-08-2026,1,6,0
AT005643,W063,02-08-2026,0,0,0
AT005644,W063,03-08-2026,1,0,0
AT005645,W063,04-08-2026,1,4,0
AT005646,W063,05-08-2026,0,0,1
AT005647,W063,06-08-2026,1,5,0
AT005648,W063,07-08-2026,1,4,0
AT005649,W063,08-08-2026,1,8,0
AT005650,W063,09-08-2026,1,8,0
AT005651,W063,10-08-2026,1,0,0
AT005652,W063,11-08-2026,1,8,0
AT005653,W063,12-08-2026,1,0,0
AT005654,W063,13-08-2026,1,9,0
AT005655,W063,14-08-2026,1,8,0
AT005656,W063,15-08-2026,1,7,0
AT005657,W063,16-08-2026,0,0,0
AT005658,W063,17-08-2026,1,9,0
AT005659,W063,18-08-2026,1,2,0
AT005660,W063,19-08-2026,1,0,0
AT005661,W063,20-08-2026,1,6,0
AT005662,W063,21-08-2026,1,6,0
AT005663,W063,22-08-2026,1,0,0
AT005664,W063,23-08-2026,1,10,0
AT005665,W063,24-08-2026,1,6,0
AT005666,W063,25-08-2026,1,0,0
AT005667,W063,26-08-2026,1,12,0
AT005668,W063,27-08-2026,1,8,0
AT005669,W063,28-08-2026,1,8,0
AT005670,W063,29-08-2026,1,7,0
AT005671,W064,01-06-2026,1,4,0
AT005672,W064,02-06-2026,1,0,0
AT005673,W064,03-06-2026,1,17,0
AT005674,W064,04-06-2026,1,2,0
AT005675,W064,05-06-2026,1,0,0
AT005676,W064,06-06-2026,0,0,1
AT005677,W064,07-06-2026,0,0,0
AT005678,W064,08-06-2026,1,2,0
AT005679,W064,09-06-2026,1,9,0
AT005680,W064,10-06-2026,1,8,0
AT005681,W064,11-06-2026,1,11,0
AT005682,W064,12-06-2026,1,4,0
AT005683,W064,13-06-2026,0,0,1
AT005684,W064,14-06-2026,0,0,0
AT005685,W064,15-06-2026,1,10,0
AT005686,W064,16-06-2026,1,7,0
AT005687,W064,17-06-2026,0,0,1
AT005688,W064,18-06-2026,1,3,0
AT005689,W064,19-06-2026,1,0,0
AT005690,W064,20-06-2026,1,0,0
AT005691,W064,21-06-2026,0,0,0
AT005692,W064,22-06-2026,1,0,0
AT005693,W064,23-06-2026,1,0,0
AT005694,W064,24-06-2026,1,0,0
AT005695,W064,25-06-2026,0,0,1
AT005696,W064,26-06-2026,1,9,0
AT005697,W064,27-06-2026,1,5,0
AT005698,W064,28-06-2026,0,0,0
AT005699,W064,29-06-2026,1,0,0
AT005700,W064,30-06-2026,1,0,0
AT005701,W064,01-07-2026,1,7,0
AT005702,W064,02-07-2026,1,7,0
AT005703,W064,03-07-2026,1,2,0
AT005704,W064,04-07-2026,1,10,0
AT005705,W064,05-07-2026,0,0,0
AT005706,W064,06-07-2026,1,2,0
AT005707,W064,07-07-2026,1,10,0
AT005708,W064,08-07-2026,1,9,0
AT005709,W064,09-07-2026,1,6,0
AT005710,W064,10-07-2026,1,3,0
AT005711,W064,11-07-2026,1,5,0
AT005712,W064,12-07-2026,0,0,0
AT005713,W064,13-07-2026,1,7,0
AT005714,W064,14-07-2026,1,0,0
AT005715,W064,15-07-2026,1,7,0
AT005716,W064,16-07-2026,1,3,0
AT005717,W064,17-07-2026,1,0,0
AT005718,W064,18-07-2026,1,7,0
AT005719,W064,19-07-2026,0,0,0
AT005720,W064,20-07-2026,1,4,0
AT005721,W064,21-07-2026,1,1,0
AT005722,W064,22-07-2026,1,4,0
AT005723,W064,23-07-2026,1,3,0
AT005724,W064,24-07-2026,1,0,0
AT005725,W064,25-07-2026,1,3,0
AT005726,W064,26-07-2026,1,9,0
AT005727,W064,27-07-2026,1,6,0
AT005728,W064,28-07-2026,1,1,0
AT005729,W064,29-07-2026,0,0,1
AT005730,W064,30-07-2026,1,8,0
AT005731,W064,31-07-2026,1,13,0
AT005732,W064,01-08-2026,1,0,0
AT005733,W064,02-08-2026,0,0,0
AT005734,W064,03-08-2026,1,6,0
AT005735,W064,04-08-2026,1,8,0
AT005736,W064,05-08-2026,1,4,0
AT005737,W064,06-08-2026,0,0,1
AT005738,W064,07-08-2026,1,2,0
AT005739,W064,08-08-2026,1,5,0
AT005740,W064,09-08-2026,0,0,0
AT005741,W064,10-08-2026,1,7,0
AT005742,W064,11-08-2026,1,2,0
AT005743,W064,12-08-2026,1,4,0
AT005744,W064,13-08-2026,1,4,0
AT005745,W064,14-08-2026,1,0,0
AT005746,W064,15-08-2026,1,4,0
AT005747,W064,16-08-2026,0,0,0
AT005748,W064,17-08-2026,1,0,0
AT005749,W064,18-08-2026,1,4,0
AT005750,W064,19-08-2026,1,0,0
AT005751,W064,20-08-2026,1,0,0
AT005752,W064,21-08-2026,1,0,0
AT005753,W064,22-08-2026,1,0,0
AT005754,W064,23-08-2026,0,0,0
AT005755,W064,24-08-2026,1,0,0
AT005756,W064,25-08-2026,1,4,0
AT005757,W064,26-08-2026,1,8,0
AT005758,W064,27-08-2026,1,4,0
AT005759,W064,28-08-2026,1,0,0
AT005760,W064,29-08-2026,1,13,0
AT005761,W065,01-06-2026,1,6,0
AT005762,W065,02-06-2026,1,11,0
AT005763,W065,03-06-2026,1,4,0
AT005764,W065,04-06-2026,1,3,0
AT005765,W065,05-06-2026,1,0,0
AT005766,W065,06-06-2026,1,4,0
AT005767,W065,07-06-2026,0,0,0
AT005768,W065,08-06-2026,1,0,0
AT005769,W065,09-06-2026,1,5,0
AT005770,W065,10-06-2026,1,9,0
AT005771,W065,11-06-2026,1,12,0
AT005772,W065,12-06-2026,1,8,0
AT005773,W065,13-06-2026,1,11,0
AT005774,W065,14-06-2026,0,0,0
AT005775,W065,15-06-2026,1,5,0
AT005776,W065,16-06-2026,1,11,0
AT005777,W065,17-06-2026,1,9,0
AT005778,W065,18-06-2026,1,4,0
AT005779,W065,19-06-2026,1,8,0
AT005780,W065,20-06-2026,1,0,0
AT005781,W065,21-06-2026,0,0,0
AT005782,W065,22-06-2026,1,4,0
AT005783,W065,23-06-2026,1,6,0
AT005784,W065,24-06-2026,0,0,1
AT005785,W065,25-06-2026,1,0,0
AT005786,W065,26-06-2026,1,3,0
AT005787,W065,27-06-2026,1,15,0
AT005788,W065,28-06-2026,0,0,0
AT005789,W065,29-06-2026,1,0,0
AT005790,W065,30-06-2026,1,9,0
AT005791,W065,01-07-2026,1,12,0
AT005792,W065,02-07-2026,1,7,0
AT005793,W065,03-07-2026,1,7,0
AT005794,W065,04-07-2026,1,9,0
AT005795,W065,05-07-2026,1,2,0
AT005796,W065,06-07-2026,1,0,0
AT005797,W065,07-07-2026,1,10,0
AT005798,W065,08-07-2026,1,15,0
AT005799,W065,09-07-2026,0,0,1
AT005800,W065,10-07-2026,1,8,0
AT005801,W065,11-07-2026,1,4,0
AT005802,W065,12-07-2026,0,0,0
AT005803,W065,13-07-2026,1,0,0
AT005804,W065,14-07-2026,1,4,0
AT005805,W065,15-07-2026,0,0,1
AT005806,W065,16-07-2026,1,7,0
AT005807,W065,17-07-2026,1,4,0
AT005808,W065,18-07-2026,1,10,0
AT005809,W065,19-07-2026,0,0,0
AT005810,W065,20-07-2026,1,4,0
AT005811,W065,21-07-2026,1,11,0
AT005812,W065,22-07-2026,1,13,0
AT005813,W065,23-07-2026,1,5,0
AT005814,W065,24-07-2026,1,0,0
AT005815,W065,25-07-2026,1,1,0
AT005816,W065,26-07-2026,0,0,0
AT005817,W065,27-07-2026,1,5,0
AT005818,W065,28-07-2026,1,4,0
AT005819,W065,29-07-2026,1,2,0
AT005820,W065,30-07-2026,1,3,0
AT005821,W065,31-07-2026,1,2,0
AT005822,W065,01-08-2026,1,0,0
AT005823,W065,02-08-2026,1,0,0
AT005824,W065,03-08-2026,1,4,0
AT005825,W065,04-08-2026,1,0,0
AT005826,W065,05-08-2026,1,3,0
AT005827,W065,06-08-2026,1,0,0
AT005828,W065,07-08-2026,1,13,0
AT005829,W065,08-08-2026,1,5,0
AT005830,W065,09-08-2026,0,0,0
AT005831,W065,10-08-2026,0,0,1
AT005832,W065,11-08-2026,1,2,0
AT005833,W065,12-08-2026,1,7,0
AT005834,W065,13-08-2026,1,0,0
AT005835,W065,14-08-2026,1,0,0
AT005836,W065,15-08-2026,1,3,0
AT005837,W065,16-08-2026,0,0,0
AT005838,W065,17-08-2026,1,1,0
AT005839,W065,18-08-2026,1,5,0
AT005840,W065,19-08-2026,1,4,0
AT005841,W065,20-08-2026,1,2,0
AT005842,W065,21-08-2026,1,7,0
AT005843,W065,22-08-2026,1,0,0
AT005844,W065,23-08-2026,0,0,0
AT005845,W065,24-08-2026,1,2,0
AT005846,W065,25-08-2026,1,8,0
AT005847,W065,26-08-2026,1,6,0
AT005848,W065,27-08-2026,1,18,0
AT005849,W065,28-08-2026,0,0,1
AT005850,W065,29-08-2026,1,8,0
AT005851,W066,01-06-2026,1,4,0
AT005852,W066,02-06-2026,1,6,0
AT005853,W066,03-06-2026,1,0,0
AT005854,W066,04-06-2026,1,7,0
AT005855,W066,05-06-2026,1,0,0
AT005856,W066,06-06-2026,1,8,0
AT005857,W066,07-06-2026,0,0,0
AT005858,W066,08-06-2026,1,2,0
AT005859,W066,09-06-2026,1,0,0
AT005860,W066,10-06-2026,1,3,0
AT005861,W066,11-06-2026,1,0,0
AT005862,W066,12-06-2026,1,0,0
AT005863,W066,13-06-2026,1,0,0
AT005864,W066,14-06-2026,0,0,0
AT005865,W066,15-06-2026,1,0,0
AT005866,W066,16-06-2026,1,2,0
AT005867,W066,17-06-2026,1,0,0
AT005868,W066,18-06-2026,1,5,0
AT005869,W066,19-06-2026,1,0,0
AT005870,W066,20-06-2026,1,6,0
AT005871,W066,21-06-2026,1,5,0
AT005872,W066,22-06-2026,1,0,0
AT005873,W066,23-06-2026,1,8,0
AT005874,W066,24-06-2026,1,7,0
AT005875,W066,25-06-2026,1,3,0
AT005876,W066,26-06-2026,1,5,0
AT005877,W066,27-06-2026,1,3,0
AT005878,W066,28-06-2026,0,0,0
AT005879,W066,29-06-2026,1,0,0
AT005880,W066,30-06-2026,1,7,0
AT005881,W066,01-07-2026,1,2,0
AT005882,W066,02-07-2026,1,0,0
AT005883,W066,03-07-2026,1,6,0
AT005884,W066,04-07-2026,1,0,0
AT005885,W066,05-07-2026,0,0,0
AT005886,W066,06-07-2026,1,0,0
AT005887,W066,07-07-2026,1,0,0
AT005888,W066,08-07-2026,1,5,0
AT005889,W066,09-07-2026,1,0,0
AT005890,W066,10-07-2026,1,3,0
AT005891,W066,11-07-2026,1,5,0
AT005892,W066,12-07-2026,1,3,0
AT005893,W066,13-07-2026,1,9,0
AT005894,W066,14-07-2026,1,3,0
AT005895,W066,15-07-2026,1,0,0
AT005896,W066,16-07-2026,1,3,0
AT005897,W066,17-07-2026,1,4,0
AT005898,W066,18-07-2026,1,0,0
AT005899,W066,19-07-2026,0,0,0
AT005900,W066,20-07-2026,1,7,0
AT005901,W066,21-07-2026,1,2,0
AT005902,W066,22-07-2026,1,0,0
AT005903,W066,23-07-2026,1,4,0
AT005904,W066,24-07-2026,1,0,0
AT005905,W066,25-07-2026,1,0,0
AT005906,W066,26-07-2026,0,0,0
AT005907,W066,27-07-2026,1,4,0
AT005908,W066,28-07-2026,1,4,0
AT005909,W066,29-07-2026,1,3,0
AT005910,W066,30-07-2026,1,0,0
AT005911,W066,31-07-2026,1,8,0
AT005912,W066,01-08-2026,1,0,0
AT005913,W066,02-08-2026,0,0,0
AT005914,W066,03-08-2026,1,0,0
AT005915,W066,04-08-2026,1,0,0
AT005916,W066,05-08-2026,1,0,0
AT005917,W066,06-08-2026,1,8,0
AT005918,W066,07-08-2026,1,0,0
AT005919,W066,08-08-2026,1,0,0
AT005920,W066,09-08-2026,0,0,0
AT005921,W066,10-08-2026,1,7,0
AT005922,W066,11-08-2026,1,0,0
AT005923,W066,12-08-2026,1,5,0
AT005924,W066,13-08-2026,1,2,0
AT005925,W066,14-08-2026,1,4,0
AT005926,W066,15-08-2026,1,0,0
AT005927,W066,16-08-2026,0,0,0
AT005928,W066,17-08-2026,1,1,0
AT005929,W066,18-08-2026,1,2,0
AT005930,W066,19-08-2026,1,2,0
AT005931,W066,20-08-2026,1,0,0
AT005932,W066,21-08-2026,1,0,0
AT005933,W066,22-08-2026,1,5,0
AT005934,W066,23-08-2026,0,0,0
AT005935,W066,24-08-2026,1,0,0
AT005936,W066,25-08-2026,1,4,0
AT005937,W066,26-08-2026,1,9,0
AT005938,W066,27-08-2026,1,9,0
AT005939,W066,28-08-2026,1,6,0
AT005940,W066,29-08-2026,1,4,0
AT005941,W067,01-06-2026,1,2,0
AT005942,W067,02-06-2026,1,9,0
AT005943,W067,03-06-2026,0,0,1
AT005944,W067,04-06-2026,1,8,0
AT005945,W067,05-06-2026,1,0,0
AT005946,W067,06-06-2026,1,6,0
AT005947,W067,07-06-2026,1,0,0
AT005948,W067,08-06-2026,1,0,0
AT005949,W067,09-06-2026,1,6,0
AT005950,W067,10-06-2026,1,13,0
AT005951,W067,11-06-2026,1,1,0
AT005952,W067,12-06-2026,1,10,0
AT005953,W067,13-06-2026,1,1,0
AT005954,W067,14-06-2026,1,10,0
AT005955,W067,15-06-2026,1,0,0
AT005956,W067,16-06-2026,1,8,0
AT005957,W067,17-06-2026,1,11,0
AT005958,W067,18-06-2026,1,3,0
AT005959,W067,19-06-2026,1,2,0
AT005960,W067,20-06-2026,1,5,0
AT005961,W067,21-06-2026,0,0,0
AT005962,W067,22-06-2026,1,0,0
AT005963,W067,23-06-2026,1,6,0
AT005964,W067,24-06-2026,1,2,0
AT005965,W067,25-06-2026,1,7,0
AT005966,W067,26-06-2026,1,4,0
AT005967,W067,27-06-2026,1,0,0
AT005968,W067,28-06-2026,0,0,0
AT005969,W067,29-06-2026,1,4,0
AT005970,W067,30-06-2026,1,8,0
AT005971,W067,01-07-2026,1,10,0
AT005972,W067,02-07-2026,1,6,0
AT005973,W067,03-07-2026,1,11,0
AT005974,W067,04-07-2026,1,6,0
AT005975,W067,05-07-2026,0,0,0
AT005976,W067,06-07-2026,1,0,0
AT005977,W067,07-07-2026,1,9,0
AT005978,W067,08-07-2026,0,0,1
AT005979,W067,09-07-2026,1,8,0
AT005980,W067,10-07-2026,1,5,0
AT005981,W067,11-07-2026,1,8,0
AT005982,W067,12-07-2026,0,0,0
AT005983,W067,13-07-2026,1,4,0
AT005984,W067,14-07-2026,1,7,0
AT005985,W067,15-07-2026,1,20,0
AT005986,W067,16-07-2026,1,7,0
AT005987,W067,17-07-2026,1,6,0
AT005988,W067,18-07-2026,1,4,0
AT005989,W067,19-07-2026,0,0,0
AT005990,W067,20-07-2026,1,4,0
AT005991,W067,21-07-2026,0,0,1
AT005992,W067,22-07-2026,1,4,0
AT005993,W067,23-07-2026,1,5,0
AT005994,W067,24-07-2026,1,4,0
AT005995,W067,25-07-2026,1,10,0
AT005996,W067,26-07-2026,0,0,0
AT005997,W067,27-07-2026,1,1,0
AT005998,W067,28-07-2026,1,14,0
AT005999,W067,29-07-2026,1,0,0
AT006000,W067,30-07-2026,1,7,0
AT006001,W067,31-07-2026,1,3,0
AT006002,W067,01-08-2026,1,0,0
AT006003,W067,02-08-2026,0,0,0
AT006004,W067,03-08-2026,1,15,0
AT006005,W067,04-08-2026,1,0,0
AT006006,W067,05-08-2026,1,1,0
AT006007,W067,06-08-2026,1,8,0
AT006008,W067,07-08-2026,1,6,0
AT006009,W067,08-08-2026,1,4,0
AT006010,W067,09-08-2026,1,6,0
AT006011,W067,10-08-2026,1,11,0
AT006012,W067,11-08-2026,1,2,0
AT006013,W067,12-08-2026,1,5,0
AT006014,W067,13-08-2026,1,6,0
AT006015,W067,14-08-2026,1,12,0
AT006016,W067,15-08-2026,1,10,0
AT006017,W067,16-08-2026,0,0,0
AT006018,W067,17-08-2026,1,15,0
AT006019,W067,18-08-2026,1,1,0
AT006020,W067,19-08-2026,1,5,0
AT006021,W067,20-08-2026,1,14,0
AT006022,W067,21-08-2026,1,2,0
AT006023,W067,22-08-2026,1,2,0
AT006024,W067,23-08-2026,1,0,0
AT006025,W067,24-08-2026,0,0,1
AT006026,W067,25-08-2026,1,5,0
AT006027,W067,26-08-2026,1,2,0
AT006028,W067,27-08-2026,1,12,0
AT006029,W067,28-08-2026,1,13,0
AT006030,W067,29-08-2026,1,6,0
AT006031,W068,01-06-2026,1,9,0
AT006032,W068,02-06-2026,1,5,0
AT006033,W068,03-06-2026,1,5,0
AT006034,W068,04-06-2026,1,5,0
AT006035,W068,05-06-2026,1,2,0
AT006036,W068,06-06-2026,1,0,0
AT006037,W068,07-06-2026,0,0,0
AT006038,W068,08-06-2026,1,0,0
AT006039,W068,09-06-2026,1,2,0
AT006040,W068,10-06-2026,1,1,0
AT006041,W068,11-06-2026,1,0,0
AT006042,W068,12-06-2026,1,3,0
AT006043,W068,13-06-2026,1,0,0
AT006044,W068,14-06-2026,0,0,0
AT006045,W068,15-06-2026,1,0,0
AT006046,W068,16-06-2026,1,4,0
AT006047,W068,17-06-2026,1,0,0
AT006048,W068,18-06-2026,1,7,0
AT006049,W068,19-06-2026,1,3,0
AT006050,W068,20-06-2026,1,2,0
AT006051,W068,21-06-2026,0,0,0
AT006052,W068,22-06-2026,1,0,0
AT006053,W068,23-06-2026,1,7,0
AT006054,W068,24-06-2026,1,1,0
AT006055,W068,25-06-2026,1,0,0
AT006056,W068,26-06-2026,1,1,0
AT006057,W068,27-06-2026,1,2,0
AT006058,W068,28-06-2026,0,0,0
AT006059,W068,29-06-2026,1,3,0
AT006060,W068,30-06-2026,1,0,0
AT006061,W068,01-07-2026,1,1,0
AT006062,W068,02-07-2026,1,8,0
AT006063,W068,03-07-2026,1,10,0
AT006064,W068,04-07-2026,1,8,0
AT006065,W068,05-07-2026,0,0,0
AT006066,W068,06-07-2026,1,4,0
AT006067,W068,07-07-2026,0,0,1
AT006068,W068,08-07-2026,1,11,0
AT006069,W068,09-07-2026,0,0,1
AT006070,W068,10-07-2026,0,0,1
AT006071,W068,11-07-2026,1,1,0
AT006072,W068,12-07-2026,0,0,0
AT006073,W068,13-07-2026,1,5,0
AT006074,W068,14-07-2026,1,4,0
AT006075,W068,15-07-2026,1,6,0
AT006076,W068,16-07-2026,0,0,1
AT006077,W068,17-07-2026,1,5,0
AT006078,W068,18-07-2026,1,9,0
AT006079,W068,19-07-2026,0,0,0
AT006080,W068,20-07-2026,1,0,0
AT006081,W068,21-07-2026,1,2,0
AT006082,W068,22-07-2026,1,8,0
AT006083,W068,23-07-2026,0,0,1
AT006084,W068,24-07-2026,1,8,0
AT006085,W068,25-07-2026,1,2,0
AT006086,W068,26-07-2026,0,0,0
AT006087,W068,27-07-2026,1,0,0
AT006088,W068,28-07-2026,1,6,0
AT006089,W068,29-07-2026,1,7,0
AT006090,W068,30-07-2026,1,3,0
AT006091,W068,31-07-2026,1,1,0
AT006092,W068,01-08-2026,1,3,0
AT006093,W068,02-08-2026,0,0,0
AT006094,W068,03-08-2026,1,0,0
AT006095,W068,04-08-2026,1,0,0
AT006096,W068,05-08-2026,1,1,0
AT006097,W068,06-08-2026,1,5,0
AT006098,W068,07-08-2026,1,0,0
AT006099,W068,08-08-2026,1,0,0
AT006100,W068,09-08-2026,0,0,0
AT006101,W068,10-08-2026,1,13,0
AT006102,W068,11-08-2026,1,6,0
AT006103,W068,12-08-2026,1,5,0
AT006104,W068,13-08-2026,1,0,0
AT006105,W068,14-08-2026,1,2,0
AT006106,W068,15-08-2026,1,3,0
AT006107,W068,16-08-2026,1,11,0
AT006108,W068,17-08-2026,1,3,0
AT006109,W068,18-08-2026,1,8,0
AT006110,W068,19-08-2026,1,3,0
AT006111,W068,20-08-2026,1,0,0
AT006112,W068,21-08-2026,1,5,0
AT006113,W068,22-08-2026,1,8,0
AT006114,W068,23-08-2026,0,0,0
AT006115,W068,24-08-2026,1,9,0
AT006116,W068,25-08-2026,1,13,0
AT006117,W068,26-08-2026,1,6,0
AT006118,W068,27-08-2026,1,7,0
AT006119,W068,28-08-2026,1,0,0
AT006120,W068,29-08-2026,1,2,0
AT006121,W069,01-06-2026,0,0,1
AT006122,W069,02-06-2026,1,5,0
AT006123,W069,03-06-2026,1,13,0
AT006124,W069,04-06-2026,1,8,0
AT006125,W069,05-06-2026,1,0,0
AT006126,W069,06-06-2026,1,10,0
AT006127,W069,07-06-2026,1,11,0
AT006128,W069,08-06-2026,1,3,0
AT006129,W069,09-06-2026,1,7,0
AT006130,W069,10-06-2026,1,3,0
AT006131,W069,11-06-2026,1,0,0
AT006132,W069,12-06-2026,1,2,0
AT006133,W069,13-06-2026,1,13,0
AT006134,W069,14-06-2026,0,0,0
AT006135,W069,15-06-2026,1,10,0
AT006136,W069,16-06-2026,1,5,0
AT006137,W069,17-06-2026,1,0,0
AT006138,W069,18-06-2026,1,0,0
AT006139,W069,19-06-2026,1,3,0
AT006140,W069,20-06-2026,1,0,0
AT006141,W069,21-06-2026,0,0,0
AT006142,W069,22-06-2026,1,5,0
AT006143,W069,23-06-2026,1,4,0
AT006144,W069,24-06-2026,1,8,0
AT006145,W069,25-06-2026,1,8,0
AT006146,W069,26-06-2026,1,1,0
AT006147,W069,27-06-2026,1,0,0
AT006148,W069,28-06-2026,0,0,0
AT006149,W069,29-06-2026,1,5,0
AT006150,W069,30-06-2026,1,0,0
AT006151,W069,01-07-2026,1,0,0
AT006152,W069,02-07-2026,1,3,0
AT006153,W069,03-07-2026,1,1,0
AT006154,W069,04-07-2026,1,7,0
AT006155,W069,05-07-2026,0,0,0
AT006156,W069,06-07-2026,1,6,0
AT006157,W069,07-07-2026,1,0,0
AT006158,W069,08-07-2026,1,1,0
AT006159,W069,09-07-2026,1,0,0
AT006160,W069,10-07-2026,1,0,0
AT006161,W069,11-07-2026,1,2,0
AT006162,W069,12-07-2026,0,0,0
AT006163,W069,13-07-2026,1,10,0
AT006164,W069,14-07-2026,1,9,0
AT006165,W069,15-07-2026,1,5,0
AT006166,W069,16-07-2026,1,6,0
AT006167,W069,17-07-2026,1,8,0
AT006168,W069,18-07-2026,1,0,0
AT006169,W069,19-07-2026,0,0,0
AT006170,W069,20-07-2026,1,5,0
AT006171,W069,21-07-2026,1,4,0
AT006172,W069,22-07-2026,1,6,0
AT006173,W069,23-07-2026,1,1,0
AT006174,W069,24-07-2026,1,0,0
AT006175,W069,25-07-2026,1,2,0
AT006176,W069,26-07-2026,0,0,0
AT006177,W069,27-07-2026,1,2,0
AT006178,W069,28-07-2026,0,0,1
AT006179,W069,29-07-2026,1,14,0
AT006180,W069,30-07-2026,1,14,0
AT006181,W069,31-07-2026,1,8,0
AT006182,W069,01-08-2026,1,0,0
AT006183,W069,02-08-2026,0,0,0
AT006184,W069,03-08-2026,1,4,0
AT006185,W069,04-08-2026,1,0,0
AT006186,W069,05-08-2026,1,3,0
AT006187,W069,06-08-2026,1,8,0
AT006188,W069,07-08-2026,1,1,0
AT006189,W069,08-08-2026,1,3,0
AT006190,W069,09-08-2026,1,9,0
AT006191,W069,10-08-2026,1,9,0
AT006192,W069,11-08-2026,1,1,0
AT006193,W069,12-08-2026,1,2,0
AT006194,W069,13-08-2026,1,10,0
AT006195,W069,14-08-2026,1,3,0
AT006196,W069,15-08-2026,1,10,0
AT006197,W069,16-08-2026,0,0,0
AT006198,W069,17-08-2026,1,5,0
AT006199,W069,18-08-2026,1,2,0
AT006200,W069,19-08-2026,1,9,0
AT006201,W069,20-08-2026,1,7,0
AT006202,W069,21-08-2026,1,2,0
AT006203,W069,22-08-2026,1,2,0
AT006204,W069,23-08-2026,0,0,0
AT006205,W069,24-08-2026,1,7,0
AT006206,W069,25-08-2026,1,0,0
AT006207,W069,26-08-2026,1,4,0
AT006208,W069,27-08-2026,1,8,0
AT006209,W069,28-08-2026,1,0,0
AT006210,W069,29-08-2026,1,0,0
AT006211,W070,01-06-2026,1,9,0
AT006212,W070,02-06-2026,1,11,0
AT006213,W070,03-06-2026,1,6,0
AT006214,W070,04-06-2026,1,7,0
AT006215,W070,05-06-2026,1,0,0
AT006216,W070,06-06-2026,1,4,0
AT006217,W070,07-06-2026,0,0,0
AT006218,W070,08-06-2026,1,9,0
AT006219,W070,09-06-2026,0,0,1
AT006220,W070,10-06-2026,1,10,0
AT006221,W070,11-06-2026,1,5,0
AT006222,W070,12-06-2026,1,0,0
AT006223,W070,13-06-2026,1,2,0
AT006224,W070,14-06-2026,0,0,0
AT006225,W070,15-06-2026,1,9,0
AT006226,W070,16-06-2026,1,0,0
AT006227,W070,17-06-2026,1,2,0
AT006228,W070,18-06-2026,1,1,0
AT006229,W070,19-06-2026,1,7,0
AT006230,W070,20-06-2026,1,4,0
AT006231,W070,21-06-2026,0,0,0
AT006232,W070,22-06-2026,1,0,0
AT006233,W070,23-06-2026,1,0,0
AT006234,W070,24-06-2026,1,8,0
AT006235,W070,25-06-2026,1,0,0
AT006236,W070,26-06-2026,1,0,0
AT006237,W070,27-06-2026,1,0,0
AT006238,W070,28-06-2026,0,0,0
AT006239,W070,29-06-2026,1,4,0
AT006240,W070,30-06-2026,1,0,0
AT006241,W070,01-07-2026,1,5,0
AT006242,W070,02-07-2026,1,3,0
AT006243,W070,03-07-2026,1,3,0
AT006244,W070,04-07-2026,1,7,0
AT006245,W070,05-07-2026,0,0,0
AT006246,W070,06-07-2026,1,8,0
AT006247,W070,07-07-2026,1,3,0
AT006248,W070,08-07-2026,1,6,0
AT006249,W070,09-07-2026,1,4,0
AT006250,W070,10-07-2026,1,0,0
AT006251,W070,11-07-2026,1,0,0
AT006252,W070,12-07-2026,0,0,0
AT006253,W070,13-07-2026,1,0,0
AT006254,W070,14-07-2026,1,4,0
AT006255,W070,15-07-2026,1,7,0
AT006256,W070,16-07-2026,1,0,0
AT006257,W070,17-07-2026,1,11,0
AT006258,W070,18-07-2026,1,0,0
AT006259,W070,19-07-2026,0,0,0
AT006260,W070,20-07-2026,1,6,0
AT006261,W070,21-07-2026,0,0,1
AT006262,W070,22-07-2026,1,9,0
AT006263,W070,23-07-2026,1,2,0
AT006264,W070,24-07-2026,1,6,0
AT006265,W070,25-07-2026,1,0,0
AT006266,W070,26-07-2026,0,0,0
AT006267,W070,27-07-2026,1,3,0
AT006268,W070,28-07-2026,1,9,0
AT006269,W070,29-07-2026,1,1,0
AT006270,W070,30-07-2026,1,0,0
AT006271,W070,31-07-2026,1,10,0
AT006272,W070,01-08-2026,1,7,0
AT006273,W070,02-08-2026,0,0,0
AT006274,W070,03-08-2026,0,0,1
AT006275,W070,04-08-2026,1,0,0
AT006276,W070,05-08-2026,1,0,0
AT006277,W070,06-08-2026,1,8,0
AT006278,W070,07-08-2026,1,4,0
AT006279,W070,08-08-2026,1,8,0
AT006280,W070,09-08-2026,0,0,0
AT006281,W070,10-08-2026,1,6,0
AT006282,W070,11-08-2026,1,0,0
AT006283,W070,12-08-2026,1,0,0
AT006284,W070,13-08-2026,1,6,0
AT006285,W070,14-08-2026,1,1,0
AT006286,W070,15-08-2026,1,0,0
AT006287,W070,16-08-2026,0,0,0
AT006288,W070,17-08-2026,1,7,0
AT006289,W070,18-08-2026,1,0,0
AT006290,W070,19-08-2026,1,6,0
AT006291,W070,20-08-2026,1,10,0
AT006292,W070,21-08-2026,1,3,0
AT006293,W070,22-08-2026,1,0,0
AT006294,W070,23-08-2026,0,0,0
AT006295,W070,24-08-2026,1,8,0
AT006296,W070,25-08-2026,1,0,0
AT006297,W070,26-08-2026,1,0,0
AT006298,W070,27-08-2026,1,15,0
AT006299,W070,28-08-2026,1,0,0
AT006300,W070,29-08-2026,1,0,0
AT006301,W071,01-06-2026,1,4,0
AT006302,W071,02-06-2026,1,7,0
AT006303,W071,03-06-2026,1,5,0
AT006304,W071,04-06-2026,1,6,0
AT006305,W071,05-06-2026,1,0,0
AT006306,W071,06-06-2026,1,2,0
AT006307,W071,07-06-2026,0,0,0
AT006308,W071,08-06-2026,1,5,0
AT006309,W071,09-06-2026,1,5,0
AT006310,W071,10-06-2026,1,0,0
AT006311,W071,11-06-2026,1,8,0
AT006312,W071,12-06-2026,1,0,0
AT006313,W071,13-06-2026,0,0,1
AT006314,W071,14-06-2026,0,0,0
AT006315,W071,15-06-2026,1,1,0
AT006316,W071,16-06-2026,1,3,0
AT006317,W071,17-06-2026,1,10,0
AT006318,W071,18-06-2026,1,7,0
AT006319,W071,19-06-2026,1,7,0
AT006320,W071,20-06-2026,1,0,0
AT006321,W071,21-06-2026,0,0,0
AT006322,W071,22-06-2026,1,0,0
AT006323,W071,23-06-2026,1,5,0
AT006324,W071,24-06-2026,1,4,0
AT006325,W071,25-06-2026,1,0,0
AT006326,W071,26-06-2026,1,0,0
AT006327,W071,27-06-2026,1,1,0
AT006328,W071,28-06-2026,0,0,0
AT006329,W071,29-06-2026,1,5,0
AT006330,W071,30-06-2026,1,5,0
AT006331,W071,01-07-2026,1,13,0
AT006332,W071,02-07-2026,1,4,0
AT006333,W071,03-07-2026,1,8,0
AT006334,W071,04-07-2026,1,0,0
AT006335,W071,05-07-2026,0,0,0
AT006336,W071,06-07-2026,1,8,0
AT006337,W071,07-07-2026,1,6,0
AT006338,W071,08-07-2026,1,0,0
AT006339,W071,09-07-2026,1,5,0
AT006340,W071,10-07-2026,1,11,0
AT006341,W071,11-07-2026,1,5,0
AT006342,W071,12-07-2026,0,0,0
AT006343,W071,13-07-2026,1,6,0
AT006344,W071,14-07-2026,1,7,0
AT006345,W071,15-07-2026,1,11,0
AT006346,W071,16-07-2026,1,2,0
AT006347,W071,17-07-2026,1,6,0
AT006348,W071,18-07-2026,1,0,0
AT006349,W071,19-07-2026,0,0,0
AT006350,W071,20-07-2026,1,9,0
AT006351,W071,21-07-2026,1,0,0
AT006352,W071,22-07-2026,1,3,0
AT006353,W071,23-07-2026,1,3,0
AT006354,W071,24-07-2026,1,0,0
AT006355,W071,25-07-2026,1,4,0
AT006356,W071,26-07-2026,0,0,0
AT006357,W071,27-07-2026,1,0,0
AT006358,W071,28-07-2026,1,0,0
AT006359,W071,29-07-2026,0,0,1
AT006360,W071,30-07-2026,1,6,0
AT006361,W071,31-07-2026,1,0,0
AT006362,W071,01-08-2026,1,0,0
AT006363,W071,02-08-2026,0,0,0
AT006364,W071,03-08-2026,1,6,0
AT006365,W071,04-08-2026,1,0,0
AT006366,W071,05-08-2026,1,0,0
AT006367,W071,06-08-2026,1,0,0
AT006368,W071,07-08-2026,1,10,0
AT006369,W071,08-08-2026,1,10,0
AT006370,W071,09-08-2026,0,0,0
AT006371,W071,10-08-2026,1,4,0
AT006372,W071,11-08-2026,1,0,0
AT006373,W071,12-08-2026,1,2,0
AT006374,W071,13-08-2026,1,5,0
AT006375,W071,14-08-2026,1,4,0
AT006376,W071,15-08-2026,1,2,0
AT006377,W071,16-08-2026,1,6,0
AT006378,W071,17-08-2026,1,2,0
AT006379,W071,18-08-2026,1,6,0
AT006380,W071,19-08-2026,1,4,0
AT006381,W071,20-08-2026,1,0,0
AT006382,W071,21-08-2026,1,0,0
AT006383,W071,22-08-2026,1,5,0
AT006384,W071,23-08-2026,0,0,0
AT006385,W071,24-08-2026,1,0,0
AT006386,W071,25-08-2026,1,0,0
AT006387,W071,26-08-2026,1,3,0
AT006388,W071,27-08-2026,1,8,0
AT006389,W071,28-08-2026,1,7,0
AT006390,W071,29-08-2026,1,5,0
AT006391,W072,01-06-2026,1,9,0
AT006392,W072,02-06-2026,1,5,0
AT006393,W072,03-06-2026,1,1,0
AT006394,W072,04-06-2026,1,5,0
AT006395,W072,05-06-2026,1,4,0
AT006396,W072,06-06-2026,1,0,0
AT006397,W072,07-06-2026,1,5,0
AT006398,W072,08-06-2026,1,10,0
AT006399,W072,09-06-2026,1,16,0
AT006400,W072,10-06-2026,1,0,0
AT006401,W072,11-06-2026,1,3,0
AT006402,W072,12-06-2026,1,11,0
AT006403,W072,13-06-2026,1,4,0
AT006404,W072,14-06-2026,0,0,0
AT006405,W072,15-06-2026,1,0,0
AT006406,W072,16-06-2026,1,7,0
AT006407,W072,17-06-2026,1,17,0
AT006408,W072,18-06-2026,1,1,0
AT006409,W072,19-06-2026,1,2,0
AT006410,W072,20-06-2026,1,3,0
AT006411,W072,21-06-2026,0,0,0
AT006412,W072,22-06-2026,0,0,1
AT006413,W072,23-06-2026,1,5,0
AT006414,W072,24-06-2026,1,3,0
AT006415,W072,25-06-2026,1,0,0
AT006416,W072,26-06-2026,1,8,0
AT006417,W072,27-06-2026,1,0,0
AT006418,W072,28-06-2026,0,0,0
AT006419,W072,29-06-2026,1,0,0
AT006420,W072,30-06-2026,1,2,0
AT006421,W072,01-07-2026,1,0,0
AT006422,W072,02-07-2026,1,4,0
AT006423,W072,03-07-2026,1,0,0
AT006424,W072,04-07-2026,1,0,0
AT006425,W072,05-07-2026,0,0,0
AT006426,W072,06-07-2026,1,2,0
AT006427,W072,07-07-2026,1,8,0
AT006428,W072,08-07-2026,1,1,0
AT006429,W072,09-07-2026,1,5,0
AT006430,W072,10-07-2026,1,5,0
AT006431,W072,11-07-2026,1,2,0
AT006432,W072,12-07-2026,0,0,0
AT006433,W072,13-07-2026,1,5,0
AT006434,W072,14-07-2026,1,2,0
AT006435,W072,15-07-2026,1,3,0
AT006436,W072,16-07-2026,1,0,0
AT006437,W072,17-07-2026,1,0,0
AT006438,W072,18-07-2026,1,3,0
AT006439,W072,19-07-2026,0,0,0
AT006440,W072,20-07-2026,1,0,0
AT006441,W072,21-07-2026,1,20,0
AT006442,W072,22-07-2026,1,2,0
AT006443,W072,23-07-2026,1,0,0
AT006444,W072,24-07-2026,1,7,0
AT006445,W072,25-07-2026,1,5,0
AT006446,W072,26-07-2026,1,0,0
AT006447,W072,27-07-2026,1,5,0
AT006448,W072,28-07-2026,0,0,1
AT006449,W072,29-07-2026,1,0,0
AT006450,W072,30-07-2026,1,9,0
AT006451,W072,31-07-2026,1,2,0
AT006452,W072,01-08-2026,1,0,0
AT006453,W072,02-08-2026,0,0,0
AT006454,W072,03-08-2026,1,3,0
AT006455,W072,04-08-2026,1,8,0
AT006456,W072,05-08-2026,1,10,0
AT006457,W072,06-08-2026,1,0,0
AT006458,W072,07-08-2026,1,0,0
AT006459,W072,08-08-2026,1,0,0
AT006460,W072,09-08-2026,0,0,0
AT006461,W072,10-08-2026,1,5,0
AT006462,W072,11-08-2026,1,11,0
AT006463,W072,12-08-2026,1,14,0
AT006464,W072,13-08-2026,1,3,0
AT006465,W072,14-08-2026,1,0,0
AT006466,W072,15-08-2026,1,4,0
AT006467,W072,16-08-2026,1,4,0
AT006468,W072,17-08-2026,1,5,0
AT006469,W072,18-08-2026,1,2,0
AT006470,W072,19-08-2026,1,0,0
AT006471,W072,20-08-2026,0,0,1
AT006472,W072,21-08-2026,1,0,0
AT006473,W072,22-08-2026,1,4,0
AT006474,W072,23-08-2026,0,0,0
AT006475,W072,24-08-2026,1,2,0
AT006476,W072,25-08-2026,1,1,0
AT006477,W072,26-08-2026,1,10,0
AT006478,W072,27-08-2026,1,6,0
AT006479,W072,28-08-2026,1,8,0
AT006480,W072,29-08-2026,1,0,0
AT006481,W073,01-06-2026,1,10,0
AT006482,W073,02-06-2026,1,3,0
AT006483,W073,03-06-2026,1,1,0
AT006484,W073,04-06-2026,1,2,0
AT006485,W073,05-06-2026,1,0,0
AT006486,W073,06-06-2026,1,0,0
AT006487,W073,07-06-2026,0,0,0
AT006488,W073,08-06-2026,1,0,0
AT006489,W073,09-06-2026,1,8,0
AT006490,W073,10-06-2026,1,0,0
AT006491,W073,11-06-2026,1,8,0
AT006492,W073,12-06-2026,1,5,0
AT006493,W073,13-06-2026,1,0,0
AT006494,W073,14-06-2026,0,0,0
AT006495,W073,15-06-2026,1,0,0
AT006496,W073,16-06-2026,1,4,0
AT006497,W073,17-06-2026,1,6,0
AT006498,W073,18-06-2026,1,3,0
AT006499,W073,19-06-2026,1,0,0
AT006500,W073,20-06-2026,1,10,0
AT006501,W073,21-06-2026,0,0,0
AT006502,W073,22-06-2026,1,4,0
AT006503,W073,23-06-2026,1,0,0
AT006504,W073,24-06-2026,1,4,0
AT006505,W073,25-06-2026,1,10,0
AT006506,W073,26-06-2026,1,1,0
AT006507,W073,27-06-2026,1,0,0
AT006508,W073,28-06-2026,0,0,0
AT006509,W073,29-06-2026,1,0,0
AT006510,W073,30-06-2026,1,1,0
AT006511,W073,01-07-2026,1,5,0
AT006512,W073,02-07-2026,1,0,0
AT006513,W073,03-07-2026,1,3,0
AT006514,W073,04-07-2026,1,3,0
AT006515,W073,05-07-2026,0,0,0
AT006516,W073,06-07-2026,1,9,0
AT006517,W073,07-07-2026,1,10,0
AT006518,W073,08-07-2026,0,0,1
AT006519,W073,09-07-2026,1,2,0
AT006520,W073,10-07-2026,1,3,0
AT006521,W073,11-07-2026,1,7,0
AT006522,W073,12-07-2026,0,0,0
AT006523,W073,13-07-2026,1,0,0
AT006524,W073,14-07-2026,1,0,0
AT006525,W073,15-07-2026,1,2,0
AT006526,W073,16-07-2026,1,0,0
AT006527,W073,17-07-2026,1,0,0
AT006528,W073,18-07-2026,1,0,0
AT006529,W073,19-07-2026,0,0,0
AT006530,W073,20-07-2026,1,5,0
AT006531,W073,21-07-2026,1,0,0
AT006532,W073,22-07-2026,1,9,0
AT006533,W073,23-07-2026,1,0,0
AT006534,W073,24-07-2026,1,8,0
AT006535,W073,25-07-2026,1,5,0
AT006536,W073,26-07-2026,0,0,0
AT006537,W073,27-07-2026,1,0,0
AT006538,W073,28-07-2026,1,4,0
AT006539,W073,29-07-2026,1,1,0
AT006540,W073,30-07-2026,1,12,0
AT006541,W073,31-07-2026,1,0,0
AT006542,W073,01-08-2026,1,0,0
AT006543,W073,02-08-2026,0,0,0
AT006544,W073,03-08-2026,1,0,0
AT006545,W073,04-08-2026,1,0,0
AT006546,W073,05-08-2026,1,13,0
AT006547,W073,06-08-2026,1,0,0
AT006548,W073,07-08-2026,1,3,0
AT006549,W073,08-08-2026,1,4,0
AT006550,W073,09-08-2026,0,0,0
AT006551,W073,10-08-2026,1,5,0
AT006552,W073,11-08-2026,1,0,0
AT006553,W073,12-08-2026,1,3,0
AT006554,W073,13-08-2026,1,1,0
AT006555,W073,14-08-2026,1,5,0
AT006556,W073,15-08-2026,1,9,0
AT006557,W073,16-08-2026,0,0,0
AT006558,W073,17-08-2026,1,0,0
AT006559,W073,18-08-2026,1,2,0
AT006560,W073,19-08-2026,1,0,0
AT006561,W073,20-08-2026,1,1,0
AT006562,W073,21-08-2026,1,5,0
AT006563,W073,22-08-2026,1,0,0
AT006564,W073,23-08-2026,0,0,0
AT006565,W073,24-08-2026,1,0,0
AT006566,W073,25-08-2026,1,8,0
AT006567,W073,26-08-2026,1,6,0
AT006568,W073,27-08-2026,1,0,0
AT006569,W073,28-08-2026,1,7,0
AT006570,W073,29-08-2026,1,7,0
AT006571,W074,01-06-2026,0,0,1
AT006572,W074,02-06-2026,1,5,0
AT006573,W074,03-06-2026,1,4,0
AT006574,W074,04-06-2026,1,0,0
AT006575,W074,05-06-2026,1,0,0
AT006576,W074,06-06-2026,1,9,0
AT006577,W074,07-06-2026,0,0,0
AT006578,W074,08-06-2026,1,0,0
AT006579,W074,09-06-2026,1,4,0
AT006580,W074,10-06-2026,1,9,0
AT006581,W074,11-06-2026,1,3,0
AT006582,W074,12-06-2026,0,0,1
AT006583,W074,13-06-2026,1,7,0
AT006584,W074,14-06-2026,0,0,0
AT006585,W074,15-06-2026,1,3,0
AT006586,W074,16-06-2026,1,7,0
AT006587,W074,17-06-2026,0,0,1
AT006588,W074,18-06-2026,1,0,0
AT006589,W074,19-06-2026,1,0,0
AT006590,W074,20-06-2026,1,0,0
AT006591,W074,21-06-2026,0,0,0
AT006592,W074,22-06-2026,1,0,0
AT006593,W074,23-06-2026,1,0,0
AT006594,W074,24-06-2026,1,0,0
AT006595,W074,25-06-2026,0,0,1
AT006596,W074,26-06-2026,1,4,0
AT006597,W074,27-06-2026,1,0,0
AT006598,W074,28-06-2026,1,0,0
AT006599,W074,29-06-2026,1,0,0
AT006600,W074,30-06-2026,1,0,0
AT006601,W074,01-07-2026,1,4,0
AT006602,W074,02-07-2026,1,7,0
AT006603,W074,03-07-2026,1,3,0
AT006604,W074,04-07-2026,1,8,0
AT006605,W074,05-07-2026,0,0,0
AT006606,W074,06-07-2026,1,3,0
AT006607,W074,07-07-2026,1,2,0
AT006608,W074,08-07-2026,1,1,0
AT006609,W074,09-07-2026,1,11,0
AT006610,W074,10-07-2026,1,0,0
AT006611,W074,11-07-2026,1,3,0
AT006612,W074,12-07-2026,0,0,0
AT006613,W074,13-07-2026,1,0,0
AT006614,W074,14-07-2026,1,0,0
AT006615,W074,15-07-2026,1,9,0
AT006616,W074,16-07-2026,1,3,0
AT006617,W074,17-07-2026,1,7,0
AT006618,W074,18-07-2026,1,6,0
AT006619,W074,19-07-2026,0,0,0
AT006620,W074,20-07-2026,1,5,0
AT006621,W074,21-07-2026,1,1,0
AT006622,W074,22-07-2026,1,0,0
AT006623,W074,23-07-2026,1,6,0
AT006624,W074,24-07-2026,1,3,0
AT006625,W074,25-07-2026,1,6,0
AT006626,W074,26-07-2026,0,0,0
AT006627,W074,27-07-2026,1,0,0
AT006628,W074,28-07-2026,1,6,0
AT006629,W074,29-07-2026,1,10,0
AT006630,W074,30-07-2026,1,3,0
AT006631,W074,31-07-2026,1,8,0
AT006632,W074,01-08-2026,1,0,0
AT006633,W074,02-08-2026,0,0,0
AT006634,W074,03-08-2026,1,1,0
AT006635,W074,04-08-2026,1,6,0
AT006636,W074,05-08-2026,1,0,0
AT006637,W074,06-08-2026,1,4,0
AT006638,W074,07-08-2026,1,9,0
AT006639,W074,08-08-2026,1,4,0
AT006640,W074,09-08-2026,0,0,0
AT006641,W074,10-08-2026,1,12,0
AT006642,W074,11-08-2026,1,10,0
AT006643,W074,12-08-2026,1,0,0
AT006644,W074,13-08-2026,1,9,0
AT006645,W074,14-08-2026,1,4,0
AT006646,W074,15-08-2026,1,3,0
AT006647,W074,16-08-2026,0,0,0
AT006648,W074,17-08-2026,1,9,0
AT006649,W074,18-08-2026,1,9,0
AT006650,W074,19-08-2026,1,4,0
AT006651,W074,20-08-2026,1,13,0
AT006652,W074,21-08-2026,1,7,0
AT006653,W074,22-08-2026,1,6,0
AT006654,W074,23-08-2026,0,0,0
AT006655,W074,24-08-2026,1,8,0
AT006656,W074,25-08-2026,1,0,0
AT006657,W074,26-08-2026,1,8,0
AT006658,W074,27-08-2026,1,6,0
AT006659,W074,28-08-2026,1,3,0
AT006660,W074,29-08-2026,1,7,0
AT006661,W075,01-06-2026,1,0,0
AT006662,W075,02-06-2026,1,4,0
AT006663,W075,03-06-2026,1,4,0
AT006664,W075,04-06-2026,1,0,0
AT006665,W075,05-06-2026,1,4,0
AT006666,W075,06-06-2026,1,4,0
AT006667,W075,07-06-2026,0,0,0
AT006668,W075,08-06-2026,1,0,0
AT006669,W075,09-06-2026,1,1,0
AT006670,W075,10-06-2026,1,6,0
AT006671,W075,11-06-2026,1,6,0
AT006672,W075,12-06-2026,1,0,0
AT006673,W075,13-06-2026,1,6,0
AT006674,W075,14-06-2026,0,0,0
AT006675,W075,15-06-2026,1,1,0
AT006676,W075,16-06-2026,1,12,0
AT006677,W075,17-06-2026,1,3,0
AT006678,W075,18-06-2026,1,3,0
AT006679,W075,19-06-2026,1,1,0
AT006680,W075,20-06-2026,1,5,0
AT006681,W075,21-06-2026,0,0,0
AT006682,W075,22-06-2026,1,6,0
AT006683,W075,23-06-2026,1,0,0
AT006684,W075,24-06-2026,1,5,0
AT006685,W075,25-06-2026,1,2,0
AT006686,W075,26-06-2026,1,0,0
AT006687,W075,27-06-2026,1,0,0
AT006688,W075,28-06-2026,0,0,0
AT006689,W075,29-06-2026,0,0,1
AT006690,W075,30-06-2026,1,6,0
AT006691,W075,01-07-2026,1,5,0
AT006692,W075,02-07-2026,1,0,0
AT006693,W075,03-07-2026,0,0,1
AT006694,W075,04-07-2026,1,5,0
AT006695,W075,05-07-2026,0,0,0
AT006696,W075,06-07-2026,1,6,0
AT006697,W075,07-07-2026,1,0,0
AT006698,W075,08-07-2026,1,0,0
AT006699,W075,09-07-2026,1,4,0
AT006700,W075,10-07-2026,1,0,0
AT006701,W075,11-07-2026,1,2,0
AT006702,W075,12-07-2026,0,0,0
AT006703,W075,13-07-2026,1,6,0
AT006704,W075,14-07-2026,1,6,0
AT006705,W075,15-07-2026,1,0,0
AT006706,W075,16-07-2026,1,2,0
AT006707,W075,17-07-2026,1,3,0
AT006708,W075,18-07-2026,1,0,0
AT006709,W075,19-07-2026,0,0,0
AT006710,W075,20-07-2026,1,4,0
AT006711,W075,21-07-2026,1,1,0
AT006712,W075,22-07-2026,1,0,0
AT006713,W075,23-07-2026,1,4,0
AT006714,W075,24-07-2026,1,0,0
AT006715,W075,25-07-2026,1,8,0
AT006716,W075,26-07-2026,0,0,0
AT006717,W075,27-07-2026,1,0,0
AT006718,W075,28-07-2026,1,4,0
AT006719,W075,29-07-2026,1,1,0
AT006720,W075,30-07-2026,1,0,0
AT006721,W075,31-07-2026,1,0,0
AT006722,W075,01-08-2026,1,0,0
AT006723,W075,02-08-2026,0,0,0
AT006724,W075,03-08-2026,1,0,0
AT006725,W075,04-08-2026,1,2,0
AT006726,W075,05-08-2026,1,0,0
AT006727,W075,06-08-2026,1,8,0
AT006728,W075,07-08-2026,1,0,0
AT006729,W075,08-08-2026,1,0,0
AT006730,W075,09-08-2026,0,0,0
AT006731,W075,10-08-2026,1,0,0
AT006732,W075,11-08-2026,1,0,0
AT006733,W075,12-08-2026,1,0,0
AT006734,W075,13-08-2026,1,3,0
AT006735,W075,14-08-2026,1,0,0
AT006736,W075,15-08-2026,1,0,0
AT006737,W075,16-08-2026,0,0,0
AT006738,W075,17-08-2026,0,0,1
AT006739,W075,18-08-2026,1,4,0
AT006740,W075,19-08-2026,1,6,0
AT006741,W075,20-08-2026,1,0,0
AT006742,W075,21-08-2026,1,2,0
AT006743,W075,22-08-2026,1,0,0
AT006744,W075,23-08-2026,0,0,0
AT006745,W075,24-08-2026,1,0,0
AT006746,W075,25-08-2026,1,0,0
AT006747,W075,26-08-2026,1,0,0
AT006748,W075,27-08-2026,1,6,0
AT006749,W075,28-08-2026,1,0,0
AT006750,W075,29-08-2026,1,1,0
AT006751,W076,01-06-2026,1,5,0
AT006752,W076,02-06-2026,1,8,0
AT006753,W076,03-06-2026,1,7,0
AT006754,W076,04-06-2026,1,1,0
AT006755,W076,05-06-2026,0,0,1
AT006756,W076,06-06-2026,1,5,0
AT006757,W076,07-06-2026,1,3,0
AT006758,W076,08-06-2026,1,0,0
AT006759,W076,09-06-2026,1,0,0
AT006760,W076,10-06-2026,1,8,0
AT006761,W076,11-06-2026,1,3,0
AT006762,W076,12-06-2026,1,3,0
AT006763,W076,13-06-2026,1,12,0
AT006764,W076,14-06-2026,0,0,0
AT006765,W076,15-06-2026,1,4,0
AT006766,W076,16-06-2026,1,0,0
AT006767,W076,17-06-2026,1,3,0
AT006768,W076,18-06-2026,1,7,0
AT006769,W076,19-06-2026,1,6,0
AT006770,W076,20-06-2026,1,2,0
AT006771,W076,21-06-2026,1,1,0
AT006772,W076,22-06-2026,1,3,0
AT006773,W076,23-06-2026,1,2,0
AT006774,W076,24-06-2026,1,4,0
AT006775,W076,25-06-2026,1,7,0
AT006776,W076,26-06-2026,1,2,0
AT006777,W076,27-06-2026,1,7,0
AT006778,W076,28-06-2026,1,0,0
AT006779,W076,29-06-2026,1,0,0
AT006780,W076,30-06-2026,1,4,0
AT006781,W076,01-07-2026,1,3,0
AT006782,W076,02-07-2026,1,0,0
AT006783,W076,03-07-2026,0,0,1
AT006784,W076,04-07-2026,1,6,0
AT006785,W076,05-07-2026,0,0,0
AT006786,W076,06-07-2026,1,11,0
AT006787,W076,07-07-2026,1,5,0
AT006788,W076,08-07-2026,1,0,0
AT006789,W076,09-07-2026,1,7,0
AT006790,W076,10-07-2026,1,12,0
AT006791,W076,11-07-2026,1,0,0
AT006792,W076,12-07-2026,0,0,0
AT006793,W076,13-07-2026,1,10,0
AT006794,W076,14-07-2026,1,0,0
AT006795,W076,15-07-2026,1,15,0
AT006796,W076,16-07-2026,1,0,0
AT006797,W076,17-07-2026,1,0,0
AT006798,W076,18-07-2026,1,0,0
AT006799,W076,19-07-2026,0,0,0
AT006800,W076,20-07-2026,1,9,0
AT006801,W076,21-07-2026,1,10,0
AT006802,W076,22-07-2026,1,12,0
AT006803,W076,23-07-2026,1,2,0
AT006804,W076,24-07-2026,1,0,0
AT006805,W076,25-07-2026,1,2,0
AT006806,W076,26-07-2026,0,0,0
AT006807,W076,27-07-2026,1,5,0
AT006808,W076,28-07-2026,1,18,0
AT006809,W076,29-07-2026,0,0,1
AT006810,W076,30-07-2026,1,5,0
AT006811,W076,31-07-2026,1,3,0
AT006812,W076,01-08-2026,1,2,0
AT006813,W076,02-08-2026,0,0,0
AT006814,W076,03-08-2026,1,6,0
AT006815,W076,04-08-2026,1,3,0
AT006816,W076,05-08-2026,1,1,0
AT006817,W076,06-08-2026,1,0,0
AT006818,W076,07-08-2026,1,14,0
AT006819,W076,08-08-2026,1,2,0
AT006820,W076,09-08-2026,0,0,0
AT006821,W076,10-08-2026,1,7,0
AT006822,W076,11-08-2026,1,11,0
AT006823,W076,12-08-2026,1,4,0
AT006824,W076,13-08-2026,1,3,0
AT006825,W076,14-08-2026,1,2,0
AT006826,W076,15-08-2026,1,13,0
AT006827,W076,16-08-2026,0,0,0
AT006828,W076,17-08-2026,1,8,0
AT006829,W076,18-08-2026,1,2,0
AT006830,W076,19-08-2026,1,20,0
AT006831,W076,20-08-2026,1,2,0
AT006832,W076,21-08-2026,1,0,0
AT006833,W076,22-08-2026,1,5,0
AT006834,W076,23-08-2026,0,0,0
AT006835,W076,24-08-2026,1,4,0
AT006836,W076,25-08-2026,1,7,0
AT006837,W076,26-08-2026,1,3,0
AT006838,W076,27-08-2026,1,5,0
AT006839,W076,28-08-2026,1,4,0
AT006840,W076,29-08-2026,1,13,0
AT006841,W077,01-06-2026,1,7,0
AT006842,W077,02-06-2026,1,8,0
AT006843,W077,03-06-2026,1,2,0
AT006844,W077,04-06-2026,1,3,0
AT006845,W077,05-06-2026,1,2,0
AT006846,W077,06-06-2026,1,9,0
AT006847,W077,07-06-2026,0,0,0
AT006848,W077,08-06-2026,1,3,0
AT006849,W077,09-06-2026,1,1,0
AT006850,W077,10-06-2026,1,0,0
AT006851,W077,11-06-2026,1,8,0
AT006852,W077,12-06-2026,1,6,0
AT006853,W077,13-06-2026,0,0,1
AT006854,W077,14-06-2026,0,0,0
AT006855,W077,15-06-2026,0,0,1
AT006856,W077,16-06-2026,1,6,0
AT006857,W077,17-06-2026,1,6,0
AT006858,W077,18-06-2026,1,7,0
AT006859,W077,19-06-2026,1,5,0
AT006860,W077,20-06-2026,1,6,0
AT006861,W077,21-06-2026,0,0,0
AT006862,W077,22-06-2026,0,0,1
AT006863,W077,23-06-2026,1,6,0
AT006864,W077,24-06-2026,1,9,0
AT006865,W077,25-06-2026,1,2,0
AT006866,W077,26-06-2026,1,1,0
AT006867,W077,27-06-2026,1,0,0
AT006868,W077,28-06-2026,0,0,0
AT006869,W077,29-06-2026,1,2,0
AT006870,W077,30-06-2026,1,2,0
AT006871,W077,01-07-2026,1,0,0
AT006872,W077,02-07-2026,1,4,0
AT006873,W077,03-07-2026,1,13,0
AT006874,W077,04-07-2026,1,8,0
AT006875,W077,05-07-2026,1,8,0
AT006876,W077,06-07-2026,1,7,0
AT006877,W077,07-07-2026,1,1,0
AT006878,W077,08-07-2026,1,0,0
AT006879,W077,09-07-2026,1,4,0
AT006880,W077,10-07-2026,1,2,0
AT006881,W077,11-07-2026,1,10,0
AT006882,W077,12-07-2026,1,0,0
AT006883,W077,13-07-2026,1,21,0
AT006884,W077,14-07-2026,1,12,0
AT006885,W077,15-07-2026,1,6,0
AT006886,W077,16-07-2026,1,7,0
AT006887,W077,17-07-2026,1,6,0
AT006888,W077,18-07-2026,1,6,0
AT006889,W077,19-07-2026,0,0,0
AT006890,W077,20-07-2026,1,1,0
AT006891,W077,21-07-2026,1,3,0
AT006892,W077,22-07-2026,1,0,0
AT006893,W077,23-07-2026,1,0,0
AT006894,W077,24-07-2026,1,0,0
AT006895,W077,25-07-2026,1,5,0
AT006896,W077,26-07-2026,0,0,0
AT006897,W077,27-07-2026,1,2,0
AT006898,W077,28-07-2026,1,4,0
AT006899,W077,29-07-2026,1,0,0
AT006900,W077,30-07-2026,1,2,0
AT006901,W077,31-07-2026,0,0,1
AT006902,W077,01-08-2026,1,4,0
AT006903,W077,02-08-2026,0,0,0
AT006904,W077,03-08-2026,1,0,0
AT006905,W077,04-08-2026,1,0,0
AT006906,W077,05-08-2026,1,0,0
AT006907,W077,06-08-2026,1,1,0
AT006908,W077,07-08-2026,1,0,0
AT006909,W077,08-08-2026,1,0,0
AT006910,W077,09-08-2026,0,0,0
AT006911,W077,10-08-2026,0,0,1
AT006912,W077,11-08-2026,1,7,0
AT006913,W077,12-08-2026,1,3,0
AT006914,W077,13-08-2026,1,6,0
AT006915,W077,14-08-2026,1,0,0
AT006916,W077,15-08-2026,1,7,0
AT006917,W077,16-08-2026,0,0,0
AT006918,W077,17-08-2026,1,0,0
AT006919,W077,18-08-2026,1,11,0
AT006920,W077,19-08-2026,1,0,0
AT006921,W077,20-08-2026,1,9,0
AT006922,W077,21-08-2026,1,4,0
AT006923,W077,22-08-2026,1,0,0
AT006924,W077,23-08-2026,0,0,0
AT006925,W077,24-08-2026,1,22,0
AT006926,W077,25-08-2026,1,10,0
AT006927,W077,26-08-2026,1,7,0
AT006928,W077,27-08-2026,1,2,0
AT006929,W077,28-08-2026,1,8,0
AT006930,W077,29-08-2026,1,11,0
AT006931,W078,01-06-2026,1,3,0
AT006932,W078,02-06-2026,1,1,0
AT006933,W078,03-06-2026,1,3,0
AT006934,W078,04-06-2026,1,0,0
AT006935,W078,05-06-2026,1,0,0
AT006936,W078,06-06-2026,1,11,0
AT006937,W078,07-06-2026,0,0,0
AT006938,W078,08-06-2026,1,6,0
AT006939,W078,09-06-2026,1,5,0
AT006940,W078,10-06-2026,1,0,0
AT006941,W078,11-06-2026,1,6,0
AT006942,W078,12-06-2026,1,3,0
AT006943,W078,13-06-2026,1,6,0
AT006944,W078,14-06-2026,0,0,0
AT006945,W078,15-06-2026,1,4,0
AT006946,W078,16-06-2026,1,0,0
AT006947,W078,17-06-2026,1,0,0
AT006948,W078,18-06-2026,1,11,0
AT006949,W078,19-06-2026,1,0,0
AT006950,W078,20-06-2026,0,0,1
AT006951,W078,21-06-2026,0,0,0
AT006952,W078,22-06-2026,0,0,1
AT006953,W078,23-06-2026,1,9,0
AT006954,W078,24-06-2026,1,5,0
AT006955,W078,25-06-2026,1,9,0
AT006956,W078,26-06-2026,1,0,0
AT006957,W078,27-06-2026,1,5,0
AT006958,W078,28-06-2026,0,0,0
AT006959,W078,29-06-2026,1,3,0
AT006960,W078,30-06-2026,0,0,1
AT006961,W078,01-07-2026,1,3,0
AT006962,W078,02-07-2026,1,5,0
AT006963,W078,03-07-2026,1,9,0
AT006964,W078,04-07-2026,1,1,0
AT006965,W078,05-07-2026,0,0,0
AT006966,W078,06-07-2026,1,4,0
AT006967,W078,07-07-2026,1,8,0
AT006968,W078,08-07-2026,1,4,0
AT006969,W078,09-07-2026,1,4,0
AT006970,W078,10-07-2026,1,0,0
AT006971,W078,11-07-2026,1,4,0
AT006972,W078,12-07-2026,0,0,0
AT006973,W078,13-07-2026,1,9,0
AT006974,W078,14-07-2026,1,9,0
AT006975,W078,15-07-2026,1,1,0
AT006976,W078,16-07-2026,1,5,0
AT006977,W078,17-07-2026,1,10,0
AT006978,W078,18-07-2026,1,0,0
AT006979,W078,19-07-2026,0,0,0
AT006980,W078,20-07-2026,1,0,0
AT006981,W078,21-07-2026,1,6,0
AT006982,W078,22-07-2026,1,2,0
AT006983,W078,23-07-2026,1,0,0
AT006984,W078,24-07-2026,1,0,0
AT006985,W078,25-07-2026,1,1,0
AT006986,W078,26-07-2026,0,0,0
AT006987,W078,27-07-2026,1,3,0
AT006988,W078,28-07-2026,1,9,0
AT006989,W078,29-07-2026,1,1,0
AT006990,W078,30-07-2026,1,0,0
AT006991,W078,31-07-2026,1,12,0
AT006992,W078,01-08-2026,1,7,0
AT006993,W078,02-08-2026,0,0,0
AT006994,W078,03-08-2026,1,10,0
AT006995,W078,04-08-2026,1,0,0
AT006996,W078,05-08-2026,1,9,0
AT006997,W078,06-08-2026,1,0,0
AT006998,W078,07-08-2026,1,9,0
AT006999,W078,08-08-2026,1,9,0
AT007000,W078,09-08-2026,1,1,0
AT007001,W078,10-08-2026,1,9,0
AT007002,W078,11-08-2026,1,3,0
AT007003,W078,12-08-2026,1,0,0
AT007004,W078,13-08-2026,1,1,0
AT007005,W078,14-08-2026,1,11,0
AT007006,W078,15-08-2026,1,3,0
AT007007,W078,16-08-2026,0,0,0
AT007008,W078,17-08-2026,1,1,0
AT007009,W078,18-08-2026,1,7,0
AT007010,W078,19-08-2026,1,1,0
AT007011,W078,20-08-2026,1,3,0
AT007012,W078,21-08-2026,1,3,0
AT007013,W078,22-08-2026,1,0,0
AT007014,W078,23-08-2026,0,0,0
AT007015,W078,24-08-2026,1,7,0
AT007016,W078,25-08-2026,1,0,0
AT007017,W078,26-08-2026,1,1,0
AT007018,W078,27-08-2026,1,1,0
AT007019,W078,28-08-2026,1,0,0
AT007020,W078,29-08-2026,1,0,0
AT007021,W079,01-06-2026,1,0,0
AT007022,W079,02-06-2026,1,0,0
AT007023,W079,03-06-2026,1,9,0
AT007024,W079,04-06-2026,1,15,0
AT007025,W079,05-06-2026,0,0,1
AT007026,W079,06-06-2026,1,5,0
AT007027,W079,07-06-2026,0,0,0
AT007028,W079,08-06-2026,1,0,0
AT007029,W079,09-06-2026,0,0,1
AT007030,W079,10-06-2026,1,7,0
AT007031,W079,11-06-2026,1,0,0
AT007032,W079,12-06-2026,1,5,0
AT007033,W079,13-06-2026,1,3,0
AT007034,W079,14-06-2026,0,0,0
AT007035,W079,15-06-2026,1,2,0
AT007036,W079,16-06-2026,1,0,0
AT007037,W079,17-06-2026,1,14,0
AT007038,W079,18-06-2026,1,1,0
AT007039,W079,19-06-2026,1,3,0
AT007040,W079,20-06-2026,1,4,0
AT007041,W079,21-06-2026,1,0,0
AT007042,W079,22-06-2026,1,5,0
AT007043,W079,23-06-2026,1,0,0
AT007044,W079,24-06-2026,0,0,1
AT007045,W079,25-06-2026,1,0,0
AT007046,W079,26-06-2026,1,1,0
AT007047,W079,27-06-2026,1,5,0
AT007048,W079,28-06-2026,0,0,0
AT007049,W079,29-06-2026,1,9,0
AT007050,W079,30-06-2026,1,0,0
AT007051,W079,01-07-2026,1,6,0
AT007052,W079,02-07-2026,1,4,0
AT007053,W079,03-07-2026,1,4,0
AT007054,W079,04-07-2026,1,5,0
AT007055,W079,05-07-2026,0,0,0
AT007056,W079,06-07-2026,1,0,0
AT007057,W079,07-07-2026,1,5,0
AT007058,W079,08-07-2026,1,3,0
AT007059,W079,09-07-2026,0,0,1
AT007060,W079,10-07-2026,0,0,1
AT007061,W079,11-07-2026,1,12,0
AT007062,W079,12-07-2026,0,0,0
AT007063,W079,13-07-2026,1,7,0
AT007064,W079,14-07-2026,1,6,0
AT007065,W079,15-07-2026,1,6,0
AT007066,W079,16-07-2026,1,4,0
AT007067,W079,17-07-2026,1,6,0
AT007068,W079,18-07-2026,1,11,0
AT007069,W079,19-07-2026,0,0,0
AT007070,W079,20-07-2026,1,8,0
AT007071,W079,21-07-2026,1,0,0
AT007072,W079,22-07-2026,1,0,0
AT007073,W079,23-07-2026,1,9,0
AT007074,W079,24-07-2026,1,7,0
AT007075,W079,25-07-2026,1,4,0
AT007076,W079,26-07-2026,1,17,0
AT007077,W079,27-07-2026,1,8,0
AT007078,W079,28-07-2026,1,11,0
AT007079,W079,29-07-2026,1,4,0
AT007080,W079,30-07-2026,1,0,0
AT007081,W079,31-07-2026,1,0,0
AT007082,W079,01-08-2026,1,1,0
AT007083,W079,02-08-2026,1,16,0
AT007084,W079,03-08-2026,1,1,0
AT007085,W079,04-08-2026,1,1,0
AT007086,W079,05-08-2026,1,13,0
AT007087,W079,06-08-2026,1,6,0
AT007088,W079,07-08-2026,1,11,0
AT007089,W079,08-08-2026,1,7,0
AT007090,W079,09-08-2026,0,0,0
AT007091,W079,10-08-2026,1,2,0
AT007092,W079,11-08-2026,1,6,0
AT007093,W079,12-08-2026,1,6,0
AT007094,W079,13-08-2026,1,7,0
AT007095,W079,14-08-2026,1,7,0
AT007096,W079,15-08-2026,1,6,0
AT007097,W079,16-08-2026,0,0,0
AT007098,W079,17-08-2026,1,7,0
AT007099,W079,18-08-2026,1,4,0
AT007100,W079,19-08-2026,1,7,0
AT007101,W079,20-08-2026,1,0,0
AT007102,W079,21-08-2026,1,2,0
AT007103,W079,22-08-2026,1,1,0
AT007104,W079,23-08-2026,0,0,0
AT007105,W079,24-08-2026,1,1,0
AT007106,W079,25-08-2026,1,0,0
AT007107,W079,26-08-2026,1,9,0
AT007108,W079,27-08-2026,1,4,0
AT007109,W079,28-08-2026,1,1,0
AT007110,W079,29-08-2026,1,5,0
AT007111,W080,01-06-2026,1,13,0
AT007112,W080,02-06-2026,1,11,0
AT007113,W080,03-06-2026,1,0,0
AT007114,W080,04-06-2026,1,0,0
AT007115,W080,05-06-2026,1,5,0
AT007116,W080,06-06-2026,1,0,0
AT007117,W080,07-06-2026,0,0,0
AT007118,W080,08-06-2026,1,0,0
AT007119,W080,09-06-2026,1,6,0
AT007120,W080,10-06-2026,1,6,0
AT007121,W080,11-06-2026,1,3,0
AT007122,W080,12-06-2026,1,4,0
AT007123,W080,13-06-2026,1,2,0
AT007124,W080,14-06-2026,0,0,0
AT007125,W080,15-06-2026,1,8,0
AT007126,W080,16-06-2026,1,12,0
AT007127,W080,17-06-2026,1,0,0
AT007128,W080,18-06-2026,1,8,0
AT007129,W080,19-06-2026,1,3,0
AT007130,W080,20-06-2026,1,11,0
AT007131,W080,21-06-2026,1,5,0
AT007132,W080,22-06-2026,1,3,0
AT007133,W080,23-06-2026,1,6,0
AT007134,W080,24-06-2026,1,0,0
AT007135,W080,25-06-2026,1,1,0
AT007136,W080,26-06-2026,1,6,0
AT007137,W080,27-06-2026,1,9,0
AT007138,W080,28-06-2026,0,0,0
AT007139,W080,29-06-2026,1,8,0
AT007140,W080,30-06-2026,1,2,0
AT007141,W080,01-07-2026,1,7,0
AT007142,W080,02-07-2026,1,6,0
AT007143,W080,03-07-2026,1,11,0
AT007144,W080,04-07-2026,1,4,0
AT007145,W080,05-07-2026,0,0,0
AT007146,W080,06-07-2026,1,0,0
AT007147,W080,07-07-2026,1,9,0
AT007148,W080,08-07-2026,1,3,0
AT007149,W080,09-07-2026,1,2,0
AT007150,W080,10-07-2026,1,4,0
AT007151,W080,11-07-2026,1,3,0
AT007152,W080,12-07-2026,0,0,0
AT007153,W080,13-07-2026,1,5,0
AT007154,W080,14-07-2026,1,6,0
AT007155,W080,15-07-2026,1,10,0
AT007156,W080,16-07-2026,1,6,0
AT007157,W080,17-07-2026,1,6,0
AT007158,W080,18-07-2026,1,5,0
AT007159,W080,19-07-2026,0,0,0
AT007160,W080,20-07-2026,1,2,0
AT007161,W080,21-07-2026,1,15,0
AT007162,W080,22-07-2026,1,6,0
AT007163,W080,23-07-2026,1,10,0
AT007164,W080,24-07-2026,1,8,0
AT007165,W080,25-07-2026,1,0,0
AT007166,W080,26-07-2026,0,0,0
AT007167,W080,27-07-2026,1,10,0
AT007168,W080,28-07-2026,1,9,0
AT007169,W080,29-07-2026,1,13,0
AT007170,W080,30-07-2026,1,0,0
AT007171,W080,31-07-2026,1,0,0
AT007172,W080,01-08-2026,1,2,0
AT007173,W080,02-08-2026,0,0,0
AT007174,W080,03-08-2026,1,7,0
AT007175,W080,04-08-2026,1,10,0
AT007176,W080,05-08-2026,1,13,0
AT007177,W080,06-08-2026,1,12,0
AT007178,W080,07-08-2026,1,0,0
AT007179,W080,08-08-2026,1,0,0
AT007180,W080,09-08-2026,0,0,0
AT007181,W080,10-08-2026,1,6,0
AT007182,W080,11-08-2026,1,10,0
AT007183,W080,12-08-2026,1,13,0
AT007184,W080,13-08-2026,1,1,0
AT007185,W080,14-08-2026,1,7,0
AT007186,W080,15-08-2026,1,1,0
AT007187,W080,16-08-2026,0,0,0
AT007188,W080,17-08-2026,1,10,0
AT007189,W080,18-08-2026,1,4,0
AT007190,W080,19-08-2026,1,9,0
AT007191,W080,20-08-2026,1,2,0
AT007192,W080,21-08-2026,1,2,0
AT007193,W080,22-08-2026,0,0,1
AT007194,W080,23-08-2026,1,6,0
AT007195,W080,24-08-2026,1,0,0
AT007196,W080,25-08-2026,1,7,0
AT007197,W080,26-08-2026,1,1,0
AT007198,W080,27-08-2026,1,3,0
AT007199,W080,28-08-2026,1,5,0
AT007200,W080,29-08-2026,1,4,0
AT007201,W081,01-06-2026,1,9,0
AT007202,W081,02-06-2026,1,0,0
AT007203,W081,03-06-2026,1,7,0
AT007204,W081,04-06-2026,0,0,1
AT007205,W081,05-06-2026,1,0,0
AT007206,W081,06-06-2026,1,2,0
AT007207,W081,07-06-2026,0,0,0
AT007208,W081,08-06-2026,1,0,0
AT007209,W081,09-06-2026,1,0,0
AT007210,W081,10-06-2026,1,0,0
AT007211,W081,11-06-2026,1,0,0
AT007212,W081,12-06-2026,1,0,0
AT007213,W081,13-06-2026,1,3,0
AT007214,W081,14-06-2026,0,0,0
AT007215,W081,15-06-2026,1,3,0
AT007216,W081,16-06-2026,1,0,0
AT007217,W081,17-06-2026,1,16,0
AT007218,W081,18-06-2026,1,0,0
AT007219,W081,19-06-2026,1,0,0
AT007220,W081,20-06-2026,1,2,0
AT007221,W081,21-06-2026,0,0,0
AT007222,W081,22-06-2026,1,1,0
AT007223,W081,23-06-2026,1,0,0
AT007224,W081,24-06-2026,1,2,0
AT007225,W081,25-06-2026,1,1,0
AT007226,W081,26-06-2026,1,0,0
AT007227,W081,27-06-2026,1,0,0
AT007228,W081,28-06-2026,0,0,0
AT007229,W081,29-06-2026,1,2,0
AT007230,W081,30-06-2026,1,7,0
AT007231,W081,01-07-2026,1,0,0
AT007232,W081,02-07-2026,1,5,0
AT007233,W081,03-07-2026,1,3,0
AT007234,W081,04-07-2026,1,0,0
AT007235,W081,05-07-2026,0,0,0
AT007236,W081,06-07-2026,1,1,0
AT007237,W081,07-07-2026,1,2,0
AT007238,W081,08-07-2026,1,5,0
AT007239,W081,09-07-2026,1,9,0
AT007240,W081,10-07-2026,1,6,0
AT007241,W081,11-07-2026,1,0,0
AT007242,W081,12-07-2026,0,0,0
AT007243,W081,13-07-2026,1,3,0
AT007244,W081,14-07-2026,1,0,0
AT007245,W081,15-07-2026,1,5,0
AT007246,W081,16-07-2026,1,1,0
AT007247,W081,17-07-2026,1,4,0
AT007248,W081,18-07-2026,1,11,0
AT007249,W081,19-07-2026,0,0,0
AT007250,W081,20-07-2026,1,0,0
AT007251,W081,21-07-2026,1,5,0
AT007252,W081,22-07-2026,1,3,0
AT007253,W081,23-07-2026,1,8,0
AT007254,W081,24-07-2026,1,0,0
AT007255,W081,25-07-2026,1,3,0
AT007256,W081,26-07-2026,0,0,0
AT007257,W081,27-07-2026,1,0,0
AT007258,W081,28-07-2026,0,0,1
AT007259,W081,29-07-2026,1,0,0
AT007260,W081,30-07-2026,1,1,0
AT007261,W081,31-07-2026,1,0,0
AT007262,W081,01-08-2026,0,0,1
AT007263,W081,02-08-2026,0,0,0
AT007264,W081,03-08-2026,1,4,0
AT007265,W081,04-08-2026,1,5,0
AT007266,W081,05-08-2026,1,0,0
AT007267,W081,06-08-2026,1,11,0
AT007268,W081,07-08-2026,1,0,0
AT007269,W081,08-08-2026,1,0,0
AT007270,W081,09-08-2026,0,0,0
AT007271,W081,10-08-2026,0,0,1
AT007272,W081,11-08-2026,1,0,0
AT007273,W081,12-08-2026,1,1,0
AT007274,W081,13-08-2026,1,0,0
AT007275,W081,14-08-2026,1,0,0
AT007276,W081,15-08-2026,1,14,0
AT007277,W081,16-08-2026,0,0,0
AT007278,W081,17-08-2026,1,0,0
AT007279,W081,18-08-2026,1,3,0
AT007280,W081,19-08-2026,1,2,0
AT007281,W081,20-08-2026,1,0,0
AT007282,W081,21-08-2026,0,0,1
AT007283,W081,22-08-2026,1,7,0
AT007284,W081,23-08-2026,0,0,0
AT007285,W081,24-08-2026,1,0,0
AT007286,W081,25-08-2026,0,0,1
AT007287,W081,26-08-2026,1,0,0
AT007288,W081,27-08-2026,1,1,0
AT007289,W081,28-08-2026,1,2,0
AT007290,W081,29-08-2026,1,3,0
AT007291,W082,01-06-2026,1,6,0
AT007292,W082,02-06-2026,1,9,0
AT007293,W082,03-06-2026,1,3,0
AT007294,W082,04-06-2026,1,10,0
AT007295,W082,05-06-2026,1,2,0
AT007296,W082,06-06-2026,1,6,0
AT007297,W082,07-06-2026,1,8,0
AT007298,W082,08-06-2026,1,0,0
AT007299,W082,09-06-2026,1,0,0
AT007300,W082,10-06-2026,1,12,0
AT007301,W082,11-06-2026,1,0,0
AT007302,W082,12-06-2026,1,8,0
AT007303,W082,13-06-2026,1,10,0
AT007304,W082,14-06-2026,1,14,0
AT007305,W082,15-06-2026,0,0,1
AT007306,W082,16-06-2026,1,9,0
AT007307,W082,17-06-2026,1,7,0
AT007308,W082,18-06-2026,1,5,0
AT007309,W082,19-06-2026,1,0,0
AT007310,W082,20-06-2026,1,2,0
AT007311,W082,21-06-2026,0,0,0
AT007312,W082,22-06-2026,1,1,0
AT007313,W082,23-06-2026,1,4,0
AT007314,W082,24-06-2026,1,1,0
AT007315,W082,25-06-2026,1,13,0
AT007316,W082,26-06-2026,1,3,0
AT007317,W082,27-06-2026,1,6,0
AT007318,W082,28-06-2026,1,11,0
AT007319,W082,29-06-2026,1,5,0
AT007320,W082,30-06-2026,1,11,0
AT007321,W082,01-07-2026,1,5,0
AT007322,W082,02-07-2026,1,1,0
AT007323,W082,03-07-2026,1,6,0
AT007324,W082,04-07-2026,1,2,0
AT007325,W082,05-07-2026,0,0,0
AT007326,W082,06-07-2026,1,4,0
AT007327,W082,07-07-2026,1,3,0
AT007328,W082,08-07-2026,1,0,0
AT007329,W082,09-07-2026,1,1,0
AT007330,W082,10-07-2026,1,11,0
AT007331,W082,11-07-2026,1,11,0
AT007332,W082,12-07-2026,0,0,0
AT007333,W082,13-07-2026,1,9,0
AT007334,W082,14-07-2026,1,25,0
AT007335,W082,15-07-2026,1,11,0
AT007336,W082,16-07-2026,1,10,0
AT007337,W082,17-07-2026,1,1,0
AT007338,W082,18-07-2026,1,7,0
AT007339,W082,19-07-2026,1,11,0
AT007340,W082,20-07-2026,0,0,1
AT007341,W082,21-07-2026,1,1,0
AT007342,W082,22-07-2026,1,10,0
AT007343,W082,23-07-2026,1,4,0
AT007344,W082,24-07-2026,1,0,0
AT007345,W082,25-07-2026,1,4,0
AT007346,W082,26-07-2026,1,3,0
AT007347,W082,27-07-2026,1,9,0
AT007348,W082,28-07-2026,1,6,0
AT007349,W082,29-07-2026,1,0,0
AT007350,W082,30-07-2026,1,5,0
AT007351,W082,31-07-2026,1,1,0
AT007352,W082,01-08-2026,1,11,0
AT007353,W082,02-08-2026,0,0,0
AT007354,W082,03-08-2026,1,11,0
AT007355,W082,04-08-2026,1,4,0
AT007356,W082,05-08-2026,1,4,0
AT007357,W082,06-08-2026,1,6,0
AT007358,W082,07-08-2026,1,2,0
AT007359,W082,08-08-2026,1,0,0
AT007360,W082,09-08-2026,0,0,0
AT007361,W082,10-08-2026,1,7,0
AT007362,W082,11-08-2026,1,3,0
AT007363,W082,12-08-2026,1,11,0
AT007364,W082,13-08-2026,1,16,0
AT007365,W082,14-08-2026,1,4,0
AT007366,W082,15-08-2026,1,7,0
AT007367,W082,16-08-2026,1,1,0
AT007368,W082,17-08-2026,1,7,0
AT007369,W082,18-08-2026,1,3,0
AT007370,W082,19-08-2026,1,10,0
AT007371,W082,20-08-2026,1,0,0
AT007372,W082,21-08-2026,1,9,0
AT007373,W082,22-08-2026,1,5,0
AT007374,W082,23-08-2026,0,0,0
AT007375,W082,24-08-2026,1,11,0
AT007376,W082,25-08-2026,1,3,0
AT007377,W082,26-08-2026,1,8,0
AT007378,W082,27-08-2026,1,3,0
AT007379,W082,28-08-2026,1,6,0
AT007380,W082,29-08-2026,1,3,0
AT007381,W083,01-06-2026,1,0,0
AT007382,W083,02-06-2026,1,6,0
AT007383,W083,03-06-2026,1,0,0
AT007384,W083,04-06-2026,1,4,0
AT007385,W083,05-06-2026,1,1,0
AT007386,W083,06-06-2026,1,1,0
AT007387,W083,07-06-2026,1,4,0
AT007388,W083,08-06-2026,1,3,0
AT007389,W083,09-06-2026,1,0,0
AT007390,W083,10-06-2026,1,6,0
AT007391,W083,11-06-2026,1,4,0
AT007392,W083,12-06-2026,1,3,0
AT007393,W083,13-06-2026,1,8,0
AT007394,W083,14-06-2026,0,0,0
AT007395,W083,15-06-2026,1,3,0
AT007396,W083,16-06-2026,1,0,0
AT007397,W083,17-06-2026,1,0,0
AT007398,W083,18-06-2026,1,0,0
AT007399,W083,19-06-2026,1,5,0
AT007400,W083,20-06-2026,1,0,0
AT007401,W083,21-06-2026,0,0,0
AT007402,W083,22-06-2026,1,11,0
AT007403,W083,23-06-2026,1,2,0
AT007404,W083,24-06-2026,1,0,0
AT007405,W083,25-06-2026,1,0,0
AT007406,W083,26-06-2026,1,10,0
AT007407,W083,27-06-2026,1,3,0
AT007408,W083,28-06-2026,0,0,0
AT007409,W083,29-06-2026,1,5,0
AT007410,W083,30-06-2026,1,14,0
AT007411,W083,01-07-2026,1,9,0
AT007412,W083,02-07-2026,1,1,0
AT007413,W083,03-07-2026,1,5,0
AT007414,W083,04-07-2026,1,4,0
AT007415,W083,05-07-2026,0,0,0
AT007416,W083,06-07-2026,1,0,0
AT007417,W083,07-07-2026,1,6,0
AT007418,W083,08-07-2026,1,14,0
AT007419,W083,09-07-2026,1,2,0
AT007420,W083,10-07-2026,1,10,0
AT007421,W083,11-07-2026,1,2,0
AT007422,W083,12-07-2026,0,0,0
AT007423,W083,13-07-2026,1,7,0
AT007424,W083,14-07-2026,1,4,0
AT007425,W083,15-07-2026,1,0,0
AT007426,W083,16-07-2026,1,6,0
AT007427,W083,17-07-2026,1,0,0
AT007428,W083,18-07-2026,1,5,0
AT007429,W083,19-07-2026,0,0,0
AT007430,W083,20-07-2026,1,5,0
AT007431,W083,21-07-2026,1,2,0
AT007432,W083,22-07-2026,1,1,0
AT007433,W083,23-07-2026,1,4,0
AT007434,W083,24-07-2026,1,0,0
AT007435,W083,25-07-2026,1,0,0
AT007436,W083,26-07-2026,0,0,0
AT007437,W083,27-07-2026,0,0,1
AT007438,W083,28-07-2026,1,0,0
AT007439,W083,29-07-2026,1,2,0
AT007440,W083,30-07-2026,1,0,0
AT007441,W083,31-07-2026,1,0,0
AT007442,W083,01-08-2026,1,12,0
AT007443,W083,02-08-2026,0,0,0
AT007444,W083,03-08-2026,1,6,0
AT007445,W083,04-08-2026,1,0,0
AT007446,W083,05-08-2026,1,0,0
AT007447,W083,06-08-2026,1,8,0
AT007448,W083,07-08-2026,1,9,0
AT007449,W083,08-08-2026,1,4,0
AT007450,W083,09-08-2026,0,0,0
AT007451,W083,10-08-2026,1,10,0
AT007452,W083,11-08-2026,1,0,0
AT007453,W083,12-08-2026,1,1,0
AT007454,W083,13-08-2026,1,3,0
AT007455,W083,14-08-2026,1,0,0
AT007456,W083,15-08-2026,1,14,0
AT007457,W083,16-08-2026,0,0,0
AT007458,W083,17-08-2026,1,4,0
AT007459,W083,18-08-2026,1,0,0
AT007460,W083,19-08-2026,1,0,0
AT007461,W083,20-08-2026,1,7,0
AT007462,W083,21-08-2026,1,12,0
AT007463,W083,22-08-2026,1,6,0
AT007464,W083,23-08-2026,0,0,0
AT007465,W083,24-08-2026,1,4,0
AT007466,W083,25-08-2026,1,4,0
AT007467,W083,26-08-2026,1,9,0
AT007468,W083,27-08-2026,1,4,0
AT007469,W083,28-08-2026,1,10,0
AT007470,W083,29-08-2026,1,1,0
AT007471,W084,01-06-2026,1,6,0
AT007472,W084,02-06-2026,1,2,0
AT007473,W084,03-06-2026,1,4,0
AT007474,W084,04-06-2026,1,8,0
AT007475,W084,05-06-2026,1,12,0
AT007476,W084,06-06-2026,1,6,0
AT007477,W084,07-06-2026,0,0,0
AT007478,W084,08-06-2026,1,0,0
AT007479,W084,09-06-2026,1,0,0
AT007480,W084,10-06-2026,1,0,0
AT007481,W084,11-06-2026,1,9,0
AT007482,W084,12-06-2026,1,3,0
AT007483,W084,13-06-2026,1,4,0
AT007484,W084,14-06-2026,0,0,0
AT007485,W084,15-06-2026,1,0,0
AT007486,W084,16-06-2026,1,5,0
AT007487,W084,17-06-2026,1,7,0
AT007488,W084,18-06-2026,1,8,0
AT007489,W084,19-06-2026,1,9,0
AT007490,W084,20-06-2026,1,8,0
AT007491,W084,21-06-2026,0,0,0
AT007492,W084,22-06-2026,1,21,0
AT007493,W084,23-06-2026,1,0,0
AT007494,W084,24-06-2026,1,9,0
AT007495,W084,25-06-2026,1,0,0
AT007496,W084,26-06-2026,1,0,0
AT007497,W084,27-06-2026,1,2,0
AT007498,W084,28-06-2026,0,0,0
AT007499,W084,29-06-2026,1,1,0
AT007500,W084,30-06-2026,1,0,0
AT007501,W084,01-07-2026,1,4,0
AT007502,W084,02-07-2026,1,4,0
AT007503,W084,03-07-2026,1,5,0
AT007504,W084,04-07-2026,1,0,0
AT007505,W084,05-07-2026,0,0,0
AT007506,W084,06-07-2026,1,4,0
AT007507,W084,07-07-2026,1,0,0
AT007508,W084,08-07-2026,1,1,0
AT007509,W084,09-07-2026,1,2,0
AT007510,W084,10-07-2026,1,4,0
AT007511,W084,11-07-2026,1,6,0
AT007512,W084,12-07-2026,0,0,0
AT007513,W084,13-07-2026,1,0,0
AT007514,W084,14-07-2026,1,7,0
AT007515,W084,15-07-2026,1,9,0
AT007516,W084,16-07-2026,1,2,0
AT007517,W084,17-07-2026,1,2,0
AT007518,W084,18-07-2026,1,5,0
AT007519,W084,19-07-2026,0,0,0
AT007520,W084,20-07-2026,1,0,0
AT007521,W084,21-07-2026,1,6,0
AT007522,W084,22-07-2026,1,7,0
AT007523,W084,23-07-2026,1,0,0
AT007524,W084,24-07-2026,1,8,0
AT007525,W084,25-07-2026,1,5,0
AT007526,W084,26-07-2026,0,0,0
AT007527,W084,27-07-2026,1,0,0
AT007528,W084,28-07-2026,1,12,0
AT007529,W084,29-07-2026,1,5,0
AT007530,W084,30-07-2026,1,7,0
AT007531,W084,31-07-2026,0,0,1
AT007532,W084,01-08-2026,1,0,0
AT007533,W084,02-08-2026,0,0,0
AT007534,W084,03-08-2026,1,0,0
AT007535,W084,04-08-2026,1,13,0
AT007536,W084,05-08-2026,1,0,0
AT007537,W084,06-08-2026,1,0,0
AT007538,W084,07-08-2026,1,2,0
AT007539,W084,08-08-2026,1,3,0
AT007540,W084,09-08-2026,0,0,0
AT007541,W084,10-08-2026,1,0,0
AT007542,W084,11-08-2026,1,4,0
AT007543,W084,12-08-2026,1,3,0
AT007544,W084,13-08-2026,1,2,0
AT007545,W084,14-08-2026,1,12,0
AT007546,W084,15-08-2026,1,0,0
AT007547,W084,16-08-2026,0,0,0
AT007548,W084,17-08-2026,1,2,0
AT007549,W084,18-08-2026,1,0,0
AT007550,W084,19-08-2026,1,0,0
AT007551,W084,20-08-2026,1,0,0
AT007552,W084,21-08-2026,1,4,0
AT007553,W084,22-08-2026,1,0,0
AT007554,W084,23-08-2026,0,0,0
AT007555,W084,24-08-2026,1,1,0
AT007556,W084,25-08-2026,1,2,0
AT007557,W084,26-08-2026,0,0,1
AT007558,W084,27-08-2026,1,4,0
AT007559,W084,28-08-2026,1,13,0
AT007560,W084,29-08-2026,1,0,0
AT007561,W085,01-06-2026,1,0,0
AT007562,W085,02-06-2026,1,2,0
AT007563,W085,03-06-2026,1,0,0
AT007564,W085,04-06-2026,1,12,0
AT007565,W085,05-06-2026,1,2,0
AT007566,W085,06-06-2026,1,4,0
AT007567,W085,07-06-2026,1,3,0
AT007568,W085,08-06-2026,1,0,0
AT007569,W085,09-06-2026,1,4,0
AT007570,W085,10-06-2026,1,14,0
AT007571,W085,11-06-2026,1,10,0
AT007572,W085,12-06-2026,1,9,0
AT007573,W085,13-06-2026,1,2,0
AT007574,W085,14-06-2026,0,0,0
AT007575,W085,15-06-2026,1,4,0
AT007576,W085,16-06-2026,1,2,0
AT007577,W085,17-06-2026,1,0,0
AT007578,W085,18-06-2026,1,5,0
AT007579,W085,19-06-2026,1,4,0
AT007580,W085,20-06-2026,1,5,0
AT007581,W085,21-06-2026,0,0,0
AT007582,W085,22-06-2026,1,3,0
AT007583,W085,23-06-2026,1,17,0
AT007584,W085,24-06-2026,1,3,0
AT007585,W085,25-06-2026,1,0,0
AT007586,W085,26-06-2026,1,5,0
AT007587,W085,27-06-2026,1,3,0
AT007588,W085,28-06-2026,0,0,0
AT007589,W085,29-06-2026,1,2,0
AT007590,W085,30-06-2026,1,16,0
AT007591,W085,01-07-2026,1,2,0
AT007592,W085,02-07-2026,1,6,0
AT007593,W085,03-07-2026,1,3,0
AT007594,W085,04-07-2026,1,1,0
AT007595,W085,05-07-2026,0,0,0
AT007596,W085,06-07-2026,1,6,0
AT007597,W085,07-07-2026,1,11,0
AT007598,W085,08-07-2026,1,0,0
AT007599,W085,09-07-2026,1,10,0
AT007600,W085,10-07-2026,1,7,0
AT007601,W085,11-07-2026,1,0,0
AT007602,W085,12-07-2026,0,0,1
AT007603,W085,13-07-2026,1,6,0
AT007604,W085,14-07-2026,1,7,0
AT007605,W085,15-07-2026,1,1,0
AT007606,W085,16-07-2026,1,3,0
AT007607,W085,17-07-2026,1,6,0
AT007608,W085,18-07-2026,1,10,0
AT007609,W085,19-07-2026,0,0,0
AT007610,W085,20-07-2026,1,0,0
AT007611,W085,21-07-2026,1,1,0
AT007612,W085,22-07-2026,1,7,0
AT007613,W085,23-07-2026,1,0,0
AT007614,W085,24-07-2026,1,2,0
AT007615,W085,25-07-2026,1,2,0
AT007616,W085,26-07-2026,0,0,0
AT007617,W085,27-07-2026,1,0,0
AT007618,W085,28-07-2026,1,0,0
AT007619,W085,29-07-2026,1,6,0
AT007620,W085,30-07-2026,1,0,0
AT007621,W085,31-07-2026,1,2,0
AT007622,W085,01-08-2026,1,5,0
AT007623,W085,02-08-2026,0,0,0
AT007624,W085,03-08-2026,1,4,0
AT007625,W085,04-08-2026,1,10,0
AT007626,W085,05-08-2026,1,3,0
AT007627,W085,06-08-2026,1,3,0
AT007628,W085,07-08-2026,1,5,0
AT007629,W085,08-08-2026,1,1,0
AT007630,W085,09-08-2026,0,0,0
AT007631,W085,10-08-2026,1,0,0
AT007632,W085,11-08-2026,1,2,0
AT007633,W085,12-08-2026,1,5,0
AT007634,W085,13-08-2026,1,5,0
AT007635,W085,14-08-2026,1,0,0
AT007636,W085,15-08-2026,1,5,0
AT007637,W085,16-08-2026,0,0,0
AT007638,W085,17-08-2026,1,2,0
AT007639,W085,18-08-2026,1,12,0
AT007640,W085,19-08-2026,1,4,0
AT007641,W085,20-08-2026,1,4,0
AT007642,W085,21-08-2026,1,9,0
AT007643,W085,22-08-2026,1,0,0
AT007644,W085,23-08-2026,0,0,0
AT007645,W085,24-08-2026,1,0,0
AT007646,W085,25-08-2026,1,0,0
AT007647,W085,26-08-2026,1,6,0
AT007648,W085,27-08-2026,1,7,0
AT007649,W085,28-08-2026,1,2,0
AT007650,W085,29-08-2026,1,2,0
AT007651,W086,01-06-2026,0,0,1
AT007652,W086,02-06-2026,1,3,0
AT007653,W086,03-06-2026,1,4,0
AT007654,W086,04-06-2026,1,9,0
AT007655,W086,05-06-2026,1,10,0
AT007656,W086,06-06-2026,1,4,0
AT007657,W086,07-06-2026,0,0,0
AT007658,W086,08-06-2026,1,8,0
AT007659,W086,09-06-2026,1,6,0
AT007660,W086,10-06-2026,1,2,0
AT007661,W086,11-06-2026,1,8,0
AT007662,W086,12-06-2026,1,8,0
AT007663,W086,13-06-2026,1,0,0
AT007664,W086,14-06-2026,0,0,0
AT007665,W086,15-06-2026,1,4,0
AT007666,W086,16-06-2026,1,3,0
AT007667,W086,17-06-2026,1,10,0
AT007668,W086,18-06-2026,1,4,0
AT007669,W086,19-06-2026,1,3,0
AT007670,W086,20-06-2026,1,7,0
AT007671,W086,21-06-2026,0,0,0
AT007672,W086,22-06-2026,1,12,0
AT007673,W086,23-06-2026,1,15,0
AT007674,W086,24-06-2026,1,17,0
AT007675,W086,25-06-2026,1,5,0
AT007676,W086,26-06-2026,1,2,0
AT007677,W086,27-06-2026,1,1,0
AT007678,W086,28-06-2026,0,0,1
AT007679,W086,29-06-2026,1,0,0
AT007680,W086,30-06-2026,1,7,0
AT007681,W086,01-07-2026,1,0,0
AT007682,W086,02-07-2026,1,2,0
AT007683,W086,03-07-2026,1,3,0
AT007684,W086,04-07-2026,1,7,0
AT007685,W086,05-07-2026,0,0,0
AT007686,W086,06-07-2026,1,3,0
AT007687,W086,07-07-2026,1,8,0
AT007688,W086,08-07-2026,1,6,0
AT007689,W086,09-07-2026,1,2,0
AT007690,W086,10-07-2026,1,5,0
AT007691,W086,11-07-2026,1,13,0
AT007692,W086,12-07-2026,1,8,0
AT007693,W086,13-07-2026,1,1,0
AT007694,W086,14-07-2026,1,10,0
AT007695,W086,15-07-2026,1,9,0
AT007696,W086,16-07-2026,1,14,0
AT007697,W086,17-07-2026,1,9,0
AT007698,W086,18-07-2026,1,9,0
AT007699,W086,19-07-2026,0,0,0
AT007700,W086,20-07-2026,1,2,0
AT007701,W086,21-07-2026,0,0,1
AT007702,W086,22-07-2026,1,8,0
AT007703,W086,23-07-2026,1,9,0
AT007704,W086,24-07-2026,1,9,0
AT007705,W086,25-07-2026,1,4,0
AT007706,W086,26-07-2026,0,0,0
AT007707,W086,27-07-2026,1,5,0
AT007708,W086,28-07-2026,1,8,0
AT007709,W086,29-07-2026,1,9,0
AT007710,W086,30-07-2026,1,3,0
AT007711,W086,31-07-2026,1,0,0
AT007712,W086,01-08-2026,1,9,0
AT007713,W086,02-08-2026,0,0,0
AT007714,W086,03-08-2026,1,6,0
AT007715,W086,04-08-2026,1,5,0
AT007716,W086,05-08-2026,1,3,0
AT007717,W086,06-08-2026,1,8,0
AT007718,W086,07-08-2026,0,0,1
AT007719,W086,08-08-2026,1,1,0
AT007720,W086,09-08-2026,0,0,0
AT007721,W086,10-08-2026,1,3,0
AT007722,W086,11-08-2026,1,4,0
AT007723,W086,12-08-2026,1,0,0
AT007724,W086,13-08-2026,0,0,1
AT007725,W086,14-08-2026,1,2,0
AT007726,W086,15-08-2026,1,6,0
AT007727,W086,16-08-2026,0,0,0
AT007728,W086,17-08-2026,1,3,0
AT007729,W086,18-08-2026,1,5,0
AT007730,W086,19-08-2026,1,14,0
AT007731,W086,20-08-2026,1,1,0
AT007732,W086,21-08-2026,1,4,0
AT007733,W086,22-08-2026,1,7,0
AT007734,W086,23-08-2026,0,0,0
AT007735,W086,24-08-2026,1,0,0
AT007736,W086,25-08-2026,1,8,0
AT007737,W086,26-08-2026,1,5,0
AT007738,W086,27-08-2026,1,7,0
AT007739,W086,28-08-2026,1,6,0
AT007740,W086,29-08-2026,0,0,1
AT007741,W087,01-06-2026,1,4,0
AT007742,W087,02-06-2026,1,1,0
AT007743,W087,03-06-2026,1,7,0
AT007744,W087,04-06-2026,1,15,0
AT007745,W087,05-06-2026,1,12,0
AT007746,W087,06-06-2026,1,5,0
AT007747,W087,07-06-2026,0,0,0
AT007748,W087,08-06-2026,1,0,0
AT007749,W087,09-06-2026,1,7,0
AT007750,W087,10-06-2026,0,0,1
AT007751,W087,11-06-2026,1,8,0
AT007752,W087,12-06-2026,1,8,0
AT007753,W087,13-06-2026,1,0,0
AT007754,W087,14-06-2026,0,0,0
AT007755,W087,15-06-2026,1,12,0
AT007756,W087,16-06-2026,1,8,0
AT007757,W087,17-06-2026,1,8,0
AT007758,W087,18-06-2026,1,5,0
AT007759,W087,19-06-2026,1,10,0
AT007760,W087,20-06-2026,1,4,0
AT007761,W087,21-06-2026,0,0,0
AT007762,W087,22-06-2026,1,5,0
AT007763,W087,23-06-2026,1,10,0
AT007764,W087,24-06-2026,0,0,1
AT007765,W087,25-06-2026,0,0,1
AT007766,W087,26-06-2026,1,9,0
AT007767,W087,27-06-2026,1,15,0
AT007768,W087,28-06-2026,1,1,0
AT007769,W087,29-06-2026,1,11,0
AT007770,W087,30-06-2026,0,0,1
AT007771,W087,01-07-2026,0,0,1
AT007772,W087,02-07-2026,1,14,0
AT007773,W087,03-07-2026,1,15,0
AT007774,W087,04-07-2026,1,6,0
AT007775,W087,05-07-2026,0,0,0
AT007776,W087,06-07-2026,1,7,0
AT007777,W087,07-07-2026,1,0,0
AT007778,W087,08-07-2026,1,14,0
AT007779,W087,09-07-2026,1,13,0
AT007780,W087,10-07-2026,1,12,0
AT007781,W087,11-07-2026,0,0,1
AT007782,W087,12-07-2026,0,0,0
AT007783,W087,13-07-2026,1,0,0
AT007784,W087,14-07-2026,1,10,0
AT007785,W087,15-07-2026,0,0,1
AT007786,W087,16-07-2026,1,3,0
AT007787,W087,17-07-2026,1,13,0
AT007788,W087,18-07-2026,1,0,0
AT007789,W087,19-07-2026,1,0,0
AT007790,W087,20-07-2026,1,11,0
AT007791,W087,21-07-2026,1,8,0
AT007792,W087,22-07-2026,1,11,0
AT007793,W087,23-07-2026,1,8,0
AT007794,W087,24-07-2026,1,2,0
AT007795,W087,25-07-2026,1,7,0
AT007796,W087,26-07-2026,0,0,0
AT007797,W087,27-07-2026,1,6,0
AT007798,W087,28-07-2026,1,4,0
AT007799,W087,29-07-2026,1,7,0
AT007800,W087,30-07-2026,1,6,0
AT007801,W087,31-07-2026,1,3,0
AT007802,W087,01-08-2026,1,10,0
AT007803,W087,02-08-2026,0,0,0
AT007804,W087,03-08-2026,1,9,0
AT007805,W087,04-08-2026,1,4,0
AT007806,W087,05-08-2026,0,0,1
AT007807,W087,06-08-2026,1,3,0
AT007808,W087,07-08-2026,0,0,1
AT007809,W087,08-08-2026,1,11,0
AT007810,W087,09-08-2026,0,0,1
AT007811,W087,10-08-2026,1,5,0
AT007812,W087,11-08-2026,1,7,0
AT007813,W087,12-08-2026,1,13,0
AT007814,W087,13-08-2026,1,7,0
AT007815,W087,14-08-2026,1,11,0
AT007816,W087,15-08-2026,1,2,0
AT007817,W087,16-08-2026,0,0,0
AT007818,W087,17-08-2026,1,8,0
AT007819,W087,18-08-2026,1,9,0
AT007820,W087,19-08-2026,1,14,0
AT007821,W087,20-08-2026,1,6,0
AT007822,W087,21-08-2026,1,0,0
AT007823,W087,22-08-2026,1,9,0
AT007824,W087,23-08-2026,0,0,0
AT007825,W087,24-08-2026,1,11,0
AT007826,W087,25-08-2026,1,5,0
AT007827,W087,26-08-2026,1,6,0
AT007828,W087,27-08-2026,1,0,0
AT007829,W087,28-08-2026,1,7,0
AT007830,W087,29-08-2026,1,12,0
AT007831,W088,01-06-2026,1,5,0
AT007832,W088,02-06-2026,1,0,0
AT007833,W088,03-06-2026,1,5,0
AT007834,W088,04-06-2026,1,3,0
AT007835,W088,05-06-2026,1,7,0
AT007836,W088,06-06-2026,1,0,0
AT007837,W088,07-06-2026,0,0,0
AT007838,W088,08-06-2026,1,2,0
AT007839,W088,09-06-2026,0,0,1
AT007840,W088,10-06-2026,1,0,0
AT007841,W088,11-06-2026,1,4,0
AT007842,W088,12-06-2026,1,2,0
AT007843,W088,13-06-2026,1,7,0
AT007844,W088,14-06-2026,0,0,0
AT007845,W088,15-06-2026,1,4,0
AT007846,W088,16-06-2026,1,11,0
AT007847,W088,17-06-2026,1,9,0
AT007848,W088,18-06-2026,1,7,0
AT007849,W088,19-06-2026,1,11,0
AT007850,W088,20-06-2026,1,13,0
AT007851,W088,21-06-2026,0,0,0
AT007852,W088,22-06-2026,1,0,0
AT007853,W088,23-06-2026,1,3,0
AT007854,W088,24-06-2026,1,4,0
AT007855,W088,25-06-2026,1,1,0
AT007856,W088,26-06-2026,1,0,0
AT007857,W088,27-06-2026,1,6,0
AT007858,W088,28-06-2026,0,0,0
AT007859,W088,29-06-2026,1,5,0
AT007860,W088,30-06-2026,1,6,0
AT007861,W088,01-07-2026,1,5,0
AT007862,W088,02-07-2026,1,6,0
AT007863,W088,03-07-2026,1,0,0
AT007864,W088,04-07-2026,1,7,0
AT007865,W088,05-07-2026,0,0,0
AT007866,W088,06-07-2026,1,3,0
AT007867,W088,07-07-2026,1,7,0
AT007868,W088,08-07-2026,1,1,0
AT007869,W088,09-07-2026,1,6,0
AT007870,W088,10-07-2026,1,4,0
AT007871,W088,11-07-2026,1,6,0
AT007872,W088,12-07-2026,1,12,0
AT007873,W088,13-07-2026,1,4,0
AT007874,W088,14-07-2026,1,8,0
AT007875,W088,15-07-2026,1,13,0
AT007876,W088,16-07-2026,1,0,0
AT007877,W088,17-07-2026,1,2,0
AT007878,W088,18-07-2026,1,3,0
AT007879,W088,19-07-2026,0,0,0
AT007880,W088,20-07-2026,1,1,0
AT007881,W088,21-07-2026,1,0,0
AT007882,W088,22-07-2026,1,2,0
AT007883,W088,23-07-2026,1,5,0
AT007884,W088,24-07-2026,1,3,0
AT007885,W088,25-07-2026,1,0,0
AT007886,W088,26-07-2026,1,0,0
AT007887,W088,27-07-2026,1,4,0
AT007888,W088,28-07-2026,1,2,0
AT007889,W088,29-07-2026,1,11,0
AT007890,W088,30-07-2026,1,5,0
AT007891,W088,31-07-2026,1,4,0
AT007892,W088,01-08-2026,1,9,0
AT007893,W088,02-08-2026,0,0,0
AT007894,W088,03-08-2026,1,3,0
AT007895,W088,04-08-2026,1,0,0
AT007896,W088,05-08-2026,1,0,0
AT007897,W088,06-08-2026,1,7,0
AT007898,W088,07-08-2026,1,9,0
AT007899,W088,08-08-2026,1,3,0
AT007900,W088,09-08-2026,0,0,0
AT007901,W088,10-08-2026,1,0,0
AT007902,W088,11-08-2026,1,5,0
AT007903,W088,12-08-2026,1,8,0
AT007904,W088,13-08-2026,1,4,0
AT007905,W088,14-08-2026,1,9,0
AT007906,W088,15-08-2026,1,0,0
AT007907,W088,16-08-2026,0,0,0
AT007908,W088,17-08-2026,1,8,0
AT007909,W088,18-08-2026,1,6,0
AT007910,W088,19-08-2026,1,2,0
AT007911,W088,20-08-2026,1,0,0
AT007912,W088,21-08-2026,1,0,0
AT007913,W088,22-08-2026,1,2,0
AT007914,W088,23-08-2026,1,6,0
AT007915,W088,24-08-2026,1,0,0
AT007916,W088,25-08-2026,1,7,0
AT007917,W088,26-08-2026,1,0,0
AT007918,W088,27-08-2026,1,13,0
AT007919,W088,28-08-2026,1,0,0
AT007920,W088,29-08-2026,1,2,0
AT007921,W089,01-06-2026,1,1,0
AT007922,W089,02-06-2026,1,0,0
AT007923,W089,03-06-2026,1,4,0
AT007924,W089,04-06-2026,1,1,0
AT007925,W089,05-06-2026,1,0,0
AT007926,W089,06-06-2026,1,0,0
AT007927,W089,07-06-2026,0,0,0
AT007928,W089,08-06-2026,1,2,0
AT007929,W089,09-06-2026,1,0,0
AT007930,W089,10-06-2026,1,0,0
AT007931,W089,11-06-2026,1,1,0
AT007932,W089,12-06-2026,1,5,0
AT007933,W089,13-06-2026,1,1,0
AT007934,W089,14-06-2026,0,0,0
AT007935,W089,15-06-2026,1,1,0
AT007936,W089,16-06-2026,1,0,0
AT007937,W089,17-06-2026,1,6,0
AT007938,W089,18-06-2026,1,0,0
AT007939,W089,19-06-2026,1,3,0
AT007940,W089,20-06-2026,1,2,0
AT007941,W089,21-06-2026,0,0,1
AT007942,W089,22-06-2026,0,0,1
AT007943,W089,23-06-2026,1,10,0
AT007944,W089,24-06-2026,1,17,0
AT007945,W089,25-06-2026,1,0,0
AT007946,W089,26-06-2026,1,10,0
AT007947,W089,27-06-2026,1,0,0
AT007948,W089,28-06-2026,0,0,0
AT007949,W089,29-06-2026,1,4,0
AT007950,W089,30-06-2026,1,4,0
AT007951,W089,01-07-2026,1,7,0
AT007952,W089,02-07-2026,1,10,0
AT007953,W089,03-07-2026,1,4,0
AT007954,W089,04-07-2026,1,0,0
AT007955,W089,05-07-2026,1,0,0
AT007956,W089,06-07-2026,0,0,1
AT007957,W089,07-07-2026,1,0,0
AT007958,W089,08-07-2026,1,7,0
AT007959,W089,09-07-2026,1,0,0
AT007960,W089,10-07-2026,1,13,0
AT007961,W089,11-07-2026,1,2,0
AT007962,W089,12-07-2026,0,0,0
AT007963,W089,13-07-2026,1,0,0
AT007964,W089,14-07-2026,1,4,0
AT007965,W089,15-07-2026,1,0,0
AT007966,W089,16-07-2026,1,0,0
AT007967,W089,17-07-2026,0,0,1
AT007968,W089,18-07-2026,1,1,0
AT007969,W089,19-07-2026,0,0,0
AT007970,W089,20-07-2026,1,8,0
AT007971,W089,21-07-2026,1,3,0
AT007972,W089,22-07-2026,1,13,0
AT007973,W089,23-07-2026,1,0,0
AT007974,W089,24-07-2026,1,2,0
AT007975,W089,25-07-2026,1,9,0
AT007976,W089,26-07-2026,0,0,0
AT007977,W089,27-07-2026,1,3,0
AT007978,W089,28-07-2026,1,1,0
AT007979,W089,29-07-2026,1,3,0
AT007980,W089,30-07-2026,0,0,1
AT007981,W089,31-07-2026,1,0,0
AT007982,W089,01-08-2026,1,0,0
AT007983,W089,02-08-2026,0,0,0
AT007984,W089,03-08-2026,1,0,0
AT007985,W089,04-08-2026,1,3,0
AT007986,W089,05-08-2026,1,0,0
AT007987,W089,06-08-2026,1,1,0
AT007988,W089,07-08-2026,1,7,0
AT007989,W089,08-08-2026,1,4,0
AT007990,W089,09-08-2026,0,0,0
AT007991,W089,10-08-2026,1,0,0
AT007992,W089,11-08-2026,1,0,0
AT007993,W089,12-08-2026,1,5,0
AT007994,W089,13-08-2026,1,0,0
AT007995,W089,14-08-2026,1,0,0
AT007996,W089,15-08-2026,1,5,0
AT007997,W089,16-08-2026,0,0,0
AT007998,W089,17-08-2026,1,0,0
AT007999,W089,18-08-2026,1,0,0
AT008000,W089,19-08-2026,1,7,0
AT008001,W089,20-08-2026,1,1,0
AT008002,W089,21-08-2026,1,0,0
AT008003,W089,22-08-2026,1,0,0
AT008004,W089,23-08-2026,0,0,0
AT008005,W089,24-08-2026,1,10,0
AT008006,W089,25-08-2026,1,11,0
AT008007,W089,26-08-2026,1,5,0
AT008008,W089,27-08-2026,1,0,0
AT008009,W089,28-08-2026,1,0,0
AT008010,W089,29-08-2026,1,10,0
AT008011,W090,01-06-2026,1,5,0
AT008012,W090,02-06-2026,1,1,0
AT008013,W090,03-06-2026,1,7,0
AT008014,W090,04-06-2026,1,5,0
AT008015,W090,05-06-2026,1,7,0
AT008016,W090,06-06-2026,1,1,0
AT008017,W090,07-06-2026,1,0,0
AT008018,W090,08-06-2026,1,0,0
AT008019,W090,09-06-2026,1,0,0
AT008020,W090,10-06-2026,1,2,0
AT008021,W090,11-06-2026,1,4,0
AT008022,W090,12-06-2026,1,5,0
AT008023,W090,13-06-2026,1,6,0
AT008024,W090,14-06-2026,0,0,0
AT008025,W090,15-06-2026,1,12,0
AT008026,W090,16-06-2026,1,5,0
AT008027,W090,17-06-2026,1,7,0
AT008028,W090,18-06-2026,1,4,0
AT008029,W090,19-06-2026,1,13,0
AT008030,W090,20-06-2026,1,9,0
AT008031,W090,21-06-2026,0,0,0
AT008032,W090,22-06-2026,1,3,0
AT008033,W090,23-06-2026,1,5,0
AT008034,W090,24-06-2026,1,0,0
AT008035,W090,25-06-2026,1,0,0
AT008036,W090,26-06-2026,1,0,0
AT008037,W090,27-06-2026,1,0,0
AT008038,W090,28-06-2026,0,0,0
AT008039,W090,29-06-2026,1,5,0
AT008040,W090,30-06-2026,1,13,0
AT008041,W090,01-07-2026,1,0,0
AT008042,W090,02-07-2026,1,3,0
AT008043,W090,03-07-2026,1,0,0
AT008044,W090,04-07-2026,1,0,0
AT008045,W090,05-07-2026,0,0,0
AT008046,W090,06-07-2026,1,0,0
AT008047,W090,07-07-2026,1,8,0
AT008048,W090,08-07-2026,1,3,0
AT008049,W090,09-07-2026,1,5,0
AT008050,W090,10-07-2026,1,18,0
AT008051,W090,11-07-2026,1,5,0
AT008052,W090,12-07-2026,0,0,0
AT008053,W090,13-07-2026,1,0,0
AT008054,W090,14-07-2026,1,4,0
AT008055,W090,15-07-2026,1,0,0
AT008056,W090,16-07-2026,1,14,0
AT008057,W090,17-07-2026,1,6,0
AT008058,W090,18-07-2026,1,7,0
AT008059,W090,19-07-2026,1,4,0
AT008060,W090,20-07-2026,1,4,0
AT008061,W090,21-07-2026,0,0,1
AT008062,W090,22-07-2026,0,0,1
AT008063,W090,23-07-2026,1,2,0
AT008064,W090,24-07-2026,1,6,0
AT008065,W090,25-07-2026,1,12,0
AT008066,W090,26-07-2026,0,0,0
AT008067,W090,27-07-2026,1,5,0
AT008068,W090,28-07-2026,1,4,0
AT008069,W090,29-07-2026,1,7,0
AT008070,W090,30-07-2026,1,10,0
AT008071,W090,31-07-2026,1,0,0
AT008072,W090,01-08-2026,1,3,0
AT008073,W090,02-08-2026,0,0,0
AT008074,W090,03-08-2026,1,0,0
AT008075,W090,04-08-2026,1,0,0
AT008076,W090,05-08-2026,1,0,0
AT008077,W090,06-08-2026,1,5,0
AT008078,W090,07-08-2026,1,4,0
AT008079,W090,08-08-2026,1,7,0
AT008080,W090,09-08-2026,0,0,0
AT008081,W090,10-08-2026,1,0,0
AT008082,W090,11-08-2026,1,5,0
AT008083,W090,12-08-2026,1,4,0
AT008084,W090,13-08-2026,1,1,0
AT008085,W090,14-08-2026,1,1,0
AT008086,W090,15-08-2026,1,8,0
AT008087,W090,16-08-2026,0,0,0
AT008088,W090,17-08-2026,1,5,0
AT008089,W090,18-08-2026,1,0,0
AT008090,W090,19-08-2026,1,3,0
AT008091,W090,20-08-2026,1,0,0
AT008092,W090,21-08-2026,1,0,0
AT008093,W090,22-08-2026,1,4,0
AT008094,W090,23-08-2026,0,0,0
AT008095,W090,24-08-2026,1,0,0
AT008096,W090,25-08-2026,1,3,0
AT008097,W090,26-08-2026,1,5,0
AT008098,W090,27-08-2026,0,0,1
AT008099,W090,28-08-2026,1,6,0
AT008100,W090,29-08-2026,1,7,0
AT008101,W091,01-06-2026,1,11,0
AT008102,W091,02-06-2026,1,8,0
AT008103,W091,03-06-2026,1,0,0
AT008104,W091,04-06-2026,0,0,1
AT008105,W091,05-06-2026,1,3,0
AT008106,W091,06-06-2026,1,3,0
AT008107,W091,07-06-2026,0,0,0
AT008108,W091,08-06-2026,1,0,0
AT008109,W091,09-06-2026,1,0,0
AT008110,W091,10-06-2026,1,2,0
AT008111,W091,11-06-2026,1,0,0
AT008112,W091,12-06-2026,1,0,0
AT008113,W091,13-06-2026,1,5,0
AT008114,W091,14-06-2026,0,0,0
AT008115,W091,15-06-2026,1,3,0
AT008116,W091,16-06-2026,1,6,0
AT008117,W091,17-06-2026,1,0,0
AT008118,W091,18-06-2026,1,0,0
AT008119,W091,19-06-2026,1,3,0
AT008120,W091,20-06-2026,1,14,0
AT008121,W091,21-06-2026,1,3,0
AT008122,W091,22-06-2026,1,7,0
AT008123,W091,23-06-2026,1,6,0
AT008124,W091,24-06-2026,1,4,0
AT008125,W091,25-06-2026,1,18,0
AT008126,W091,26-06-2026,1,0,0
AT008127,W091,27-06-2026,1,0,0
AT008128,W091,28-06-2026,0,0,0
AT008129,W091,29-06-2026,1,7,0
AT008130,W091,30-06-2026,1,0,0
AT008131,W091,01-07-2026,1,4,0
AT008132,W091,02-07-2026,1,14,0
AT008133,W091,03-07-2026,1,7,0
AT008134,W091,04-07-2026,1,0,0
AT008135,W091,05-07-2026,0,0,0
AT008136,W091,06-07-2026,1,19,0
AT008137,W091,07-07-2026,1,2,0
AT008138,W091,08-07-2026,1,4,0
AT008139,W091,09-07-2026,1,0,0
AT008140,W091,10-07-2026,1,11,0
AT008141,W091,11-07-2026,1,7,0
AT008142,W091,12-07-2026,0,0,0
AT008143,W091,13-07-2026,1,0,0
AT008144,W091,14-07-2026,1,2,0
AT008145,W091,15-07-2026,1,0,0
AT008146,W091,16-07-2026,1,10,0
AT008147,W091,17-07-2026,1,5,0
AT008148,W091,18-07-2026,1,5,0
AT008149,W091,19-07-2026,0,0,0
AT008150,W091,20-07-2026,1,0,0
AT008151,W091,21-07-2026,1,8,0
AT008152,W091,22-07-2026,1,5,0
AT008153,W091,23-07-2026,1,4,0
AT008154,W091,24-07-2026,1,0,0
AT008155,W091,25-07-2026,1,0,0
AT008156,W091,26-07-2026,0,0,0
AT008157,W091,27-07-2026,0,0,1
AT008158,W091,28-07-2026,1,0,0
AT008159,W091,29-07-2026,0,0,1
AT008160,W091,30-07-2026,1,0,0
AT008161,W091,31-07-2026,1,6,0
AT008162,W091,01-08-2026,1,3,0
AT008163,W091,02-08-2026,0,0,0
AT008164,W091,03-08-2026,1,0,0
AT008165,W091,04-08-2026,1,3,0
AT008166,W091,05-08-2026,1,10,0
AT008167,W091,06-08-2026,1,0,0
AT008168,W091,07-08-2026,1,1,0
AT008169,W091,08-08-2026,1,9,0
AT008170,W091,09-08-2026,0,0,0
AT008171,W091,10-08-2026,1,0,0
AT008172,W091,11-08-2026,1,0,0
AT008173,W091,12-08-2026,1,3,0
AT008174,W091,13-08-2026,1,8,0
AT008175,W091,14-08-2026,1,0,0
AT008176,W091,15-08-2026,1,0,0
AT008177,W091,16-08-2026,0,0,0
AT008178,W091,17-08-2026,1,0,0
AT008179,W091,18-08-2026,1,6,0
AT008180,W091,19-08-2026,1,5,0
AT008181,W091,20-08-2026,1,0,0
AT008182,W091,21-08-2026,1,7,0
AT008183,W091,22-08-2026,1,0,0
AT008184,W091,23-08-2026,0,0,0
AT008185,W091,24-08-2026,1,2,0
AT008186,W091,25-08-2026,0,0,1
AT008187,W091,26-08-2026,1,0,0
AT008188,W091,27-08-2026,1,12,0
AT008189,W091,28-08-2026,1,5,0
AT008190,W091,29-08-2026,1,4,0
AT008191,W092,01-06-2026,1,6,0
AT008192,W092,02-06-2026,1,2,0
AT008193,W092,03-06-2026,1,3,0
AT008194,W092,04-06-2026,1,4,0
AT008195,W092,05-06-2026,1,3,0
AT008196,W092,06-06-2026,1,9,0
AT008197,W092,07-06-2026,0,0,0
AT008198,W092,08-06-2026,1,16,0
AT008199,W092,09-06-2026,1,4,0
AT008200,W092,10-06-2026,1,0,0
AT008201,W092,11-06-2026,1,11,0
AT008202,W092,12-06-2026,1,12,0
AT008203,W092,13-06-2026,1,3,0
AT008204,W092,14-06-2026,0,0,0
AT008205,W092,15-06-2026,1,2,0
AT008206,W092,16-06-2026,1,8,0
AT008207,W092,17-06-2026,1,12,0
AT008208,W092,18-06-2026,1,0,0
AT008209,W092,19-06-2026,1,3,0
AT008210,W092,20-06-2026,1,3,0
AT008211,W092,21-06-2026,0,0,0
AT008212,W092,22-06-2026,1,11,0
AT008213,W092,23-06-2026,1,6,0
AT008214,W092,24-06-2026,1,7,0
AT008215,W092,25-06-2026,1,0,0
AT008216,W092,26-06-2026,1,7,0
AT008217,W092,27-06-2026,1,10,0
AT008218,W092,28-06-2026,0,0,0
AT008219,W092,29-06-2026,0,0,1
AT008220,W092,30-06-2026,1,6,0
AT008221,W092,01-07-2026,1,6,0
AT008222,W092,02-07-2026,1,1,0
AT008223,W092,03-07-2026,1,0,0
AT008224,W092,04-07-2026,1,11,0
AT008225,W092,05-07-2026,0,0,0
AT008226,W092,06-07-2026,1,10,0
AT008227,W092,07-07-2026,0,0,1
AT008228,W092,08-07-2026,1,15,0
AT008229,W092,09-07-2026,1,15,0
AT008230,W092,10-07-2026,1,5,0
AT008231,W092,11-07-2026,1,11,0
AT008232,W092,12-07-2026,0,0,1
AT008233,W092,13-07-2026,1,2,0
AT008234,W092,14-07-2026,1,15,0
AT008235,W092,15-07-2026,1,4,0
AT008236,W092,16-07-2026,1,12,0
AT008237,W092,17-07-2026,1,0,0
AT008238,W092,18-07-2026,1,2,0
AT008239,W092,19-07-2026,0,0,0
AT008240,W092,20-07-2026,1,5,0
AT008241,W092,21-07-2026,1,9,0
AT008242,W092,22-07-2026,1,5,0
AT008243,W092,23-07-2026,1,17,0
AT008244,W092,24-07-2026,1,9,0
AT008245,W092,25-07-2026,1,8,0
AT008246,W092,26-07-2026,0,0,0
AT008247,W092,27-07-2026,1,0,0
AT008248,W092,28-07-2026,1,0,0
AT008249,W092,29-07-2026,1,0,0
AT008250,W092,30-07-2026,1,0,0
AT008251,W092,31-07-2026,1,7,0
AT008252,W092,01-08-2026,1,9,0
AT008253,W092,02-08-2026,0,0,0
AT008254,W092,03-08-2026,1,2,0
AT008255,W092,04-08-2026,1,0,0
AT008256,W092,05-08-2026,1,0,0
AT008257,W092,06-08-2026,1,10,0
AT008258,W092,07-08-2026,1,4,0
AT008259,W092,08-08-2026,1,0,0
AT008260,W092,09-08-2026,0,0,0
AT008261,W092,10-08-2026,1,1,0
AT008262,W092,11-08-2026,0,0,1
AT008263,W092,12-08-2026,1,12,0
AT008264,W092,13-08-2026,1,10,0
AT008265,W092,14-08-2026,1,8,0
AT008266,W092,15-08-2026,1,5,0
AT008267,W092,16-08-2026,1,8,0
AT008268,W092,17-08-2026,1,4,0
AT008269,W092,18-08-2026,1,12,0
AT008270,W092,19-08-2026,1,5,0
AT008271,W092,20-08-2026,1,3,0
AT008272,W092,21-08-2026,1,2,0
AT008273,W092,22-08-2026,1,0,0
AT008274,W092,23-08-2026,0,0,0
AT008275,W092,24-08-2026,1,11,0
AT008276,W092,25-08-2026,1,4,0
AT008277,W092,26-08-2026,1,11,0
AT008278,W092,27-08-2026,1,4,0
AT008279,W092,28-08-2026,1,3,0
AT008280,W092,29-08-2026,1,0,0
AT008281,W093,01-06-2026,1,0,0
AT008282,W093,02-06-2026,1,0,0
AT008283,W093,03-06-2026,1,0,0
AT008284,W093,04-06-2026,1,1,0
AT008285,W093,05-06-2026,1,0,0
AT008286,W093,06-06-2026,1,1,0
AT008287,W093,07-06-2026,0,0,0
AT008288,W093,08-06-2026,1,0,0
AT008289,W093,09-06-2026,1,0,0
AT008290,W093,10-06-2026,1,4,0
AT008291,W093,11-06-2026,1,0,0
AT008292,W093,12-06-2026,1,0,0
AT008293,W093,13-06-2026,1,11,0
AT008294,W093,14-06-2026,0,0,0
AT008295,W093,15-06-2026,1,6,0
AT008296,W093,16-06-2026,1,12,0
AT008297,W093,17-06-2026,1,0,0
AT008298,W093,18-06-2026,1,0,0
AT008299,W093,19-06-2026,1,5,0
AT008300,W093,20-06-2026,1,0,0
AT008301,W093,21-06-2026,0,0,0
AT008302,W093,22-06-2026,1,3,0
AT008303,W093,23-06-2026,1,0,0
AT008304,W093,24-06-2026,1,2,0
AT008305,W093,25-06-2026,1,14,0
AT008306,W093,26-06-2026,1,0,0
AT008307,W093,27-06-2026,1,3,0
AT008308,W093,28-06-2026,1,3,0
AT008309,W093,29-06-2026,1,1,0
AT008310,W093,30-06-2026,1,5,0
AT008311,W093,01-07-2026,1,9,0
AT008312,W093,02-07-2026,1,5,0
AT008313,W093,03-07-2026,1,8,0
AT008314,W093,04-07-2026,1,0,0
AT008315,W093,05-07-2026,0,0,0
AT008316,W093,06-07-2026,1,7,0
AT008317,W093,07-07-2026,1,2,0
AT008318,W093,08-07-2026,1,3,0
AT008319,W093,09-07-2026,1,8,0
AT008320,W093,10-07-2026,1,1,0
AT008321,W093,11-07-2026,1,0,0
AT008322,W093,12-07-2026,0,0,0
AT008323,W093,13-07-2026,1,4,0
AT008324,W093,14-07-2026,1,4,0
AT008325,W093,15-07-2026,1,0,0
AT008326,W093,16-07-2026,0,0,1
AT008327,W093,17-07-2026,1,5,0
AT008328,W093,18-07-2026,1,1,0
AT008329,W093,19-07-2026,0,0,0
AT008330,W093,20-07-2026,1,0,0
AT008331,W093,21-07-2026,1,0,0
AT008332,W093,22-07-2026,1,2,0
AT008333,W093,23-07-2026,1,4,0
AT008334,W093,24-07-2026,1,0,0
AT008335,W093,25-07-2026,1,4,0
AT008336,W093,26-07-2026,1,0,0
AT008337,W093,27-07-2026,1,0,0
AT008338,W093,28-07-2026,1,0,0
AT008339,W093,29-07-2026,1,2,0
AT008340,W093,30-07-2026,1,0,0
AT008341,W093,31-07-2026,1,6,0
AT008342,W093,01-08-2026,1,4,0
AT008343,W093,02-08-2026,0,0,0
AT008344,W093,03-08-2026,1,6,0
AT008345,W093,04-08-2026,1,2,0
AT008346,W093,05-08-2026,1,0,0
AT008347,W093,06-08-2026,1,20,0
AT008348,W093,07-08-2026,1,0,0
AT008349,W093,08-08-2026,1,1,0
AT008350,W093,09-08-2026,0,0,0
AT008351,W093,10-08-2026,1,0,0
AT008352,W093,11-08-2026,1,0,0
AT008353,W093,12-08-2026,1,0,0
AT008354,W093,13-08-2026,1,0,0
AT008355,W093,14-08-2026,1,6,0
AT008356,W093,15-08-2026,1,3,0
AT008357,W093,16-08-2026,0,0,0
AT008358,W093,17-08-2026,1,2,0
AT008359,W093,18-08-2026,1,4,0
AT008360,W093,19-08-2026,1,1,0
AT008361,W093,20-08-2026,1,1,0
AT008362,W093,21-08-2026,1,11,0
AT008363,W093,22-08-2026,1,5,0
AT008364,W093,23-08-2026,0,0,0
AT008365,W093,24-08-2026,1,0,0
AT008366,W093,25-08-2026,1,14,0
AT008367,W093,26-08-2026,1,8,0
AT008368,W093,27-08-2026,0,0,1
AT008369,W093,28-08-2026,1,12,0
AT008370,W093,29-08-2026,1,3,0
AT008371,W094,01-06-2026,1,8,0
AT008372,W094,02-06-2026,1,5,0
AT008373,W094,03-06-2026,1,14,0
AT008374,W094,04-06-2026,1,6,0
AT008375,W094,05-06-2026,1,14,0
AT008376,W094,06-06-2026,1,14,0
AT008377,W094,07-06-2026,0,0,0
AT008378,W094,08-06-2026,1,7,0
AT008379,W094,09-06-2026,1,2,0
AT008380,W094,10-06-2026,1,16,0
AT008381,W094,11-06-2026,0,0,1
AT008382,W094,12-06-2026,1,10,0
AT008383,W094,13-06-2026,1,0,0
AT008384,W094,14-06-2026,0,0,0
AT008385,W094,15-06-2026,1,0,0
AT008386,W094,16-06-2026,1,4,0
AT008387,W094,17-06-2026,1,2,0
AT008388,W094,18-06-2026,1,9,0
AT008389,W094,19-06-2026,1,8,0
AT008390,W094,20-06-2026,1,5,0
AT008391,W094,21-06-2026,0,0,0
AT008392,W094,22-06-2026,0,0,1
AT008393,W094,23-06-2026,1,12,0
AT008394,W094,24-06-2026,1,2,0
AT008395,W094,25-06-2026,1,11,0
AT008396,W094,26-06-2026,1,10,0
AT008397,W094,27-06-2026,1,0,0
AT008398,W094,28-06-2026,1,0,0
AT008399,W094,29-06-2026,1,13,0
AT008400,W094,30-06-2026,1,1,0
AT008401,W094,01-07-2026,1,2,0
AT008402,W094,02-07-2026,1,7,0
AT008403,W094,03-07-2026,0,0,1
AT008404,W094,04-07-2026,1,10,0
AT008405,W094,05-07-2026,0,0,0
AT008406,W094,06-07-2026,0,0,1
AT008407,W094,07-07-2026,1,4,0
AT008408,W094,08-07-2026,1,9,0
AT008409,W094,09-07-2026,1,0,0
AT008410,W094,10-07-2026,1,6,0
AT008411,W094,11-07-2026,1,9,0
AT008412,W094,12-07-2026,0,0,0
AT008413,W094,13-07-2026,1,12,0
AT008414,W094,14-07-2026,1,3,0
AT008415,W094,15-07-2026,1,7,0
AT008416,W094,16-07-2026,1,13,0
AT008417,W094,17-07-2026,1,0,0
AT008418,W094,18-07-2026,1,6,0
AT008419,W094,19-07-2026,0,0,0
AT008420,W094,20-07-2026,1,8,0
AT008421,W094,21-07-2026,1,6,0
AT008422,W094,22-07-2026,1,6,0
AT008423,W094,23-07-2026,1,6,0
AT008424,W094,24-07-2026,1,14,0
AT008425,W094,25-07-2026,1,0,0
AT008426,W094,26-07-2026,1,0,0
AT008427,W094,27-07-2026,1,8,0
AT008428,W094,28-07-2026,1,16,0
AT008429,W094,29-07-2026,1,4,0
AT008430,W094,30-07-2026,1,10,0
AT008431,W094,31-07-2026,1,6,0
AT008432,W094,01-08-2026,1,10,0
AT008433,W094,02-08-2026,0,0,0
AT008434,W094,03-08-2026,1,4,0
AT008435,W094,04-08-2026,1,7,0
AT008436,W094,05-08-2026,1,6,0
AT008437,W094,06-08-2026,1,5,0
AT008438,W094,07-08-2026,1,0,0
AT008439,W094,08-08-2026,1,0,0
AT008440,W094,09-08-2026,1,3,0
AT008441,W094,10-08-2026,1,8,0
AT008442,W094,11-08-2026,1,11,0
AT008443,W094,12-08-2026,1,2,0
AT008444,W094,13-08-2026,1,6,0
AT008445,W094,14-08-2026,1,6,0
AT008446,W094,15-08-2026,1,6,0
AT008447,W094,16-08-2026,0,0,0
AT008448,W094,17-08-2026,1,13,0
AT008449,W094,18-08-2026,1,9,0
AT008450,W094,19-08-2026,1,4,0
AT008451,W094,20-08-2026,1,11,0
AT008452,W094,21-08-2026,1,3,0
AT008453,W094,22-08-2026,1,8,0
AT008454,W094,23-08-2026,1,9,0
AT008455,W094,24-08-2026,1,5,0
AT008456,W094,25-08-2026,1,15,0
AT008457,W094,26-08-2026,1,12,0
AT008458,W094,27-08-2026,1,5,0
AT008459,W094,28-08-2026,1,2,0
AT008460,W094,29-08-2026,1,9,0
AT008461,W095,01-06-2026,1,0,0
AT008462,W095,02-06-2026,1,6,0
AT008463,W095,03-06-2026,1,0,0
AT008464,W095,04-06-2026,1,3,0
AT008465,W095,05-06-2026,1,11,0
AT008466,W095,06-06-2026,1,5,0
AT008467,W095,07-06-2026,0,0,0
AT008468,W095,08-06-2026,1,5,0
AT008469,W095,09-06-2026,1,4,0
AT008470,W095,10-06-2026,1,0,0
AT008471,W095,11-06-2026,1,4,0
AT008472,W095,12-06-2026,1,0,0
AT008473,W095,13-06-2026,1,0,0
AT008474,W095,14-06-2026,0,0,0
AT008475,W095,15-06-2026,1,10,0
AT008476,W095,16-06-2026,1,9,0
AT008477,W095,17-06-2026,1,0,0
AT008478,W095,18-06-2026,1,1,0
AT008479,W095,19-06-2026,1,0,0
AT008480,W095,20-06-2026,1,3,0
AT008481,W095,21-06-2026,0,0,0
AT008482,W095,22-06-2026,1,0,0
AT008483,W095,23-06-2026,1,5,0
AT008484,W095,24-06-2026,1,4,0
AT008485,W095,25-06-2026,1,8,0
AT008486,W095,26-06-2026,1,0,0
AT008487,W095,27-06-2026,1,5,0
AT008488,W095,28-06-2026,1,1,0
AT008489,W095,29-06-2026,1,2,0
AT008490,W095,30-06-2026,1,2,0
AT008491,W095,01-07-2026,1,2,0
AT008492,W095,02-07-2026,1,2,0
AT008493,W095,03-07-2026,1,11,0
AT008494,W095,04-07-2026,1,2,0
AT008495,W095,05-07-2026,0,0,0
AT008496,W095,06-07-2026,1,6,0
AT008497,W095,07-07-2026,1,10,0
AT008498,W095,08-07-2026,1,0,0
AT008499,W095,09-07-2026,1,2,0
AT008500,W095,10-07-2026,1,7,0
AT008501,W095,11-07-2026,1,0,0
AT008502,W095,12-07-2026,0,0,0
AT008503,W095,13-07-2026,1,3,0
AT008504,W095,14-07-2026,1,6,0
AT008505,W095,15-07-2026,1,5,0
AT008506,W095,16-07-2026,1,12,0
AT008507,W095,17-07-2026,1,4,0
AT008508,W095,18-07-2026,1,5,0
AT008509,W095,19-07-2026,0,0,0
AT008510,W095,20-07-2026,1,0,0
AT008511,W095,21-07-2026,1,6,0
AT008512,W095,22-07-2026,1,0,0
AT008513,W095,23-07-2026,1,0,0
AT008514,W095,24-07-2026,1,3,0
AT008515,W095,25-07-2026,1,2,0
AT008516,W095,26-07-2026,1,2,0
AT008517,W095,27-07-2026,1,8,0
AT008518,W095,28-07-2026,1,3,0
AT008519,W095,29-07-2026,1,3,0
AT008520,W095,30-07-2026,1,4,0
AT008521,W095,31-07-2026,1,1,0
AT008522,W095,01-08-2026,1,6,0
AT008523,W095,02-08-2026,0,0,0
AT008524,W095,03-08-2026,1,1,0
AT008525,W095,04-08-2026,1,6,0
AT008526,W095,05-08-2026,1,6,0
AT008527,W095,06-08-2026,1,3,0
AT008528,W095,07-08-2026,1,8,0
AT008529,W095,08-08-2026,1,3,0
AT008530,W095,09-08-2026,0,0,0
AT008531,W095,10-08-2026,1,9,0
AT008532,W095,11-08-2026,1,0,0
AT008533,W095,12-08-2026,1,6,0
AT008534,W095,13-08-2026,1,6,0
AT008535,W095,14-08-2026,1,0,0
AT008536,W095,15-08-2026,1,0,0
AT008537,W095,16-08-2026,0,0,0
AT008538,W095,17-08-2026,1,0,0
AT008539,W095,18-08-2026,1,5,0
AT008540,W095,19-08-2026,1,3,0
AT008541,W095,20-08-2026,1,7,0
AT008542,W095,21-08-2026,0,0,1
AT008543,W095,22-08-2026,1,1,0
AT008544,W095,23-08-2026,0,0,0
AT008545,W095,24-08-2026,1,1,0
AT008546,W095,25-08-2026,1,5,0
AT008547,W095,26-08-2026,1,9,0
AT008548,W095,27-08-2026,1,1,0
AT008549,W095,28-08-2026,1,5,0
AT008550,W095,29-08-2026,1,5,0
AT008551,W096,01-06-2026,1,9,0
AT008552,W096,02-06-2026,1,15,0
AT008553,W096,03-06-2026,1,3,0
AT008554,W096,04-06-2026,1,15,0
AT008555,W096,05-06-2026,1,8,0
AT008556,W096,06-06-2026,1,11,0
AT008557,W096,07-06-2026,0,0,0
AT008558,W096,08-06-2026,1,4,0
AT008559,W096,09-06-2026,1,3,0
AT008560,W096,10-06-2026,0,0,1
AT008561,W096,11-06-2026,1,1,0
AT008562,W096,12-06-2026,1,6,0
AT008563,W096,13-06-2026,1,7,0
AT008564,W096,14-06-2026,0,0,0
AT008565,W096,15-06-2026,1,3,0
AT008566,W096,16-06-2026,1,0,0
AT008567,W096,17-06-2026,1,8,0
AT008568,W096,18-06-2026,1,7,0
AT008569,W096,19-06-2026,1,4,0
AT008570,W096,20-06-2026,1,0,0
AT008571,W096,21-06-2026,0,0,0
AT008572,W096,22-06-2026,1,8,0
AT008573,W096,23-06-2026,1,6,0
AT008574,W096,24-06-2026,1,2,0
AT008575,W096,25-06-2026,1,5,0
AT008576,W096,26-06-2026,1,8,0
AT008577,W096,27-06-2026,1,13,0
AT008578,W096,28-06-2026,0,0,0
AT008579,W096,29-06-2026,1,10,0
AT008580,W096,30-06-2026,1,8,0
AT008581,W096,01-07-2026,1,7,0
AT008582,W096,02-07-2026,1,5,0
AT008583,W096,03-07-2026,1,9,0
AT008584,W096,04-07-2026,1,9,0
AT008585,W096,05-07-2026,0,0,0
AT008586,W096,06-07-2026,1,10,0
AT008587,W096,07-07-2026,1,12,0
AT008588,W096,08-07-2026,1,0,0
AT008589,W096,09-07-2026,1,6,0
AT008590,W096,10-07-2026,1,7,0
AT008591,W096,11-07-2026,1,0,0
AT008592,W096,12-07-2026,0,0,0
AT008593,W096,13-07-2026,1,13,0
AT008594,W096,14-07-2026,1,7,0
AT008595,W096,15-07-2026,1,0,0
AT008596,W096,16-07-2026,1,0,0
AT008597,W096,17-07-2026,1,10,0
AT008598,W096,18-07-2026,1,11,0
AT008599,W096,19-07-2026,0,0,0
AT008600,W096,20-07-2026,1,0,0
AT008601,W096,21-07-2026,1,3,0
AT008602,W096,22-07-2026,1,3,0
AT008603,W096,23-07-2026,1,1,0
AT008604,W096,24-07-2026,1,4,0
AT008605,W096,25-07-2026,0,0,1
AT008606,W096,26-07-2026,1,12,0
AT008607,W096,27-07-2026,1,7,0
AT008608,W096,28-07-2026,1,0,0
AT008609,W096,29-07-2026,1,14,0
AT008610,W096,30-07-2026,1,0,0
AT008611,W096,31-07-2026,1,0,0
AT008612,W096,01-08-2026,1,8,0
AT008613,W096,02-08-2026,0,0,0
AT008614,W096,03-08-2026,1,8,0
AT008615,W096,04-08-2026,1,1,0
AT008616,W096,05-08-2026,1,12,0
AT008617,W096,06-08-2026,1,2,0
AT008618,W096,07-08-2026,1,9,0
AT008619,W096,08-08-2026,1,7,0
AT008620,W096,09-08-2026,0,0,0
AT008621,W096,10-08-2026,1,16,0
AT008622,W096,11-08-2026,1,14,0
AT008623,W096,12-08-2026,1,8,0
AT008624,W096,13-08-2026,1,6,0
AT008625,W096,14-08-2026,1,3,0
AT008626,W096,15-08-2026,1,3,0
AT008627,W096,16-08-2026,0,0,0
AT008628,W096,17-08-2026,1,5,0
AT008629,W096,18-08-2026,1,0,0
AT008630,W096,19-08-2026,1,16,0
AT008631,W096,20-08-2026,1,12,0
AT008632,W096,21-08-2026,1,3,0
AT008633,W096,22-08-2026,1,3,0
AT008634,W096,23-08-2026,0,0,0
AT008635,W096,24-08-2026,0,0,1
AT008636,W096,25-08-2026,1,6,0
AT008637,W096,26-08-2026,1,5,0
AT008638,W096,27-08-2026,1,5,0
AT008639,W096,28-08-2026,1,7,0
AT008640,W096,29-08-2026,1,6,0
AT008641,W097,01-06-2026,1,6,0
AT008642,W097,02-06-2026,1,4,0
AT008643,W097,03-06-2026,1,0,0
AT008644,W097,04-06-2026,1,7,0
AT008645,W097,05-06-2026,1,16,0
AT008646,W097,06-06-2026,1,0,0
AT008647,W097,07-06-2026,0,0,0
AT008648,W097,08-06-2026,1,5,0
AT008649,W097,09-06-2026,0,0,1
AT008650,W097,10-06-2026,1,5,0
AT008651,W097,11-06-2026,1,0,0
AT008652,W097,12-06-2026,1,6,0
AT008653,W097,13-06-2026,1,7,0
AT008654,W097,14-06-2026,1,10,0
AT008655,W097,15-06-2026,1,1,0
AT008656,W097,16-06-2026,1,6,0
AT008657,W097,17-06-2026,1,5,0
AT008658,W097,18-06-2026,1,5,0
AT008659,W097,19-06-2026,1,6,0
AT008660,W097,20-06-2026,1,0,0
AT008661,W097,21-06-2026,0,0,0
AT008662,W097,22-06-2026,1,13,0
AT008663,W097,23-06-2026,1,0,0
AT008664,W097,24-06-2026,1,3,0
AT008665,W097,25-06-2026,1,8,0
AT008666,W097,26-06-2026,1,0,0
AT008667,W097,27-06-2026,1,1,0
AT008668,W097,28-06-2026,0,0,0
AT008669,W097,29-06-2026,1,1,0
AT008670,W097,30-06-2026,1,5,0
AT008671,W097,01-07-2026,1,0,0
AT008672,W097,02-07-2026,1,0,0
AT008673,W097,03-07-2026,1,6,0
AT008674,W097,04-07-2026,1,0,0
AT008675,W097,05-07-2026,0,0,0
AT008676,W097,06-07-2026,1,0,0
AT008677,W097,07-07-2026,1,5,0
AT008678,W097,08-07-2026,1,7,0
AT008679,W097,09-07-2026,1,2,0
AT008680,W097,10-07-2026,1,0,0
AT008681,W097,11-07-2026,1,7,0
AT008682,W097,12-07-2026,0,0,0
AT008683,W097,13-07-2026,1,0,0
AT008684,W097,14-07-2026,1,0,0
AT008685,W097,15-07-2026,1,9,0
AT008686,W097,16-07-2026,1,5,0
AT008687,W097,17-07-2026,1,2,0
AT008688,W097,18-07-2026,0,0,1
AT008689,W097,19-07-2026,0,0,0
AT008690,W097,20-07-2026,1,10,0
AT008691,W097,21-07-2026,1,1,0
AT008692,W097,22-07-2026,1,0,0
AT008693,W097,23-07-2026,1,3,0
AT008694,W097,24-07-2026,1,4,0
AT008695,W097,25-07-2026,1,5,0
AT008696,W097,26-07-2026,1,0,0
AT008697,W097,27-07-2026,1,4,0
AT008698,W097,28-07-2026,1,7,0
AT008699,W097,29-07-2026,1,4,0
AT008700,W097,30-07-2026,1,0,0
AT008701,W097,31-07-2026,1,0,0
AT008702,W097,01-08-2026,1,12,0
AT008703,W097,02-08-2026,0,0,0
AT008704,W097,03-08-2026,1,7,0
AT008705,W097,04-08-2026,1,6,0
AT008706,W097,05-08-2026,1,3,0
AT008707,W097,06-08-2026,1,0,0
AT008708,W097,07-08-2026,1,7,0
AT008709,W097,08-08-2026,1,8,0
AT008710,W097,09-08-2026,0,0,0
AT008711,W097,10-08-2026,1,0,0
AT008712,W097,11-08-2026,1,6,0
AT008713,W097,12-08-2026,1,9,0
AT008714,W097,13-08-2026,1,6,0
AT008715,W097,14-08-2026,1,8,0
AT008716,W097,15-08-2026,1,8,0
AT008717,W097,16-08-2026,0,0,0
AT008718,W097,17-08-2026,1,5,0
AT008719,W097,18-08-2026,1,1,0
AT008720,W097,19-08-2026,1,0,0
AT008721,W097,20-08-2026,1,0,0
AT008722,W097,21-08-2026,1,0,0
AT008723,W097,22-08-2026,1,0,0
AT008724,W097,23-08-2026,0,0,0
AT008725,W097,24-08-2026,1,0,0
AT008726,W097,25-08-2026,1,0,0
AT008727,W097,26-08-2026,1,9,0
AT008728,W097,27-08-2026,1,4,0
AT008729,W097,28-08-2026,1,3,0
AT008730,W097,29-08-2026,1,6,0
AT008731,W098,01-06-2026,1,0,0
AT008732,W098,02-06-2026,1,8,0
AT008733,W098,03-06-2026,1,6,0
AT008734,W098,04-06-2026,1,12,0
AT008735,W098,05-06-2026,1,8,0
AT008736,W098,06-06-2026,1,1,0
AT008737,W098,07-06-2026,0,0,0
AT008738,W098,08-06-2026,1,10,0
AT008739,W098,09-06-2026,0,0,1
AT008740,W098,10-06-2026,0,0,1
AT008741,W098,11-06-2026,1,4,0
AT008742,W098,12-06-2026,1,8,0
AT008743,W098,13-06-2026,1,16,0
AT008744,W098,14-06-2026,0,0,0
AT008745,W098,15-06-2026,1,3,0
AT008746,W098,16-06-2026,1,8,0
AT008747,W098,17-06-2026,1,8,0
AT008748,W098,18-06-2026,1,16,0
AT008749,W098,19-06-2026,1,7,0
AT008750,W098,20-06-2026,1,1,0
AT008751,W098,21-06-2026,0,0,0
AT008752,W098,22-06-2026,1,2,0
AT008753,W098,23-06-2026,0,0,1
AT008754,W098,24-06-2026,1,7,0
AT008755,W098,25-06-2026,1,4,0
AT008756,W098,26-06-2026,1,5,0
AT008757,W098,27-06-2026,1,0,0
AT008758,W098,28-06-2026,1,5,0
AT008759,W098,29-06-2026,1,10,0
AT008760,W098,30-06-2026,1,11,0
AT008761,W098,01-07-2026,1,0,0
AT008762,W098,02-07-2026,1,4,0
AT008763,W098,03-07-2026,1,3,0
AT008764,W098,04-07-2026,1,4,0
AT008765,W098,05-07-2026,1,12,0
AT008766,W098,06-07-2026,1,0,0
AT008767,W098,07-07-2026,1,5,0
AT008768,W098,08-07-2026,1,4,0
AT008769,W098,09-07-2026,1,2,0
AT008770,W098,10-07-2026,1,10,0
AT008771,W098,11-07-2026,1,0,0
AT008772,W098,12-07-2026,1,5,0
AT008773,W098,13-07-2026,1,9,0
AT008774,W098,14-07-2026,1,1,0
AT008775,W098,15-07-2026,1,0,0
AT008776,W098,16-07-2026,1,0,0
AT008777,W098,17-07-2026,1,12,0
AT008778,W098,18-07-2026,1,6,0
AT008779,W098,19-07-2026,0,0,0
AT008780,W098,20-07-2026,0,0,1
AT008781,W098,21-07-2026,1,0,0
AT008782,W098,22-07-2026,1,5,0
AT008783,W098,23-07-2026,1,2,0
AT008784,W098,24-07-2026,1,0,0
AT008785,W098,25-07-2026,1,6,0
AT008786,W098,26-07-2026,1,0,0
AT008787,W098,27-07-2026,1,3,0
AT008788,W098,28-07-2026,0,0,1
AT008789,W098,29-07-2026,1,6,0
AT008790,W098,30-07-2026,1,3,0
AT008791,W098,31-07-2026,1,10,0
AT008792,W098,01-08-2026,1,1,0
AT008793,W098,02-08-2026,0,0,0
AT008794,W098,03-08-2026,1,1,0
AT008795,W098,04-08-2026,1,6,0
AT008796,W098,05-08-2026,1,0,0
AT008797,W098,06-08-2026,1,3,0
AT008798,W098,07-08-2026,1,5,0
AT008799,W098,08-08-2026,1,7,0
AT008800,W098,09-08-2026,0,0,0
AT008801,W098,10-08-2026,1,8,0
AT008802,W098,11-08-2026,1,9,0
AT008803,W098,12-08-2026,1,0,0
AT008804,W098,13-08-2026,1,0,0
AT008805,W098,14-08-2026,1,0,0
AT008806,W098,15-08-2026,1,14,0
AT008807,W098,16-08-2026,1,0,0
AT008808,W098,17-08-2026,1,0,0
AT008809,W098,18-08-2026,1,9,0
AT008810,W098,19-08-2026,1,4,0
AT008811,W098,20-08-2026,1,8,0
AT008812,W098,21-08-2026,1,14,0
AT008813,W098,22-08-2026,1,2,0
AT008814,W098,23-08-2026,0,0,0
AT008815,W098,24-08-2026,1,2,0
AT008816,W098,25-08-2026,1,6,0
AT008817,W098,26-08-2026,1,4,0
AT008818,W098,27-08-2026,0,0,1
AT008819,W098,28-08-2026,1,8,0
AT008820,W098,29-08-2026,1,13,0
AT008821,W099,01-06-2026,1,8,0
AT008822,W099,02-06-2026,1,12,0
AT008823,W099,03-06-2026,1,0,0
AT008824,W099,04-06-2026,1,0,0
AT008825,W099,05-06-2026,1,4,0
AT008826,W099,06-06-2026,1,1,0
AT008827,W099,07-06-2026,0,0,0
AT008828,W099,08-06-2026,1,0,0
AT008829,W099,09-06-2026,0,0,1
AT008830,W099,10-06-2026,1,4,0
AT008831,W099,11-06-2026,1,0,0
AT008832,W099,12-06-2026,1,12,0
AT008833,W099,13-06-2026,1,0,0
AT008834,W099,14-06-2026,0,0,0
AT008835,W099,15-06-2026,1,3,0
AT008836,W099,16-06-2026,1,1,0
AT008837,W099,17-06-2026,0,0,1
AT008838,W099,18-06-2026,1,5,0
AT008839,W099,19-06-2026,1,3,0
AT008840,W099,20-06-2026,1,0,0
AT008841,W099,21-06-2026,0,0,0
AT008842,W099,22-06-2026,1,6,0
AT008843,W099,23-06-2026,1,0,0
AT008844,W099,24-06-2026,1,0,0
AT008845,W099,25-06-2026,1,11,0
AT008846,W099,26-06-2026,1,8,0
AT008847,W099,27-06-2026,1,10,0
AT008848,W099,28-06-2026,1,6,0
AT008849,W099,29-06-2026,1,4,0
AT008850,W099,30-06-2026,1,1,0
AT008851,W099,01-07-2026,0,0,1
AT008852,W099,02-07-2026,1,8,0
AT008853,W099,03-07-2026,1,5,0
AT008854,W099,04-07-2026,0,0,1
AT008855,W099,05-07-2026,0,0,0
AT008856,W099,06-07-2026,1,0,0
AT008857,W099,07-07-2026,0,0,1
AT008858,W099,08-07-2026,1,6,0
AT008859,W099,09-07-2026,1,10,0
AT008860,W099,10-07-2026,1,0,0
AT008861,W099,11-07-2026,1,11,0
AT008862,W099,12-07-2026,0,0,0
AT008863,W099,13-07-2026,1,5,0
AT008864,W099,14-07-2026,1,6,0
AT008865,W099,15-07-2026,1,0,0
AT008866,W099,16-07-2026,1,5,0
AT008867,W099,17-07-2026,1,6,0
AT008868,W099,18-07-2026,1,0,0
AT008869,W099,19-07-2026,1,10,0
AT008870,W099,20-07-2026,1,2,0
AT008871,W099,21-07-2026,1,9,0
AT008872,W099,22-07-2026,1,10,0
AT008873,W099,23-07-2026,1,0,0
AT008874,W099,24-07-2026,1,1,0
AT008875,W099,25-07-2026,1,6,0
AT008876,W099,26-07-2026,0,0,0
AT008877,W099,27-07-2026,1,5,0
AT008878,W099,28-07-2026,1,4,0
AT008879,W099,29-07-2026,1,6,0
AT008880,W099,30-07-2026,1,0,0
AT008881,W099,31-07-2026,1,1,0
AT008882,W099,01-08-2026,1,15,0
AT008883,W099,02-08-2026,0,0,0
AT008884,W099,03-08-2026,1,0,0
AT008885,W099,04-08-2026,0,0,1
AT008886,W099,05-08-2026,1,5,0
AT008887,W099,06-08-2026,1,0,0
AT008888,W099,07-08-2026,1,2,0
AT008889,W099,08-08-2026,1,8,0
AT008890,W099,09-08-2026,0,0,0
AT008891,W099,10-08-2026,1,7,0
AT008892,W099,11-08-2026,1,0,0
AT008893,W099,12-08-2026,1,0,0
AT008894,W099,13-08-2026,1,0,0
AT008895,W099,14-08-2026,1,8,0
AT008896,W099,15-08-2026,1,1,0
AT008897,W099,16-08-2026,0,0,0
AT008898,W099,17-08-2026,1,7,0
AT008899,W099,18-08-2026,1,0,0
AT008900,W099,19-08-2026,1,0,0
AT008901,W099,20-08-2026,1,0,0
AT008902,W099,21-08-2026,1,9,0
AT008903,W099,22-08-2026,1,4,0
AT008904,W099,23-08-2026,1,9,0
AT008905,W099,24-08-2026,1,0,0
AT008906,W099,25-08-2026,1,15,0
AT008907,W099,26-08-2026,0,0,1
AT008908,W099,27-08-2026,1,10,0
AT008909,W099,28-08-2026,1,4,0
AT008910,W099,29-08-2026,1,4,0
AT008911,W100,01-06-2026,1,6,0
AT008912,W100,02-06-2026,1,17,0
AT008913,W100,03-06-2026,1,1,0
AT008914,W100,04-06-2026,1,0,0
AT008915,W100,05-06-2026,1,1,0
AT008916,W100,06-06-2026,1,12,0
AT008917,W100,07-06-2026,0,0,0
AT008918,W100,08-06-2026,1,10,0
AT008919,W100,09-06-2026,1,1,0
AT008920,W100,10-06-2026,1,7,0
AT008921,W100,11-06-2026,1,0,0
AT008922,W100,12-06-2026,1,4,0
AT008923,W100,13-06-2026,1,2,0
AT008924,W100,14-06-2026,0,0,0
AT008925,W100,15-06-2026,1,6,0
AT008926,W100,16-06-2026,1,7,0
AT008927,W100,17-06-2026,0,0,1
AT008928,W100,18-06-2026,0,0,1
AT008929,W100,19-06-2026,0,0,1
AT008930,W100,20-06-2026,1,0,0
AT008931,W100,21-06-2026,0,0,0
AT008932,W100,22-06-2026,1,8,0
AT008933,W100,23-06-2026,1,4,0
AT008934,W100,24-06-2026,1,4,0
AT008935,W100,25-06-2026,1,13,0
AT008936,W100,26-06-2026,1,11,0
AT008937,W100,27-06-2026,1,1,0
AT008938,W100,28-06-2026,0,0,0
AT008939,W100,29-06-2026,1,7,0
AT008940,W100,30-06-2026,1,10,0
AT008941,W100,01-07-2026,1,2,0
AT008942,W100,02-07-2026,1,2,0
AT008943,W100,03-07-2026,1,14,0
AT008944,W100,04-07-2026,1,5,0
AT008945,W100,05-07-2026,0,0,0
AT008946,W100,06-07-2026,1,7,0
AT008947,W100,07-07-2026,1,2,0
AT008948,W100,08-07-2026,1,10,0
AT008949,W100,09-07-2026,1,14,0
AT008950,W100,10-07-2026,1,5,0
AT008951,W100,11-07-2026,1,0,0
AT008952,W100,12-07-2026,0,0,0
AT008953,W100,13-07-2026,1,3,0
AT008954,W100,14-07-2026,1,5,0
AT008955,W100,15-07-2026,1,4,0
AT008956,W100,16-07-2026,1,15,0
AT008957,W100,17-07-2026,1,5,0
AT008958,W100,18-07-2026,1,3,0
AT008959,W100,19-07-2026,0,0,0
AT008960,W100,20-07-2026,1,0,0
AT008961,W100,21-07-2026,0,0,1
AT008962,W100,22-07-2026,1,13,0
AT008963,W100,23-07-2026,1,4,0
AT008964,W100,24-07-2026,0,0,1
AT008965,W100,25-07-2026,1,0,0
AT008966,W100,26-07-2026,0,0,0
AT008967,W100,27-07-2026,1,3,0
AT008968,W100,28-07-2026,1,0,0
AT008969,W100,29-07-2026,1,10,0
AT008970,W100,30-07-2026,1,9,0
AT008971,W100,31-07-2026,1,7,0
AT008972,W100,01-08-2026,0,0,1
AT008973,W100,02-08-2026,0,0,0
AT008974,W100,03-08-2026,1,18,0
AT008975,W100,04-08-2026,1,10,0
AT008976,W100,05-08-2026,0,0,1
AT008977,W100,06-08-2026,1,0,0
AT008978,W100,07-08-2026,1,2,0
AT008979,W100,08-08-2026,1,8,0
AT008980,W100,09-08-2026,0,0,0
AT008981,W100,10-08-2026,1,10,0
AT008982,W100,11-08-2026,1,13,0
AT008983,W100,12-08-2026,1,14,0
AT008984,W100,13-08-2026,1,0,0
AT008985,W100,14-08-2026,1,5,0
AT008986,W100,15-08-2026,1,11,0
AT008987,W100,16-08-2026,0,0,0
AT008988,W100,17-08-2026,1,5,0
AT008989,W100,18-08-2026,1,6,0
AT008990,W100,19-08-2026,1,10,0
AT008991,W100,20-08-2026,1,6,0
AT008992,W100,21-08-2026,1,2,0
AT008993,W100,22-08-2026,1,7,0
AT008994,W100,23-08-2026,1,3,0
AT008995,W100,24-08-2026,1,3,0
AT008996,W100,25-08-2026,1,3,0
AT008997,W100,26-08-2026,1,0,0
AT008998,W100,27-08-2026,1,5,0
AT008999,W100,28-08-2026,1,3,0
AT009000,W100,29-08-2026,1,1,0
AT009001,W101,01-06-2026,1,3,0
AT009002,W101,02-06-2026,1,14,0
AT009003,W101,03-06-2026,1,0,0
AT009004,W101,04-06-2026,1,10,0
AT009005,W101,05-06-2026,1,1,0
AT009006,W101,06-06-2026,1,11,0
AT009007,W101,07-06-2026,0,0,0
AT009008,W101,08-06-2026,1,2,0
AT009009,W101,09-06-2026,1,12,0
AT009010,W101,10-06-2026,1,5,0
AT009011,W101,11-06-2026,1,10,0
AT009012,W101,12-06-2026,1,7,0
AT009013,W101,13-06-2026,1,11,0
AT009014,W101,14-06-2026,0,0,0
AT009015,W101,15-06-2026,1,2,0
AT009016,W101,16-06-2026,1,2,0
AT009017,W101,17-06-2026,1,7,0
AT009018,W101,18-06-2026,1,8,0
AT009019,W101,19-06-2026,1,11,0
AT009020,W101,20-06-2026,1,2,0
AT009021,W101,21-06-2026,1,6,0
AT009022,W101,22-06-2026,1,5,0
AT009023,W101,23-06-2026,0,0,1
AT009024,W101,24-06-2026,1,0,0
AT009025,W101,25-06-2026,1,9,0
AT009026,W101,26-06-2026,1,0,0
AT009027,W101,27-06-2026,1,10,0
AT009028,W101,28-06-2026,0,0,0
AT009029,W101,29-06-2026,0,0,1
AT009030,W101,30-06-2026,1,0,0
AT009031,W101,01-07-2026,1,7,0
AT009032,W101,02-07-2026,1,2,0
AT009033,W101,03-07-2026,1,7,0
AT009034,W101,04-07-2026,1,6,0
AT009035,W101,05-07-2026,0,0,0
AT009036,W101,06-07-2026,1,0,0
AT009037,W101,07-07-2026,1,9,0
AT009038,W101,08-07-2026,1,2,0
AT009039,W101,09-07-2026,1,5,0
AT009040,W101,10-07-2026,1,3,0
AT009041,W101,11-07-2026,1,5,0
AT009042,W101,12-07-2026,1,14,0
AT009043,W101,13-07-2026,1,12,0
AT009044,W101,14-07-2026,1,0,0
AT009045,W101,15-07-2026,1,8,0
AT009046,W101,16-07-2026,1,8,0
AT009047,W101,17-07-2026,1,7,0
AT009048,W101,18-07-2026,1,12,0
AT009049,W101,19-07-2026,0,0,0
AT009050,W101,20-07-2026,1,2,0
AT009051,W101,21-07-2026,1,0,0
AT009052,W101,22-07-2026,1,11,0
AT009053,W101,23-07-2026,1,7,0
AT009054,W101,24-07-2026,1,2,0
AT009055,W101,25-07-2026,1,0,0
AT009056,W101,26-07-2026,0,0,0
AT009057,W101,27-07-2026,1,11,0
AT009058,W101,28-07-2026,1,8,0
AT009059,W101,29-07-2026,1,6,0
AT009060,W101,30-07-2026,1,7,0
AT009061,W101,31-07-2026,1,5,0
AT009062,W101,01-08-2026,1,4,0
AT009063,W101,02-08-2026,0,0,0
AT009064,W101,03-08-2026,1,5,0
AT009065,W101,04-08-2026,1,11,0
AT009066,W101,05-08-2026,1,0,0
AT009067,W101,06-08-2026,1,4,0
AT009068,W101,07-08-2026,1,0,0
AT009069,W101,08-08-2026,1,0,0
AT009070,W101,09-08-2026,0,0,0
AT009071,W101,10-08-2026,1,6,0
AT009072,W101,11-08-2026,1,11,0
AT009073,W101,12-08-2026,1,9,0
AT009074,W101,13-08-2026,1,1,0
AT009075,W101,14-08-2026,1,8,0
AT009076,W101,15-08-2026,1,4,0
AT009077,W101,16-08-2026,0,0,0
AT009078,W101,17-08-2026,1,9,0
AT009079,W101,18-08-2026,1,0,0
AT009080,W101,19-08-2026,1,6,0
AT009081,W101,20-08-2026,1,6,0
AT009082,W101,21-08-2026,1,5,0
AT009083,W101,22-08-2026,1,0,0
AT009084,W101,23-08-2026,0,0,0
AT009085,W101,24-08-2026,1,0,0
AT009086,W101,25-08-2026,1,4,0
AT009087,W101,26-08-2026,1,7,0
AT009088,W101,27-08-2026,1,4,0
AT009089,W101,28-08-2026,1,8,0
AT009090,W101,29-08-2026,1,11,0
AT009091,W102,01-06-2026,1,4,0
AT009092,W102,02-06-2026,1,0,0
AT009093,W102,03-06-2026,1,6,0
AT009094,W102,04-06-2026,1,5,0
AT009095,W102,05-06-2026,1,3,0
AT009096,W102,06-06-2026,1,0,0
AT009097,W102,07-06-2026,0,0,0
AT009098,W102,08-06-2026,1,0,0
AT009099,W102,09-06-2026,0,0,1
AT009100,W102,10-06-2026,1,0,0
AT009101,W102,11-06-2026,1,0,0
AT009102,W102,12-06-2026,1,1,0
AT009103,W102,13-06-2026,1,1,0
AT009104,W102,14-06-2026,0,0,0
AT009105,W102,15-06-2026,1,7,0
AT009106,W102,16-06-2026,1,2,0
AT009107,W102,17-06-2026,1,10,0
AT009108,W102,18-06-2026,1,0,0
AT009109,W102,19-06-2026,1,4,0
AT009110,W102,20-06-2026,0,0,1
AT009111,W102,21-06-2026,0,0,0
AT009112,W102,22-06-2026,1,0,0
AT009113,W102,23-06-2026,1,13,0
AT009114,W102,24-06-2026,0,0,1
AT009115,W102,25-06-2026,1,0,0
AT009116,W102,26-06-2026,1,1,0
AT009117,W102,27-06-2026,1,2,0
AT009118,W102,28-06-2026,0,0,0
AT009119,W102,29-06-2026,1,0,0
AT009120,W102,30-06-2026,1,0,0
AT009121,W102,01-07-2026,1,0,0
AT009122,W102,02-07-2026,1,4,0
AT009123,W102,03-07-2026,0,0,1
AT009124,W102,04-07-2026,1,10,0
AT009125,W102,05-07-2026,0,0,0
AT009126,W102,06-07-2026,1,0,0
AT009127,W102,07-07-2026,0,0,1
AT009128,W102,08-07-2026,1,7,0
AT009129,W102,09-07-2026,1,0,0
AT009130,W102,10-07-2026,1,5,0
AT009131,W102,11-07-2026,1,0,0
AT009132,W102,12-07-2026,0,0,0
AT009133,W102,13-07-2026,1,2,0
AT009134,W102,14-07-2026,1,7,0
AT009135,W102,15-07-2026,1,4,0
AT009136,W102,16-07-2026,1,8,0
AT009137,W102,17-07-2026,1,10,0
AT009138,W102,18-07-2026,1,6,0
AT009139,W102,19-07-2026,0,0,0
AT009140,W102,20-07-2026,1,5,0
AT009141,W102,21-07-2026,1,3,0
AT009142,W102,22-07-2026,1,10,0
AT009143,W102,23-07-2026,1,0,0
AT009144,W102,24-07-2026,1,7,0
AT009145,W102,25-07-2026,1,0,0
AT009146,W102,26-07-2026,0,0,0
AT009147,W102,27-07-2026,1,0,0
AT009148,W102,28-07-2026,1,9,0
AT009149,W102,29-07-2026,1,0,0
AT009150,W102,30-07-2026,1,1,0
AT009151,W102,31-07-2026,1,5,0
AT009152,W102,01-08-2026,1,4,0
AT009153,W102,02-08-2026,0,0,0
AT009154,W102,03-08-2026,1,2,0
AT009155,W102,04-08-2026,1,0,0
AT009156,W102,05-08-2026,1,1,0
AT009157,W102,06-08-2026,1,5,0
AT009158,W102,07-08-2026,1,12,0
AT009159,W102,08-08-2026,1,10,0
AT009160,W102,09-08-2026,0,0,0
AT009161,W102,10-08-2026,1,9,0
AT009162,W102,11-08-2026,0,0,1
AT009163,W102,12-08-2026,1,2,0
AT009164,W102,13-08-2026,1,0,0
AT009165,W102,14-08-2026,1,0,0
AT009166,W102,15-08-2026,1,0,0
AT009167,W102,16-08-2026,0,0,0
AT009168,W102,17-08-2026,1,0,0
AT009169,W102,18-08-2026,1,2,0
AT009170,W102,19-08-2026,1,4,0
AT009171,W102,20-08-2026,1,0,0
AT009172,W102,21-08-2026,1,0,0
AT009173,W102,22-08-2026,1,1,0
AT009174,W102,23-08-2026,0,0,0
AT009175,W102,24-08-2026,1,8,0
AT009176,W102,25-08-2026,1,5,0
AT009177,W102,26-08-2026,1,0,0
AT009178,W102,27-08-2026,1,5,0
AT009179,W102,28-08-2026,1,8,0
AT009180,W102,29-08-2026,1,4,0
AT009181,W103,01-06-2026,1,5,0
AT009182,W103,02-06-2026,1,3,0
AT009183,W103,03-06-2026,1,13,0
AT009184,W103,04-06-2026,1,0,0
AT009185,W103,05-06-2026,1,0,0
AT009186,W103,06-06-2026,1,10,0
AT009187,W103,07-06-2026,0,0,0
AT009188,W103,08-06-2026,1,10,0
AT009189,W103,09-06-2026,1,3,0
AT009190,W103,10-06-2026,1,8,0
AT009191,W103,11-06-2026,1,5,0
AT009192,W103,12-06-2026,1,5,0
AT009193,W103,13-06-2026,1,6,0
AT009194,W103,14-06-2026,0,0,0
AT009195,W103,15-06-2026,1,7,0
AT009196,W103,16-06-2026,1,4,0
AT009197,W103,17-06-2026,1,9,0
AT009198,W103,18-06-2026,1,3,0
AT009199,W103,19-06-2026,1,0,0
AT009200,W103,20-06-2026,1,4,0
AT009201,W103,21-06-2026,0,0,0
AT009202,W103,22-06-2026,1,2,0
AT009203,W103,23-06-2026,1,2,0
AT009204,W103,24-06-2026,1,2,0
AT009205,W103,25-06-2026,1,9,0
AT009206,W103,26-06-2026,1,2,0
AT009207,W103,27-06-2026,1,1,0
AT009208,W103,28-06-2026,0,0,0
AT009209,W103,29-06-2026,1,4,0
AT009210,W103,30-06-2026,1,1,0
AT009211,W103,01-07-2026,1,0,0
AT009212,W103,02-07-2026,1,0,0
AT009213,W103,03-07-2026,1,6,0
AT009214,W103,04-07-2026,1,0,0
AT009215,W103,05-07-2026,0,0,0
AT009216,W103,06-07-2026,1,9,0
AT009217,W103,07-07-2026,1,4,0
AT009218,W103,08-07-2026,1,7,0
AT009219,W103,09-07-2026,1,3,0
AT009220,W103,10-07-2026,1,8,0
AT009221,W103,11-07-2026,1,3,0
AT009222,W103,12-07-2026,0,0,0
AT009223,W103,13-07-2026,1,2,0
AT009224,W103,14-07-2026,1,5,0
AT009225,W103,15-07-2026,1,4,0
AT009226,W103,16-07-2026,1,7,0
AT009227,W103,17-07-2026,1,4,0
AT009228,W103,18-07-2026,1,5,0
AT009229,W103,19-07-2026,0,0,0
AT009230,W103,20-07-2026,1,2,0
AT009231,W103,21-07-2026,1,8,0
AT009232,W103,22-07-2026,1,9,0
AT009233,W103,23-07-2026,1,4,0
AT009234,W103,24-07-2026,0,0,1
AT009235,W103,25-07-2026,1,4,0
AT009236,W103,26-07-2026,0,0,0
AT009237,W103,27-07-2026,1,0,0
AT009238,W103,28-07-2026,1,6,0
AT009239,W103,29-07-2026,1,6,0
AT009240,W103,30-07-2026,1,4,0
AT009241,W103,31-07-2026,1,3,0
AT009242,W103,01-08-2026,1,0,0
AT009243,W103,02-08-2026,0,0,0
AT009244,W103,03-08-2026,1,3,0
AT009245,W103,04-08-2026,1,0,0
AT009246,W103,05-08-2026,1,5,0
AT009247,W103,06-08-2026,1,6,0
AT009248,W103,07-08-2026,0,0,1
AT009249,W103,08-08-2026,1,10,0
AT009250,W103,09-08-2026,0,0,0
AT009251,W103,10-08-2026,1,4,0
AT009252,W103,11-08-2026,1,2,0
AT009253,W103,12-08-2026,1,3,0
AT009254,W103,13-08-2026,1,0,0
AT009255,W103,14-08-2026,1,3,0
AT009256,W103,15-08-2026,1,8,0
AT009257,W103,16-08-2026,0,0,0
AT009258,W103,17-08-2026,1,0,0
AT009259,W103,18-08-2026,1,6,0
AT009260,W103,19-08-2026,1,0,0
AT009261,W103,20-08-2026,1,9,0
AT009262,W103,21-08-2026,1,10,0
AT009263,W103,22-08-2026,1,4,0
AT009264,W103,23-08-2026,0,0,0
AT009265,W103,24-08-2026,1,3,0
AT009266,W103,25-08-2026,1,3,0
AT009267,W103,26-08-2026,1,4,0
AT009268,W103,27-08-2026,1,9,0
AT009269,W103,28-08-2026,0,0,1
AT009270,W103,29-08-2026,1,0,0
AT009271,W104,01-06-2026,1,13,0
AT009272,W104,02-06-2026,1,14,0
AT009273,W104,03-06-2026,1,4,0
AT009274,W104,04-06-2026,1,5,0
AT009275,W104,05-06-2026,1,9,0
AT009276,W104,06-06-2026,1,4,0
AT009277,W104,07-06-2026,0,0,0
AT009278,W104,08-06-2026,1,7,0
AT009279,W104,09-06-2026,1,3,0
AT009280,W104,10-06-2026,1,8,0
AT009281,W104,11-06-2026,1,8,0
AT009282,W104,12-06-2026,1,2,0
AT009283,W104,13-06-2026,1,0,0
AT009284,W104,14-06-2026,0,0,0
AT009285,W104,15-06-2026,1,8,0
AT009286,W104,16-06-2026,1,7,0
AT009287,W104,17-06-2026,1,12,0
AT009288,W104,18-06-2026,1,3,0
AT009289,W104,19-06-2026,1,3,0
AT009290,W104,20-06-2026,1,6,0
AT009291,W104,21-06-2026,0,0,0
AT009292,W104,22-06-2026,0,0,1
AT009293,W104,23-06-2026,1,2,0
AT009294,W104,24-06-2026,1,7,0
AT009295,W104,25-06-2026,1,7,0
AT009296,W104,26-06-2026,1,8,0
AT009297,W104,27-06-2026,1,3,0
AT009298,W104,28-06-2026,0,0,0
AT009299,W104,29-06-2026,1,0,0
AT009300,W104,30-06-2026,1,0,0
AT009301,W104,01-07-2026,1,1,0
AT009302,W104,02-07-2026,1,11,0
AT009303,W104,03-07-2026,1,5,0
AT009304,W104,04-07-2026,1,10,0
AT009305,W104,05-07-2026,0,0,0
AT009306,W104,06-07-2026,1,5,0
AT009307,W104,07-07-2026,1,2,0
AT009308,W104,08-07-2026,1,5,0
AT009309,W104,09-07-2026,1,6,0
AT009310,W104,10-07-2026,1,5,0
AT009311,W104,11-07-2026,1,2,0
AT009312,W104,12-07-2026,0,0,0
AT009313,W104,13-07-2026,1,5,0
AT009314,W104,14-07-2026,0,0,1
AT009315,W104,15-07-2026,1,0,0
AT009316,W104,16-07-2026,1,7,0
AT009317,W104,17-07-2026,1,15,0
AT009318,W104,18-07-2026,1,3,0
AT009319,W104,19-07-2026,0,0,0
AT009320,W104,20-07-2026,1,0,0
AT009321,W104,21-07-2026,1,7,0
AT009322,W104,22-07-2026,1,5,0
AT009323,W104,23-07-2026,1,3,0
AT009324,W104,24-07-2026,1,7,0
AT009325,W104,25-07-2026,1,7,0
AT009326,W104,26-07-2026,1,0,0
AT009327,W104,27-07-2026,1,13,0
AT009328,W104,28-07-2026,1,5,0
AT009329,W104,29-07-2026,1,4,0
AT009330,W104,30-07-2026,1,4,0
AT009331,W104,31-07-2026,1,14,0
AT009332,W104,01-08-2026,1,10,0
AT009333,W104,02-08-2026,0,0,0
AT009334,W104,03-08-2026,1,0,0
AT009335,W104,04-08-2026,1,3,0
AT009336,W104,05-08-2026,1,6,0
AT009337,W104,06-08-2026,1,11,0
AT009338,W104,07-08-2026,1,9,0
AT009339,W104,08-08-2026,0,0,1
AT009340,W104,09-08-2026,0,0,0
AT009341,W104,10-08-2026,1,3,0
AT009342,W104,11-08-2026,1,4,0
AT009343,W104,12-08-2026,1,1,0
AT009344,W104,13-08-2026,1,8,0
AT009345,W104,14-08-2026,1,2,0
AT009346,W104,15-08-2026,1,2,0
AT009347,W104,16-08-2026,0,0,0
AT009348,W104,17-08-2026,1,6,0
AT009349,W104,18-08-2026,1,2,0
AT009350,W104,19-08-2026,1,10,0
AT009351,W104,20-08-2026,1,6,0
AT009352,W104,21-08-2026,1,12,0
AT009353,W104,22-08-2026,1,4,0
AT009354,W104,23-08-2026,0,0,0
AT009355,W104,24-08-2026,1,5,0
AT009356,W104,25-08-2026,1,7,0
AT009357,W104,26-08-2026,1,3,0
AT009358,W104,27-08-2026,1,0,0
AT009359,W104,28-08-2026,0,0,1
AT009360,W104,29-08-2026,1,11,0
AT009361,W105,01-06-2026,1,4,0
AT009362,W105,02-06-2026,1,6,0
AT009363,W105,03-06-2026,1,8,0
AT009364,W105,04-06-2026,1,6,0
AT009365,W105,05-06-2026,1,0,0
AT009366,W105,06-06-2026,1,0,0
AT009367,W105,07-06-2026,0,0,0
AT009368,W105,08-06-2026,1,0,0
AT009369,W105,09-06-2026,1,5,0
AT009370,W105,10-06-2026,1,0,0
AT009371,W105,11-06-2026,1,0,0
AT009372,W105,12-06-2026,1,0,0
AT009373,W105,13-06-2026,1,1,0
AT009374,W105,14-06-2026,0,0,0
AT009375,W105,15-06-2026,1,4,0
AT009376,W105,16-06-2026,1,0,0
AT009377,W105,17-06-2026,1,0,0
AT009378,W105,18-06-2026,1,3,0
AT009379,W105,19-06-2026,1,2,0
AT009380,W105,20-06-2026,1,1,0
AT009381,W105,21-06-2026,0,0,0
AT009382,W105,22-06-2026,1,0,0
AT009383,W105,23-06-2026,1,11,0
AT009384,W105,24-06-2026,1,2,0
AT009385,W105,25-06-2026,1,0,0
AT009386,W105,26-06-2026,1,3,0
AT009387,W105,27-06-2026,1,11,0
AT009388,W105,28-06-2026,0,0,0
AT009389,W105,29-06-2026,1,2,0
AT009390,W105,30-06-2026,1,6,0
AT009391,W105,01-07-2026,1,8,0
AT009392,W105,02-07-2026,1,7,0
AT009393,W105,03-07-2026,1,0,0
AT009394,W105,04-07-2026,1,0,0
AT009395,W105,05-07-2026,0,0,0
AT009396,W105,06-07-2026,1,6,0
AT009397,W105,07-07-2026,1,11,0
AT009398,W105,08-07-2026,1,8,0
AT009399,W105,09-07-2026,1,0,0
AT009400,W105,10-07-2026,1,3,0
AT009401,W105,11-07-2026,1,2,0
AT009402,W105,12-07-2026,1,6,0
AT009403,W105,13-07-2026,1,0,0
AT009404,W105,14-07-2026,1,5,0
AT009405,W105,15-07-2026,1,1,0
AT009406,W105,16-07-2026,1,3,0
AT009407,W105,17-07-2026,1,7,0
AT009408,W105,18-07-2026,1,9,0
AT009409,W105,19-07-2026,0,0,0
AT009410,W105,20-07-2026,1,7,0
AT009411,W105,21-07-2026,1,1,0
AT009412,W105,22-07-2026,1,8,0
AT009413,W105,23-07-2026,1,7,0
AT009414,W105,24-07-2026,1,0,0
AT009415,W105,25-07-2026,1,4,0
AT009416,W105,26-07-2026,0,0,0
AT009417,W105,27-07-2026,1,1,0
AT009418,W105,28-07-2026,1,6,0
AT009419,W105,29-07-2026,1,3,0
AT009420,W105,30-07-2026,1,6,0
AT009421,W105,31-07-2026,1,10,0
AT009422,W105,01-08-2026,1,9,0
AT009423,W105,02-08-2026,0,0,0
AT009424,W105,03-08-2026,1,2,0
AT009425,W105,04-08-2026,1,4,0
AT009426,W105,05-08-2026,1,4,0
AT009427,W105,06-08-2026,1,1,0
AT009428,W105,07-08-2026,1,0,0
AT009429,W105,08-08-2026,1,0,0
AT009430,W105,09-08-2026,0,0,0
AT009431,W105,10-08-2026,1,2,0
AT009432,W105,11-08-2026,1,3,0
AT009433,W105,12-08-2026,1,3,0
AT009434,W105,13-08-2026,1,4,0
AT009435,W105,14-08-2026,1,7,0
AT009436,W105,15-08-2026,1,1,0
AT009437,W105,16-08-2026,0,0,0
AT009438,W105,17-08-2026,1,2,0
AT009439,W105,18-08-2026,0,0,1
AT009440,W105,19-08-2026,1,0,0
AT009441,W105,20-08-2026,1,7,0
AT009442,W105,21-08-2026,1,5,0
AT009443,W105,22-08-2026,1,2,0
AT009444,W105,23-08-2026,0,0,0
AT009445,W105,24-08-2026,1,5,0
AT009446,W105,25-08-2026,1,10,0
AT009447,W105,26-08-2026,1,5,0
AT009448,W105,27-08-2026,1,14,0
AT009449,W105,28-08-2026,1,6,0
AT009450,W105,29-08-2026,1,2,0
AT009451,W106,01-06-2026,1,2,0
AT009452,W106,02-06-2026,1,12,0
AT009453,W106,03-06-2026,1,1,0
AT009454,W106,04-06-2026,1,0,0
AT009455,W106,05-06-2026,1,0,0
AT009456,W106,06-06-2026,1,0,0
AT009457,W106,07-06-2026,0,0,0
AT009458,W106,08-06-2026,1,4,0
AT009459,W106,09-06-2026,1,6,0
AT009460,W106,10-06-2026,1,2,0
AT009461,W106,11-06-2026,1,0,0
AT009462,W106,12-06-2026,1,0,0
AT009463,W106,13-06-2026,1,3,0
AT009464,W106,14-06-2026,0,0,0
AT009465,W106,15-06-2026,1,2,0
AT009466,W106,16-06-2026,1,3,0
AT009467,W106,17-06-2026,1,0,0
AT009468,W106,18-06-2026,1,0,0
AT009469,W106,19-06-2026,1,4,0
AT009470,W106,20-06-2026,1,0,0
AT009471,W106,21-06-2026,0,0,0
AT009472,W106,22-06-2026,1,4,0
AT009473,W106,23-06-2026,1,6,0
AT009474,W106,24-06-2026,1,5,0
AT009475,W106,25-06-2026,1,0,0
AT009476,W106,26-06-2026,1,1,0
AT009477,W106,27-06-2026,1,4,0
AT009478,W106,28-06-2026,0,0,0
AT009479,W106,29-06-2026,1,0,0
AT009480,W106,30-06-2026,1,0,0
AT009481,W106,01-07-2026,1,0,0
AT009482,W106,02-07-2026,1,12,0
AT009483,W106,03-07-2026,1,4,0
AT009484,W106,04-07-2026,1,0,0
AT009485,W106,05-07-2026,0,0,0
AT009486,W106,06-07-2026,1,4,0
AT009487,W106,07-07-2026,1,1,0
AT009488,W106,08-07-2026,0,0,1
AT009489,W106,09-07-2026,1,11,0
AT009490,W106,10-07-2026,1,3,0
AT009491,W106,11-07-2026,1,7,0
AT009492,W106,12-07-2026,0,0,0
AT009493,W106,13-07-2026,1,7,0
AT009494,W106,14-07-2026,1,1,0
AT009495,W106,15-07-2026,1,2,0
AT009496,W106,16-07-2026,1,0,0
AT009497,W106,17-07-2026,1,12,0
AT009498,W106,18-07-2026,1,1,0
AT009499,W106,19-07-2026,0,0,0
AT009500,W106,20-07-2026,1,0,0
AT009501,W106,21-07-2026,1,5,0
AT009502,W106,22-07-2026,1,3,0
AT009503,W106,23-07-2026,0,0,1
AT009504,W106,24-07-2026,1,12,0
AT009505,W106,25-07-2026,1,6,0
AT009506,W106,26-07-2026,0,0,0
AT009507,W106,27-07-2026,1,1,0
AT009508,W106,28-07-2026,1,0,0
AT009509,W106,29-07-2026,1,0,0
AT009510,W106,30-07-2026,0,0,1
AT009511,W106,31-07-2026,1,0,0
AT009512,W106,01-08-2026,1,0,0
AT009513,W106,02-08-2026,0,0,0
AT009514,W106,03-08-2026,1,6,0
AT009515,W106,04-08-2026,1,0,0
AT009516,W106,05-08-2026,1,1,0
AT009517,W106,06-08-2026,1,8,0
AT009518,W106,07-08-2026,1,1,0
AT009519,W106,08-08-2026,1,4,0
AT009520,W106,09-08-2026,0,0,0
AT009521,W106,10-08-2026,1,9,0
AT009522,W106,11-08-2026,1,11,0
AT009523,W106,12-08-2026,1,0,0
AT009524,W106,13-08-2026,1,3,0
AT009525,W106,14-08-2026,0,0,1
AT009526,W106,15-08-2026,1,0,0
AT009527,W106,16-08-2026,0,0,0
AT009528,W106,17-08-2026,1,0,0
AT009529,W106,18-08-2026,1,14,0
AT009530,W106,19-08-2026,1,11,0
AT009531,W106,20-08-2026,1,4,0
AT009532,W106,21-08-2026,1,0,0
AT009533,W106,22-08-2026,1,8,0
AT009534,W106,23-08-2026,0,0,0
AT009535,W106,24-08-2026,1,0,0
AT009536,W106,25-08-2026,1,4,0
AT009537,W106,26-08-2026,1,0,0
AT009538,W106,27-08-2026,1,9,0
AT009539,W106,28-08-2026,1,0,0
AT009540,W106,29-08-2026,1,5,0
AT009541,W107,01-06-2026,1,0,0
AT009542,W107,02-06-2026,1,7,0
AT009543,W107,03-06-2026,1,0,0
AT009544,W107,04-06-2026,1,12,0
AT009545,W107,05-06-2026,1,0,0
AT009546,W107,06-06-2026,1,7,0
AT009547,W107,07-06-2026,1,0,0
AT009548,W107,08-06-2026,1,8,0
AT009549,W107,09-06-2026,1,2,0
AT009550,W107,10-06-2026,1,6,0
AT009551,W107,11-06-2026,1,8,0
AT009552,W107,12-06-2026,0,0,1
AT009553,W107,13-06-2026,1,12,0
AT009554,W107,14-06-2026,0,0,0
AT009555,W107,15-06-2026,1,3,0
AT009556,W107,16-06-2026,1,3,0
AT009557,W107,17-06-2026,1,8,0
AT009558,W107,18-06-2026,1,6,0
AT009559,W107,19-06-2026,1,5,0
AT009560,W107,20-06-2026,1,3,0
AT009561,W107,21-06-2026,0,0,0
AT009562,W107,22-06-2026,1,2,0
AT009563,W107,23-06-2026,1,7,0
AT009564,W107,24-06-2026,1,5,0
AT009565,W107,25-06-2026,1,3,0
AT009566,W107,26-06-2026,1,5,0
AT009567,W107,27-06-2026,1,0,0
AT009568,W107,28-06-2026,0,0,0
AT009569,W107,29-06-2026,1,0,0
AT009570,W107,30-06-2026,1,2,0
AT009571,W107,01-07-2026,0,0,1
AT009572,W107,02-07-2026,1,3,0
AT009573,W107,03-07-2026,1,2,0
AT009574,W107,04-07-2026,1,6,0
AT009575,W107,05-07-2026,0,0,0
AT009576,W107,06-07-2026,1,1,0
AT009577,W107,07-07-2026,1,5,0
AT009578,W107,08-07-2026,1,8,0
AT009579,W107,09-07-2026,1,1,0
AT009580,W107,10-07-2026,1,1,0
AT009581,W107,11-07-2026,1,9,0
AT009582,W107,12-07-2026,0,0,0
AT009583,W107,13-07-2026,1,7,0
AT009584,W107,14-07-2026,1,0,0
AT009585,W107,15-07-2026,1,2,0
AT009586,W107,16-07-2026,1,1,0
AT009587,W107,17-07-2026,1,0,0
AT009588,W107,18-07-2026,1,1,0
AT009589,W107,19-07-2026,0,0,0
AT009590,W107,20-07-2026,1,15,0
AT009591,W107,21-07-2026,0,0,1
AT009592,W107,22-07-2026,1,14,0
AT009593,W107,23-07-2026,1,1,0
AT009594,W107,24-07-2026,1,5,0
AT009595,W107,25-07-2026,1,8,0
AT009596,W107,26-07-2026,0,0,0
AT009597,W107,27-07-2026,1,7,0
AT009598,W107,28-07-2026,1,0,0
AT009599,W107,29-07-2026,1,0,0
AT009600,W107,30-07-2026,1,0,0
AT009601,W107,31-07-2026,1,0,0
AT009602,W107,01-08-2026,1,0,0
AT009603,W107,02-08-2026,0,0,0
AT009604,W107,03-08-2026,1,3,0
AT009605,W107,04-08-2026,1,0,0
AT009606,W107,05-08-2026,1,1,0
AT009607,W107,06-08-2026,1,7,0
AT009608,W107,07-08-2026,1,3,0
AT009609,W107,08-08-2026,0,0,1
AT009610,W107,09-08-2026,0,0,0
AT009611,W107,10-08-2026,1,8,0
AT009612,W107,11-08-2026,1,0,0
AT009613,W107,12-08-2026,0,0,1
AT009614,W107,13-08-2026,1,4,0
AT009615,W107,14-08-2026,1,8,0
AT009616,W107,15-08-2026,1,7,0
AT009617,W107,16-08-2026,0,0,0
AT009618,W107,17-08-2026,1,0,0
AT009619,W107,18-08-2026,1,5,0
AT009620,W107,19-08-2026,1,1,0
AT009621,W107,20-08-2026,1,4,0
AT009622,W107,21-08-2026,1,6,0
AT009623,W107,22-08-2026,0,0,1
AT009624,W107,23-08-2026,0,0,0
AT009625,W107,24-08-2026,1,0,0
AT009626,W107,25-08-2026,1,10,0
AT009627,W107,26-08-2026,1,12,0
AT009628,W107,27-08-2026,1,5,0
AT009629,W107,28-08-2026,1,13,0
AT009630,W107,29-08-2026,1,5,0
AT009631,W108,01-06-2026,1,0,0
AT009632,W108,02-06-2026,1,3,0
AT009633,W108,03-06-2026,1,0,0
AT009634,W108,04-06-2026,1,2,0
AT009635,W108,05-06-2026,1,9,0
AT009636,W108,06-06-2026,1,15,0
AT009637,W108,07-06-2026,0,0,0
AT009638,W108,08-06-2026,1,0,0
AT009639,W108,09-06-2026,1,7,0
AT009640,W108,10-06-2026,1,1,0
AT009641,W108,11-06-2026,1,5,0
AT009642,W108,12-06-2026,1,0,0
AT009643,W108,13-06-2026,1,5,0
AT009644,W108,14-06-2026,0,0,0
AT009645,W108,15-06-2026,1,0,0
AT009646,W108,16-06-2026,1,2,0
AT009647,W108,17-06-2026,1,1,0
AT009648,W108,18-06-2026,1,4,0
AT009649,W108,19-06-2026,0,0,1
AT009650,W108,20-06-2026,1,0,0
AT009651,W108,21-06-2026,0,0,0
AT009652,W108,22-06-2026,1,4,0
AT009653,W108,23-06-2026,1,1,0
AT009654,W108,24-06-2026,1,11,0
AT009655,W108,25-06-2026,1,9,0
AT009656,W108,26-06-2026,1,5,0
AT009657,W108,27-06-2026,1,3,0
AT009658,W108,28-06-2026,0,0,0
AT009659,W108,29-06-2026,1,9,0
AT009660,W108,30-06-2026,1,0,0
AT009661,W108,01-07-2026,1,0,0
AT009662,W108,02-07-2026,1,0,0
AT009663,W108,03-07-2026,1,0,0
AT009664,W108,04-07-2026,1,0,0
AT009665,W108,05-07-2026,0,0,0
AT009666,W108,06-07-2026,1,0,0
AT009667,W108,07-07-2026,1,0,0
AT009668,W108,08-07-2026,1,1,0
AT009669,W108,09-07-2026,1,12,0
AT009670,W108,10-07-2026,1,7,0
AT009671,W108,11-07-2026,1,4,0
AT009672,W108,12-07-2026,0,0,0
AT009673,W108,13-07-2026,0,0,1
AT009674,W108,14-07-2026,1,8,0
AT009675,W108,15-07-2026,1,5,0
AT009676,W108,16-07-2026,1,4,0
AT009677,W108,17-07-2026,1,1,0
AT009678,W108,18-07-2026,1,6,0
AT009679,W108,19-07-2026,0,0,0
AT009680,W108,20-07-2026,1,0,0
AT009681,W108,21-07-2026,1,3,0
AT009682,W108,22-07-2026,1,0,0
AT009683,W108,23-07-2026,1,4,0
AT009684,W108,24-07-2026,1,0,0
AT009685,W108,25-07-2026,1,2,0
AT009686,W108,26-07-2026,0,0,0
AT009687,W108,27-07-2026,1,4,0
AT009688,W108,28-07-2026,1,0,0
AT009689,W108,29-07-2026,1,0,0
AT009690,W108,30-07-2026,1,9,0
AT009691,W108,31-07-2026,1,7,0
AT009692,W108,01-08-2026,1,1,0
AT009693,W108,02-08-2026,0,0,0
AT009694,W108,03-08-2026,1,13,0
AT009695,W108,04-08-2026,1,6,0
AT009696,W108,05-08-2026,1,0,0
AT009697,W108,06-08-2026,1,5,0
AT009698,W108,07-08-2026,1,0,0
AT009699,W108,08-08-2026,1,4,0
AT009700,W108,09-08-2026,0,0,0
AT009701,W108,10-08-2026,1,8,0
AT009702,W108,11-08-2026,1,1,0
AT009703,W108,12-08-2026,1,9,0
AT009704,W108,13-08-2026,1,4,0
AT009705,W108,14-08-2026,1,4,0
AT009706,W108,15-08-2026,1,11,0
AT009707,W108,16-08-2026,0,0,0
AT009708,W108,17-08-2026,1,8,0
AT009709,W108,18-08-2026,1,10,0
AT009710,W108,19-08-2026,1,0,0
AT009711,W108,20-08-2026,1,10,0
AT009712,W108,21-08-2026,1,4,0
AT009713,W108,22-08-2026,1,2,0
AT009714,W108,23-08-2026,0,0,0
AT009715,W108,24-08-2026,1,4,0
AT009716,W108,25-08-2026,1,0,0
AT009717,W108,26-08-2026,1,0,0
AT009718,W108,27-08-2026,1,0,0
AT009719,W108,28-08-2026,1,6,0
AT009720,W108,29-08-2026,1,0,0
AT009721,W109,01-06-2026,1,2,0
AT009722,W109,02-06-2026,1,0,0
AT009723,W109,03-06-2026,1,4,0
AT009724,W109,04-06-2026,1,9,0
AT009725,W109,05-06-2026,1,6,0
AT009726,W109,06-06-2026,1,19,0
AT009727,W109,07-06-2026,0,0,0
AT009728,W109,08-06-2026,1,0,0
AT009729,W109,09-06-2026,1,5,0
AT009730,W109,10-06-2026,1,0,0
AT009731,W109,11-06-2026,1,2,0
AT009732,W109,12-06-2026,1,5,0
AT009733,W109,13-06-2026,1,2,0
AT009734,W109,14-06-2026,0,0,0
AT009735,W109,15-06-2026,1,2,0
AT009736,W109,16-06-2026,1,2,0
AT009737,W109,17-06-2026,1,12,0
AT009738,W109,18-06-2026,1,4,0
AT009739,W109,19-06-2026,1,8,0
AT009740,W109,20-06-2026,1,1,0
AT009741,W109,21-06-2026,0,0,0
AT009742,W109,22-06-2026,1,5,0
AT009743,W109,23-06-2026,1,7,0
AT009744,W109,24-06-2026,1,9,0
AT009745,W109,25-06-2026,1,4,0
AT009746,W109,26-06-2026,1,10,0
AT009747,W109,27-06-2026,1,3,0
AT009748,W109,28-06-2026,1,7,0
AT009749,W109,29-06-2026,1,9,0
AT009750,W109,30-06-2026,1,6,0
AT009751,W109,01-07-2026,1,0,0
AT009752,W109,02-07-2026,1,0,0
AT009753,W109,03-07-2026,1,0,0
AT009754,W109,04-07-2026,1,6,0
AT009755,W109,05-07-2026,0,0,0
AT009756,W109,06-07-2026,1,0,0
AT009757,W109,07-07-2026,1,5,0
AT009758,W109,08-07-2026,1,3,0
AT009759,W109,09-07-2026,1,0,0
AT009760,W109,10-07-2026,1,9,0
AT009761,W109,11-07-2026,1,10,0
AT009762,W109,12-07-2026,0,0,0
AT009763,W109,13-07-2026,1,11,0
AT009764,W109,14-07-2026,1,5,0
AT009765,W109,15-07-2026,1,0,0
AT009766,W109,16-07-2026,1,5,0
AT009767,W109,17-07-2026,1,13,0
AT009768,W109,18-07-2026,1,2,0
AT009769,W109,19-07-2026,0,0,0
AT009770,W109,20-07-2026,1,8,0
AT009771,W109,21-07-2026,1,5,0
AT009772,W109,22-07-2026,1,2,0
AT009773,W109,23-07-2026,1,3,0
AT009774,W109,24-07-2026,1,5,0
AT009775,W109,25-07-2026,0,0,1
AT009776,W109,26-07-2026,1,8,0
AT009777,W109,27-07-2026,1,16,0
AT009778,W109,28-07-2026,1,10,0
AT009779,W109,29-07-2026,0,0,1
AT009780,W109,30-07-2026,1,4,0
AT009781,W109,31-07-2026,1,3,0
AT009782,W109,01-08-2026,1,0,0
AT009783,W109,02-08-2026,0,0,0
AT009784,W109,03-08-2026,1,2,0
AT009785,W109,04-08-2026,1,2,0
AT009786,W109,05-08-2026,1,6,0
AT009787,W109,06-08-2026,1,8,0
AT009788,W109,07-08-2026,1,0,0
AT009789,W109,08-08-2026,1,1,0
AT009790,W109,09-08-2026,0,0,0
AT009791,W109,10-08-2026,1,7,0
AT009792,W109,11-08-2026,1,8,0
AT009793,W109,12-08-2026,1,8,0
AT009794,W109,13-08-2026,1,16,0
AT009795,W109,14-08-2026,1,11,0
AT009796,W109,15-08-2026,1,6,0
AT009797,W109,16-08-2026,0,0,0
AT009798,W109,17-08-2026,1,0,0
AT009799,W109,18-08-2026,1,6,0
AT009800,W109,19-08-2026,1,3,0
AT009801,W109,20-08-2026,1,0,0
AT009802,W109,21-08-2026,1,11,0
AT009803,W109,22-08-2026,1,7,0
AT009804,W109,23-08-2026,0,0,0
AT009805,W109,24-08-2026,1,6,0
AT009806,W109,25-08-2026,1,1,0
AT009807,W109,26-08-2026,1,5,0
AT009808,W109,27-08-2026,1,7,0
AT009809,W109,28-08-2026,1,15,0
AT009810,W109,29-08-2026,0,0,1
AT009811,W110,01-06-2026,1,0,0
AT009812,W110,02-06-2026,1,2,0
AT009813,W110,03-06-2026,1,0,0
AT009814,W110,04-06-2026,1,4,0
AT009815,W110,05-06-2026,1,0,0
AT009816,W110,06-06-2026,1,0,0
AT009817,W110,07-06-2026,0,0,0
AT009818,W110,08-06-2026,1,0,0
AT009819,W110,09-06-2026,1,0,0
AT009820,W110,10-06-2026,1,1,0
AT009821,W110,11-06-2026,0,0,1
AT009822,W110,12-06-2026,0,0,1
AT009823,W110,13-06-2026,1,0,0
AT009824,W110,14-06-2026,0,0,0
AT009825,W110,15-06-2026,1,0,0
AT009826,W110,16-06-2026,1,6,0
AT009827,W110,17-06-2026,1,6,0
AT009828,W110,18-06-2026,1,0,0
AT009829,W110,19-06-2026,1,9,0
AT009830,W110,20-06-2026,0,0,1
AT009831,W110,21-06-2026,0,0,0
AT009832,W110,22-06-2026,1,2,0
AT009833,W110,23-06-2026,1,8,0
AT009834,W110,24-06-2026,1,3,0
AT009835,W110,25-06-2026,1,6,0
AT009836,W110,26-06-2026,1,0,0
AT009837,W110,27-06-2026,1,0,0
AT009838,W110,28-06-2026,0,0,0
AT009839,W110,29-06-2026,1,0,0
AT009840,W110,30-06-2026,1,3,0
AT009841,W110,01-07-2026,1,6,0
AT009842,W110,02-07-2026,1,4,0
AT009843,W110,03-07-2026,1,0,0
AT009844,W110,04-07-2026,1,5,0
AT009845,W110,05-07-2026,0,0,0
AT009846,W110,06-07-2026,1,0,0
AT009847,W110,07-07-2026,1,13,0
AT009848,W110,08-07-2026,1,0,0
AT009849,W110,09-07-2026,1,0,0
AT009850,W110,10-07-2026,1,0,0
AT009851,W110,11-07-2026,1,13,0
AT009852,W110,12-07-2026,0,0,0
AT009853,W110,13-07-2026,1,15,0
AT009854,W110,14-07-2026,1,10,0
AT009855,W110,15-07-2026,1,0,0
AT009856,W110,16-07-2026,1,0,0
AT009857,W110,17-07-2026,1,5,0
AT009858,W110,18-07-2026,1,4,0
AT009859,W110,19-07-2026,0,0,0
AT009860,W110,20-07-2026,1,0,0
AT009861,W110,21-07-2026,1,7,0
AT009862,W110,22-07-2026,1,8,0
AT009863,W110,23-07-2026,1,4,0
AT009864,W110,24-07-2026,1,9,0
AT009865,W110,25-07-2026,1,5,0
AT009866,W110,26-07-2026,0,0,0
AT009867,W110,27-07-2026,1,7,0
AT009868,W110,28-07-2026,1,0,0
AT009869,W110,29-07-2026,0,0,1
AT009870,W110,30-07-2026,1,3,0
AT009871,W110,31-07-2026,1,0,0
AT009872,W110,01-08-2026,1,1,0
AT009873,W110,02-08-2026,0,0,0
AT009874,W110,03-08-2026,1,0,0
AT009875,W110,04-08-2026,1,0,0
AT009876,W110,05-08-2026,1,10,0
AT009877,W110,06-08-2026,1,5,0
AT009878,W110,07-08-2026,1,13,0
AT009879,W110,08-08-2026,1,4,0
AT009880,W110,09-08-2026,0,0,0
AT009881,W110,10-08-2026,1,10,0
AT009882,W110,11-08-2026,1,1,0
AT009883,W110,12-08-2026,1,2,0
AT009884,W110,13-08-2026,1,0,0
AT009885,W110,14-08-2026,1,5,0
AT009886,W110,15-08-2026,1,0,0
AT009887,W110,16-08-2026,0,0,0
AT009888,W110,17-08-2026,1,0,0
AT009889,W110,18-08-2026,1,0,0
AT009890,W110,19-08-2026,1,0,0
AT009891,W110,20-08-2026,1,5,0
AT009892,W110,21-08-2026,1,8,0
AT009893,W110,22-08-2026,1,7,0
AT009894,W110,23-08-2026,0,0,0
AT009895,W110,24-08-2026,1,0,0
AT009896,W110,25-08-2026,1,0,0
AT009897,W110,26-08-2026,1,0,0
AT009898,W110,27-08-2026,1,3,0
AT009899,W110,28-08-2026,1,4,0
AT009900,W110,29-08-2026,1,2,0
AT009901,W111,01-06-2026,1,0,0
AT009902,W111,02-06-2026,1,2,0
AT009903,W111,03-06-2026,1,0,0
AT009904,W111,04-06-2026,1,5,0
AT009905,W111,05-06-2026,1,4,0
AT009906,W111,06-06-2026,1,0,0
AT009907,W111,07-06-2026,0,0,0
AT009908,W111,08-06-2026,1,0,0
AT009909,W111,09-06-2026,1,6,0
AT009910,W111,10-06-2026,1,8,0
AT009911,W111,11-06-2026,1,6,0
AT009912,W111,12-06-2026,1,0,0
AT009913,W111,13-06-2026,1,13,0
AT009914,W111,14-06-2026,0,0,0
AT009915,W111,15-06-2026,1,9,0
AT009916,W111,16-06-2026,1,0,0
AT009917,W111,17-06-2026,1,5,0
AT009918,W111,18-06-2026,1,12,0
AT009919,W111,19-06-2026,1,2,0
AT009920,W111,20-06-2026,1,0,0
AT009921,W111,21-06-2026,0,0,0
AT009922,W111,22-06-2026,1,2,0
AT009923,W111,23-06-2026,1,1,0
AT009924,W111,24-06-2026,1,3,0
AT009925,W111,25-06-2026,1,4,0
AT009926,W111,26-06-2026,1,5,0
AT009927,W111,27-06-2026,1,1,0
AT009928,W111,28-06-2026,0,0,0
AT009929,W111,29-06-2026,1,0,0
AT009930,W111,30-06-2026,1,3,0
AT009931,W111,01-07-2026,1,6,0
AT009932,W111,02-07-2026,1,12,0
AT009933,W111,03-07-2026,0,0,1
AT009934,W111,04-07-2026,1,7,0
AT009935,W111,05-07-2026,0,0,0
AT009936,W111,06-07-2026,1,2,0
AT009937,W111,07-07-2026,1,12,0
AT009938,W111,08-07-2026,1,0,0
AT009939,W111,09-07-2026,1,0,0
AT009940,W111,10-07-2026,1,0,0
AT009941,W111,11-07-2026,1,1,0
AT009942,W111,12-07-2026,0,0,0
AT009943,W111,13-07-2026,1,9,0
AT009944,W111,14-07-2026,1,8,0
AT009945,W111,15-07-2026,1,4,0
AT009946,W111,16-07-2026,1,0,0
AT009947,W111,17-07-2026,1,6,0
AT009948,W111,18-07-2026,1,0,0
AT009949,W111,19-07-2026,0,0,0
AT009950,W111,20-07-2026,1,4,0
AT009951,W111,21-07-2026,1,3,0
AT009952,W111,22-07-2026,1,4,0
AT009953,W111,23-07-2026,1,1,0
AT009954,W111,24-07-2026,1,0,0
AT009955,W111,25-07-2026,1,0,0
AT009956,W111,26-07-2026,0,0,0
AT009957,W111,27-07-2026,1,2,0
AT009958,W111,28-07-2026,1,3,0
AT009959,W111,29-07-2026,1,8,0
AT009960,W111,30-07-2026,1,6,0
AT009961,W111,31-07-2026,1,11,0
AT009962,W111,01-08-2026,1,4,0
AT009963,W111,02-08-2026,0,0,0
AT009964,W111,03-08-2026,1,3,0
AT009965,W111,04-08-2026,1,6,0
AT009966,W111,05-08-2026,1,0,0
AT009967,W111,06-08-2026,1,3,0
AT009968,W111,07-08-2026,1,4,0
AT009969,W111,08-08-2026,1,0,0
AT009970,W111,09-08-2026,0,0,0
AT009971,W111,10-08-2026,1,0,0
AT009972,W111,11-08-2026,1,0,0
AT009973,W111,12-08-2026,1,5,0
AT009974,W111,13-08-2026,1,9,0
AT009975,W111,14-08-2026,1,0,0
AT009976,W111,15-08-2026,1,5,0
AT009977,W111,16-08-2026,0,0,0
AT009978,W111,17-08-2026,1,8,0
AT009979,W111,18-08-2026,1,3,0
AT009980,W111,19-08-2026,1,1,0
AT009981,W111,20-08-2026,1,9,0
AT009982,W111,21-08-2026,1,4,0
AT009983,W111,22-08-2026,1,8,0
AT009984,W111,23-08-2026,1,6,0
AT009985,W111,24-08-2026,1,0,0
AT009986,W111,25-08-2026,1,5,0
AT009987,W111,26-08-2026,1,0,0
AT009988,W111,27-08-2026,1,6,0
AT009989,W111,28-08-2026,1,5,0
AT009990,W111,29-08-2026,1,5,0
AT009991,W112,01-06-2026,1,7,0
AT009992,W112,02-06-2026,1,0,0
AT009993,W112,03-06-2026,1,0,0
AT009994,W112,04-06-2026,1,9,0
AT009995,W112,05-06-2026,1,3,0
AT009996,W112,06-06-2026,1,7,0
AT009997,W112,07-06-2026,0,0,0
AT009998,W112,08-06-2026,1,0,0
AT009999,W112,09-06-2026,1,0,0
AT010000,W112,10-06-2026,1,3,0
AT010001,W112,11-06-2026,1,0,0
AT010002,W112,12-06-2026,1,0,0
AT010003,W112,13-06-2026,1,3,0
AT010004,W112,14-06-2026,0,0,0
AT010005,W112,15-06-2026,1,4,0
AT010006,W112,16-06-2026,1,0,0
AT010007,W112,17-06-2026,1,2,0
AT010008,W112,18-06-2026,1,2,0
AT010009,W112,19-06-2026,1,6,0
AT010010,W112,20-06-2026,1,7,0
AT010011,W112,21-06-2026,0,0,0
AT010012,W112,22-06-2026,1,3,0
AT010013,W112,23-06-2026,1,4,0
AT010014,W112,24-06-2026,1,6,0
AT010015,W112,25-06-2026,1,4,0
AT010016,W112,26-06-2026,1,0,0
AT010017,W112,27-06-2026,1,8,0
AT010018,W112,28-06-2026,0,0,0
AT010019,W112,29-06-2026,1,15,0
AT010020,W112,30-06-2026,1,1,0
AT010021,W112,01-07-2026,1,0,0
AT010022,W112,02-07-2026,1,0,0
AT010023,W112,03-07-2026,1,6,0
AT010024,W112,04-07-2026,1,7,0
AT010025,W112,05-07-2026,0,0,0
AT010026,W112,06-07-2026,1,0,0
AT010027,W112,07-07-2026,1,9,0
AT010028,W112,08-07-2026,0,0,1
AT010029,W112,09-07-2026,1,0,0
AT010030,W112,10-07-2026,1,8,0
AT010031,W112,11-07-2026,1,2,0
AT010032,W112,12-07-2026,0,0,0
AT010033,W112,13-07-2026,0,0,1
AT010034,W112,14-07-2026,1,3,0
AT010035,W112,15-07-2026,1,0,0
AT010036,W112,16-07-2026,1,8,0
AT010037,W112,17-07-2026,1,0,0
AT010038,W112,18-07-2026,1,0,0
AT010039,W112,19-07-2026,0,0,0
AT010040,W112,20-07-2026,1,3,0
AT010041,W112,21-07-2026,1,4,0
AT010042,W112,22-07-2026,1,0,0
AT010043,W112,23-07-2026,1,1,0
AT010044,W112,24-07-2026,1,2,0
AT010045,W112,25-07-2026,1,8,0
AT010046,W112,26-07-2026,0,0,0
AT010047,W112,27-07-2026,1,5,0
AT010048,W112,28-07-2026,1,1,0
AT010049,W112,29-07-2026,1,5,0
AT010050,W112,30-07-2026,1,0,0
AT010051,W112,31-07-2026,1,0,0
AT010052,W112,01-08-2026,1,4,0
AT010053,W112,02-08-2026,0,0,0
AT010054,W112,03-08-2026,1,4,0
AT010055,W112,04-08-2026,1,5,0
AT010056,W112,05-08-2026,1,0,0
AT010057,W112,06-08-2026,1,8,0
AT010058,W112,07-08-2026,1,6,0
AT010059,W112,08-08-2026,1,11,0
AT010060,W112,09-08-2026,0,0,0
AT010061,W112,10-08-2026,1,0,0
AT010062,W112,11-08-2026,1,4,0
AT010063,W112,12-08-2026,1,0,0
AT010064,W112,13-08-2026,1,10,0
AT010065,W112,14-08-2026,1,8,0
AT010066,W112,15-08-2026,1,3,0
AT010067,W112,16-08-2026,0,0,0
AT010068,W112,17-08-2026,0,0,1
AT010069,W112,18-08-2026,1,5,0
AT010070,W112,19-08-2026,1,0,0
AT010071,W112,20-08-2026,1,0,0
AT010072,W112,21-08-2026,1,0,0
AT010073,W112,22-08-2026,1,5,0
AT010074,W112,23-08-2026,0,0,0
AT010075,W112,24-08-2026,1,8,0
AT010076,W112,25-08-2026,1,2,0
AT010077,W112,26-08-2026,1,0,0
AT010078,W112,27-08-2026,1,0,0
AT010079,W112,28-08-2026,1,7,0
AT010080,W112,29-08-2026,1,4,0
AT010081,W113,01-06-2026,1,0,0
AT010082,W113,02-06-2026,1,13,0
AT010083,W113,03-06-2026,1,9,0
AT010084,W113,04-06-2026,1,0,0
AT010085,W113,05-06-2026,1,0,0
AT010086,W113,06-06-2026,1,10,0
AT010087,W113,07-06-2026,1,0,0
AT010088,W113,08-06-2026,1,8,0
AT010089,W113,09-06-2026,1,7,0
AT010090,W113,10-06-2026,1,4,0
AT010091,W113,11-06-2026,1,7,0
AT010092,W113,12-06-2026,1,6,0
AT010093,W113,13-06-2026,1,12,0
AT010094,W113,14-06-2026,0,0,0
AT010095,W113,15-06-2026,1,0,0
AT010096,W113,16-06-2026,1,1,0
AT010097,W113,17-06-2026,0,0,1
AT010098,W113,18-06-2026,1,2,0
AT010099,W113,19-06-2026,1,9,0
AT010100,W113,20-06-2026,1,15,0
AT010101,W113,21-06-2026,0,0,0
AT010102,W113,22-06-2026,1,7,0
AT010103,W113,23-06-2026,1,7,0
AT010104,W113,24-06-2026,1,3,0
AT010105,W113,25-06-2026,1,3,0
AT010106,W113,26-06-2026,1,8,0
AT010107,W113,27-06-2026,1,0,0
AT010108,W113,28-06-2026,0,0,0
AT010109,W113,29-06-2026,1,4,0
AT010110,W113,30-06-2026,1,0,0
AT010111,W113,01-07-2026,1,13,0
AT010112,W113,02-07-2026,1,6,0
AT010113,W113,03-07-2026,1,5,0
AT010114,W113,04-07-2026,1,4,0
AT010115,W113,05-07-2026,0,0,0
AT010116,W113,06-07-2026,1,7,0
AT010117,W113,07-07-2026,1,3,0
AT010118,W113,08-07-2026,1,0,0
AT010119,W113,09-07-2026,1,8,0
AT010120,W113,10-07-2026,1,5,0
AT010121,W113,11-07-2026,1,8,0
AT010122,W113,12-07-2026,1,4,0
AT010123,W113,13-07-2026,1,7,0
AT010124,W113,14-07-2026,1,0,0
AT010125,W113,15-07-2026,1,11,0
AT010126,W113,16-07-2026,1,6,0
AT010127,W113,17-07-2026,1,3,0
AT010128,W113,18-07-2026,1,1,0
AT010129,W113,19-07-2026,0,0,0
AT010130,W113,20-07-2026,1,0,0
AT010131,W113,21-07-2026,1,0,0
AT010132,W113,22-07-2026,1,6,0
AT010133,W113,23-07-2026,1,0,0
AT010134,W113,24-07-2026,1,9,0
AT010135,W113,25-07-2026,1,5,0
AT010136,W113,26-07-2026,0,0,0
AT010137,W113,27-07-2026,1,8,0
AT010138,W113,28-07-2026,1,8,0
AT010139,W113,29-07-2026,1,3,0
AT010140,W113,30-07-2026,0,0,1
AT010141,W113,31-07-2026,1,2,0
AT010142,W113,01-08-2026,1,15,0
AT010143,W113,02-08-2026,0,0,0
AT010144,W113,03-08-2026,1,0,0
AT010145,W113,04-08-2026,1,2,0
AT010146,W113,05-08-2026,1,0,0
AT010147,W113,06-08-2026,1,5,0
AT010148,W113,07-08-2026,1,9,0
AT010149,W113,08-08-2026,1,1,0
AT010150,W113,09-08-2026,0,0,0
AT010151,W113,10-08-2026,1,1,0
AT010152,W113,11-08-2026,1,16,0
AT010153,W113,12-08-2026,1,5,0
AT010154,W113,13-08-2026,1,6,0
AT010155,W113,14-08-2026,1,7,0
AT010156,W113,15-08-2026,1,2,0
AT010157,W113,16-08-2026,0,0,0
AT010158,W113,17-08-2026,1,5,0
AT010159,W113,18-08-2026,1,3,0
AT010160,W113,19-08-2026,1,2,0
AT010161,W113,20-08-2026,1,6,0
AT010162,W113,21-08-2026,1,0,0
AT010163,W113,22-08-2026,1,5,0
AT010164,W113,23-08-2026,0,0,0
AT010165,W113,24-08-2026,1,0,0
AT010166,W113,25-08-2026,1,5,0
AT010167,W113,26-08-2026,0,0,1
AT010168,W113,27-08-2026,1,8,0
AT010169,W113,28-08-2026,1,8,0
AT010170,W113,29-08-2026,1,4,0
AT010171,W114,01-06-2026,1,8,0
AT010172,W114,02-06-2026,1,5,0
AT010173,W114,03-06-2026,1,3,0
AT010174,W114,04-06-2026,1,6,0
AT010175,W114,05-06-2026,1,1,0
AT010176,W114,06-06-2026,1,13,0
AT010177,W114,07-06-2026,0,0,0
AT010178,W114,08-06-2026,1,13,0
AT010179,W114,09-06-2026,1,0,0
AT010180,W114,10-06-2026,1,10,0
AT010181,W114,11-06-2026,1,5,0
AT010182,W114,12-06-2026,1,3,0
AT010183,W114,13-06-2026,1,0,0
AT010184,W114,14-06-2026,0,0,0
AT010185,W114,15-06-2026,1,3,0
AT010186,W114,16-06-2026,1,0,0
AT010187,W114,17-06-2026,1,8,0
AT010188,W114,18-06-2026,1,2,0
AT010189,W114,19-06-2026,1,5,0
AT010190,W114,20-06-2026,1,5,0
AT010191,W114,21-06-2026,0,0,0
AT010192,W114,22-06-2026,1,2,0
AT010193,W114,23-06-2026,1,4,0
AT010194,W114,24-06-2026,1,0,0
AT010195,W114,25-06-2026,1,5,0
AT010196,W114,26-06-2026,1,4,0
AT010197,W114,27-06-2026,0,0,1
AT010198,W114,28-06-2026,0,0,0
AT010199,W114,29-06-2026,1,7,0
AT010200,W114,30-06-2026,1,1,0
AT010201,W114,01-07-2026,0,0,1
AT010202,W114,02-07-2026,1,7,0
AT010203,W114,03-07-2026,1,0,0
AT010204,W114,04-07-2026,1,5,0
AT010205,W114,05-07-2026,0,0,0
AT010206,W114,06-07-2026,1,9,0
AT010207,W114,07-07-2026,1,4,0
AT010208,W114,08-07-2026,1,3,0
AT010209,W114,09-07-2026,1,14,0
AT010210,W114,10-07-2026,1,6,0
AT010211,W114,11-07-2026,1,9,0
AT010212,W114,12-07-2026,0,0,0
AT010213,W114,13-07-2026,1,0,0
AT010214,W114,14-07-2026,1,11,0
AT010215,W114,15-07-2026,1,1,0
AT010216,W114,16-07-2026,1,2,0
AT010217,W114,17-07-2026,1,5,0
AT010218,W114,18-07-2026,1,7,0
AT010219,W114,19-07-2026,0,0,0
AT010220,W114,20-07-2026,1,5,0
AT010221,W114,21-07-2026,1,0,0
AT010222,W114,22-07-2026,1,2,0
AT010223,W114,23-07-2026,0,0,1
AT010224,W114,24-07-2026,1,7,0
AT010225,W114,25-07-2026,1,6,0
AT010226,W114,26-07-2026,0,0,0
AT010227,W114,27-07-2026,1,0,0
AT010228,W114,28-07-2026,1,10,0
AT010229,W114,29-07-2026,1,12,0
AT010230,W114,30-07-2026,1,0,0
AT010231,W114,31-07-2026,1,3,0
AT010232,W114,01-08-2026,1,10,0
AT010233,W114,02-08-2026,0,0,0
AT010234,W114,03-08-2026,1,6,0
AT010235,W114,04-08-2026,1,2,0
AT010236,W114,05-08-2026,1,3,0
AT010237,W114,06-08-2026,1,10,0
AT010238,W114,07-08-2026,1,0,0
AT010239,W114,08-08-2026,1,6,0
AT010240,W114,09-08-2026,0,0,0
AT010241,W114,10-08-2026,1,1,0
AT010242,W114,11-08-2026,1,2,0
AT010243,W114,12-08-2026,1,5,0
AT010244,W114,13-08-2026,1,6,0
AT010245,W114,14-08-2026,1,0,0
AT010246,W114,15-08-2026,1,0,0
AT010247,W114,16-08-2026,0,0,0
AT010248,W114,17-08-2026,1,4,0
AT010249,W114,18-08-2026,1,2,0
AT010250,W114,19-08-2026,1,0,0
AT010251,W114,20-08-2026,1,7,0
AT010252,W114,21-08-2026,1,0,0
AT010253,W114,22-08-2026,1,3,0
AT010254,W114,23-08-2026,0,0,0
AT010255,W114,24-08-2026,1,3,0
AT010256,W114,25-08-2026,1,5,0
AT010257,W114,26-08-2026,1,2,0
AT010258,W114,27-08-2026,1,13,0
AT010259,W114,28-08-2026,1,6,0
AT010260,W114,29-08-2026,1,6,0
AT010261,W115,01-06-2026,1,13,0
AT010262,W115,02-06-2026,1,1,0
AT010263,W115,03-06-2026,1,4,0
AT010264,W115,04-06-2026,1,0,0
AT010265,W115,05-06-2026,1,0,0
AT010266,W115,06-06-2026,1,7,0
AT010267,W115,07-06-2026,0,0,0
AT010268,W115,08-06-2026,1,0,0
AT010269,W115,09-06-2026,1,0,0
AT010270,W115,10-06-2026,1,0,0
AT010271,W115,11-06-2026,1,5,0
AT010272,W115,12-06-2026,1,5,0
AT010273,W115,13-06-2026,1,0,0
AT010274,W115,14-06-2026,0,0,0
AT010275,W115,15-06-2026,1,8,0
AT010276,W115,16-06-2026,1,0,0
AT010277,W115,17-06-2026,1,4,0
AT010278,W115,18-06-2026,1,0,0
AT010279,W115,19-06-2026,1,0,0
AT010280,W115,20-06-2026,1,0,0
AT010281,W115,21-06-2026,0,0,0
AT010282,W115,22-06-2026,1,3,0
AT010283,W115,23-06-2026,1,5,0
AT010284,W115,24-06-2026,1,0,0
AT010285,W115,25-06-2026,1,0,0
AT010286,W115,26-06-2026,0,0,1
AT010287,W115,27-06-2026,1,0,0
AT010288,W115,28-06-2026,0,0,0
AT010289,W115,29-06-2026,1,1,0
AT010290,W115,30-06-2026,1,4,0
AT010291,W115,01-07-2026,1,2,0
AT010292,W115,02-07-2026,1,4,0
AT010293,W115,03-07-2026,1,3,0
AT010294,W115,04-07-2026,1,0,0
AT010295,W115,05-07-2026,0,0,0
AT010296,W115,06-07-2026,1,4,0
AT010297,W115,07-07-2026,1,2,0
AT010298,W115,08-07-2026,1,0,0
AT010299,W115,09-07-2026,1,12,0
AT010300,W115,10-07-2026,1,9,0
AT010301,W115,11-07-2026,1,3,0
AT010302,W115,12-07-2026,0,0,0
AT010303,W115,13-07-2026,1,4,0
AT010304,W115,14-07-2026,1,6,0
AT010305,W115,15-07-2026,1,6,0
AT010306,W115,16-07-2026,1,12,0
AT010307,W115,17-07-2026,1,2,0
AT010308,W115,18-07-2026,1,2,0
AT010309,W115,19-07-2026,0,0,0
AT010310,W115,20-07-2026,1,4,0
AT010311,W115,21-07-2026,1,0,0
AT010312,W115,22-07-2026,1,4,0
AT010313,W115,23-07-2026,1,0,0
AT010314,W115,24-07-2026,1,2,0
AT010315,W115,25-07-2026,1,0,0
AT010316,W115,26-07-2026,0,0,0
AT010317,W115,27-07-2026,1,0,0
AT010318,W115,28-07-2026,1,2,0
AT010319,W115,29-07-2026,1,3,0
AT010320,W115,30-07-2026,1,0,0
AT010321,W115,31-07-2026,0,0,1
AT010322,W115,01-08-2026,1,0,0
AT010323,W115,02-08-2026,0,0,0
AT010324,W115,03-08-2026,1,0,0
AT010325,W115,04-08-2026,1,4,0
AT010326,W115,05-08-2026,1,1,0
AT010327,W115,06-08-2026,1,1,0
AT010328,W115,07-08-2026,1,2,0
AT010329,W115,08-08-2026,1,5,0
AT010330,W115,09-08-2026,0,0,0
AT010331,W115,10-08-2026,1,4,0
AT010332,W115,11-08-2026,1,0,0
AT010333,W115,12-08-2026,1,0,0
AT010334,W115,13-08-2026,1,2,0
AT010335,W115,14-08-2026,1,6,0
AT010336,W115,15-08-2026,1,2,0
AT010337,W115,16-08-2026,0,0,1
AT010338,W115,17-08-2026,1,0,0
AT010339,W115,18-08-2026,1,3,0
AT010340,W115,19-08-2026,1,0,0
AT010341,W115,20-08-2026,1,6,0
AT010342,W115,21-08-2026,1,3,0
AT010343,W115,22-08-2026,1,7,0
AT010344,W115,23-08-2026,0,0,0
AT010345,W115,24-08-2026,1,2,0
AT010346,W115,25-08-2026,1,5,0
AT010347,W115,26-08-2026,1,0,0
AT010348,W115,27-08-2026,1,0,0
AT010349,W115,28-08-2026,1,0,0
AT010350,W115,29-08-2026,1,0,0
AT010351,W116,01-06-2026,1,3,0
AT010352,W116,02-06-2026,1,8,0
AT010353,W116,03-06-2026,1,10,0
AT010354,W116,04-06-2026,1,7,0
AT010355,W116,05-06-2026,1,9,0
AT010356,W116,06-06-2026,1,0,0
AT010357,W116,07-06-2026,0,0,0
AT010358,W116,08-06-2026,1,5,0
AT010359,W116,09-06-2026,1,14,0
AT010360,W116,10-06-2026,1,6,0
AT010361,W116,11-06-2026,1,9,0
AT010362,W116,12-06-2026,1,12,0
AT010363,W116,13-06-2026,1,4,0
AT010364,W116,14-06-2026,0,0,0
AT010365,W116,15-06-2026,1,6,0
AT010366,W116,16-06-2026,1,3,0
AT010367,W116,17-06-2026,1,7,0
AT010368,W116,18-06-2026,1,14,0
AT010369,W116,19-06-2026,1,11,0
AT010370,W116,20-06-2026,1,0,0
AT010371,W116,21-06-2026,0,0,0
AT010372,W116,22-06-2026,1,0,0
AT010373,W116,23-06-2026,1,6,0
AT010374,W116,24-06-2026,1,5,0
AT010375,W116,25-06-2026,1,0,0
AT010376,W116,26-06-2026,1,13,0
AT010377,W116,27-06-2026,1,5,0
AT010378,W116,28-06-2026,1,0,0
AT010379,W116,29-06-2026,1,0,0
AT010380,W116,30-06-2026,1,4,0
AT010381,W116,01-07-2026,1,12,0
AT010382,W116,02-07-2026,1,14,0
AT010383,W116,03-07-2026,1,1,0
AT010384,W116,04-07-2026,1,17,0
AT010385,W116,05-07-2026,1,5,0
AT010386,W116,06-07-2026,1,7,0
AT010387,W116,07-07-2026,1,15,0
AT010388,W116,08-07-2026,1,6,0
AT010389,W116,09-07-2026,1,4,0
AT010390,W116,10-07-2026,0,0,1
AT010391,W116,11-07-2026,1,10,0
AT010392,W116,12-07-2026,0,0,0
AT010393,W116,13-07-2026,1,6,0
AT010394,W116,14-07-2026,1,10,0
AT010395,W116,15-07-2026,1,8,0
AT010396,W116,16-07-2026,1,7,0
AT010397,W116,17-07-2026,1,2,0
AT010398,W116,18-07-2026,1,10,0
AT010399,W116,19-07-2026,0,0,0
AT010400,W116,20-07-2026,1,6,0
AT010401,W116,21-07-2026,1,2,0
AT010402,W116,22-07-2026,1,9,0
AT010403,W116,23-07-2026,1,9,0
AT010404,W116,24-07-2026,1,7,0
AT010405,W116,25-07-2026,1,6,0
AT010406,W116,26-07-2026,1,9,0
AT010407,W116,27-07-2026,1,3,0
AT010408,W116,28-07-2026,1,11,0
AT010409,W116,29-07-2026,1,0,0
AT010410,W116,30-07-2026,1,7,0
AT010411,W116,31-07-2026,1,5,0
AT010412,W116,01-08-2026,1,8,0
AT010413,W116,02-08-2026,0,0,1
AT010414,W116,03-08-2026,1,6,0
AT010415,W116,04-08-2026,1,7,0
AT010416,W116,05-08-2026,1,8,0
AT010417,W116,06-08-2026,1,3,0
AT010418,W116,07-08-2026,1,5,0
AT010419,W116,08-08-2026,0,0,1
AT010420,W116,09-08-2026,0,0,0
AT010421,W116,10-08-2026,1,0,0
AT010422,W116,11-08-2026,1,6,0
AT010423,W116,12-08-2026,1,11,0
AT010424,W116,13-08-2026,1,6,0
AT010425,W116,14-08-2026,1,7,0
AT010426,W116,15-08-2026,1,11,0
AT010427,W116,16-08-2026,1,1,0
AT010428,W116,17-08-2026,1,15,0
AT010429,W116,18-08-2026,1,11,0
AT010430,W116,19-08-2026,1,6,0
AT010431,W116,20-08-2026,1,2,0
AT010432,W116,21-08-2026,1,3,0
AT010433,W116,22-08-2026,1,8,0
AT010434,W116,23-08-2026,0,0,0
AT010435,W116,24-08-2026,1,2,0
AT010436,W116,25-08-2026,1,2,0
AT010437,W116,26-08-2026,1,1,0
AT010438,W116,27-08-2026,1,2,0
AT010439,W116,28-08-2026,1,0,0
AT010440,W116,29-08-2026,1,0,0
AT010441,W117,01-06-2026,1,13,0
AT010442,W117,02-06-2026,1,1,0
AT010443,W117,03-06-2026,1,7,0
AT010444,W117,04-06-2026,1,7,0
AT010445,W117,05-06-2026,1,7,0
AT010446,W117,06-06-2026,1,6,0
AT010447,W117,07-06-2026,0,0,0
AT010448,W117,08-06-2026,1,2,0
AT010449,W117,09-06-2026,1,0,0
AT010450,W117,10-06-2026,1,17,0
AT010451,W117,11-06-2026,1,6,0
AT010452,W117,12-06-2026,1,0,0
AT010453,W117,13-06-2026,1,1,0
AT010454,W117,14-06-2026,0,0,0
AT010455,W117,15-06-2026,1,0,0
AT010456,W117,16-06-2026,1,1,0
AT010457,W117,17-06-2026,0,0,1
AT010458,W117,18-06-2026,1,7,0
AT010459,W117,19-06-2026,1,7,0
AT010460,W117,20-06-2026,1,1,0
AT010461,W117,21-06-2026,0,0,0
AT010462,W117,22-06-2026,1,6,0
AT010463,W117,23-06-2026,1,10,0
AT010464,W117,24-06-2026,1,3,0
AT010465,W117,25-06-2026,1,7,0
AT010466,W117,26-06-2026,1,0,0
AT010467,W117,27-06-2026,1,5,0
AT010468,W117,28-06-2026,0,0,0
AT010469,W117,29-06-2026,1,5,0
AT010470,W117,30-06-2026,1,6,0
AT010471,W117,01-07-2026,1,9,0
AT010472,W117,02-07-2026,1,3,0
AT010473,W117,03-07-2026,0,0,1
AT010474,W117,04-07-2026,1,1,0
AT010475,W117,05-07-2026,0,0,0
AT010476,W117,06-07-2026,1,4,0
AT010477,W117,07-07-2026,1,4,0
AT010478,W117,08-07-2026,1,0,0
AT010479,W117,09-07-2026,1,0,0
AT010480,W117,10-07-2026,1,17,0
AT010481,W117,11-07-2026,1,13,0
AT010482,W117,12-07-2026,0,0,0
AT010483,W117,13-07-2026,1,4,0
AT010484,W117,14-07-2026,0,0,1
AT010485,W117,15-07-2026,1,0,0
AT010486,W117,16-07-2026,1,5,0
AT010487,W117,17-07-2026,1,0,0
AT010488,W117,18-07-2026,0,0,1
AT010489,W117,19-07-2026,1,9,0
AT010490,W117,20-07-2026,1,0,0
AT010491,W117,21-07-2026,1,1,0
AT010492,W117,22-07-2026,1,3,0
AT010493,W117,23-07-2026,1,6,0
AT010494,W117,24-07-2026,1,3,0
AT010495,W117,25-07-2026,1,0,0
AT010496,W117,26-07-2026,0,0,0
AT010497,W117,27-07-2026,1,1,0
AT010498,W117,28-07-2026,1,11,0
AT010499,W117,29-07-2026,1,3,0
AT010500,W117,30-07-2026,1,8,0
AT010501,W117,31-07-2026,1,7,0
AT010502,W117,01-08-2026,1,2,0
AT010503,W117,02-08-2026,0,0,0
AT010504,W117,03-08-2026,1,3,0
AT010505,W117,04-08-2026,1,5,0
AT010506,W117,05-08-2026,0,0,1
AT010507,W117,06-08-2026,1,0,0
AT010508,W117,07-08-2026,1,8,0
AT010509,W117,08-08-2026,1,5,0
AT010510,W117,09-08-2026,0,0,0
AT010511,W117,10-08-2026,1,2,0
AT010512,W117,11-08-2026,1,5,0
AT010513,W117,12-08-2026,1,4,0
AT010514,W117,13-08-2026,1,6,0
AT010515,W117,14-08-2026,1,0,0
AT010516,W117,15-08-2026,1,0,0
AT010517,W117,16-08-2026,1,4,0
AT010518,W117,17-08-2026,1,3,0
AT010519,W117,18-08-2026,1,1,0
AT010520,W117,19-08-2026,1,0,0
AT010521,W117,20-08-2026,1,8,0
AT010522,W117,21-08-2026,1,0,0
AT010523,W117,22-08-2026,1,10,0
AT010524,W117,23-08-2026,1,7,0
AT010525,W117,24-08-2026,1,4,0
AT010526,W117,25-08-2026,1,6,0
AT010527,W117,26-08-2026,1,0,0
AT010528,W117,27-08-2026,1,4,0
AT010529,W117,28-08-2026,1,4,0
AT010530,W117,29-08-2026,1,4,0
AT010531,W118,01-06-2026,1,0,0
AT010532,W118,02-06-2026,1,3,0
AT010533,W118,03-06-2026,1,6,0
AT010534,W118,04-06-2026,1,0,0
AT010535,W118,05-06-2026,1,1,0
AT010536,W118,06-06-2026,1,11,0
AT010537,W118,07-06-2026,0,0,0
AT010538,W118,08-06-2026,1,4,0
AT010539,W118,09-06-2026,1,3,0
AT010540,W118,10-06-2026,1,9,0
AT010541,W118,11-06-2026,1,1,0
AT010542,W118,12-06-2026,1,0,0
AT010543,W118,13-06-2026,1,2,0
AT010544,W118,14-06-2026,0,0,0
AT010545,W118,15-06-2026,1,6,0
AT010546,W118,16-06-2026,1,0,0
AT010547,W118,17-06-2026,1,1,0
AT010548,W118,18-06-2026,1,5,0
AT010549,W118,19-06-2026,0,0,1
AT010550,W118,20-06-2026,1,5,0
AT010551,W118,21-06-2026,0,0,0
AT010552,W118,22-06-2026,1,3,0
AT010553,W118,23-06-2026,1,10,0
AT010554,W118,24-06-2026,1,1,0
AT010555,W118,25-06-2026,1,7,0
AT010556,W118,26-06-2026,1,1,0
AT010557,W118,27-06-2026,1,0,0
AT010558,W118,28-06-2026,0,0,0
AT010559,W118,29-06-2026,1,5,0
AT010560,W118,30-06-2026,0,0,1
AT010561,W118,01-07-2026,1,0,0
AT010562,W118,02-07-2026,1,4,0
AT010563,W118,03-07-2026,1,2,0
AT010564,W118,04-07-2026,1,6,0
AT010565,W118,05-07-2026,0,0,0
AT010566,W118,06-07-2026,1,2,0
AT010567,W118,07-07-2026,1,4,0
AT010568,W118,08-07-2026,1,3,0
AT010569,W118,09-07-2026,1,10,0
AT010570,W118,10-07-2026,1,4,0
AT010571,W118,11-07-2026,0,0,1
AT010572,W118,12-07-2026,0,0,0
AT010573,W118,13-07-2026,1,5,0
AT010574,W118,14-07-2026,1,2,0
AT010575,W118,15-07-2026,1,4,0
AT010576,W118,16-07-2026,1,13,0
AT010577,W118,17-07-2026,1,18,0
AT010578,W118,18-07-2026,1,0,0
AT010579,W118,19-07-2026,0,0,0
AT010580,W118,20-07-2026,0,0,1
AT010581,W118,21-07-2026,1,7,0
AT010582,W118,22-07-2026,1,4,0
AT010583,W118,23-07-2026,1,7,0
AT010584,W118,24-07-2026,1,10,0
AT010585,W118,25-07-2026,1,0,0
AT010586,W118,26-07-2026,0,0,0
AT010587,W118,27-07-2026,1,0,0
AT010588,W118,28-07-2026,1,5,0
AT010589,W118,29-07-2026,1,1,0
AT010590,W118,30-07-2026,1,0,0
AT010591,W118,31-07-2026,1,9,0
AT010592,W118,01-08-2026,1,4,0
AT010593,W118,02-08-2026,0,0,0
AT010594,W118,03-08-2026,1,8,0
AT010595,W118,04-08-2026,0,0,1
AT010596,W118,05-08-2026,1,7,0
AT010597,W118,06-08-2026,1,10,0
AT010598,W118,07-08-2026,1,4,0
AT010599,W118,08-08-2026,1,7,0
AT010600,W118,09-08-2026,0,0,0
AT010601,W118,10-08-2026,1,6,0
AT010602,W118,11-08-2026,1,5,0
AT010603,W118,12-08-2026,1,1,0
AT010604,W118,13-08-2026,1,0,0
AT010605,W118,14-08-2026,1,7,0
AT010606,W118,15-08-2026,1,8,0
AT010607,W118,16-08-2026,0,0,0
AT010608,W118,17-08-2026,1,8,0
AT010609,W118,18-08-2026,1,4,0
AT010610,W118,19-08-2026,1,0,0
AT010611,W118,20-08-2026,1,1,0
AT010612,W118,21-08-2026,1,11,0
AT010613,W118,22-08-2026,1,0,0
AT010614,W118,23-08-2026,0,0,0
AT010615,W118,24-08-2026,1,3,0
AT010616,W118,25-08-2026,1,0,0
AT010617,W118,26-08-2026,1,5,0
AT010618,W118,27-08-2026,1,6,0
AT010619,W118,28-08-2026,1,0,0
AT010620,W118,29-08-2026,0,0,1
AT010621,W119,01-06-2026,1,4,0
AT010622,W119,02-06-2026,1,7,0
AT010623,W119,03-06-2026,0,0,1
AT010624,W119,04-06-2026,0,0,1
AT010625,W119,05-06-2026,1,7,0
AT010626,W119,06-06-2026,1,0,0
AT010627,W119,07-06-2026,0,0,0
AT010628,W119,08-06-2026,0,0,1
AT010629,W119,09-06-2026,1,5,0
AT010630,W119,10-06-2026,1,0,0
AT010631,W119,11-06-2026,1,0,0
AT010632,W119,12-06-2026,1,0,0
AT010633,W119,13-06-2026,1,15,0
AT010634,W119,14-06-2026,0,0,0
AT010635,W119,15-06-2026,1,9,0
AT010636,W119,16-06-2026,1,3,0
AT010637,W119,17-06-2026,1,9,0
AT010638,W119,18-06-2026,1,2,0
AT010639,W119,19-06-2026,1,0,0
AT010640,W119,20-06-2026,1,4,0
AT010641,W119,21-06-2026,0,0,0
AT010642,W119,22-06-2026,1,1,0
AT010643,W119,23-06-2026,1,3,0
AT010644,W119,24-06-2026,1,2,0
AT010645,W119,25-06-2026,1,15,0
AT010646,W119,26-06-2026,1,0,0
AT010647,W119,27-06-2026,1,4,0
AT010648,W119,28-06-2026,0,0,0
AT010649,W119,29-06-2026,1,6,0
AT010650,W119,30-06-2026,1,0,0
AT010651,W119,01-07-2026,1,0,0
AT010652,W119,02-07-2026,1,4,0
AT010653,W119,03-07-2026,1,4,0
AT010654,W119,04-07-2026,1,0,0
AT010655,W119,05-07-2026,1,4,0
AT010656,W119,06-07-2026,1,5,0
AT010657,W119,07-07-2026,1,4,0
AT010658,W119,08-07-2026,1,0,0
AT010659,W119,09-07-2026,1,0,0
AT010660,W119,10-07-2026,1,16,0
AT010661,W119,11-07-2026,1,3,0
AT010662,W119,12-07-2026,0,0,0
AT010663,W119,13-07-2026,1,2,0
AT010664,W119,14-07-2026,1,6,0
AT010665,W119,15-07-2026,1,12,0
AT010666,W119,16-07-2026,1,11,0
AT010667,W119,17-07-2026,1,10,0
AT010668,W119,18-07-2026,1,3,0
AT010669,W119,19-07-2026,0,0,0
AT010670,W119,20-07-2026,1,8,0
AT010671,W119,21-07-2026,1,0,0
AT010672,W119,22-07-2026,1,9,0
AT010673,W119,23-07-2026,1,4,0
AT010674,W119,24-07-2026,1,7,0
AT010675,W119,25-07-2026,1,2,0
AT010676,W119,26-07-2026,0,0,0
AT010677,W119,27-07-2026,1,12,0
AT010678,W119,28-07-2026,1,13,0
AT010679,W119,29-07-2026,1,4,0
AT010680,W119,30-07-2026,1,11,0
AT010681,W119,31-07-2026,1,0,0
AT010682,W119,01-08-2026,1,5,0
AT010683,W119,02-08-2026,0,0,0
AT010684,W119,03-08-2026,1,5,0
AT010685,W119,04-08-2026,1,1,0
AT010686,W119,05-08-2026,1,4,0
AT010687,W119,06-08-2026,0,0,1
AT010688,W119,07-08-2026,1,3,0
AT010689,W119,08-08-2026,1,4,0
AT010690,W119,09-08-2026,0,0,0
AT010691,W119,10-08-2026,1,6,0
AT010692,W119,11-08-2026,1,7,0
AT010693,W119,12-08-2026,1,5,0
AT010694,W119,13-08-2026,1,5,0
AT010695,W119,14-08-2026,1,8,0
AT010696,W119,15-08-2026,0,0,1
AT010697,W119,16-08-2026,0,0,0
AT010698,W119,17-08-2026,1,0,0
AT010699,W119,18-08-2026,1,0,0
AT010700,W119,19-08-2026,1,4,0
AT010701,W119,20-08-2026,1,5,0
AT010702,W119,21-08-2026,1,7,0
AT010703,W119,22-08-2026,1,0,0
AT010704,W119,23-08-2026,0,0,0
AT010705,W119,24-08-2026,1,0,0
AT010706,W119,25-08-2026,0,0,1
AT010707,W119,26-08-2026,1,2,0
AT010708,W119,27-08-2026,0,0,1
AT010709,W119,28-08-2026,1,0,0
AT010710,W119,29-08-2026,1,5,0
AT010711,W120,01-06-2026,1,10,0
AT010712,W120,02-06-2026,1,0,0
AT010713,W120,03-06-2026,1,7,0
AT010714,W120,04-06-2026,1,0,0
AT010715,W120,05-06-2026,1,6,0
AT010716,W120,06-06-2026,1,5,0
AT010717,W120,07-06-2026,0,0,0
AT010718,W120,08-06-2026,0,0,1
AT010719,W120,09-06-2026,1,10,0
AT010720,W120,10-06-2026,1,4,0
AT010721,W120,11-06-2026,1,0,0
AT010722,W120,12-06-2026,0,0,1
AT010723,W120,13-06-2026,1,0,0
AT010724,W120,14-06-2026,0,0,0
AT010725,W120,15-06-2026,1,5,0
AT010726,W120,16-06-2026,1,4,0
AT010727,W120,17-06-2026,1,7,0
AT010728,W120,18-06-2026,1,0,0
AT010729,W120,19-06-2026,1,6,0
AT010730,W120,20-06-2026,0,0,1
AT010731,W120,21-06-2026,0,0,0
AT010732,W120,22-06-2026,1,3,0
AT010733,W120,23-06-2026,1,8,0
AT010734,W120,24-06-2026,1,2,0
AT010735,W120,25-06-2026,1,11,0
AT010736,W120,26-06-2026,1,0,0
AT010737,W120,27-06-2026,1,1,0
AT010738,W120,28-06-2026,0,0,0
AT010739,W120,29-06-2026,1,0,0
AT010740,W120,30-06-2026,1,6,0
AT010741,W120,01-07-2026,1,4,0
AT010742,W120,02-07-2026,1,8,0
AT010743,W120,03-07-2026,1,2,0
AT010744,W120,04-07-2026,1,2,0
AT010745,W120,05-07-2026,0,0,0
AT010746,W120,06-07-2026,1,3,0
AT010747,W120,07-07-2026,1,2,0
AT010748,W120,08-07-2026,1,13,0
AT010749,W120,09-07-2026,1,9,0
AT010750,W120,10-07-2026,1,10,0
AT010751,W120,11-07-2026,1,5,0
AT010752,W120,12-07-2026,0,0,0
AT010753,W120,13-07-2026,1,0,0
AT010754,W120,14-07-2026,1,6,0
AT010755,W120,15-07-2026,1,1,0
AT010756,W120,16-07-2026,1,0,0
AT010757,W120,17-07-2026,1,3,0
AT010758,W120,18-07-2026,1,3,0
AT010759,W120,19-07-2026,0,0,0
AT010760,W120,20-07-2026,1,2,0
AT010761,W120,21-07-2026,1,4,0
AT010762,W120,22-07-2026,1,2,0
AT010763,W120,23-07-2026,1,12,0
AT010764,W120,24-07-2026,1,6,0
AT010765,W120,25-07-2026,1,2,0
AT010766,W120,26-07-2026,1,5,0
AT010767,W120,27-07-2026,1,1,0
AT010768,W120,28-07-2026,1,7,0
AT010769,W120,29-07-2026,1,0,0
AT010770,W120,30-07-2026,1,9,0
AT010771,W120,31-07-2026,1,5,0
AT010772,W120,01-08-2026,1,4,0
AT010773,W120,02-08-2026,0,0,0
AT010774,W120,03-08-2026,1,0,0
AT010775,W120,04-08-2026,1,1,0
AT010776,W120,05-08-2026,1,1,0
AT010777,W120,06-08-2026,1,10,0
AT010778,W120,07-08-2026,1,0,0
AT010779,W120,08-08-2026,1,0,0
AT010780,W120,09-08-2026,0,0,0
AT010781,W120,10-08-2026,1,8,0
AT010782,W120,11-08-2026,1,0,0
AT010783,W120,12-08-2026,1,3,0
AT010784,W120,13-08-2026,1,4,0
AT010785,W120,14-08-2026,1,0,0
AT010786,W120,15-08-2026,1,5,0
AT010787,W120,16-08-2026,1,0,0
AT010788,W120,17-08-2026,0,0,1
AT010789,W120,18-08-2026,1,5,0
AT010790,W120,19-08-2026,1,0,0
AT010791,W120,20-08-2026,1,5,0
AT010792,W120,21-08-2026,1,5,0
AT010793,W120,22-08-2026,1,7,0
AT010794,W120,23-08-2026,1,1,0
AT010795,W120,24-08-2026,1,0,0
AT010796,W120,25-08-2026,1,1,0
AT010797,W120,26-08-2026,1,2,0
AT010798,W120,27-08-2026,1,11,0
AT010799,W120,28-08-2026,1,0,0
AT010800,W120,29-08-2026,1,5,0
AT010801,W121,01-06-2026,1,0,0
AT010802,W121,02-06-2026,1,11,0
AT010803,W121,03-06-2026,1,0,0
AT010804,W121,04-06-2026,1,2,0
AT010805,W121,05-06-2026,1,8,0
AT010806,W121,06-06-2026,1,0,0
AT010807,W121,07-06-2026,0,0,0
AT010808,W121,08-06-2026,1,8,0
AT010809,W121,09-06-2026,1,4,0
AT010810,W121,10-06-2026,1,5,0
AT010811,W121,11-06-2026,1,0,0
AT010812,W121,12-06-2026,1,4,0
AT010813,W121,13-06-2026,1,0,0
AT010814,W121,14-06-2026,0,0,0
AT010815,W121,15-06-2026,1,2,0
AT010816,W121,16-06-2026,1,0,0
AT010817,W121,17-06-2026,1,4,0
AT010818,W121,18-06-2026,1,8,0
AT010819,W121,19-06-2026,1,1,0
AT010820,W121,20-06-2026,1,0,0
AT010821,W121,21-06-2026,0,0,0
AT010822,W121,22-06-2026,1,12,0
AT010823,W121,23-06-2026,1,2,0
AT010824,W121,24-06-2026,1,8,0
AT010825,W121,25-06-2026,1,0,0
AT010826,W121,26-06-2026,1,3,0
AT010827,W121,27-06-2026,1,4,0
AT010828,W121,28-06-2026,0,0,0
AT010829,W121,29-06-2026,1,4,0
AT010830,W121,30-06-2026,1,0,0
AT010831,W121,01-07-2026,1,6,0
AT010832,W121,02-07-2026,1,4,0
AT010833,W121,03-07-2026,1,1,0
AT010834,W121,04-07-2026,1,9,0
AT010835,W121,05-07-2026,0,0,0
AT010836,W121,06-07-2026,1,0,0
AT010837,W121,07-07-2026,1,0,0
AT010838,W121,08-07-2026,1,2,0
AT010839,W121,09-07-2026,1,8,0
AT010840,W121,10-07-2026,1,6,0
AT010841,W121,11-07-2026,1,0,0
AT010842,W121,12-07-2026,0,0,0
AT010843,W121,13-07-2026,1,14,0
AT010844,W121,14-07-2026,1,1,0
AT010845,W121,15-07-2026,1,6,0
AT010846,W121,16-07-2026,1,3,0
AT010847,W121,17-07-2026,1,0,0
AT010848,W121,18-07-2026,1,8,0
AT010849,W121,19-07-2026,1,0,0
AT010850,W121,20-07-2026,1,0,0
AT010851,W121,21-07-2026,1,0,0
AT010852,W121,22-07-2026,1,6,0
AT010853,W121,23-07-2026,1,5,0
AT010854,W121,24-07-2026,1,1,0
AT010855,W121,25-07-2026,1,0,0
AT010856,W121,26-07-2026,0,0,0
AT010857,W121,27-07-2026,1,0,0
AT010858,W121,28-07-2026,1,0,0
AT010859,W121,29-07-2026,1,5,0
AT010860,W121,30-07-2026,1,1,0
AT010861,W121,31-07-2026,1,7,0
AT010862,W121,01-08-2026,1,12,0
AT010863,W121,02-08-2026,0,0,0
AT010864,W121,03-08-2026,1,6,0
AT010865,W121,04-08-2026,1,1,0
AT010866,W121,05-08-2026,1,2,0
AT010867,W121,06-08-2026,1,0,0
AT010868,W121,07-08-2026,1,0,0
AT010869,W121,08-08-2026,1,3,0
AT010870,W121,09-08-2026,0,0,0
AT010871,W121,10-08-2026,1,12,0
AT010872,W121,11-08-2026,1,8,0
AT010873,W121,12-08-2026,1,4,0
AT010874,W121,13-08-2026,1,5,0
AT010875,W121,14-08-2026,1,0,0
AT010876,W121,15-08-2026,1,4,0
AT010877,W121,16-08-2026,0,0,0
AT010878,W121,17-08-2026,1,8,0
AT010879,W121,18-08-2026,1,0,0
AT010880,W121,19-08-2026,1,1,0
AT010881,W121,20-08-2026,1,5,0
AT010882,W121,21-08-2026,1,0,0
AT010883,W121,22-08-2026,1,9,0
AT010884,W121,23-08-2026,0,0,0
AT010885,W121,24-08-2026,1,1,0
AT010886,W121,25-08-2026,1,0,0
AT010887,W121,26-08-2026,1,1,0
AT010888,W121,27-08-2026,1,0,0
AT010889,W121,28-08-2026,1,0,0
AT010890,W121,29-08-2026,1,8,0
AT010891,W122,01-06-2026,1,0,0
AT010892,W122,02-06-2026,1,7,0
AT010893,W122,03-06-2026,1,11,0
AT010894,W122,04-06-2026,1,4,0
AT010895,W122,05-06-2026,1,1,0
AT010896,W122,06-06-2026,1,7,0
AT010897,W122,07-06-2026,0,0,0
AT010898,W122,08-06-2026,1,13,0
AT010899,W122,09-06-2026,1,1,0
AT010900,W122,10-06-2026,1,1,0
AT010901,W122,11-06-2026,1,25,0
AT010902,W122,12-06-2026,1,14,0
AT010903,W122,13-06-2026,1,10,0
AT010904,W122,14-06-2026,1,3,0
AT010905,W122,15-06-2026,1,11,0
AT010906,W122,16-06-2026,1,8,0
AT010907,W122,17-06-2026,1,5,0
AT010908,W122,18-06-2026,1,7,0
AT010909,W122,19-06-2026,1,7,0
AT010910,W122,20-06-2026,1,8,0
AT010911,W122,21-06-2026,0,0,0
AT010912,W122,22-06-2026,1,13,0
AT010913,W122,23-06-2026,0,0,1
AT010914,W122,24-06-2026,1,0,0
AT010915,W122,25-06-2026,1,5,0
AT010916,W122,26-06-2026,1,7,0
AT010917,W122,27-06-2026,1,5,0
AT010918,W122,28-06-2026,0,0,0
AT010919,W122,29-06-2026,1,2,0
AT010920,W122,30-06-2026,1,8,0
AT010921,W122,01-07-2026,1,4,0
AT010922,W122,02-07-2026,1,12,0
AT010923,W122,03-07-2026,1,4,0
AT010924,W122,04-07-2026,1,10,0
AT010925,W122,05-07-2026,0,0,0
AT010926,W122,06-07-2026,1,5,0
AT010927,W122,07-07-2026,1,0,0
AT010928,W122,08-07-2026,1,12,0
AT010929,W122,09-07-2026,1,0,0
AT010930,W122,10-07-2026,1,9,0
AT010931,W122,11-07-2026,1,14,0
AT010932,W122,12-07-2026,0,0,0
AT010933,W122,13-07-2026,0,0,1
AT010934,W122,14-07-2026,1,12,0
AT010935,W122,15-07-2026,1,7,0
AT010936,W122,16-07-2026,1,13,0
AT010937,W122,17-07-2026,1,8,0
AT010938,W122,18-07-2026,1,3,0
AT010939,W122,19-07-2026,0,0,0
AT010940,W122,20-07-2026,1,7,0
AT010941,W122,21-07-2026,1,8,0
AT010942,W122,22-07-2026,1,17,0
AT010943,W122,23-07-2026,1,1,0
AT010944,W122,24-07-2026,1,11,0
AT010945,W122,25-07-2026,1,8,0
AT010946,W122,26-07-2026,0,0,0
AT010947,W122,27-07-2026,1,10,0
AT010948,W122,28-07-2026,1,6,0
AT010949,W122,29-07-2026,1,4,0
AT010950,W122,30-07-2026,1,0,0
AT010951,W122,31-07-2026,1,15,0
AT010952,W122,01-08-2026,1,0,0
AT010953,W122,02-08-2026,0,0,0
AT010954,W122,03-08-2026,1,6,0
AT010955,W122,04-08-2026,1,6,0
AT010956,W122,05-08-2026,1,9,0
AT010957,W122,06-08-2026,1,0,0
AT010958,W122,07-08-2026,1,0,0
AT010959,W122,08-08-2026,1,3,0
AT010960,W122,09-08-2026,1,19,0
AT010961,W122,10-08-2026,1,0,0
AT010962,W122,11-08-2026,1,5,0
AT010963,W122,12-08-2026,1,4,0
AT010964,W122,13-08-2026,1,8,0
AT010965,W122,14-08-2026,1,6,0
AT010966,W122,15-08-2026,1,5,0
AT010967,W122,16-08-2026,0,0,0
AT010968,W122,17-08-2026,1,7,0
AT010969,W122,18-08-2026,1,0,0
AT010970,W122,19-08-2026,1,10,0
AT010971,W122,20-08-2026,1,4,0
AT010972,W122,21-08-2026,1,5,0
AT010973,W122,22-08-2026,1,3,0
AT010974,W122,23-08-2026,0,0,0
AT010975,W122,24-08-2026,1,2,0
AT010976,W122,25-08-2026,1,8,0
AT010977,W122,26-08-2026,1,5,0
AT010978,W122,27-08-2026,1,5,0
AT010979,W122,28-08-2026,1,5,0
AT010980,W122,29-08-2026,1,0,0
AT010981,W123,01-06-2026,1,5,0
AT010982,W123,02-06-2026,0,0,1
AT010983,W123,03-06-2026,1,3,0
AT010984,W123,04-06-2026,1,7,0
AT010985,W123,05-06-2026,1,0,0
AT010986,W123,06-06-2026,1,2,0
AT010987,W123,07-06-2026,0,0,0
AT010988,W123,08-06-2026,1,0,0
AT010989,W123,09-06-2026,1,0,0
AT010990,W123,10-06-2026,1,9,0
AT010991,W123,11-06-2026,1,10,0
AT010992,W123,12-06-2026,1,0,0
AT010993,W123,13-06-2026,1,0,0
AT010994,W123,14-06-2026,0,0,0
AT010995,W123,15-06-2026,1,1,0
AT010996,W123,16-06-2026,1,1,0
AT010997,W123,17-06-2026,1,0,0
AT010998,W123,18-06-2026,1,0,0
AT010999,W123,19-06-2026,1,15,0
AT011000,W123,20-06-2026,1,13,0
AT011001,W123,21-06-2026,0,0,0
AT011002,W123,22-06-2026,0,0,1
AT011003,W123,23-06-2026,1,0,0
AT011004,W123,24-06-2026,1,0,0
AT011005,W123,25-06-2026,1,7,0
AT011006,W123,26-06-2026,1,0,0
AT011007,W123,27-06-2026,1,3,0
AT011008,W123,28-06-2026,0,0,0
AT011009,W123,29-06-2026,1,5,0
AT011010,W123,30-06-2026,1,0,0
AT011011,W123,01-07-2026,1,8,0
AT011012,W123,02-07-2026,1,6,0
AT011013,W123,03-07-2026,1,1,0
AT011014,W123,04-07-2026,1,0,0
AT011015,W123,05-07-2026,0,0,0
AT011016,W123,06-07-2026,1,1,0
AT011017,W123,07-07-2026,1,8,0
AT011018,W123,08-07-2026,1,0,0
AT011019,W123,09-07-2026,1,4,0
AT011020,W123,10-07-2026,1,8,0
AT011021,W123,11-07-2026,1,1,0
AT011022,W123,12-07-2026,0,0,0
AT011023,W123,13-07-2026,1,10,0
AT011024,W123,14-07-2026,1,6,0
AT011025,W123,15-07-2026,1,0,0
AT011026,W123,16-07-2026,1,10,0
AT011027,W123,17-07-2026,1,9,0
AT011028,W123,18-07-2026,1,0,0
AT011029,W123,19-07-2026,0,0,0
AT011030,W123,20-07-2026,1,7,0
AT011031,W123,21-07-2026,1,6,0
AT011032,W123,22-07-2026,1,0,0
AT011033,W123,23-07-2026,1,3,0
AT011034,W123,24-07-2026,1,12,0
AT011035,W123,25-07-2026,1,0,0
AT011036,W123,26-07-2026,0,0,0
AT011037,W123,27-07-2026,1,5,0
AT011038,W123,28-07-2026,1,0,0
AT011039,W123,29-07-2026,1,8,0
AT011040,W123,30-07-2026,1,5,0
AT011041,W123,31-07-2026,1,7,0
AT011042,W123,01-08-2026,1,0,0
AT011043,W123,02-08-2026,0,0,0
AT011044,W123,03-08-2026,1,5,0
AT011045,W123,04-08-2026,1,0,0
AT011046,W123,05-08-2026,1,0,0
AT011047,W123,06-08-2026,1,2,0
AT011048,W123,07-08-2026,1,6,0
AT011049,W123,08-08-2026,1,4,0
AT011050,W123,09-08-2026,0,0,0
AT011051,W123,10-08-2026,1,6,0
AT011052,W123,11-08-2026,1,0,0
AT011053,W123,12-08-2026,1,2,0
AT011054,W123,13-08-2026,1,4,0
AT011055,W123,14-08-2026,1,4,0
AT011056,W123,15-08-2026,1,5,0
AT011057,W123,16-08-2026,0,0,0
AT011058,W123,17-08-2026,1,6,0
AT011059,W123,18-08-2026,1,2,0
AT011060,W123,19-08-2026,1,1,0
AT011061,W123,20-08-2026,0,0,1
AT011062,W123,21-08-2026,1,7,0
AT011063,W123,22-08-2026,1,3,0
AT011064,W123,23-08-2026,0,0,0
AT011065,W123,24-08-2026,1,7,0
AT011066,W123,25-08-2026,1,3,0
AT011067,W123,26-08-2026,1,2,0
AT011068,W123,27-08-2026,1,12,0
AT011069,W123,28-08-2026,1,0,0
AT011070,W123,29-08-2026,1,1,0
AT011071,W124,01-06-2026,1,3,0
AT011072,W124,02-06-2026,1,3,0
AT011073,W124,03-06-2026,1,5,0
AT011074,W124,04-06-2026,1,0,0
AT011075,W124,05-06-2026,1,0,0
AT011076,W124,06-06-2026,1,0,0
AT011077,W124,07-06-2026,0,0,0
AT011078,W124,08-06-2026,1,2,0
AT011079,W124,09-06-2026,1,6,0
AT011080,W124,10-06-2026,1,0,0
AT011081,W124,11-06-2026,1,0,0
AT011082,W124,12-06-2026,1,0,0
AT011083,W124,13-06-2026,1,3,0
AT011084,W124,14-06-2026,0,0,0
AT011085,W124,15-06-2026,1,2,0
AT011086,W124,16-06-2026,1,5,0
AT011087,W124,17-06-2026,1,0,0
AT011088,W124,18-06-2026,1,0,0
AT011089,W124,19-06-2026,1,5,0
AT011090,W124,20-06-2026,1,5,0
AT011091,W124,21-06-2026,0,0,0
AT011092,W124,22-06-2026,1,2,0
AT011093,W124,23-06-2026,1,7,0
AT011094,W124,24-06-2026,1,3,0
AT011095,W124,25-06-2026,1,2,0
AT011096,W124,26-06-2026,1,0,0
AT011097,W124,27-06-2026,1,1,0
AT011098,W124,28-06-2026,0,0,0
AT011099,W124,29-06-2026,1,4,0
AT011100,W124,30-06-2026,1,2,0
AT011101,W124,01-07-2026,1,2,0
AT011102,W124,02-07-2026,1,1,0
AT011103,W124,03-07-2026,1,4,0
AT011104,W124,04-07-2026,1,3,0
AT011105,W124,05-07-2026,0,0,0
AT011106,W124,06-07-2026,1,4,0
AT011107,W124,07-07-2026,1,7,0
AT011108,W124,08-07-2026,1,8,0
AT011109,W124,09-07-2026,1,0,0
AT011110,W124,10-07-2026,1,10,0
AT011111,W124,11-07-2026,1,1,0
AT011112,W124,12-07-2026,0,0,0
AT011113,W124,13-07-2026,1,0,0
AT011114,W124,14-07-2026,1,5,0
AT011115,W124,15-07-2026,1,0,0
AT011116,W124,16-07-2026,1,3,0
AT011117,W124,17-07-2026,1,6,0
AT011118,W124,18-07-2026,1,0,0
AT011119,W124,19-07-2026,0,0,0
AT011120,W124,20-07-2026,1,0,0
AT011121,W124,21-07-2026,1,6,0
AT011122,W124,22-07-2026,1,3,0
AT011123,W124,23-07-2026,1,3,0
AT011124,W124,24-07-2026,1,5,0
AT011125,W124,25-07-2026,1,7,0
AT011126,W124,26-07-2026,0,0,0
AT011127,W124,27-07-2026,1,9,0
AT011128,W124,28-07-2026,1,0,0
AT011129,W124,29-07-2026,1,0,0
AT011130,W124,30-07-2026,1,8,0
AT011131,W124,31-07-2026,1,2,0
AT011132,W124,01-08-2026,1,0,0
AT011133,W124,02-08-2026,0,0,0
AT011134,W124,03-08-2026,0,0,1
AT011135,W124,04-08-2026,1,4,0
AT011136,W124,05-08-2026,1,0,0
AT011137,W124,06-08-2026,1,0,0
AT011138,W124,07-08-2026,1,0,0
AT011139,W124,08-08-2026,1,6,0
AT011140,W124,09-08-2026,0,0,0
AT011141,W124,10-08-2026,1,0,0
AT011142,W124,11-08-2026,1,0,0
AT011143,W124,12-08-2026,1,0,0
AT011144,W124,13-08-2026,1,1,0
AT011145,W124,14-08-2026,1,12,0
AT011146,W124,15-08-2026,1,7,0
AT011147,W124,16-08-2026,0,0,0
AT011148,W124,17-08-2026,1,3,0
AT011149,W124,18-08-2026,1,3,0
AT011150,W124,19-08-2026,1,0,0
AT011151,W124,20-08-2026,1,1,0
AT011152,W124,21-08-2026,1,0,0
AT011153,W124,22-08-2026,1,2,0
AT011154,W124,23-08-2026,0,0,0
AT011155,W124,24-08-2026,1,4,0
AT011156,W124,25-08-2026,1,4,0
AT011157,W124,26-08-2026,1,0,0
AT011158,W124,27-08-2026,1,0,0
AT011159,W124,28-08-2026,1,1,0
AT011160,W124,29-08-2026,1,0,0
AT011161,W125,01-06-2026,1,17,0
AT011162,W125,02-06-2026,1,0,0
AT011163,W125,03-06-2026,1,2,0
AT011164,W125,04-06-2026,1,8,0
AT011165,W125,05-06-2026,1,3,0
AT011166,W125,06-06-2026,1,4,0
AT011167,W125,07-06-2026,0,0,0
AT011168,W125,08-06-2026,1,0,0
AT011169,W125,09-06-2026,1,5,0
AT011170,W125,10-06-2026,1,3,0
AT011171,W125,11-06-2026,1,4,0
AT011172,W125,12-06-2026,1,0,0
AT011173,W125,13-06-2026,1,16,0
AT011174,W125,14-06-2026,0,0,0
AT011175,W125,15-06-2026,1,5,0
AT011176,W125,16-06-2026,1,0,0
AT011177,W125,17-06-2026,1,0,0
AT011178,W125,18-06-2026,1,4,0
AT011179,W125,19-06-2026,1,0,0
AT011180,W125,20-06-2026,1,4,0
AT011181,W125,21-06-2026,0,0,0
AT011182,W125,22-06-2026,1,7,0
AT011183,W125,23-06-2026,0,0,1
AT011184,W125,24-06-2026,1,13,0
AT011185,W125,25-06-2026,1,6,0
AT011186,W125,26-06-2026,1,6,0
AT011187,W125,27-06-2026,0,0,1
AT011188,W125,28-06-2026,0,0,0
AT011189,W125,29-06-2026,1,11,0
AT011190,W125,30-06-2026,1,1,0
AT011191,W125,01-07-2026,1,0,0
AT011192,W125,02-07-2026,1,1,0
AT011193,W125,03-07-2026,1,11,0
AT011194,W125,04-07-2026,1,6,0
AT011195,W125,05-07-2026,0,0,0
AT011196,W125,06-07-2026,1,1,0
AT011197,W125,07-07-2026,1,4,0
AT011198,W125,08-07-2026,1,4,0
AT011199,W125,09-07-2026,1,6,0
AT011200,W125,10-07-2026,1,0,0
AT011201,W125,11-07-2026,1,2,0
AT011202,W125,12-07-2026,0,0,0
AT011203,W125,13-07-2026,1,0,0
AT011204,W125,14-07-2026,1,2,0
AT011205,W125,15-07-2026,1,4,0
AT011206,W125,16-07-2026,1,2,0
AT011207,W125,17-07-2026,1,11,0
AT011208,W125,18-07-2026,1,4,0
AT011209,W125,19-07-2026,1,10,0
AT011210,W125,20-07-2026,1,0,0
AT011211,W125,21-07-2026,1,0,0
AT011212,W125,22-07-2026,1,6,0
AT011213,W125,23-07-2026,1,0,0
AT011214,W125,24-07-2026,1,0,0
AT011215,W125,25-07-2026,1,15,0
AT011216,W125,26-07-2026,0,0,0
AT011217,W125,27-07-2026,1,0,0
AT011218,W125,28-07-2026,1,4,0
AT011219,W125,29-07-2026,1,3,0
AT011220,W125,30-07-2026,1,0,0
AT011221,W125,31-07-2026,1,2,0
AT011222,W125,01-08-2026,1,3,0
AT011223,W125,02-08-2026,0,0,0
AT011224,W125,03-08-2026,1,0,0
AT011225,W125,04-08-2026,1,0,0
AT011226,W125,05-08-2026,1,8,0
AT011227,W125,06-08-2026,1,0,0
AT011228,W125,07-08-2026,1,0,0
AT011229,W125,08-08-2026,1,5,0
AT011230,W125,09-08-2026,0,0,0
AT011231,W125,10-08-2026,1,6,0
AT011232,W125,11-08-2026,1,8,0
AT011233,W125,12-08-2026,1,4,0
AT011234,W125,13-08-2026,1,6,0
AT011235,W125,14-08-2026,1,2,0
AT011236,W125,15-08-2026,1,5,0
AT011237,W125,16-08-2026,1,0,0
AT011238,W125,17-08-2026,1,11,0
AT011239,W125,18-08-2026,1,13,0
AT011240,W125,19-08-2026,1,12,0
AT011241,W125,20-08-2026,1,0,0
AT011242,W125,21-08-2026,1,14,0
AT011243,W125,22-08-2026,1,4,0
AT011244,W125,23-08-2026,0,0,0
AT011245,W125,24-08-2026,1,0,0
AT011246,W125,25-08-2026,1,2,0
AT011247,W125,26-08-2026,1,7,0
AT011248,W125,27-08-2026,1,5,0
AT011249,W125,28-08-2026,1,4,0
AT011250,W125,29-08-2026,1,3,0
AT011251,W126,01-06-2026,1,3,0
AT011252,W126,02-06-2026,1,3,0
AT011253,W126,03-06-2026,1,0,0
AT011254,W126,04-06-2026,1,7,0
AT011255,W126,05-06-2026,1,8,0
AT011256,W126,06-06-2026,1,4,0
AT011257,W126,07-06-2026,1,8,0
AT011258,W126,08-06-2026,1,0,0
AT011259,W126,09-06-2026,1,0,0
AT011260,W126,10-06-2026,1,5,0
AT011261,W126,11-06-2026,0,0,1
AT011262,W126,12-06-2026,1,4,0
AT011263,W126,13-06-2026,1,9,0
AT011264,W126,14-06-2026,0,0,0
AT011265,W126,15-06-2026,1,8,0
AT011266,W126,16-06-2026,1,2,0
AT011267,W126,17-06-2026,1,5,0
AT011268,W126,18-06-2026,1,3,0
AT011269,W126,19-06-2026,0,0,1
AT011270,W126,20-06-2026,1,0,0
AT011271,W126,21-06-2026,0,0,0
AT011272,W126,22-06-2026,1,9,0
AT011273,W126,23-06-2026,1,6,0
AT011274,W126,24-06-2026,1,0,0
AT011275,W126,25-06-2026,1,11,0
AT011276,W126,26-06-2026,1,2,0
AT011277,W126,27-06-2026,1,16,0
AT011278,W126,28-06-2026,0,0,0
AT011279,W126,29-06-2026,1,4,0
AT011280,W126,30-06-2026,1,6,0
AT011281,W126,01-07-2026,1,4,0
AT011282,W126,02-07-2026,1,1,0
AT011283,W126,03-07-2026,1,8,0
AT011284,W126,04-07-2026,1,3,0
AT011285,W126,05-07-2026,0,0,0
AT011286,W126,06-07-2026,1,6,0
AT011287,W126,07-07-2026,1,0,0
AT011288,W126,08-07-2026,1,8,0
AT011289,W126,09-07-2026,1,4,0
AT011290,W126,10-07-2026,1,0,0
AT011291,W126,11-07-2026,1,9,0
AT011292,W126,12-07-2026,1,4,0
AT011293,W126,13-07-2026,1,0,0
AT011294,W126,14-07-2026,1,8,0
AT011295,W126,15-07-2026,1,7,0
AT011296,W126,16-07-2026,1,1,0
AT011297,W126,17-07-2026,1,11,0
AT011298,W126,18-07-2026,1,0,0
AT011299,W126,19-07-2026,0,0,0
AT011300,W126,20-07-2026,1,10,0
AT011301,W126,21-07-2026,1,12,0
AT011302,W126,22-07-2026,1,6,0
AT011303,W126,23-07-2026,1,7,0
AT011304,W126,24-07-2026,1,2,0
AT011305,W126,25-07-2026,1,8,0
AT011306,W126,26-07-2026,0,0,0
AT011307,W126,27-07-2026,1,4,0
AT011308,W126,28-07-2026,1,4,0
AT011309,W126,29-07-2026,1,7,0
AT011310,W126,30-07-2026,1,5,0
AT011311,W126,31-07-2026,1,12,0
AT011312,W126,01-08-2026,1,1,0
AT011313,W126,02-08-2026,1,7,0
AT011314,W126,03-08-2026,1,0,0
AT011315,W126,04-08-2026,1,2,0
AT011316,W126,05-08-2026,1,6,0
AT011317,W126,06-08-2026,1,11,0
AT011318,W126,07-08-2026,1,5,0
AT011319,W126,08-08-2026,1,0,0
AT011320,W126,09-08-2026,0,0,0
AT011321,W126,10-08-2026,1,5,0
AT011322,W126,11-08-2026,1,8,0
AT011323,W126,12-08-2026,1,3,0
AT011324,W126,13-08-2026,1,10,0
AT011325,W126,14-08-2026,1,8,0
AT011326,W126,15-08-2026,1,8,0
AT011327,W126,16-08-2026,0,0,0
AT011328,W126,17-08-2026,0,0,1
AT011329,W126,18-08-2026,1,0,0
AT011330,W126,19-08-2026,1,7,0
AT011331,W126,20-08-2026,1,5,0
AT011332,W126,21-08-2026,1,1,0
AT011333,W126,22-08-2026,1,4,0
AT011334,W126,23-08-2026,1,6,0
AT011335,W126,24-08-2026,1,2,0
AT011336,W126,25-08-2026,1,7,0
AT011337,W126,26-08-2026,1,0,0
AT011338,W126,27-08-2026,1,6,0
AT011339,W126,28-08-2026,1,9,0
AT011340,W126,29-08-2026,1,13,0
AT011341,W127,01-06-2026,1,11,0
AT011342,W127,02-06-2026,1,10,0
AT011343,W127,03-06-2026,1,7,0
AT011344,W127,04-06-2026,1,4,0
AT011345,W127,05-06-2026,1,5,0
AT011346,W127,06-06-2026,1,0,0
AT011347,W127,07-06-2026,0,0,0
AT011348,W127,08-06-2026,1,16,0
AT011349,W127,09-06-2026,1,4,0
AT011350,W127,10-06-2026,1,0,0
AT011351,W127,11-06-2026,1,3,0
AT011352,W127,12-06-2026,1,6,0
AT011353,W127,13-06-2026,1,10,0
AT011354,W127,14-06-2026,0,0,0
AT011355,W127,15-06-2026,1,0,0
AT011356,W127,16-06-2026,1,0,0
AT011357,W127,17-06-2026,1,7,0
AT011358,W127,18-06-2026,1,0,0
AT011359,W127,19-06-2026,1,10,0
AT011360,W127,20-06-2026,1,0,0
AT011361,W127,21-06-2026,0,0,0
AT011362,W127,22-06-2026,1,11,0
AT011363,W127,23-06-2026,1,4,0
AT011364,W127,24-06-2026,0,0,1
AT011365,W127,25-06-2026,1,6,0
AT011366,W127,26-06-2026,1,5,0
AT011367,W127,27-06-2026,1,7,0
AT011368,W127,28-06-2026,0,0,0
AT011369,W127,29-06-2026,1,0,0
AT011370,W127,30-06-2026,1,5,0
AT011371,W127,01-07-2026,1,0,0
AT011372,W127,02-07-2026,1,1,0
AT011373,W127,03-07-2026,1,0,0
AT011374,W127,04-07-2026,1,14,0
AT011375,W127,05-07-2026,0,0,0
AT011376,W127,06-07-2026,1,12,0
AT011377,W127,07-07-2026,1,3,0
AT011378,W127,08-07-2026,1,9,0
AT011379,W127,09-07-2026,1,2,0
AT011380,W127,10-07-2026,1,5,0
AT011381,W127,11-07-2026,1,0,0
AT011382,W127,12-07-2026,0,0,0
AT011383,W127,13-07-2026,1,9,0
AT011384,W127,14-07-2026,1,9,0
AT011385,W127,15-07-2026,1,3,0
AT011386,W127,16-07-2026,1,0,0
AT011387,W127,17-07-2026,1,9,0
AT011388,W127,18-07-2026,1,2,0
AT011389,W127,19-07-2026,0,0,0
AT011390,W127,20-07-2026,1,2,0
AT011391,W127,21-07-2026,1,7,0
AT011392,W127,22-07-2026,1,5,0
AT011393,W127,23-07-2026,1,3,0
AT011394,W127,24-07-2026,1,0,0
AT011395,W127,25-07-2026,1,5,0
AT011396,W127,26-07-2026,0,0,0
AT011397,W127,27-07-2026,1,8,0
AT011398,W127,28-07-2026,1,3,0
AT011399,W127,29-07-2026,1,11,0
AT011400,W127,30-07-2026,1,5,0
AT011401,W127,31-07-2026,1,4,0
AT011402,W127,01-08-2026,1,10,0
AT011403,W127,02-08-2026,0,0,0
AT011404,W127,03-08-2026,1,6,0
AT011405,W127,04-08-2026,1,11,0
AT011406,W127,05-08-2026,1,4,0
AT011407,W127,06-08-2026,1,2,0
AT011408,W127,07-08-2026,0,0,1
AT011409,W127,08-08-2026,1,0,0
AT011410,W127,09-08-2026,0,0,0
AT011411,W127,10-08-2026,1,8,0
AT011412,W127,11-08-2026,1,6,0
AT011413,W127,12-08-2026,1,4,0
AT011414,W127,13-08-2026,1,0,0
AT011415,W127,14-08-2026,1,0,0
AT011416,W127,15-08-2026,1,19,0
AT011417,W127,16-08-2026,1,6,0
AT011418,W127,17-08-2026,1,1,0
AT011419,W127,18-08-2026,1,2,0
AT011420,W127,19-08-2026,0,0,1
AT011421,W127,20-08-2026,1,12,0
AT011422,W127,21-08-2026,1,8,0
AT011423,W127,22-08-2026,1,5,0
AT011424,W127,23-08-2026,0,0,0
AT011425,W127,24-08-2026,1,5,0
AT011426,W127,25-08-2026,1,0,0
AT011427,W127,26-08-2026,1,11,0
AT011428,W127,27-08-2026,1,13,0
AT011429,W127,28-08-2026,1,11,0
AT011430,W127,29-08-2026,1,2,0
AT011431,W128,01-06-2026,1,3,0
AT011432,W128,02-06-2026,1,4,0
AT011433,W128,03-06-2026,1,0,0
AT011434,W128,04-06-2026,1,8,0
AT011435,W128,05-06-2026,1,16,0
AT011436,W128,06-06-2026,1,12,0
AT011437,W128,07-06-2026,0,0,0
AT011438,W128,08-06-2026,1,2,0
AT011439,W128,09-06-2026,1,3,0
AT011440,W128,10-06-2026,1,3,0
AT011441,W128,11-06-2026,1,0,0
AT011442,W128,12-06-2026,1,15,0
AT011443,W128,13-06-2026,1,4,0
AT011444,W128,14-06-2026,0,0,0
AT011445,W128,15-06-2026,1,4,0
AT011446,W128,16-06-2026,1,8,0
AT011447,W128,17-06-2026,1,6,0
AT011448,W128,18-06-2026,1,1,0
AT011449,W128,19-06-2026,1,4,0
AT011450,W128,20-06-2026,1,0,0
AT011451,W128,21-06-2026,0,0,0
AT011452,W128,22-06-2026,1,4,0
AT011453,W128,23-06-2026,1,3,0
AT011454,W128,24-06-2026,1,17,0
AT011455,W128,25-06-2026,1,4,0
AT011456,W128,26-06-2026,1,1,0
AT011457,W128,27-06-2026,1,8,0
AT011458,W128,28-06-2026,1,10,0
AT011459,W128,29-06-2026,1,0,0
AT011460,W128,30-06-2026,1,2,0
AT011461,W128,01-07-2026,1,6,0
AT011462,W128,02-07-2026,1,6,0
AT011463,W128,03-07-2026,1,12,0
AT011464,W128,04-07-2026,1,10,0
AT011465,W128,05-07-2026,0,0,0
AT011466,W128,06-07-2026,1,4,0
AT011467,W128,07-07-2026,1,2,0
AT011468,W128,08-07-2026,1,0,0
AT011469,W128,09-07-2026,1,3,0
AT011470,W128,10-07-2026,1,8,0
AT011471,W128,11-07-2026,1,2,0
AT011472,W128,12-07-2026,0,0,0
AT011473,W128,13-07-2026,1,3,0
AT011474,W128,14-07-2026,1,4,0
AT011475,W128,15-07-2026,1,2,0
AT011476,W128,16-07-2026,1,3,0
AT011477,W128,17-07-2026,1,9,0
AT011478,W128,18-07-2026,1,0,0
AT011479,W128,19-07-2026,0,0,0
AT011480,W128,20-07-2026,1,5,0
AT011481,W128,21-07-2026,1,6,0
AT011482,W128,22-07-2026,1,1,0
AT011483,W128,23-07-2026,1,0,0
AT011484,W128,24-07-2026,1,5,0
AT011485,W128,25-07-2026,1,5,0
AT011486,W128,26-07-2026,0,0,0
AT011487,W128,27-07-2026,1,12,0
AT011488,W128,28-07-2026,0,0,1
AT011489,W128,29-07-2026,1,0,0
AT011490,W128,30-07-2026,1,7,0
AT011491,W128,31-07-2026,1,3,0
AT011492,W128,01-08-2026,1,5,0
AT011493,W128,02-08-2026,0,0,0
AT011494,W128,03-08-2026,0,0,1
AT011495,W128,04-08-2026,1,17,0
AT011496,W128,05-08-2026,1,3,0
AT011497,W128,06-08-2026,1,14,0
AT011498,W128,07-08-2026,1,2,0
AT011499,W128,08-08-2026,1,0,0
AT011500,W128,09-08-2026,0,0,0
AT011501,W128,10-08-2026,1,6,0
AT011502,W128,11-08-2026,1,9,0
AT011503,W128,12-08-2026,1,14,0
AT011504,W128,13-08-2026,1,2,0
AT011505,W128,14-08-2026,1,12,0
AT011506,W128,15-08-2026,1,11,0
AT011507,W128,16-08-2026,0,0,0
AT011508,W128,17-08-2026,1,11,0
AT011509,W128,18-08-2026,1,4,0
AT011510,W128,19-08-2026,1,0,0
AT011511,W128,20-08-2026,0,0,1
AT011512,W128,21-08-2026,1,1,0
AT011513,W128,22-08-2026,1,6,0
AT011514,W128,23-08-2026,0,0,0
AT011515,W128,24-08-2026,0,0,1
AT011516,W128,25-08-2026,1,3,0
AT011517,W128,26-08-2026,1,1,0
AT011518,W128,27-08-2026,1,9,0
AT011519,W128,28-08-2026,1,11,0
AT011520,W128,29-08-2026,1,6,0
AT011521,W129,01-06-2026,1,6,0
AT011522,W129,02-06-2026,1,13,0
AT011523,W129,03-06-2026,1,0,0
AT011524,W129,04-06-2026,1,6,0
AT011525,W129,05-06-2026,1,11,0
AT011526,W129,06-06-2026,1,6,0
AT011527,W129,07-06-2026,0,0,0
AT011528,W129,08-06-2026,1,1,0
AT011529,W129,09-06-2026,1,0,0
AT011530,W129,10-06-2026,1,0,0
AT011531,W129,11-06-2026,1,0,0
AT011532,W129,12-06-2026,1,10,0
AT011533,W129,13-06-2026,1,8,0
AT011534,W129,14-06-2026,0,0,0
AT011535,W129,15-06-2026,1,7,0
AT011536,W129,16-06-2026,1,11,0
AT011537,W129,17-06-2026,1,10,0
AT011538,W129,18-06-2026,1,7,0
AT011539,W129,19-06-2026,1,2,0
AT011540,W129,20-06-2026,1,17,0
AT011541,W129,21-06-2026,0,0,0
AT011542,W129,22-06-2026,1,0,0
AT011543,W129,23-06-2026,1,8,0
AT011544,W129,24-06-2026,1,0,0
AT011545,W129,25-06-2026,1,0,0
AT011546,W129,26-06-2026,0,0,1
AT011547,W129,27-06-2026,1,7,0
AT011548,W129,28-06-2026,0,0,0
AT011549,W129,29-06-2026,1,16,0
AT011550,W129,30-06-2026,1,2,0
AT011551,W129,01-07-2026,1,0,0
AT011552,W129,02-07-2026,1,1,0
AT011553,W129,03-07-2026,1,3,0
AT011554,W129,04-07-2026,1,2,0
AT011555,W129,05-07-2026,0,0,0
AT011556,W129,06-07-2026,1,6,0
AT011557,W129,07-07-2026,1,3,0
AT011558,W129,08-07-2026,1,9,0
AT011559,W129,09-07-2026,1,15,0
AT011560,W129,10-07-2026,1,4,0
AT011561,W129,11-07-2026,1,10,0
AT011562,W129,12-07-2026,0,0,0
AT011563,W129,13-07-2026,1,1,0
AT011564,W129,14-07-2026,1,16,0
AT011565,W129,15-07-2026,1,0,0
AT011566,W129,16-07-2026,1,4,0
AT011567,W129,17-07-2026,1,7,0
AT011568,W129,18-07-2026,0,0,1
AT011569,W129,19-07-2026,1,11,0
AT011570,W129,20-07-2026,1,8,0
AT011571,W129,21-07-2026,1,8,0
AT011572,W129,22-07-2026,1,3,0
AT011573,W129,23-07-2026,1,2,0
AT011574,W129,24-07-2026,1,5,0
AT011575,W129,25-07-2026,1,15,0
AT011576,W129,26-07-2026,1,0,0
AT011577,W129,27-07-2026,1,4,0
AT011578,W129,28-07-2026,1,5,0
AT011579,W129,29-07-2026,1,2,0
AT011580,W129,30-07-2026,1,0,0
AT011581,W129,31-07-2026,0,0,1
AT011582,W129,01-08-2026,1,8,0
AT011583,W129,02-08-2026,0,0,0
AT011584,W129,03-08-2026,1,5,0
AT011585,W129,04-08-2026,1,6,0
AT011586,W129,05-08-2026,1,9,0
AT011587,W129,06-08-2026,1,7,0
AT011588,W129,07-08-2026,1,1,0
AT011589,W129,08-08-2026,1,14,0
AT011590,W129,09-08-2026,0,0,0
AT011591,W129,10-08-2026,1,11,0
AT011592,W129,11-08-2026,1,13,0
AT011593,W129,12-08-2026,0,0,1
AT011594,W129,13-08-2026,1,1,0
AT011595,W129,14-08-2026,1,4,0
AT011596,W129,15-08-2026,1,5,0
AT011597,W129,16-08-2026,0,0,0
AT011598,W129,17-08-2026,1,5,0
AT011599,W129,18-08-2026,1,4,0
AT011600,W129,19-08-2026,1,9,0
AT011601,W129,20-08-2026,1,3,0
AT011602,W129,21-08-2026,1,0,0
AT011603,W129,22-08-2026,1,9,0
AT011604,W129,23-08-2026,0,0,0
AT011605,W129,24-08-2026,1,7,0
AT011606,W129,25-08-2026,1,9,0
AT011607,W129,26-08-2026,1,6,0
AT011608,W129,27-08-2026,1,2,0
AT011609,W129,28-08-2026,1,0,0
AT011610,W129,29-08-2026,0,0,1
AT011611,W130,01-06-2026,1,6,0
AT011612,W130,02-06-2026,1,0,0
AT011613,W130,03-06-2026,1,14,0
AT011614,W130,04-06-2026,1,3,0
AT011615,W130,05-06-2026,1,0,0
AT011616,W130,06-06-2026,1,11,0
AT011617,W130,07-06-2026,0,0,0
AT011618,W130,08-06-2026,1,0,0
AT011619,W130,09-06-2026,0,0,1
AT011620,W130,10-06-2026,1,2,0
AT011621,W130,11-06-2026,1,0,0
AT011622,W130,12-06-2026,1,8,0
AT011623,W130,13-06-2026,1,4,0
AT011624,W130,14-06-2026,0,0,0
AT011625,W130,15-06-2026,1,5,0
AT011626,W130,16-06-2026,1,0,0
AT011627,W130,17-06-2026,1,5,0
AT011628,W130,18-06-2026,1,5,0
AT011629,W130,19-06-2026,1,6,0
AT011630,W130,20-06-2026,1,6,0
AT011631,W130,21-06-2026,0,0,0
AT011632,W130,22-06-2026,1,5,0
AT011633,W130,23-06-2026,0,0,1
AT011634,W130,24-06-2026,1,5,0
AT011635,W130,25-06-2026,1,0,0
AT011636,W130,26-06-2026,0,0,1
AT011637,W130,27-06-2026,1,4,0
AT011638,W130,28-06-2026,0,0,0
AT011639,W130,29-06-2026,1,0,0
AT011640,W130,30-06-2026,1,0,0
AT011641,W130,01-07-2026,1,1,0
AT011642,W130,02-07-2026,1,6,0
AT011643,W130,03-07-2026,1,1,0
AT011644,W130,04-07-2026,1,10,0
AT011645,W130,05-07-2026,0,0,0
AT011646,W130,06-07-2026,1,0,0
AT011647,W130,07-07-2026,1,0,0
AT011648,W130,08-07-2026,0,0,1
AT011649,W130,09-07-2026,1,9,0
AT011650,W130,10-07-2026,1,7,0
AT011651,W130,11-07-2026,1,6,0
AT011652,W130,12-07-2026,0,0,0
AT011653,W130,13-07-2026,1,2,0
AT011654,W130,14-07-2026,1,2,0
AT011655,W130,15-07-2026,1,0,0
AT011656,W130,16-07-2026,1,1,0
AT011657,W130,17-07-2026,1,4,0
AT011658,W130,18-07-2026,1,14,0
AT011659,W130,19-07-2026,0,0,0
AT011660,W130,20-07-2026,1,8,0
AT011661,W130,21-07-2026,1,0,0
AT011662,W130,22-07-2026,1,2,0
AT011663,W130,23-07-2026,1,0,0
AT011664,W130,24-07-2026,1,4,0
AT011665,W130,25-07-2026,1,0,0
AT011666,W130,26-07-2026,0,0,0
AT011667,W130,27-07-2026,1,0,0
AT011668,W130,28-07-2026,1,8,0
AT011669,W130,29-07-2026,1,0,0
AT011670,W130,30-07-2026,1,5,0
AT011671,W130,31-07-2026,1,15,0
AT011672,W130,01-08-2026,1,5,0
AT011673,W130,02-08-2026,0,0,0
AT011674,W130,03-08-2026,1,4,0
AT011675,W130,04-08-2026,1,2,0
AT011676,W130,05-08-2026,1,5,0
AT011677,W130,06-08-2026,1,8,0
AT011678,W130,07-08-2026,1,7,0
AT011679,W130,08-08-2026,0,0,1
AT011680,W130,09-08-2026,0,0,0
AT011681,W130,10-08-2026,1,0,0
AT011682,W130,11-08-2026,1,8,0
AT011683,W130,12-08-2026,0,0,1
AT011684,W130,13-08-2026,1,4,0
AT011685,W130,14-08-2026,1,1,0
AT011686,W130,15-08-2026,1,6,0
AT011687,W130,16-08-2026,0,0,0
AT011688,W130,17-08-2026,1,6,0
AT011689,W130,18-08-2026,0,0,1
AT011690,W130,19-08-2026,1,5,0
AT011691,W130,20-08-2026,1,4,0
AT011692,W130,21-08-2026,1,0,0
AT011693,W130,22-08-2026,1,8,0
AT011694,W130,23-08-2026,0,0,0
AT011695,W130,24-08-2026,1,4,0
AT011696,W130,25-08-2026,1,13,0
AT011697,W130,26-08-2026,1,12,0
AT011698,W130,27-08-2026,1,6,0
AT011699,W130,28-08-2026,1,0,0
AT011700,W130,29-08-2026,1,8,0
AT011701,W131,01-06-2026,1,3,0
AT011702,W131,02-06-2026,1,1,0
AT011703,W131,03-06-2026,1,9,0
AT011704,W131,04-06-2026,1,0,0
AT011705,W131,05-06-2026,1,0,0
AT011706,W131,06-06-2026,1,0,0
AT011707,W131,07-06-2026,1,3,0
AT011708,W131,08-06-2026,1,8,0
AT011709,W131,09-06-2026,1,5,0
AT011710,W131,10-06-2026,1,7,0
AT011711,W131,11-06-2026,1,5,0
AT011712,W131,12-06-2026,1,6,0
AT011713,W131,13-06-2026,1,0,0
AT011714,W131,14-06-2026,1,5,0
AT011715,W131,15-06-2026,1,3,0
AT011716,W131,16-06-2026,1,2,0
AT011717,W131,17-06-2026,1,10,0
AT011718,W131,18-06-2026,1,5,0
AT011719,W131,19-06-2026,1,5,0
AT011720,W131,20-06-2026,1,3,0
AT011721,W131,21-06-2026,0,0,0
AT011722,W131,22-06-2026,1,9,0
AT011723,W131,23-06-2026,1,1,0
AT011724,W131,24-06-2026,1,3,0
AT011725,W131,25-06-2026,1,7,0
AT011726,W131,26-06-2026,1,2,0
AT011727,W131,27-06-2026,1,0,0
AT011728,W131,28-06-2026,0,0,0
AT011729,W131,29-06-2026,1,0,0
AT011730,W131,30-06-2026,1,4,0
AT011731,W131,01-07-2026,1,9,0
AT011732,W131,02-07-2026,1,0,0
AT011733,W131,03-07-2026,1,4,0
AT011734,W131,04-07-2026,1,0,0
AT011735,W131,05-07-2026,0,0,0
AT011736,W131,06-07-2026,1,0,0
AT011737,W131,07-07-2026,1,0,0
AT011738,W131,08-07-2026,1,7,0
AT011739,W131,09-07-2026,1,2,0
AT011740,W131,10-07-2026,1,5,0
AT011741,W131,11-07-2026,1,0,0
AT011742,W131,12-07-2026,0,0,0
AT011743,W131,13-07-2026,1,0,0
AT011744,W131,14-07-2026,1,8,0
AT011745,W131,15-07-2026,1,19,0
AT011746,W131,16-07-2026,1,4,0
AT011747,W131,17-07-2026,1,16,0
AT011748,W131,18-07-2026,1,5,0
AT011749,W131,19-07-2026,0,0,0
AT011750,W131,20-07-2026,1,11,0
AT011751,W131,21-07-2026,0,0,1
AT011752,W131,22-07-2026,1,13,0
AT011753,W131,23-07-2026,1,0,0
AT011754,W131,24-07-2026,1,0,0
AT011755,W131,25-07-2026,1,0,0
AT011756,W131,26-07-2026,1,2,0
AT011757,W131,27-07-2026,1,4,0
AT011758,W131,28-07-2026,1,8,0
AT011759,W131,29-07-2026,1,12,0
AT011760,W131,30-07-2026,1,0,0
AT011761,W131,31-07-2026,1,2,0
AT011762,W131,01-08-2026,1,0,0
AT011763,W131,02-08-2026,0,0,0
AT011764,W131,03-08-2026,1,0,0
AT011765,W131,04-08-2026,1,6,0
AT011766,W131,05-08-2026,1,0,0
AT011767,W131,06-08-2026,1,0,0
AT011768,W131,07-08-2026,1,7,0
AT011769,W131,08-08-2026,1,7,0
AT011770,W131,09-08-2026,0,0,0
AT011771,W131,10-08-2026,1,5,0
AT011772,W131,11-08-2026,1,9,0
AT011773,W131,12-08-2026,1,4,0
AT011774,W131,13-08-2026,1,1,0
AT011775,W131,14-08-2026,1,0,0
AT011776,W131,15-08-2026,1,0,0
AT011777,W131,16-08-2026,0,0,0
AT011778,W131,17-08-2026,1,6,0
AT011779,W131,18-08-2026,1,0,0
AT011780,W131,19-08-2026,1,12,0
AT011781,W131,20-08-2026,1,7,0
AT011782,W131,21-08-2026,1,8,0
AT011783,W131,22-08-2026,1,7,0
AT011784,W131,23-08-2026,0,0,0
AT011785,W131,24-08-2026,1,7,0
AT011786,W131,25-08-2026,1,0,0
AT011787,W131,26-08-2026,1,8,0
AT011788,W131,27-08-2026,1,0,0
AT011789,W131,28-08-2026,1,5,0
AT011790,W131,29-08-2026,1,8,0
AT011791,W132,01-06-2026,1,9,0
AT011792,W132,02-06-2026,1,0,0
AT011793,W132,03-06-2026,1,9,0
AT011794,W132,04-06-2026,1,1,0
AT011795,W132,05-06-2026,1,3,0
AT011796,W132,06-06-2026,1,7,0
AT011797,W132,07-06-2026,0,0,0
AT011798,W132,08-06-2026,1,6,0
AT011799,W132,09-06-2026,0,0,1
AT011800,W132,10-06-2026,1,13,0
AT011801,W132,11-06-2026,1,5,0
AT011802,W132,12-06-2026,1,4,0
AT011803,W132,13-06-2026,1,0,0
AT011804,W132,14-06-2026,0,0,0
AT011805,W132,15-06-2026,1,4,0
AT011806,W132,16-06-2026,1,2,0
AT011807,W132,17-06-2026,1,0,0
AT011808,W132,18-06-2026,1,4,0
AT011809,W132,19-06-2026,1,0,0
AT011810,W132,20-06-2026,1,0,0
AT011811,W132,21-06-2026,0,0,0
AT011812,W132,22-06-2026,1,1,0
AT011813,W132,23-06-2026,1,3,0
AT011814,W132,24-06-2026,1,0,0
AT011815,W132,25-06-2026,1,4,0
AT011816,W132,26-06-2026,1,0,0
AT011817,W132,27-06-2026,1,0,0
AT011818,W132,28-06-2026,0,0,0
AT011819,W132,29-06-2026,1,5,0
AT011820,W132,30-06-2026,1,2,0
AT011821,W132,01-07-2026,1,0,0
AT011822,W132,02-07-2026,1,13,0
AT011823,W132,03-07-2026,1,4,0
AT011824,W132,04-07-2026,1,0,0
AT011825,W132,05-07-2026,0,0,0
AT011826,W132,06-07-2026,1,0,0
AT011827,W132,07-07-2026,1,3,0
AT011828,W132,08-07-2026,1,4,0
AT011829,W132,09-07-2026,1,0,0
AT011830,W132,10-07-2026,1,5,0
AT011831,W132,11-07-2026,1,3,0
AT011832,W132,12-07-2026,0,0,0
AT011833,W132,13-07-2026,1,5,0
AT011834,W132,14-07-2026,1,5,0
AT011835,W132,15-07-2026,1,4,0
AT011836,W132,16-07-2026,1,2,0
AT011837,W132,17-07-2026,1,10,0
AT011838,W132,18-07-2026,1,6,0
AT011839,W132,19-07-2026,0,0,0
AT011840,W132,20-07-2026,1,2,0
AT011841,W132,21-07-2026,1,8,0
AT011842,W132,22-07-2026,1,0,0
AT011843,W132,23-07-2026,1,0,0
AT011844,W132,24-07-2026,1,0,0
AT011845,W132,25-07-2026,1,1,0
AT011846,W132,26-07-2026,0,0,0
AT011847,W132,27-07-2026,1,4,0
AT011848,W132,28-07-2026,1,5,0
AT011849,W132,29-07-2026,1,0,0
AT011850,W132,30-07-2026,1,17,0
AT011851,W132,31-07-2026,1,7,0
AT011852,W132,01-08-2026,1,0,0
AT011853,W132,02-08-2026,0,0,0
AT011854,W132,03-08-2026,1,10,0
AT011855,W132,04-08-2026,1,1,0
AT011856,W132,05-08-2026,1,0,0
AT011857,W132,06-08-2026,1,0,0
AT011858,W132,07-08-2026,1,14,0
AT011859,W132,08-08-2026,1,3,0
AT011860,W132,09-08-2026,0,0,0
AT011861,W132,10-08-2026,1,6,0
AT011862,W132,11-08-2026,1,4,0
AT011863,W132,12-08-2026,1,1,0
AT011864,W132,13-08-2026,1,12,0
AT011865,W132,14-08-2026,1,5,0
AT011866,W132,15-08-2026,1,0,0
AT011867,W132,16-08-2026,0,0,0
AT011868,W132,17-08-2026,1,1,0
AT011869,W132,18-08-2026,1,0,0
AT011870,W132,19-08-2026,1,0,0
AT011871,W132,20-08-2026,1,8,0
AT011872,W132,21-08-2026,1,7,0
AT011873,W132,22-08-2026,1,3,0
AT011874,W132,23-08-2026,0,0,0
AT011875,W132,24-08-2026,1,6,0
AT011876,W132,25-08-2026,1,5,0
AT011877,W132,26-08-2026,1,7,0
AT011878,W132,27-08-2026,1,0,0
AT011879,W132,28-08-2026,0,0,1
AT011880,W132,29-08-2026,1,6,0
AT011881,W133,01-06-2026,1,5,0
AT011882,W133,02-06-2026,1,0,0
AT011883,W133,03-06-2026,1,7,0
AT011884,W133,04-06-2026,1,0,0
AT011885,W133,05-06-2026,1,2,0
AT011886,W133,06-06-2026,1,7,0
AT011887,W133,07-06-2026,0,0,0
AT011888,W133,08-06-2026,1,4,0
AT011889,W133,09-06-2026,1,0,0
AT011890,W133,10-06-2026,1,0,0
AT011891,W133,11-06-2026,1,0,0
AT011892,W133,12-06-2026,1,1,0
AT011893,W133,13-06-2026,1,5,0
AT011894,W133,14-06-2026,1,0,0
AT011895,W133,15-06-2026,0,0,1
AT011896,W133,16-06-2026,1,3,0
AT011897,W133,17-06-2026,1,0,0
AT011898,W133,18-06-2026,1,2,0
AT011899,W133,19-06-2026,1,0,0
AT011900,W133,20-06-2026,1,3,0
AT011901,W133,21-06-2026,0,0,0
AT011902,W133,22-06-2026,1,3,0
AT011903,W133,23-06-2026,1,7,0
AT011904,W133,24-06-2026,1,0,0
AT011905,W133,25-06-2026,1,2,0
AT011906,W133,26-06-2026,1,5,0
AT011907,W133,27-06-2026,0,0,1
AT011908,W133,28-06-2026,0,0,0
AT011909,W133,29-06-2026,1,5,0
AT011910,W133,30-06-2026,1,2,0
AT011911,W133,01-07-2026,1,3,0
AT011912,W133,02-07-2026,0,0,1
AT011913,W133,03-07-2026,1,5,0
AT011914,W133,04-07-2026,1,0,0
AT011915,W133,05-07-2026,0,0,0
AT011916,W133,06-07-2026,1,6,0
AT011917,W133,07-07-2026,1,9,0
AT011918,W133,08-07-2026,1,11,0
AT011919,W133,09-07-2026,1,0,0
AT011920,W133,10-07-2026,1,5,0
AT011921,W133,11-07-2026,1,9,0
AT011922,W133,12-07-2026,1,0,0
AT011923,W133,13-07-2026,1,10,0
AT011924,W133,14-07-2026,1,3,0
AT011925,W133,15-07-2026,1,0,0
AT011926,W133,16-07-2026,1,0,0
AT011927,W133,17-07-2026,1,0,0
AT011928,W133,18-07-2026,1,4,0
AT011929,W133,19-07-2026,0,0,1
AT011930,W133,20-07-2026,1,9,0
AT011931,W133,21-07-2026,0,0,1
AT011932,W133,22-07-2026,1,0,0
AT011933,W133,23-07-2026,1,7,0
AT011934,W133,24-07-2026,1,8,0
AT011935,W133,25-07-2026,1,0,0
AT011936,W133,26-07-2026,0,0,0
AT011937,W133,27-07-2026,1,0,0
AT011938,W133,28-07-2026,1,9,0
AT011939,W133,29-07-2026,1,0,0
AT011940,W133,30-07-2026,1,3,0
AT011941,W133,31-07-2026,1,0,0
AT011942,W133,01-08-2026,1,0,0
AT011943,W133,02-08-2026,0,0,0
AT011944,W133,03-08-2026,1,4,0
AT011945,W133,04-08-2026,1,0,0
AT011946,W133,05-08-2026,1,5,0
AT011947,W133,06-08-2026,1,8,0
AT011948,W133,07-08-2026,1,4,0
AT011949,W133,08-08-2026,1,0,0
AT011950,W133,09-08-2026,0,0,0
AT011951,W133,10-08-2026,1,12,0
AT011952,W133,11-08-2026,1,2,0
AT011953,W133,12-08-2026,1,0,0
AT011954,W133,13-08-2026,1,0,0
AT011955,W133,14-08-2026,1,5,0
AT011956,W133,15-08-2026,0,0,1
AT011957,W133,16-08-2026,0,0,0
AT011958,W133,17-08-2026,1,0,0
AT011959,W133,18-08-2026,1,1,0
AT011960,W133,19-08-2026,1,0,0
AT011961,W133,20-08-2026,1,0,0
AT011962,W133,21-08-2026,1,3,0
AT011963,W133,22-08-2026,1,1,0
AT011964,W133,23-08-2026,0,0,0
AT011965,W133,24-08-2026,1,2,0
AT011966,W133,25-08-2026,1,7,0
AT011967,W133,26-08-2026,1,0,0
AT011968,W133,27-08-2026,1,3,0
AT011969,W133,28-08-2026,1,0,0
AT011970,W133,29-08-2026,1,11,0
AT011971,W134,01-06-2026,1,0,0
AT011972,W134,02-06-2026,0,0,1
AT011973,W134,03-06-2026,1,8,0
AT011974,W134,04-06-2026,1,5,0
AT011975,W134,05-06-2026,1,3,0
AT011976,W134,06-06-2026,1,12,0
AT011977,W134,07-06-2026,0,0,0
AT011978,W134,08-06-2026,1,10,0
AT011979,W134,09-06-2026,1,4,0
AT011980,W134,10-06-2026,1,8,0
AT011981,W134,11-06-2026,1,1,0
AT011982,W134,12-06-2026,1,0,0
AT011983,W134,13-06-2026,1,8,0
AT011984,W134,14-06-2026,1,0,0
AT011985,W134,15-06-2026,1,2,0
AT011986,W134,16-06-2026,1,0,0
AT011987,W134,17-06-2026,0,0,1
AT011988,W134,18-06-2026,1,8,0
AT011989,W134,19-06-2026,1,1,0
AT011990,W134,20-06-2026,1,0,0
AT011991,W134,21-06-2026,0,0,0
AT011992,W134,22-06-2026,1,3,0
AT011993,W134,23-06-2026,1,0,0
AT011994,W134,24-06-2026,1,1,0
AT011995,W134,25-06-2026,1,10,0
AT011996,W134,26-06-2026,1,1,0
AT011997,W134,27-06-2026,1,0,0
AT011998,W134,28-06-2026,0,0,0
AT011999,W134,29-06-2026,1,3,0
AT012000,W134,30-06-2026,1,0,0
AT012001,W134,01-07-2026,1,0,0
AT012002,W134,02-07-2026,1,8,0
AT012003,W134,03-07-2026,1,6,0
AT012004,W134,04-07-2026,0,0,1
AT012005,W134,05-07-2026,1,3,0
AT012006,W134,06-07-2026,1,2,0
AT012007,W134,07-07-2026,1,0,0
AT012008,W134,08-07-2026,1,0,0
AT012009,W134,09-07-2026,1,1,0
AT012010,W134,10-07-2026,1,0,0
AT012011,W134,11-07-2026,1,4,0
AT012012,W134,12-07-2026,0,0,0
AT012013,W134,13-07-2026,1,0,0
AT012014,W134,14-07-2026,1,9,0
AT012015,W134,15-07-2026,1,4,0
AT012016,W134,16-07-2026,1,3,0
AT012017,W134,17-07-2026,1,4,0
AT012018,W134,18-07-2026,1,3,0
AT012019,W134,19-07-2026,0,0,0
AT012020,W134,20-07-2026,1,0,0
AT012021,W134,21-07-2026,1,0,0
AT012022,W134,22-07-2026,1,2,0
AT012023,W134,23-07-2026,1,13,0
AT012024,W134,24-07-2026,1,9,0
AT012025,W134,25-07-2026,1,10,0
AT012026,W134,26-07-2026,0,0,0
AT012027,W134,27-07-2026,1,5,0
AT012028,W134,28-07-2026,1,0,0
AT012029,W134,29-07-2026,1,1,0
AT012030,W134,30-07-2026,1,11,0
AT012031,W134,31-07-2026,1,0,0
AT012032,W134,01-08-2026,1,4,0
AT012033,W134,02-08-2026,0,0,0
AT012034,W134,03-08-2026,1,1,0
AT012035,W134,04-08-2026,1,0,0
AT012036,W134,05-08-2026,1,7,0
AT012037,W134,06-08-2026,1,4,0
AT012038,W134,07-08-2026,1,7,0
AT012039,W134,08-08-2026,1,3,0
AT012040,W134,09-08-2026,0,0,0
AT012041,W134,10-08-2026,1,2,0
AT012042,W134,11-08-2026,1,11,0
AT012043,W134,12-08-2026,1,5,0
AT012044,W134,13-08-2026,1,1,0
AT012045,W134,14-08-2026,1,3,0
AT012046,W134,15-08-2026,1,5,0
AT012047,W134,16-08-2026,0,0,0
AT012048,W134,17-08-2026,1,8,0
AT012049,W134,18-08-2026,1,6,0
AT012050,W134,19-08-2026,1,0,0
AT012051,W134,20-08-2026,1,8,0
AT012052,W134,21-08-2026,1,8,0
AT012053,W134,22-08-2026,1,0,0
AT012054,W134,23-08-2026,0,0,0
AT012055,W134,24-08-2026,1,4,0
AT012056,W134,25-08-2026,1,0,0
AT012057,W134,26-08-2026,1,0,0
AT012058,W134,27-08-2026,1,8,0
AT012059,W134,28-08-2026,1,6,0
AT012060,W134,29-08-2026,1,0,0
AT012061,W135,01-06-2026,1,10,0
AT012062,W135,02-06-2026,1,0,0
AT012063,W135,03-06-2026,1,0,0
AT012064,W135,04-06-2026,1,2,0
AT012065,W135,05-06-2026,1,4,0
AT012066,W135,06-06-2026,1,6,0
AT012067,W135,07-06-2026,0,0,0
AT012068,W135,08-06-2026,1,0,0
AT012069,W135,09-06-2026,1,0,0
AT012070,W135,10-06-2026,1,14,0
AT012071,W135,11-06-2026,1,0,0
AT012072,W135,12-06-2026,1,3,0
AT012073,W135,13-06-2026,1,0,0
AT012074,W135,14-06-2026,0,0,0
AT012075,W135,15-06-2026,1,6,0
AT012076,W135,16-06-2026,1,0,0
AT012077,W135,17-06-2026,0,0,1
AT012078,W135,18-06-2026,1,0,0
AT012079,W135,19-06-2026,1,2,0
AT012080,W135,20-06-2026,1,0,0
AT012081,W135,21-06-2026,0,0,0
AT012082,W135,22-06-2026,1,0,0
AT012083,W135,23-06-2026,1,0,0
AT012084,W135,24-06-2026,1,1,0
AT012085,W135,25-06-2026,1,5,0
AT012086,W135,26-06-2026,1,3,0
AT012087,W135,27-06-2026,1,10,0
AT012088,W135,28-06-2026,0,0,0
AT012089,W135,29-06-2026,1,13,0
AT012090,W135,30-06-2026,1,0,0
AT012091,W135,01-07-2026,1,9,0
AT012092,W135,02-07-2026,1,0,0
AT012093,W135,03-07-2026,0,0,1
AT012094,W135,04-07-2026,1,9,0
AT012095,W135,05-07-2026,0,0,0
AT012096,W135,06-07-2026,1,8,0
AT012097,W135,07-07-2026,1,4,0
AT012098,W135,08-07-2026,1,0,0
AT012099,W135,09-07-2026,1,7,0
AT012100,W135,10-07-2026,1,0,0
AT012101,W135,11-07-2026,1,10,0
AT012102,W135,12-07-2026,0,0,0
AT012103,W135,13-07-2026,1,0,0
AT012104,W135,14-07-2026,0,0,1
AT012105,W135,15-07-2026,1,0,0
AT012106,W135,16-07-2026,1,0,0
AT012107,W135,17-07-2026,1,8,0
AT012108,W135,18-07-2026,1,12,0
AT012109,W135,19-07-2026,0,0,0
AT012110,W135,20-07-2026,1,4,0
AT012111,W135,21-07-2026,1,0,0
AT012112,W135,22-07-2026,1,0,0
AT012113,W135,23-07-2026,1,1,0
AT012114,W135,24-07-2026,1,5,0
AT012115,W135,25-07-2026,1,0,0
AT012116,W135,26-07-2026,0,0,0
AT012117,W135,27-07-2026,1,0,0
AT012118,W135,28-07-2026,1,11,0
AT012119,W135,29-07-2026,1,0,0
AT012120,W135,30-07-2026,1,11,0
AT012121,W135,31-07-2026,1,4,0
AT012122,W135,01-08-2026,1,8,0
AT012123,W135,02-08-2026,0,0,0
AT012124,W135,03-08-2026,1,7,0
AT012125,W135,04-08-2026,1,5,0
AT012126,W135,05-08-2026,1,1,0
AT012127,W135,06-08-2026,0,0,1
AT012128,W135,07-08-2026,1,6,0
AT012129,W135,08-08-2026,1,8,0
AT012130,W135,09-08-2026,0,0,0
AT012131,W135,10-08-2026,1,2,0
AT012132,W135,11-08-2026,1,4,0
AT012133,W135,12-08-2026,1,7,0
AT012134,W135,13-08-2026,1,8,0
AT012135,W135,14-08-2026,1,0,0
AT012136,W135,15-08-2026,0,0,1
AT012137,W135,16-08-2026,0,0,0
AT012138,W135,17-08-2026,1,0,0
AT012139,W135,18-08-2026,1,6,0
AT012140,W135,19-08-2026,1,0,0
AT012141,W135,20-08-2026,1,1,0
AT012142,W135,21-08-2026,1,2,0
AT012143,W135,22-08-2026,1,10,0
AT012144,W135,23-08-2026,0,0,0
AT012145,W135,24-08-2026,1,0,0
AT012146,W135,25-08-2026,0,0,1
AT012147,W135,26-08-2026,1,3,0
AT012148,W135,27-08-2026,1,3,0
AT012149,W135,28-08-2026,1,0,0
AT012150,W135,29-08-2026,1,1,0
AT012151,W136,01-06-2026,1,0,0
AT012152,W136,02-06-2026,1,13,0
AT012153,W136,03-06-2026,1,15,0
AT012154,W136,04-06-2026,1,6,0
AT012155,W136,05-06-2026,1,14,0
AT012156,W136,06-06-2026,1,5,0
AT012157,W136,07-06-2026,0,0,0
AT012158,W136,08-06-2026,1,0,0
AT012159,W136,09-06-2026,1,6,0
AT012160,W136,10-06-2026,1,19,0
AT012161,W136,11-06-2026,1,11,0
AT012162,W136,12-06-2026,1,17,0
AT012163,W136,13-06-2026,1,15,0
AT012164,W136,14-06-2026,0,0,0
AT012165,W136,15-06-2026,1,8,0
AT012166,W136,16-06-2026,1,13,0
AT012167,W136,17-06-2026,1,17,0
AT012168,W136,18-06-2026,1,11,0
AT012169,W136,19-06-2026,1,15,0
AT012170,W136,20-06-2026,1,2,0
AT012171,W136,21-06-2026,1,10,0
AT012172,W136,22-06-2026,1,6,0
AT012173,W136,23-06-2026,1,14,0
AT012174,W136,24-06-2026,1,9,0
AT012175,W136,25-06-2026,1,7,0
AT012176,W136,26-06-2026,1,10,0
AT012177,W136,27-06-2026,1,11,0
AT012178,W136,28-06-2026,1,1,0
AT012179,W136,29-06-2026,1,7,0
AT012180,W136,30-06-2026,1,3,0
AT012181,W136,01-07-2026,1,8,0
AT012182,W136,02-07-2026,1,6,0
AT012183,W136,03-07-2026,1,0,0
AT012184,W136,04-07-2026,1,1,0
AT012185,W136,05-07-2026,1,9,0
AT012186,W136,06-07-2026,1,14,0
AT012187,W136,07-07-2026,1,9,0
AT012188,W136,08-07-2026,1,0,0
AT012189,W136,09-07-2026,1,7,0
AT012190,W136,10-07-2026,1,5,0
AT012191,W136,11-07-2026,1,14,0
AT012192,W136,12-07-2026,1,3,0
AT012193,W136,13-07-2026,1,10,0
AT012194,W136,14-07-2026,1,15,0
AT012195,W136,15-07-2026,1,0,0
AT012196,W136,16-07-2026,1,1,0
AT012197,W136,17-07-2026,1,7,0
AT012198,W136,18-07-2026,1,12,0
AT012199,W136,19-07-2026,0,0,0
AT012200,W136,20-07-2026,1,11,0
AT012201,W136,21-07-2026,1,7,0
AT012202,W136,22-07-2026,1,5,0
AT012203,W136,23-07-2026,1,5,0
AT012204,W136,24-07-2026,0,0,1
AT012205,W136,25-07-2026,1,13,0
AT012206,W136,26-07-2026,1,7,0
AT012207,W136,27-07-2026,1,3,0
AT012208,W136,28-07-2026,1,11,0
AT012209,W136,29-07-2026,1,6,0
AT012210,W136,30-07-2026,1,7,0
AT012211,W136,31-07-2026,1,8,0
AT012212,W136,01-08-2026,1,6,0
AT012213,W136,02-08-2026,1,3,0
AT012214,W136,03-08-2026,1,6,0
AT012215,W136,04-08-2026,1,7,0
AT012216,W136,05-08-2026,1,7,0
AT012217,W136,06-08-2026,1,11,0
AT012218,W136,07-08-2026,1,3,0
AT012219,W136,08-08-2026,1,12,0
AT012220,W136,09-08-2026,1,0,0
AT012221,W136,10-08-2026,1,12,0
AT012222,W136,11-08-2026,1,9,0
AT012223,W136,12-08-2026,1,12,0
AT012224,W136,13-08-2026,1,9,0
AT012225,W136,14-08-2026,1,4,0
AT012226,W136,15-08-2026,1,8,0
AT012227,W136,16-08-2026,0,0,0
AT012228,W136,17-08-2026,1,0,0
AT012229,W136,18-08-2026,1,3,0
AT012230,W136,19-08-2026,1,14,0
AT012231,W136,20-08-2026,1,9,0
AT012232,W136,21-08-2026,1,0,0
AT012233,W136,22-08-2026,1,4,0
AT012234,W136,23-08-2026,0,0,0
AT012235,W136,24-08-2026,1,7,0
AT012236,W136,25-08-2026,1,2,0
AT012237,W136,26-08-2026,0,0,1
AT012238,W136,27-08-2026,1,11,0
AT012239,W136,28-08-2026,1,0,0
AT012240,W136,29-08-2026,1,6,0
AT012241,W137,01-06-2026,1,4,0
AT012242,W137,02-06-2026,1,3,0
AT012243,W137,03-06-2026,1,2,0
AT012244,W137,04-06-2026,1,0,0
AT012245,W137,05-06-2026,1,5,0
AT012246,W137,06-06-2026,1,3,0
AT012247,W137,07-06-2026,0,0,0
AT012248,W137,08-06-2026,1,4,0
AT012249,W137,09-06-2026,1,9,0
AT012250,W137,10-06-2026,1,0,0
AT012251,W137,11-06-2026,1,2,0
AT012252,W137,12-06-2026,1,9,0
AT012253,W137,13-06-2026,1,3,0
AT012254,W137,14-06-2026,0,0,0
AT012255,W137,15-06-2026,1,6,0
AT012256,W137,16-06-2026,1,7,0
AT012257,W137,17-06-2026,1,4,0
AT012258,W137,18-06-2026,1,5,0
AT012259,W137,19-06-2026,0,0,1
AT012260,W137,20-06-2026,1,6,0
AT012261,W137,21-06-2026,0,0,0
AT012262,W137,22-06-2026,1,2,0
AT012263,W137,23-06-2026,1,4,0
AT012264,W137,24-06-2026,1,0,0
AT012265,W137,25-06-2026,1,3,0
AT012266,W137,26-06-2026,1,4,0
AT012267,W137,27-06-2026,1,0,0
AT012268,W137,28-06-2026,0,0,0
AT012269,W137,29-06-2026,1,3,0
AT012270,W137,30-06-2026,1,8,0
AT012271,W137,01-07-2026,1,0,0
AT012272,W137,02-07-2026,1,11,0
AT012273,W137,03-07-2026,1,9,0
AT012274,W137,04-07-2026,1,0,0
AT012275,W137,05-07-2026,0,0,0
AT012276,W137,06-07-2026,1,7,0
AT012277,W137,07-07-2026,1,0,0
AT012278,W137,08-07-2026,1,6,0
AT012279,W137,09-07-2026,1,5,0
AT012280,W137,10-07-2026,1,0,0
AT012281,W137,11-07-2026,1,0,0
AT012282,W137,12-07-2026,0,0,0
AT012283,W137,13-07-2026,1,5,0
AT012284,W137,14-07-2026,1,6,0
AT012285,W137,15-07-2026,1,4,0
AT012286,W137,16-07-2026,1,4,0
AT012287,W137,17-07-2026,1,13,0
AT012288,W137,18-07-2026,1,7,0
AT012289,W137,19-07-2026,0,0,0
AT012290,W137,20-07-2026,1,2,0
AT012291,W137,21-07-2026,1,0,0
AT012292,W137,22-07-2026,1,1,0
AT012293,W137,23-07-2026,1,1,0
AT012294,W137,24-07-2026,1,0,0
AT012295,W137,25-07-2026,1,7,0
AT012296,W137,26-07-2026,1,7,0
AT012297,W137,27-07-2026,1,0,0
AT012298,W137,28-07-2026,1,1,0
AT012299,W137,29-07-2026,1,0,0
AT012300,W137,30-07-2026,1,0,0
AT012301,W137,31-07-2026,1,0,0
AT012302,W137,01-08-2026,1,9,0
AT012303,W137,02-08-2026,0,0,0
AT012304,W137,03-08-2026,1,4,0
AT012305,W137,04-08-2026,1,0,0
AT012306,W137,05-08-2026,1,2,0
AT012307,W137,06-08-2026,1,3,0
AT012308,W137,07-08-2026,1,2,0
AT012309,W137,08-08-2026,0,0,1
AT012310,W137,09-08-2026,0,0,0
AT012311,W137,10-08-2026,1,1,0
AT012312,W137,11-08-2026,1,0,0
AT012313,W137,12-08-2026,1,5,0
AT012314,W137,13-08-2026,1,9,0
AT012315,W137,14-08-2026,1,0,0
AT012316,W137,15-08-2026,1,0,0
AT012317,W137,16-08-2026,0,0,0
AT012318,W137,17-08-2026,1,5,0
AT012319,W137,18-08-2026,0,0,1
AT012320,W137,19-08-2026,1,6,0
AT012321,W137,20-08-2026,1,0,0
AT012322,W137,21-08-2026,1,0,0
AT012323,W137,22-08-2026,1,0,0
AT012324,W137,23-08-2026,1,0,0
AT012325,W137,24-08-2026,1,1,0
AT012326,W137,25-08-2026,1,0,0
AT012327,W137,26-08-2026,1,3,0
AT012328,W137,27-08-2026,1,0,0
AT012329,W137,28-08-2026,1,9,0
AT012330,W137,29-08-2026,1,2,0
AT012331,W138,01-06-2026,1,0,0
AT012332,W138,02-06-2026,1,9,0
AT012333,W138,03-06-2026,1,0,0
AT012334,W138,04-06-2026,1,14,0
AT012335,W138,05-06-2026,1,1,0
AT012336,W138,06-06-2026,1,5,0
AT012337,W138,07-06-2026,0,0,0
AT012338,W138,08-06-2026,1,0,0
AT012339,W138,09-06-2026,1,11,0
AT012340,W138,10-06-2026,1,5,0
AT012341,W138,11-06-2026,1,0,0
AT012342,W138,12-06-2026,1,0,0
AT012343,W138,13-06-2026,1,5,0
AT012344,W138,14-06-2026,0,0,0
AT012345,W138,15-06-2026,1,7,0
AT012346,W138,16-06-2026,1,6,0
AT012347,W138,17-06-2026,0,0,1
AT012348,W138,18-06-2026,1,2,0
AT012349,W138,19-06-2026,1,4,0
AT012350,W138,20-06-2026,1,0,0
AT012351,W138,21-06-2026,0,0,0
AT012352,W138,22-06-2026,1,0,0
AT012353,W138,23-06-2026,1,2,0
AT012354,W138,24-06-2026,1,2,0
AT012355,W138,25-06-2026,1,3,0
AT012356,W138,26-06-2026,1,2,0
AT012357,W138,27-06-2026,1,6,0
AT012358,W138,28-06-2026,1,14,0
AT012359,W138,29-06-2026,0,0,1
AT012360,W138,30-06-2026,1,4,0
AT012361,W138,01-07-2026,1,7,0
AT012362,W138,02-07-2026,1,1,0
AT012363,W138,03-07-2026,1,0,0
AT012364,W138,04-07-2026,1,7,0
AT012365,W138,05-07-2026,0,0,0
AT012366,W138,06-07-2026,1,0,0
AT012367,W138,07-07-2026,1,3,0
AT012368,W138,08-07-2026,1,6,0
AT012369,W138,09-07-2026,1,0,0
AT012370,W138,10-07-2026,1,8,0
AT012371,W138,11-07-2026,1,0,0
AT012372,W138,12-07-2026,0,0,0
AT012373,W138,13-07-2026,0,0,1
AT012374,W138,14-07-2026,1,7,0
AT012375,W138,15-07-2026,1,0,0
AT012376,W138,16-07-2026,1,4,0
AT012377,W138,17-07-2026,1,3,0
AT012378,W138,18-07-2026,1,1,0
AT012379,W138,19-07-2026,0,0,0
AT012380,W138,20-07-2026,1,0,0
AT012381,W138,21-07-2026,0,0,1
AT012382,W138,22-07-2026,1,0,0
AT012383,W138,23-07-2026,1,2,0
AT012384,W138,24-07-2026,1,3,0
AT012385,W138,25-07-2026,1,3,0
AT012386,W138,26-07-2026,0,0,0
AT012387,W138,27-07-2026,1,0,0
AT012388,W138,28-07-2026,1,7,0
AT012389,W138,29-07-2026,1,0,0
AT012390,W138,30-07-2026,1,0,0
AT012391,W138,31-07-2026,1,0,0
AT012392,W138,01-08-2026,1,0,0
AT012393,W138,02-08-2026,0,0,0
AT012394,W138,03-08-2026,1,0,0
AT012395,W138,04-08-2026,1,4,0
AT012396,W138,05-08-2026,1,10,0
AT012397,W138,06-08-2026,1,0,0
AT012398,W138,07-08-2026,1,1,0
AT012399,W138,08-08-2026,1,0,0
AT012400,W138,09-08-2026,0,0,0
AT012401,W138,10-08-2026,1,11,0
AT012402,W138,11-08-2026,1,0,0
AT012403,W138,12-08-2026,1,10,0
AT012404,W138,13-08-2026,1,9,0
AT012405,W138,14-08-2026,1,10,0
AT012406,W138,15-08-2026,1,0,0
AT012407,W138,16-08-2026,0,0,0
AT012408,W138,17-08-2026,1,12,0
AT012409,W138,18-08-2026,1,13,0
AT012410,W138,19-08-2026,1,0,0
AT012411,W138,20-08-2026,1,6,0
AT012412,W138,21-08-2026,1,0,0
AT012413,W138,22-08-2026,1,9,0
AT012414,W138,23-08-2026,0,0,0
AT012415,W138,24-08-2026,1,0,0
AT012416,W138,25-08-2026,1,7,0
AT012417,W138,26-08-2026,1,1,0
AT012418,W138,27-08-2026,1,5,0
AT012419,W138,28-08-2026,1,1,0
AT012420,W138,29-08-2026,1,3,0
AT012421,W139,01-06-2026,1,0,0
AT012422,W139,02-06-2026,1,0,0
AT012423,W139,03-06-2026,1,7,0
AT012424,W139,04-06-2026,1,0,0
AT012425,W139,05-06-2026,1,9,0
AT012426,W139,06-06-2026,1,2,0
AT012427,W139,07-06-2026,0,0,0
AT012428,W139,08-06-2026,1,1,0
AT012429,W139,09-06-2026,1,5,0
AT012430,W139,10-06-2026,1,0,0
AT012431,W139,11-06-2026,1,0,0
AT012432,W139,12-06-2026,1,5,0
AT012433,W139,13-06-2026,1,3,0
AT012434,W139,14-06-2026,0,0,0
AT012435,W139,15-06-2026,1,0,0
AT012436,W139,16-06-2026,1,0,0
AT012437,W139,17-06-2026,1,10,0
AT012438,W139,18-06-2026,1,6,0
AT012439,W139,19-06-2026,1,5,0
AT012440,W139,20-06-2026,1,0,0
AT012441,W139,21-06-2026,0,0,0
AT012442,W139,22-06-2026,1,0,0
AT012443,W139,23-06-2026,1,11,0
AT012444,W139,24-06-2026,1,11,0
AT012445,W139,25-06-2026,1,8,0
AT012446,W139,26-06-2026,1,8,0
AT012447,W139,27-06-2026,1,13,0
AT012448,W139,28-06-2026,0,0,0
AT012449,W139,29-06-2026,1,20,0
AT012450,W139,30-06-2026,1,4,0
AT012451,W139,01-07-2026,1,10,0
AT012452,W139,02-07-2026,1,0,0
AT012453,W139,03-07-2026,1,0,0
AT012454,W139,04-07-2026,1,4,0
AT012455,W139,05-07-2026,0,0,0
AT012456,W139,06-07-2026,1,9,0
AT012457,W139,07-07-2026,1,7,0
AT012458,W139,08-07-2026,1,10,0
AT012459,W139,09-07-2026,1,2,0
AT012460,W139,10-07-2026,0,0,1
AT012461,W139,11-07-2026,1,5,0
AT012462,W139,12-07-2026,0,0,0
AT012463,W139,13-07-2026,1,0,0
AT012464,W139,14-07-2026,1,13,0
AT012465,W139,15-07-2026,1,1,0
AT012466,W139,16-07-2026,1,6,0
AT012467,W139,17-07-2026,1,0,0
AT012468,W139,18-07-2026,1,4,0
AT012469,W139,19-07-2026,0,0,0
AT012470,W139,20-07-2026,1,0,0
AT012471,W139,21-07-2026,1,0,0
AT012472,W139,22-07-2026,1,7,0
AT012473,W139,23-07-2026,1,4,0
AT012474,W139,24-07-2026,0,0,1
AT012475,W139,25-07-2026,1,6,0
AT012476,W139,26-07-2026,0,0,0
AT012477,W139,27-07-2026,1,0,0
AT012478,W139,28-07-2026,1,9,0
AT012479,W139,29-07-2026,1,4,0
AT012480,W139,30-07-2026,1,3,0
AT012481,W139,31-07-2026,1,9,0
AT012482,W139,01-08-2026,0,0,1
AT012483,W139,02-08-2026,1,6,0
AT012484,W139,03-08-2026,1,0,0
AT012485,W139,04-08-2026,1,0,0
AT012486,W139,05-08-2026,1,6,0
AT012487,W139,06-08-2026,1,0,0
AT012488,W139,07-08-2026,1,6,0
AT012489,W139,08-08-2026,1,0,0
AT012490,W139,09-08-2026,0,0,0
AT012491,W139,10-08-2026,1,4,0
AT012492,W139,11-08-2026,1,6,0
AT012493,W139,12-08-2026,1,5,0
AT012494,W139,13-08-2026,1,5,0
AT012495,W139,14-08-2026,1,4,0
AT012496,W139,15-08-2026,1,0,0
AT012497,W139,16-08-2026,0,0,0
AT012498,W139,17-08-2026,1,2,0
AT012499,W139,18-08-2026,1,0,0
AT012500,W139,19-08-2026,1,6,0
AT012501,W139,20-08-2026,1,0,0
AT012502,W139,21-08-2026,1,1,0
AT012503,W139,22-08-2026,1,9,0
AT012504,W139,23-08-2026,0,0,0
AT012505,W139,24-08-2026,1,6,0
AT012506,W139,25-08-2026,1,2,0
AT012507,W139,26-08-2026,1,1,0
AT012508,W139,27-08-2026,1,6,0
AT012509,W139,28-08-2026,1,1,0
AT012510,W139,29-08-2026,1,0,0
AT012511,W140,01-06-2026,1,1,0
AT012512,W140,02-06-2026,1,5,0
AT012513,W140,03-06-2026,0,0,1
AT012514,W140,04-06-2026,1,0,0
AT012515,W140,05-06-2026,1,13,0
AT012516,W140,06-06-2026,0,0,1
AT012517,W140,07-06-2026,1,16,0
AT012518,W140,08-06-2026,1,4,0
AT012519,W140,09-06-2026,1,5,0
AT012520,W140,10-06-2026,1,5,0
AT012521,W140,11-06-2026,1,2,0
AT012522,W140,12-06-2026,1,0,0
AT012523,W140,13-06-2026,1,0,0
AT012524,W140,14-06-2026,0,0,0
AT012525,W140,15-06-2026,1,0,0
AT012526,W140,16-06-2026,1,10,0
AT012527,W140,17-06-2026,1,5,0
AT012528,W140,18-06-2026,1,7,0
AT012529,W140,19-06-2026,1,5,0
AT012530,W140,20-06-2026,1,4,0
AT012531,W140,21-06-2026,0,0,0
AT012532,W140,22-06-2026,1,8,0
AT012533,W140,23-06-2026,1,4,0
AT012534,W140,24-06-2026,1,5,0
AT012535,W140,25-06-2026,1,2,0
AT012536,W140,26-06-2026,1,0,0
AT012537,W140,27-06-2026,1,12,0
AT012538,W140,28-06-2026,0,0,0
AT012539,W140,29-06-2026,1,0,0
AT012540,W140,30-06-2026,0,0,1
AT012541,W140,01-07-2026,1,0,0
AT012542,W140,02-07-2026,0,0,1
AT012543,W140,03-07-2026,1,0,0
AT012544,W140,04-07-2026,1,0,0
AT012545,W140,05-07-2026,0,0,0
AT012546,W140,06-07-2026,1,6,0
AT012547,W140,07-07-2026,1,0,0
AT012548,W140,08-07-2026,1,0,0
AT012549,W140,09-07-2026,1,5,0
AT012550,W140,10-07-2026,1,14,0
AT012551,W140,11-07-2026,0,0,1
AT012552,W140,12-07-2026,0,0,0
AT012553,W140,13-07-2026,1,5,0
AT012554,W140,14-07-2026,1,5,0
AT012555,W140,15-07-2026,1,0,0
AT012556,W140,16-07-2026,1,2,0
AT012557,W140,17-07-2026,1,0,0
AT012558,W140,18-07-2026,1,8,0
AT012559,W140,19-07-2026,0,0,0
AT012560,W140,20-07-2026,0,0,1
AT012561,W140,21-07-2026,1,7,0
AT012562,W140,22-07-2026,1,11,0
AT012563,W140,23-07-2026,1,6,0
AT012564,W140,24-07-2026,1,7,0
AT012565,W140,25-07-2026,1,3,0
AT012566,W140,26-07-2026,1,3,0
AT012567,W140,27-07-2026,0,0,1
AT012568,W140,28-07-2026,1,7,0
AT012569,W140,29-07-2026,1,0,0
AT012570,W140,30-07-2026,1,5,0
AT012571,W140,31-07-2026,1,2,0
AT012572,W140,01-08-2026,1,0,0
AT012573,W140,02-08-2026,0,0,1
AT012574,W140,03-08-2026,1,1,0
AT012575,W140,04-08-2026,1,0,0
AT012576,W140,05-08-2026,1,0,0
AT012577,W140,06-08-2026,1,4,0
AT012578,W140,07-08-2026,1,4,0
AT012579,W140,08-08-2026,1,6,0
AT012580,W140,09-08-2026,0,0,0
AT012581,W140,10-08-2026,1,4,0
AT012582,W140,11-08-2026,1,1,0
AT012583,W140,12-08-2026,1,0,0
AT012584,W140,13-08-2026,1,0,0
AT012585,W140,14-08-2026,1,7,0
AT012586,W140,15-08-2026,1,0,0
AT012587,W140,16-08-2026,1,6,0
AT012588,W140,17-08-2026,1,0,0
AT012589,W140,18-08-2026,1,5,0
AT012590,W140,19-08-2026,1,1,0
AT012591,W140,20-08-2026,1,6,0
AT012592,W140,21-08-2026,1,10,0
AT012593,W140,22-08-2026,1,6,0
AT012594,W140,23-08-2026,1,0,0
AT012595,W140,24-08-2026,0,0,1
AT012596,W140,25-08-2026,1,0,0
AT012597,W140,26-08-2026,1,4,0
AT012598,W140,27-08-2026,1,1,0
AT012599,W140,28-08-2026,1,1,0
AT012600,W140,29-08-2026,1,0,0
AT012601,W141,01-06-2026,1,13,0
AT012602,W141,02-06-2026,1,7,0
AT012603,W141,03-06-2026,1,0,0
AT012604,W141,04-06-2026,1,1,0
AT012605,W141,05-06-2026,1,0,0
AT012606,W141,06-06-2026,1,3,0
AT012607,W141,07-06-2026,1,6,0
AT012608,W141,08-06-2026,1,4,0
AT012609,W141,09-06-2026,1,9,0
AT012610,W141,10-06-2026,1,4,0
AT012611,W141,11-06-2026,1,0,0
AT012612,W141,12-06-2026,1,3,0
AT012613,W141,13-06-2026,1,4,0
AT012614,W141,14-06-2026,0,0,0
AT012615,W141,15-06-2026,1,3,0
AT012616,W141,16-06-2026,1,6,0
AT012617,W141,17-06-2026,1,0,0
AT012618,W141,18-06-2026,1,0,0
AT012619,W141,19-06-2026,1,3,0
AT012620,W141,20-06-2026,1,11,0
AT012621,W141,21-06-2026,0,0,0
AT012622,W141,22-06-2026,1,7,0
AT012623,W141,23-06-2026,1,21,0
AT012624,W141,24-06-2026,1,3,0
AT012625,W141,25-06-2026,1,6,0
AT012626,W141,26-06-2026,1,6,0
AT012627,W141,27-06-2026,1,15,0
AT012628,W141,28-06-2026,0,0,0
AT012629,W141,29-06-2026,1,8,0
AT012630,W141,30-06-2026,1,0,0
AT012631,W141,01-07-2026,1,2,0
AT012632,W141,02-07-2026,1,0,0
AT012633,W141,03-07-2026,1,4,0
AT012634,W141,04-07-2026,1,2,0
AT012635,W141,05-07-2026,0,0,0
AT012636,W141,06-07-2026,1,10,0
AT012637,W141,07-07-2026,1,7,0
AT012638,W141,08-07-2026,1,7,0
AT012639,W141,09-07-2026,1,7,0
AT012640,W141,10-07-2026,1,7,0
AT012641,W141,11-07-2026,1,0,0
AT012642,W141,12-07-2026,0,0,0
AT012643,W141,13-07-2026,1,1,0
AT012644,W141,14-07-2026,1,4,0
AT012645,W141,15-07-2026,1,1,0
AT012646,W141,16-07-2026,1,1,0
AT012647,W141,17-07-2026,1,7,0
AT012648,W141,18-07-2026,0,0,1
AT012649,W141,19-07-2026,0,0,0
AT012650,W141,20-07-2026,1,1,0
AT012651,W141,21-07-2026,1,5,0
AT012652,W141,22-07-2026,1,4,0
AT012653,W141,23-07-2026,1,8,0
AT012654,W141,24-07-2026,1,6,0
AT012655,W141,25-07-2026,1,7,0
AT012656,W141,26-07-2026,1,2,0
AT012657,W141,27-07-2026,1,9,0
AT012658,W141,28-07-2026,1,6,0
AT012659,W141,29-07-2026,1,0,0
AT012660,W141,30-07-2026,1,0,0
AT012661,W141,31-07-2026,0,0,1
AT012662,W141,01-08-2026,1,0,0
AT012663,W141,02-08-2026,0,0,0
AT012664,W141,03-08-2026,1,0,0
AT012665,W141,04-08-2026,0,0,1
AT012666,W141,05-08-2026,1,6,0
AT012667,W141,06-08-2026,1,5,0
AT012668,W141,07-08-2026,1,4,0
AT012669,W141,08-08-2026,1,3,0
AT012670,W141,09-08-2026,0,0,0
AT012671,W141,10-08-2026,1,13,0
AT012672,W141,11-08-2026,1,1,0
AT012673,W141,12-08-2026,1,10,0
AT012674,W141,13-08-2026,1,18,0
AT012675,W141,14-08-2026,1,1,0
AT012676,W141,15-08-2026,1,4,0
AT012677,W141,16-08-2026,0,0,0
AT012678,W141,17-08-2026,1,15,0
AT012679,W141,18-08-2026,1,11,0
AT012680,W141,19-08-2026,1,6,0
AT012681,W141,20-08-2026,1,5,0
AT012682,W141,21-08-2026,1,4,0
AT012683,W141,22-08-2026,1,6,0
AT012684,W141,23-08-2026,0,0,0
AT012685,W141,24-08-2026,1,0,0
AT012686,W141,25-08-2026,1,8,0
AT012687,W141,26-08-2026,1,0,0
AT012688,W141,27-08-2026,1,3,0
AT012689,W141,28-08-2026,1,8,0
AT012690,W141,29-08-2026,1,12,0
AT012691,W142,01-06-2026,1,0,0
AT012692,W142,02-06-2026,1,0,0
AT012693,W142,03-06-2026,1,0,0
AT012694,W142,04-06-2026,1,4,0
AT012695,W142,05-06-2026,1,4,0
AT012696,W142,06-06-2026,1,6,0
AT012697,W142,07-06-2026,0,0,0
AT012698,W142,08-06-2026,1,0,0
AT012699,W142,09-06-2026,1,5,0
AT012700,W142,10-06-2026,1,9,0
AT012701,W142,11-06-2026,1,10,0
AT012702,W142,12-06-2026,1,4,0
AT012703,W142,13-06-2026,1,8,0
AT012704,W142,14-06-2026,0,0,0
AT012705,W142,15-06-2026,1,0,0
AT012706,W142,16-06-2026,1,14,0
AT012707,W142,17-06-2026,1,4,0
AT012708,W142,18-06-2026,1,12,0
AT012709,W142,19-06-2026,1,15,0
AT012710,W142,20-06-2026,1,0,0
AT012711,W142,21-06-2026,0,0,0
AT012712,W142,22-06-2026,1,6,0
AT012713,W142,23-06-2026,1,1,0
AT012714,W142,24-06-2026,1,0,0
AT012715,W142,25-06-2026,1,4,0
AT012716,W142,26-06-2026,1,1,0
AT012717,W142,27-06-2026,1,2,0
AT012718,W142,28-06-2026,0,0,0
AT012719,W142,29-06-2026,1,3,0
AT012720,W142,30-06-2026,1,5,0
AT012721,W142,01-07-2026,1,4,0
AT012722,W142,02-07-2026,1,16,0
AT012723,W142,03-07-2026,1,5,0
AT012724,W142,04-07-2026,1,0,0
AT012725,W142,05-07-2026,0,0,0
AT012726,W142,06-07-2026,1,0,0
AT012727,W142,07-07-2026,1,5,0
AT012728,W142,08-07-2026,1,4,0
AT012729,W142,09-07-2026,1,9,0
AT012730,W142,10-07-2026,1,0,0
AT012731,W142,11-07-2026,1,8,0
AT012732,W142,12-07-2026,0,0,0
AT012733,W142,13-07-2026,0,0,1
AT012734,W142,14-07-2026,1,1,0
AT012735,W142,15-07-2026,1,0,0
AT012736,W142,16-07-2026,1,0,0
AT012737,W142,17-07-2026,1,0,0
AT012738,W142,18-07-2026,1,11,0
AT012739,W142,19-07-2026,0,0,0
AT012740,W142,20-07-2026,1,2,0
AT012741,W142,21-07-2026,1,0,0
AT012742,W142,22-07-2026,1,3,0
AT012743,W142,23-07-2026,1,0,0
AT012744,W142,24-07-2026,1,0,0
AT012745,W142,25-07-2026,1,2,0
AT012746,W142,26-07-2026,0,0,0
AT012747,W142,27-07-2026,1,4,0
AT012748,W142,28-07-2026,0,0,1
AT012749,W142,29-07-2026,1,3,0
AT012750,W142,30-07-2026,1,1,0
AT012751,W142,31-07-2026,1,4,0
AT012752,W142,01-08-2026,1,0,0
AT012753,W142,02-08-2026,0,0,0
AT012754,W142,03-08-2026,1,4,0
AT012755,W142,04-08-2026,1,2,0
AT012756,W142,05-08-2026,1,5,0
AT012757,W142,06-08-2026,1,6,0
AT012758,W142,07-08-2026,1,8,0
AT012759,W142,08-08-2026,1,3,0
AT012760,W142,09-08-2026,0,0,0
AT012761,W142,10-08-2026,1,0,0
AT012762,W142,11-08-2026,1,0,0
AT012763,W142,12-08-2026,1,6,0
AT012764,W142,13-08-2026,1,0,0
AT012765,W142,14-08-2026,1,2,0
AT012766,W142,15-08-2026,1,4,0
AT012767,W142,16-08-2026,0,0,0
AT012768,W142,17-08-2026,1,0,0
AT012769,W142,18-08-2026,1,7,0
AT012770,W142,19-08-2026,1,0,0
AT012771,W142,20-08-2026,1,0,0
AT012772,W142,21-08-2026,1,0,0
AT012773,W142,22-08-2026,1,0,0
AT012774,W142,23-08-2026,0,0,0
AT012775,W142,24-08-2026,1,6,0
AT012776,W142,25-08-2026,1,13,0
AT012777,W142,26-08-2026,1,0,0
AT012778,W142,27-08-2026,1,6,0
AT012779,W142,28-08-2026,1,1,0
AT012780,W142,29-08-2026,1,4,0
AT012781,W143,01-06-2026,1,7,0
AT012782,W143,02-06-2026,1,4,0
AT012783,W143,03-06-2026,1,0,0
AT012784,W143,04-06-2026,1,12,0
AT012785,W143,05-06-2026,1,10,0
AT012786,W143,06-06-2026,1,5,0
AT012787,W143,07-06-2026,0,0,0
AT012788,W143,08-06-2026,1,16,0
AT012789,W143,09-06-2026,1,1,0
AT012790,W143,10-06-2026,1,6,0
AT012791,W143,11-06-2026,1,6,0
AT012792,W143,12-06-2026,1,8,0
AT012793,W143,13-06-2026,1,9,0
AT012794,W143,14-06-2026,0,0,0
AT012795,W143,15-06-2026,1,5,0
AT012796,W143,16-06-2026,1,0,0
AT012797,W143,17-06-2026,1,13,0
AT012798,W143,18-06-2026,1,3,0
AT012799,W143,19-06-2026,1,11,0
AT012800,W143,20-06-2026,1,6,0
AT012801,W143,21-06-2026,0,0,0
AT012802,W143,22-06-2026,1,9,0
AT012803,W143,23-06-2026,1,10,0
AT012804,W143,24-06-2026,1,3,0
AT012805,W143,25-06-2026,1,3,0
AT012806,W143,26-06-2026,1,12,0
AT012807,W143,27-06-2026,1,2,0
AT012808,W143,28-06-2026,1,6,0
AT012809,W143,29-06-2026,1,4,0
AT012810,W143,30-06-2026,1,6,0
AT012811,W143,01-07-2026,1,1,0
AT012812,W143,02-07-2026,1,13,0
AT012813,W143,03-07-2026,1,0,0
AT012814,W143,04-07-2026,1,4,0
AT012815,W143,05-07-2026,1,5,0
AT012816,W143,06-07-2026,1,0,0
AT012817,W143,07-07-2026,1,14,0
AT012818,W143,08-07-2026,1,4,0
AT012819,W143,09-07-2026,1,3,0
AT012820,W143,10-07-2026,1,4,0
AT012821,W143,11-07-2026,1,11,0
AT012822,W143,12-07-2026,0,0,0
AT012823,W143,13-07-2026,0,0,1
AT012824,W143,14-07-2026,1,4,0
AT012825,W143,15-07-2026,1,1,0
AT012826,W143,16-07-2026,1,5,0
AT012827,W143,17-07-2026,1,8,0
AT012828,W143,18-07-2026,1,7,0
AT012829,W143,19-07-2026,0,0,0
AT012830,W143,20-07-2026,0,0,1
AT012831,W143,21-07-2026,1,4,0
AT012832,W143,22-07-2026,1,1,0
AT012833,W143,23-07-2026,1,8,0
AT012834,W143,24-07-2026,1,5,0
AT012835,W143,25-07-2026,1,8,0
AT012836,W143,26-07-2026,0,0,0
AT012837,W143,27-07-2026,1,0,0
AT012838,W143,28-07-2026,1,10,0
AT012839,W143,29-07-2026,1,2,0
AT012840,W143,30-07-2026,1,11,0
AT012841,W143,31-07-2026,1,10,0
AT012842,W143,01-08-2026,1,6,0
AT012843,W143,02-08-2026,0,0,0
AT012844,W143,03-08-2026,1,13,0
AT012845,W143,04-08-2026,1,3,0
AT012846,W143,05-08-2026,1,0,0
AT012847,W143,06-08-2026,1,11,0
AT012848,W143,07-08-2026,1,1,0
AT012849,W143,08-08-2026,1,8,0
AT012850,W143,09-08-2026,0,0,0
AT012851,W143,10-08-2026,1,12,0
AT012852,W143,11-08-2026,1,2,0
AT012853,W143,12-08-2026,0,0,1
AT012854,W143,13-08-2026,1,4,0
AT012855,W143,14-08-2026,1,6,0
AT012856,W143,15-08-2026,1,0,0
AT012857,W143,16-08-2026,0,0,0
AT012858,W143,17-08-2026,1,0,0
AT012859,W143,18-08-2026,1,5,0
AT012860,W143,19-08-2026,1,17,0
AT012861,W143,20-08-2026,1,6,0
AT012862,W143,21-08-2026,1,6,0
AT012863,W143,22-08-2026,1,15,0
AT012864,W143,23-08-2026,1,5,0
AT012865,W143,24-08-2026,1,2,0
AT012866,W143,25-08-2026,1,9,0
AT012867,W143,26-08-2026,0,0,1
AT012868,W143,27-08-2026,1,5,0
AT012869,W143,28-08-2026,1,11,0
AT012870,W143,29-08-2026,1,1,0
AT012871,W144,01-06-2026,0,0,1
AT012872,W144,02-06-2026,1,0,0
AT012873,W144,03-06-2026,1,1,0
AT012874,W144,04-06-2026,1,15,0
AT012875,W144,05-06-2026,1,1,0
AT012876,W144,06-06-2026,1,0,0
AT012877,W144,07-06-2026,0,0,0
AT012878,W144,08-06-2026,1,7,0
AT012879,W144,09-06-2026,1,6,0
AT012880,W144,10-06-2026,1,1,0
AT012881,W144,11-06-2026,1,0,0
AT012882,W144,12-06-2026,1,1,0
AT012883,W144,13-06-2026,1,0,0
AT012884,W144,14-06-2026,0,0,0
AT012885,W144,15-06-2026,1,7,0
AT012886,W144,16-06-2026,1,0,0
AT012887,W144,17-06-2026,1,1,0
AT012888,W144,18-06-2026,1,3,0
AT012889,W144,19-06-2026,1,10,0
AT012890,W144,20-06-2026,1,5,0
AT012891,W144,21-06-2026,0,0,0
AT012892,W144,22-06-2026,1,0,0
AT012893,W144,23-06-2026,1,0,0
AT012894,W144,24-06-2026,1,0,0
AT012895,W144,25-06-2026,1,0,0
AT012896,W144,26-06-2026,1,8,0
AT012897,W144,27-06-2026,1,4,0
AT012898,W144,28-06-2026,0,0,0
AT012899,W144,29-06-2026,1,0,0
AT012900,W144,30-06-2026,1,0,0
AT012901,W144,01-07-2026,1,0,0
AT012902,W144,02-07-2026,1,0,0
AT012903,W144,03-07-2026,1,2,0
AT012904,W144,04-07-2026,1,0,0
AT012905,W144,05-07-2026,0,0,0
AT012906,W144,06-07-2026,1,3,0
AT012907,W144,07-07-2026,1,0,0
AT012908,W144,08-07-2026,1,11,0
AT012909,W144,09-07-2026,1,5,0
AT012910,W144,10-07-2026,1,6,0
AT012911,W144,11-07-2026,1,0,0
AT012912,W144,12-07-2026,0,0,0
AT012913,W144,13-07-2026,1,0,0
AT012914,W144,14-07-2026,1,0,0
AT012915,W144,15-07-2026,1,0,0
AT012916,W144,16-07-2026,1,1,0
AT012917,W144,17-07-2026,1,1,0
AT012918,W144,18-07-2026,1,2,0
AT012919,W144,19-07-2026,0,0,0
AT012920,W144,20-07-2026,1,0,0
AT012921,W144,21-07-2026,1,0,0
AT012922,W144,22-07-2026,1,0,0
AT012923,W144,23-07-2026,1,6,0
AT012924,W144,24-07-2026,1,0,0
AT012925,W144,25-07-2026,1,0,0
AT012926,W144,26-07-2026,0,0,0
AT012927,W144,27-07-2026,1,0,0
AT012928,W144,28-07-2026,1,0,0
AT012929,W144,29-07-2026,1,7,0
AT012930,W144,30-07-2026,1,0,0
AT012931,W144,31-07-2026,1,2,0
AT012932,W144,01-08-2026,1,0,0
AT012933,W144,02-08-2026,0,0,0
AT012934,W144,03-08-2026,1,3,0
AT012935,W144,04-08-2026,1,8,0
AT012936,W144,05-08-2026,1,6,0
AT012937,W144,06-08-2026,1,6,0
AT012938,W144,07-08-2026,1,4,0
AT012939,W144,08-08-2026,1,5,0
AT012940,W144,09-08-2026,0,0,0
AT012941,W144,10-08-2026,1,8,0
AT012942,W144,11-08-2026,1,7,0
AT012943,W144,12-08-2026,1,5,0
AT012944,W144,13-08-2026,1,8,0
AT012945,W144,14-08-2026,1,11,0
AT012946,W144,15-08-2026,1,5,0
AT012947,W144,16-08-2026,0,0,0
AT012948,W144,17-08-2026,1,5,0
AT012949,W144,18-08-2026,1,10,0
AT012950,W144,19-08-2026,1,4,0
AT012951,W144,20-08-2026,1,0,0
AT012952,W144,21-08-2026,1,3,0
AT012953,W144,22-08-2026,1,2,0
AT012954,W144,23-08-2026,0,0,0
AT012955,W144,24-08-2026,1,0,0
AT012956,W144,25-08-2026,1,3,0
AT012957,W144,26-08-2026,1,0,0
AT012958,W144,27-08-2026,1,4,0
AT012959,W144,28-08-2026,1,8,0
AT012960,W144,29-08-2026,1,3,0
AT012961,W145,01-06-2026,1,2,0
AT012962,W145,02-06-2026,1,0,0
AT012963,W145,03-06-2026,1,0,0
AT012964,W145,04-06-2026,1,6,0
AT012965,W145,05-06-2026,1,4,0
AT012966,W145,06-06-2026,1,0,0
AT012967,W145,07-06-2026,1,6,0
AT012968,W145,08-06-2026,1,6,0
AT012969,W145,09-06-2026,1,9,0
AT012970,W145,10-06-2026,1,1,0
AT012971,W145,11-06-2026,1,0,0
AT012972,W145,12-06-2026,1,0,0
AT012973,W145,13-06-2026,1,9,0
AT012974,W145,14-06-2026,0,0,0
AT012975,W145,15-06-2026,1,6,0
AT012976,W145,16-06-2026,1,1,0
AT012977,W145,17-06-2026,1,0,0
AT012978,W145,18-06-2026,1,5,0
AT012979,W145,19-06-2026,1,8,0
AT012980,W145,20-06-2026,1,0,0
AT012981,W145,21-06-2026,0,0,0
AT012982,W145,22-06-2026,0,0,1
AT012983,W145,23-06-2026,1,0,0
AT012984,W145,24-06-2026,1,7,0
AT012985,W145,25-06-2026,1,1,0
AT012986,W145,26-06-2026,1,4,0
AT012987,W145,27-06-2026,1,0,0
AT012988,W145,28-06-2026,0,0,0
AT012989,W145,29-06-2026,1,3,0
AT012990,W145,30-06-2026,1,7,0
AT012991,W145,01-07-2026,1,11,0
AT012992,W145,02-07-2026,1,8,0
AT012993,W145,03-07-2026,1,7,0
AT012994,W145,04-07-2026,1,1,0
AT012995,W145,05-07-2026,0,0,0
AT012996,W145,06-07-2026,1,12,0
AT012997,W145,07-07-2026,1,6,0
AT012998,W145,08-07-2026,1,0,0
AT012999,W145,09-07-2026,1,0,0
AT013000,W145,10-07-2026,1,2,0
AT013001,W145,11-07-2026,1,0,0
AT013002,W145,12-07-2026,0,0,0
AT013003,W145,13-07-2026,1,11,0
AT013004,W145,14-07-2026,1,0,0
AT013005,W145,15-07-2026,1,13,0
AT013006,W145,16-07-2026,1,2,0
AT013007,W145,17-07-2026,1,4,0
AT013008,W145,18-07-2026,1,8,0
AT013009,W145,19-07-2026,0,0,0
AT013010,W145,20-07-2026,1,6,0
AT013011,W145,21-07-2026,1,2,0
AT013012,W145,22-07-2026,1,2,0
AT013013,W145,23-07-2026,1,0,0
AT013014,W145,24-07-2026,1,3,0
AT013015,W145,25-07-2026,1,14,0
AT013016,W145,26-07-2026,1,0,0
AT013017,W145,27-07-2026,1,0,0
AT013018,W145,28-07-2026,1,0,0
AT013019,W145,29-07-2026,1,0,0
AT013020,W145,30-07-2026,1,1,0
AT013021,W145,31-07-2026,1,0,0
AT013022,W145,01-08-2026,1,13,0
AT013023,W145,02-08-2026,0,0,0
AT013024,W145,03-08-2026,1,11,0
AT013025,W145,04-08-2026,1,0,0
AT013026,W145,05-08-2026,1,0,0
AT013027,W145,06-08-2026,1,4,0
AT013028,W145,07-08-2026,0,0,1
AT013029,W145,08-08-2026,1,0,0
AT013030,W145,09-08-2026,0,0,0
AT013031,W145,10-08-2026,1,8,0
AT013032,W145,11-08-2026,1,7,0
AT013033,W145,12-08-2026,1,8,0
AT013034,W145,13-08-2026,1,7,0
AT013035,W145,14-08-2026,1,14,0
AT013036,W145,15-08-2026,1,5,0
AT013037,W145,16-08-2026,0,0,0
AT013038,W145,17-08-2026,1,2,0
AT013039,W145,18-08-2026,1,4,0
AT013040,W145,19-08-2026,1,0,0
AT013041,W145,20-08-2026,1,10,0
AT013042,W145,21-08-2026,1,0,0
AT013043,W145,22-08-2026,1,0,0
AT013044,W145,23-08-2026,0,0,0
AT013045,W145,24-08-2026,1,0,0
AT013046,W145,25-08-2026,1,3,0
AT013047,W145,26-08-2026,1,4,0
AT013048,W145,27-08-2026,1,0,0
AT013049,W145,28-08-2026,1,0,0
AT013050,W145,29-08-2026,1,2,0
AT013051,W146,01-06-2026,1,0,0
AT013052,W146,02-06-2026,1,0,0
AT013053,W146,03-06-2026,1,4,0
AT013054,W146,04-06-2026,1,5,0
AT013055,W146,05-06-2026,1,0,0
AT013056,W146,06-06-2026,1,1,0
AT013057,W146,07-06-2026,1,6,0
AT013058,W146,08-06-2026,1,18,0
AT013059,W146,09-06-2026,1,0,0
AT013060,W146,10-06-2026,1,8,0
AT013061,W146,11-06-2026,1,0,0
AT013062,W146,12-06-2026,1,4,0
AT013063,W146,13-06-2026,0,0,1
AT013064,W146,14-06-2026,0,0,0
AT013065,W146,15-06-2026,1,9,0
AT013066,W146,16-06-2026,1,0,0
AT013067,W146,17-06-2026,1,3,0
AT013068,W146,18-06-2026,1,5,0
AT013069,W146,19-06-2026,1,13,0
AT013070,W146,20-06-2026,1,5,0
AT013071,W146,21-06-2026,0,0,0
AT013072,W146,22-06-2026,1,6,0
AT013073,W146,23-06-2026,1,6,0
AT013074,W146,24-06-2026,1,7,0
AT013075,W146,25-06-2026,1,1,0
AT013076,W146,26-06-2026,1,6,0
AT013077,W146,27-06-2026,1,3,0
AT013078,W146,28-06-2026,0,0,0
AT013079,W146,29-06-2026,1,5,0
AT013080,W146,30-06-2026,1,1,0
AT013081,W146,01-07-2026,1,7,0
AT013082,W146,02-07-2026,1,2,0
AT013083,W146,03-07-2026,1,6,0
AT013084,W146,04-07-2026,1,10,0
AT013085,W146,05-07-2026,0,0,0
AT013086,W146,06-07-2026,1,7,0
AT013087,W146,07-07-2026,1,7,0
AT013088,W146,08-07-2026,1,9,0
AT013089,W146,09-07-2026,1,3,0
AT013090,W146,10-07-2026,1,1,0
AT013091,W146,11-07-2026,1,11,0
AT013092,W146,12-07-2026,0,0,0
AT013093,W146,13-07-2026,1,0,0
AT013094,W146,14-07-2026,1,3,0
AT013095,W146,15-07-2026,1,12,0
AT013096,W146,16-07-2026,1,5,0
AT013097,W146,17-07-2026,1,4,0
AT013098,W146,18-07-2026,1,0,0
AT013099,W146,19-07-2026,1,6,0
AT013100,W146,20-07-2026,1,4,0
AT013101,W146,21-07-2026,1,2,0
AT013102,W146,22-07-2026,1,9,0
AT013103,W146,23-07-2026,1,6,0
AT013104,W146,24-07-2026,1,6,0
AT013105,W146,25-07-2026,1,8,0
AT013106,W146,26-07-2026,0,0,0
AT013107,W146,27-07-2026,1,0,0
AT013108,W146,28-07-2026,1,7,0
AT013109,W146,29-07-2026,1,0,0
AT013110,W146,30-07-2026,1,6,0
AT013111,W146,31-07-2026,1,0,0
AT013112,W146,01-08-2026,1,0,0
AT013113,W146,02-08-2026,0,0,0
AT013114,W146,03-08-2026,1,8,0
AT013115,W146,04-08-2026,1,0,0
AT013116,W146,05-08-2026,1,0,0
AT013117,W146,06-08-2026,1,13,0
AT013118,W146,07-08-2026,1,7,0
AT013119,W146,08-08-2026,1,9,0
AT013120,W146,09-08-2026,0,0,0
AT013121,W146,10-08-2026,1,4,0
AT013122,W146,11-08-2026,1,5,0
AT013123,W146,12-08-2026,1,5,0
AT013124,W146,13-08-2026,1,0,0
AT013125,W146,14-08-2026,1,2,0
AT013126,W146,15-08-2026,1,0,0
AT013127,W146,16-08-2026,0,0,0
AT013128,W146,17-08-2026,1,8,0
AT013129,W146,18-08-2026,1,0,0
AT013130,W146,19-08-2026,1,9,0
AT013131,W146,20-08-2026,1,1,0
AT013132,W146,21-08-2026,1,6,0
AT013133,W146,22-08-2026,1,1,0
AT013134,W146,23-08-2026,0,0,0
AT013135,W146,24-08-2026,1,0,0
AT013136,W146,25-08-2026,1,7,0
AT013137,W146,26-08-2026,1,10,0
AT013138,W146,27-08-2026,1,0,0
AT013139,W146,28-08-2026,1,5,0
AT013140,W146,29-08-2026,1,0,0
AT013141,W147,01-06-2026,1,2,0
AT013142,W147,02-06-2026,1,0,0
AT013143,W147,03-06-2026,1,6,0
AT013144,W147,04-06-2026,1,8,0
AT013145,W147,05-06-2026,1,5,0
AT013146,W147,06-06-2026,1,0,0
AT013147,W147,07-06-2026,0,0,0
AT013148,W147,08-06-2026,1,2,0
AT013149,W147,09-06-2026,1,4,0
AT013150,W147,10-06-2026,0,0,1
AT013151,W147,11-06-2026,1,6,0
AT013152,W147,12-06-2026,1,8,0
AT013153,W147,13-06-2026,1,6,0
AT013154,W147,14-06-2026,0,0,0
AT013155,W147,15-06-2026,1,0,0
AT013156,W147,16-06-2026,1,3,0
AT013157,W147,17-06-2026,1,3,0
AT013158,W147,18-06-2026,1,9,0
AT013159,W147,19-06-2026,1,2,0
AT013160,W147,20-06-2026,1,0,0
AT013161,W147,21-06-2026,0,0,0
AT013162,W147,22-06-2026,1,11,0
AT013163,W147,23-06-2026,1,6,0
AT013164,W147,24-06-2026,1,5,0
AT013165,W147,25-06-2026,1,0,0
AT013166,W147,26-06-2026,1,8,0
AT013167,W147,27-06-2026,1,0,0
AT013168,W147,28-06-2026,0,0,0
AT013169,W147,29-06-2026,1,1,0
AT013170,W147,30-06-2026,1,3,0
AT013171,W147,01-07-2026,1,2,0
AT013172,W147,02-07-2026,1,9,0
AT013173,W147,03-07-2026,1,5,0
AT013174,W147,04-07-2026,1,0,0
AT013175,W147,05-07-2026,0,0,0
AT013176,W147,06-07-2026,1,6,0
AT013177,W147,07-07-2026,1,0,0
AT013178,W147,08-07-2026,0,0,1
AT013179,W147,09-07-2026,1,0,0
AT013180,W147,10-07-2026,1,0,0
AT013181,W147,11-07-2026,1,8,0
AT013182,W147,12-07-2026,0,0,0
AT013183,W147,13-07-2026,1,0,0
AT013184,W147,14-07-2026,1,2,0
AT013185,W147,15-07-2026,1,6,0
AT013186,W147,16-07-2026,1,0,0
AT013187,W147,17-07-2026,1,1,0
AT013188,W147,18-07-2026,1,4,0
AT013189,W147,19-07-2026,0,0,0
AT013190,W147,20-07-2026,1,2,0
AT013191,W147,21-07-2026,1,5,0
AT013192,W147,22-07-2026,1,6,0
AT013193,W147,23-07-2026,1,8,0
AT013194,W147,24-07-2026,1,1,0
AT013195,W147,25-07-2026,1,7,0
AT013196,W147,26-07-2026,1,0,0
AT013197,W147,27-07-2026,1,0,0
AT013198,W147,28-07-2026,1,7,0
AT013199,W147,29-07-2026,1,12,0
AT013200,W147,30-07-2026,1,15,0
AT013201,W147,31-07-2026,1,9,0
AT013202,W147,01-08-2026,1,4,0
AT013203,W147,02-08-2026,0,0,0
AT013204,W147,03-08-2026,1,12,0
AT013205,W147,04-08-2026,1,7,0
AT013206,W147,05-08-2026,1,4,0
AT013207,W147,06-08-2026,1,7,0
AT013208,W147,07-08-2026,1,2,0
AT013209,W147,08-08-2026,1,10,0
AT013210,W147,09-08-2026,0,0,0
AT013211,W147,10-08-2026,1,0,0
AT013212,W147,11-08-2026,1,0,0
AT013213,W147,12-08-2026,1,1,0
AT013214,W147,13-08-2026,1,0,0
AT013215,W147,14-08-2026,0,0,1
AT013216,W147,15-08-2026,1,3,0
AT013217,W147,16-08-2026,0,0,0
AT013218,W147,17-08-2026,1,0,0
AT013219,W147,18-08-2026,1,2,0
AT013220,W147,19-08-2026,1,0,0
AT013221,W147,20-08-2026,1,2,0
AT013222,W147,21-08-2026,1,0,0
AT013223,W147,22-08-2026,1,11,0
AT013224,W147,23-08-2026,0,0,0
AT013225,W147,24-08-2026,1,0,0
AT013226,W147,25-08-2026,1,7,0
AT013227,W147,26-08-2026,1,3,0
AT013228,W147,27-08-2026,1,6,0
AT013229,W147,28-08-2026,1,0,0
AT013230,W147,29-08-2026,1,5,0
AT013231,W148,01-06-2026,1,15,0
AT013232,W148,02-06-2026,1,1,0
AT013233,W148,03-06-2026,0,0,1
AT013234,W148,04-06-2026,1,2,0
AT013235,W148,05-06-2026,1,10,0
AT013236,W148,06-06-2026,1,6,0
AT013237,W148,07-06-2026,0,0,0
AT013238,W148,08-06-2026,1,6,0
AT013239,W148,09-06-2026,1,0,0
AT013240,W148,10-06-2026,1,19,0
AT013241,W148,11-06-2026,1,5,0
AT013242,W148,12-06-2026,1,11,0
AT013243,W148,13-06-2026,1,13,0
AT013244,W148,14-06-2026,1,8,0
AT013245,W148,15-06-2026,1,1,0
AT013246,W148,16-06-2026,1,2,0
AT013247,W148,17-06-2026,1,1,0
AT013248,W148,18-06-2026,1,1,0
AT013249,W148,19-06-2026,1,4,0
AT013250,W148,20-06-2026,1,5,0
AT013251,W148,21-06-2026,1,8,0
AT013252,W148,22-06-2026,1,7,0
AT013253,W148,23-06-2026,1,11,0
AT013254,W148,24-06-2026,1,6,0
AT013255,W148,25-06-2026,1,1,0
AT013256,W148,26-06-2026,1,4,0
AT013257,W148,27-06-2026,1,4,0
AT013258,W148,28-06-2026,1,3,0
AT013259,W148,29-06-2026,1,8,0
AT013260,W148,30-06-2026,1,9,0
AT013261,W148,01-07-2026,1,6,0
AT013262,W148,02-07-2026,0,0,1
AT013263,W148,03-07-2026,1,5,0
AT013264,W148,04-07-2026,1,4,0
AT013265,W148,05-07-2026,0,0,0
AT013266,W148,06-07-2026,1,1,0
AT013267,W148,07-07-2026,1,0,0
AT013268,W148,08-07-2026,1,0,0
AT013269,W148,09-07-2026,1,7,0
AT013270,W148,10-07-2026,1,1,0
AT013271,W148,11-07-2026,1,6,0
AT013272,W148,12-07-2026,0,0,0
AT013273,W148,13-07-2026,1,7,0
AT013274,W148,14-07-2026,1,0,0
AT013275,W148,15-07-2026,1,9,0
AT013276,W148,16-07-2026,1,2,0
AT013277,W148,17-07-2026,1,10,0
AT013278,W148,18-07-2026,1,10,0
AT013279,W148,19-07-2026,0,0,0
AT013280,W148,20-07-2026,1,0,0
AT013281,W148,21-07-2026,1,5,0
AT013282,W148,22-07-2026,1,0,0
AT013283,W148,23-07-2026,1,1,0
AT013284,W148,24-07-2026,1,0,0
AT013285,W148,25-07-2026,1,5,0
AT013286,W148,26-07-2026,0,0,0
AT013287,W148,27-07-2026,1,17,0
AT013288,W148,28-07-2026,1,10,0
AT013289,W148,29-07-2026,0,0,1
AT013290,W148,30-07-2026,0,0,1
AT013291,W148,31-07-2026,1,0,0
AT013292,W148,01-08-2026,0,0,1
AT013293,W148,02-08-2026,1,9,0
AT013294,W148,03-08-2026,1,7,0
AT013295,W148,04-08-2026,1,9,0
AT013296,W148,05-08-2026,1,8,0
AT013297,W148,06-08-2026,1,11,0
AT013298,W148,07-08-2026,1,3,0
AT013299,W148,08-08-2026,1,2,0
AT013300,W148,09-08-2026,0,0,0
AT013301,W148,10-08-2026,1,5,0
AT013302,W148,11-08-2026,1,8,0
AT013303,W148,12-08-2026,1,5,0
AT013304,W148,13-08-2026,1,15,0
AT013305,W148,14-08-2026,1,10,0
AT013306,W148,15-08-2026,1,8,0
AT013307,W148,16-08-2026,0,0,0
AT013308,W148,17-08-2026,1,7,0
AT013309,W148,18-08-2026,1,2,0
AT013310,W148,19-08-2026,1,6,0
AT013311,W148,20-08-2026,1,6,0
AT013312,W148,21-08-2026,1,6,0
AT013313,W148,22-08-2026,1,12,0
AT013314,W148,23-08-2026,0,0,0
AT013315,W148,24-08-2026,1,2,0
AT013316,W148,25-08-2026,1,0,0
AT013317,W148,26-08-2026,1,2,0
AT013318,W148,27-08-2026,1,10,0
AT013319,W148,28-08-2026,1,7,0
AT013320,W148,29-08-2026,1,7,0
AT013321,W149,01-06-2026,1,11,0
AT013322,W149,02-06-2026,1,9,0
AT013323,W149,03-06-2026,1,6,0
AT013324,W149,04-06-2026,1,13,0
AT013325,W149,05-06-2026,1,6,0
AT013326,W149,06-06-2026,1,4,0
AT013327,W149,07-06-2026,0,0,0
AT013328,W149,08-06-2026,1,0,0
AT013329,W149,09-06-2026,1,10,0
AT013330,W149,10-06-2026,1,11,0
AT013331,W149,11-06-2026,1,1,0
AT013332,W149,12-06-2026,1,14,0
AT013333,W149,13-06-2026,1,12,0
AT013334,W149,14-06-2026,0,0,0
AT013335,W149,15-06-2026,1,5,0
AT013336,W149,16-06-2026,1,8,0
AT013337,W149,17-06-2026,1,6,0
AT013338,W149,18-06-2026,1,0,0
AT013339,W149,19-06-2026,1,0,0
AT013340,W149,20-06-2026,1,13,0
AT013341,W149,21-06-2026,1,11,0
AT013342,W149,22-06-2026,1,0,0
AT013343,W149,23-06-2026,1,4,0
AT013344,W149,24-06-2026,1,9,0
AT013345,W149,25-06-2026,1,0,0
AT013346,W149,26-06-2026,1,2,0
AT013347,W149,27-06-2026,1,14,0
AT013348,W149,28-06-2026,0,0,0
AT013349,W149,29-06-2026,1,9,0
AT013350,W149,30-06-2026,1,12,0
AT013351,W149,01-07-2026,1,9,0
AT013352,W149,02-07-2026,1,5,0
AT013353,W149,03-07-2026,1,7,0
AT013354,W149,04-07-2026,1,8,0
AT013355,W149,05-07-2026,0,0,0
AT013356,W149,06-07-2026,1,4,0
AT013357,W149,07-07-2026,1,7,0
AT013358,W149,08-07-2026,1,0,0
AT013359,W149,09-07-2026,1,0,0
AT013360,W149,10-07-2026,1,9,0
AT013361,W149,11-07-2026,1,7,0
AT013362,W149,12-07-2026,0,0,0
AT013363,W149,13-07-2026,1,5,0
AT013364,W149,14-07-2026,0,0,1
AT013365,W149,15-07-2026,1,9,0
AT013366,W149,16-07-2026,1,4,0
AT013367,W149,17-07-2026,1,3,0
AT013368,W149,18-07-2026,1,2,0
AT013369,W149,19-07-2026,0,0,0
AT013370,W149,20-07-2026,1,3,0
AT013371,W149,21-07-2026,1,10,0
AT013372,W149,22-07-2026,1,4,0
AT013373,W149,23-07-2026,1,6,0
AT013374,W149,24-07-2026,1,5,0
AT013375,W149,25-07-2026,1,15,0
AT013376,W149,26-07-2026,1,10,0
AT013377,W149,27-07-2026,1,6,0
AT013378,W149,28-07-2026,1,10,0
AT013379,W149,29-07-2026,1,7,0
AT013380,W149,30-07-2026,1,13,0
AT013381,W149,31-07-2026,1,9,0
AT013382,W149,01-08-2026,1,0,0
AT013383,W149,02-08-2026,0,0,0
AT013384,W149,03-08-2026,1,11,0
AT013385,W149,04-08-2026,1,15,0
AT013386,W149,05-08-2026,1,8,0
AT013387,W149,06-08-2026,1,11,0
AT013388,W149,07-08-2026,1,6,0
AT013389,W149,08-08-2026,1,8,0
AT013390,W149,09-08-2026,0,0,0
AT013391,W149,10-08-2026,1,0,0
AT013392,W149,11-08-2026,1,11,0
AT013393,W149,12-08-2026,1,8,0
AT013394,W149,13-08-2026,1,6,0
AT013395,W149,14-08-2026,0,0,1
AT013396,W149,15-08-2026,1,4,0
AT013397,W149,16-08-2026,1,6,0
AT013398,W149,17-08-2026,1,8,0
AT013399,W149,18-08-2026,1,13,0
AT013400,W149,19-08-2026,0,0,1
AT013401,W149,20-08-2026,1,4,0
AT013402,W149,21-08-2026,1,8,0
AT013403,W149,22-08-2026,1,14,0
AT013404,W149,23-08-2026,0,0,0
AT013405,W149,24-08-2026,1,13,0
AT013406,W149,25-08-2026,1,0,0
AT013407,W149,26-08-2026,1,0,0
AT013408,W149,27-08-2026,1,4,0
AT013409,W149,28-08-2026,1,10,0
AT013410,W149,29-08-2026,1,13,0
AT013411,W150,01-06-2026,1,9,0
AT013412,W150,02-06-2026,1,0,0
AT013413,W150,03-06-2026,1,0,0
AT013414,W150,04-06-2026,1,4,0
AT013415,W150,05-06-2026,1,0,0
AT013416,W150,06-06-2026,1,9,0
AT013417,W150,07-06-2026,0,0,0
AT013418,W150,08-06-2026,0,0,1
AT013419,W150,09-06-2026,1,10,0
AT013420,W150,10-06-2026,1,3,0
AT013421,W150,11-06-2026,1,2,0
AT013422,W150,12-06-2026,1,8,0
AT013423,W150,13-06-2026,1,0,0
AT013424,W150,14-06-2026,0,0,0
AT013425,W150,15-06-2026,1,4,0
AT013426,W150,16-06-2026,0,0,1
AT013427,W150,17-06-2026,1,8,0
AT013428,W150,18-06-2026,1,2,0
AT013429,W150,19-06-2026,1,5,0
AT013430,W150,20-06-2026,0,0,1
AT013431,W150,21-06-2026,0,0,0
AT013432,W150,22-06-2026,1,3,0
AT013433,W150,23-06-2026,1,0,0
AT013434,W150,24-06-2026,1,1,0
AT013435,W150,25-06-2026,1,0,0
AT013436,W150,26-06-2026,1,6,0
AT013437,W150,27-06-2026,1,10,0
AT013438,W150,28-06-2026,0,0,0
AT013439,W150,29-06-2026,1,3,0
AT013440,W150,30-06-2026,1,4,0
AT013441,W150,01-07-2026,1,4,0
AT013442,W150,02-07-2026,0,0,1
AT013443,W150,03-07-2026,1,0,0
AT013444,W150,04-07-2026,1,3,0
AT013445,W150,05-07-2026,1,0,0
AT013446,W150,06-07-2026,1,3,0
AT013447,W150,07-07-2026,1,5,0
AT013448,W150,08-07-2026,0,0,1
AT013449,W150,09-07-2026,1,1,0
AT013450,W150,10-07-2026,1,7,0
AT013451,W150,11-07-2026,1,0,0
AT013452,W150,12-07-2026,0,0,0
AT013453,W150,13-07-2026,1,7,0
AT013454,W150,14-07-2026,0,0,1
AT013455,W150,15-07-2026,1,0,0
AT013456,W150,16-07-2026,1,0,0
AT013457,W150,17-07-2026,1,5,0
AT013458,W150,18-07-2026,1,0,0
AT013459,W150,19-07-2026,0,0,0
AT013460,W150,20-07-2026,1,3,0
AT013461,W150,21-07-2026,1,4,0
AT013462,W150,22-07-2026,1,5,0
AT013463,W150,23-07-2026,1,6,0
AT013464,W150,24-07-2026,1,5,0
AT013465,W150,25-07-2026,1,0,0
AT013466,W150,26-07-2026,0,0,0
AT013467,W150,27-07-2026,1,12,0
AT013468,W150,28-07-2026,1,0,0
AT013469,W150,29-07-2026,1,10,0
AT013470,W150,30-07-2026,1,7,0
AT013471,W150,31-07-2026,1,0,0
AT013472,W150,01-08-2026,1,6,0
AT013473,W150,02-08-2026,0,0,0
AT013474,W150,03-08-2026,1,14,0
AT013475,W150,04-08-2026,1,1,0
AT013476,W150,05-08-2026,1,0,0
AT013477,W150,06-08-2026,1,5,0
AT013478,W150,07-08-2026,1,0,0
AT013479,W150,08-08-2026,1,5,0
AT013480,W150,09-08-2026,0,0,0
AT013481,W150,10-08-2026,1,6,0
AT013482,W150,11-08-2026,1,4,0
AT013483,W150,12-08-2026,1,11,0
AT013484,W150,13-08-2026,1,4,0
AT013485,W150,14-08-2026,1,0,0
AT013486,W150,15-08-2026,1,7,0
AT013487,W150,16-08-2026,0,0,0
AT013488,W150,17-08-2026,1,15,0
AT013489,W150,18-08-2026,1,10,0
AT013490,W150,19-08-2026,1,5,0
AT013491,W150,20-08-2026,1,1,0
AT013492,W150,21-08-2026,1,0,0
AT013493,W150,22-08-2026,1,0,0
AT013494,W150,23-08-2026,1,0,0
AT013495,W150,24-08-2026,1,3,0
AT013496,W150,25-08-2026,1,5,0
AT013497,W150,26-08-2026,1,0,0
AT013498,W150,27-08-2026,1,2,0
AT013499,W150,28-08-2026,1,5,0
AT013500,W150,29-08-2026,1,8,0
