Record_ID,Worker_ID,Project_ID,Activity_ID,Date,Shift,Hours_Worked,Overtime_Hours,Break_Minutes,Workload_Level,Output_Units,Expected_Output,Productivity_Index,Consecutive_Days
R000001,W001,P004,A07,01-06-2026,Day,10.6,2.6,40,Low,52,65,0.798,1
R000002,W001,P004,A01,02-06-2026,Day,9.2,1.2,42,High,63,90,0.695,2
R000003,W001,P004,A01,03-06-2026,Day,12,4,44,Medium,54,74,0.729,3
R000004,W001,P004,A05,04-06-2026,Day,8,0,50,Medium,70,89,0.783,4
R000005,W001,P004,A07,05-06-2026,Day,8.9,0.9,57,Medium,88,98,0.895,5
R000006,W001,P004,A03,06-06-2026,Day,8.3,0.3,44,Low,52,62,0.839,6
R000007,W001,P004,A01,08-06-2026,Day,8,0,42,High,79,87,0.91,1
R000008,W001,P004,A06,09-06-2026,Day,9.7,1.7,58,Low,72,83,0.871,2
R000009,W001,P004,A04,10-06-2026,Day,8.9,0.9,37,Medium,66,80,0.826,3
R000010,W001,P004,A05,11-06-2026,Day,11,3,46,Low,56,67,0.836,4
R000011,W001,P004,A02,12-06-2026,Day,10.8,2.8,47,Low,67,92,0.726,5
R000012,W001,P004,A02,13-06-2026,Day,9.7,1.7,52,High,61,82,0.75,6
R000013,W001,P004,A04,15-06-2026,Day,8.2,0.2,34,Low,76,94,0.807,1
R000014,W001,P004,A06,16-06-2026,Night,9.2,1.2,53,Medium,56,80,0.704,2
R000015,W001,P004,A06,17-06-2026,Day,8.7,0.7,37,Low,67,87,0.77,3
R000016,W001,P004,A03,18-06-2026,Day,8.9,0.9,45,Medium,69,95,0.73,4
R000017,W001,P004,A04,19-06-2026,Day,9.4,1.4,36,Low,55,67,0.817,5
R000018,W001,P004,A04,20-06-2026,Day,8.2,0.2,38,Medium,84,94,0.896,6
R000019,W001,P004,A08,22-06-2026,Day,8,0,41,Medium,61,77,0.792,1
R000020,W001,P004,A08,23-06-2026,Day,10.2,2.2,46,Low,79,96,0.822,2
R000021,W001,P004,A01,24-06-2026,Day,8.8,0.8,46,Low,53,67,0.798,3
R000022,W001,P004,A04,25-06-2026,Day,9.4,1.4,45,Critical,51,72,0.71,4
R000023,W001,P004,A09,26-06-2026,Day,8,0,54,Medium,54,65,0.824,5
R000024,W001,P004,A09,27-06-2026,Night,8,0,45,Low,70,82,0.857,6
R000025,W001,P004,A02,29-06-2026,Day,9.5,1.5,52,High,50,65,0.777,1
R000026,W001,P004,A02,30-06-2026,Day,10.3,2.3,53,Low,77,92,0.84,2
R000027,W001,P004,A01,01-07-2026,Day,8,0,45,Critical,73,91,0.802,3
R000028,W001,P004,A07,02-07-2026,Day,10.5,2.5,40,Low,50,66,0.764,4
R000029,W001,P004,A03,03-07-2026,Day,9.8,1.8,58,Low,65,86,0.759,5
R000030,W001,P004,A07,04-07-2026,Day,8,0,58,Low,56,64,0.877,6
R000031,W001,P004,A06,06-07-2026,Day,9.6,1.6,35,Low,62,77,0.811,1
R000032,W001,P004,A08,07-07-2026,Night,10.1,2.1,32,High,72,99,0.731,2
R000033,W001,P004,A06,08-07-2026,Day,8.9,0.9,44,Low,56,67,0.837,3
R000034,W001,P004,A05,09-07-2026,Day,9.2,1.2,36,Medium,63,91,0.692,4
R000035,W001,P004,A04,10-07-2026,Day,10.5,2.5,47,High,59,84,0.697,5
R000036,W001,P004,A05,11-07-2026,Day,9,1,36,Low,62,76,0.812,6
R000037,W001,P004,A06,13-07-2026,Day,9.2,1.2,47,Low,80,91,0.875,1
R000038,W001,P004,A08,14-07-2026,Day,8.9,0.9,50,Low,73,81,0.896,2
R000039,W001,P004,A04,15-07-2026,Night,9.3,1.3,35,Low,65,81,0.804,3
R000040,W001,P004,A07,16-07-2026,Day,9.7,1.7,42,Low,51,64,0.8,4
R000041,W001,P004,A08,17-07-2026,Day,10.5,2.5,54,Medium,60,81,0.743,5
R000042,W001,P004,A07,18-07-2026,Day,9.5,1.5,36,Low,49,63,0.785,6
R000043,W001,P004,A01,20-07-2026,Day,8.6,0.6,59,Low,54,63,0.863,1
R000044,W001,P004,A06,21-07-2026,Day,9,1,53,Medium,71,90,0.784,2
R000045,W001,P004,A02,22-07-2026,Night,8.9,0.9,46,Medium,52,63,0.833,3
R000046,W001,P004,A04,23-07-2026,Day,8,0,48,Medium,50,65,0.773,4
R000047,W001,P004,A09,24-07-2026,Day,8.5,0.5,35,Low,79,98,0.805,5
R000048,W001,P004,A01,25-07-2026,Day,9.3,1.3,47,Low,72,89,0.808,6
R000049,W001,P004,A07,27-07-2026,Day,8.8,0.8,45,Medium,63,80,0.793,1
R000050,W001,P004,A06,28-07-2026,Day,10,2,49,Medium,69,80,0.857,2
R000051,W001,P004,A05,29-07-2026,Day,10.7,2.7,48,Critical,77,93,0.827,3
R000052,W001,P004,A05,30-07-2026,Day,9,1,48,Medium,83,98,0.844,4
R000053,W001,P004,A03,31-07-2026,Night,9.6,1.6,40,High,57,81,0.703,5
R000054,W001,P004,A07,01-08-2026,Day,9.4,1.4,37,Low,73,92,0.794,6
R000055,W001,P004,A01,03-08-2026,Night,9.2,1.2,41,High,84,99,0.848,1
R000056,W001,P004,A09,04-08-2026,Day,9.5,1.5,42,Low,77,96,0.797,2
R000057,W001,P004,A08,05-08-2026,Night,9,1,47,Low,50,63,0.787,3
R000058,W001,P004,A01,06-08-2026,Day,10.3,2.3,42,High,44,68,0.649,4
R000059,W001,P004,A09,07-08-2026,Day,10.7,2.7,38,Medium,64,82,0.781,5
R000060,W001,P004,A05,08-08-2026,Day,8.2,0.2,41,Low,56,68,0.824,6
R000061,W001,P004,A01,10-08-2026,Day,8,0,49,Low,84,92,0.913,1
R000062,W001,P004,A04,11-08-2026,Day,8.7,0.7,44,Low,90,99,0.904,2
R000063,W001,P004,A03,12-08-2026,Day,9.5,1.5,52,Medium,70,78,0.904,3
R000064,W001,P004,A09,13-08-2026,Day,9.6,1.6,50,Low,77,87,0.889,4
R000065,W001,P004,A02,14-08-2026,Day,8.4,0.4,45,Low,69,79,0.879,5
R000066,W001,P004,A02,15-08-2026,Day,9.3,1.3,35,Low,69,88,0.782,6
R000067,W001,P004,A04,17-08-2026,Day,9.1,1.1,45,Medium,50,60,0.84,1
R000068,W001,P004,A05,18-08-2026,Day,8,0,32,Low,63,72,0.87,2
R000069,W001,P004,A06,19-08-2026,Night,8.7,0.7,40,High,66,80,0.822,3
R000070,W001,P004,A08,20-08-2026,Day,8.4,0.4,30,High,49,71,0.687,4
R000071,W001,P004,A08,21-08-2026,Day,9.6,1.6,41,Medium,74,92,0.802,5
R000072,W001,P004,A05,22-08-2026,Day,8.2,0.2,55,High,61,72,0.853,6
R000073,W001,P004,A04,24-08-2026,Day,10.7,2.7,47,Medium,65,74,0.881,1
R000074,W001,P004,A05,25-08-2026,Night,10.8,2.8,37,High,64,93,0.69,2
R000075,W001,P004,A06,26-08-2026,Day,8.7,0.7,34,Medium,76,96,0.796,3
R000076,W001,P004,A03,27-08-2026,Day,10.4,2.4,45,High,57,71,0.808,4
R000077,W001,P004,A04,28-08-2026,Day,9.4,1.4,43,High,64,86,0.75,5
R000078,W001,P004,A06,29-08-2026,Day,10.1,2.1,23,Critical,43,68,0.633,6
R000079,W002,P001,A06,01-06-2026,Day,9.9,1.9,52,High,47,62,0.758,1
R000080,W002,P001,A07,02-06-2026,Day,9.3,1.3,42,Critical,47,72,0.657,2
R000081,W002,P001,A01,03-06-2026,Day,9.2,1.2,34,High,72,96,0.747,3
R000082,W002,P001,A08,04-06-2026,Day,10.1,2.1,44,Critical,51,76,0.674,4
R000083,W002,P001,A08,05-06-2026,Day,8.6,0.6,56,High,52,76,0.69,5
R000084,W002,P001,A04,06-06-2026,Night,9.9,1.9,49,High,55,78,0.701,6
R000085,W002,P001,A04,08-06-2026,Night,9.4,1.4,36,Medium,44,61,0.72,1
R000086,W002,P001,A09,09-06-2026,Day,10.3,2.3,43,Low,79,99,0.801,2
R000087,W002,P001,A01,10-06-2026,Day,9.1,1.1,43,Medium,48,72,0.666,3
R000088,W002,P001,A04,11-06-2026,Day,10.4,2.4,43,Medium,62,90,0.692,4
R000089,W002,P001,A09,12-06-2026,Day,8.6,0.6,26,Medium,64,81,0.795,5
R000090,W002,P001,A03,13-06-2026,Day,11.6,3.6,31,Medium,40,63,0.631,6
R000091,W002,P001,A02,14-06-2026,Day,10.9,2.9,37,High,44,65,0.681,7
R000092,W002,P001,A06,15-06-2026,Day,10,2,24,Critical,56,96,0.586,8
R000093,W002,P001,A08,16-06-2026,Day,11,3,31,Low,58,78,0.749,9
R000094,W002,P001,A01,17-06-2026,Day,10.9,2.9,49,Low,49,66,0.744,10
R000095,W002,P001,A01,18-06-2026,Day,11.9,3.9,45,Medium,57,93,0.608,11
R000096,W002,P001,A09,19-06-2026,Day,11.8,3.8,47,High,46,69,0.664,12
R000097,W002,P001,A05,20-06-2026,Day,11,3,46,High,51,85,0.597,13
R000098,W002,P001,A06,22-06-2026,Day,10,2,40,Medium,59,71,0.829,1
R000099,W002,P001,A01,23-06-2026,Night,11.3,3.3,36,Low,68,93,0.731,2
R000100,W002,P001,A08,24-06-2026,Day,9.8,1.8,29,Low,61,85,0.721,3
R000101,W002,P001,A03,25-06-2026,Day,10.3,2.3,49,Medium,62,90,0.693,4
R000102,W002,P001,A01,26-06-2026,Day,9.6,1.6,26,Medium,58,80,0.727,5
R000103,W002,P001,A01,27-06-2026,Day,9.5,1.5,43,Low,50,65,0.773,6
R000104,W002,P001,A01,29-06-2026,Day,8.3,0.3,43,Medium,63,76,0.823,1
R000105,W002,P001,A07,30-06-2026,Day,8.3,0.3,42,High,77,95,0.808,2
R000106,W002,P001,A09,01-07-2026,Day,9.9,1.9,35,High,44,69,0.64,3
R000107,W002,P001,A07,02-07-2026,Day,9.5,1.5,26,Medium,62,88,0.704,4
R000108,W002,P001,A07,06-07-2026,Night,9.8,1.8,40,Medium,63,80,0.785,1
R000109,W002,P001,A09,07-07-2026,Night,10.9,2.9,28,Low,58,78,0.748,2
R000110,W002,P001,A02,08-07-2026,Day,9.7,1.7,34,High,72,93,0.776,3
R000111,W002,P001,A01,09-07-2026,Day,12.2,4.2,38,High,64,99,0.643,4
R000112,W002,P001,A04,10-07-2026,Day,8.6,0.6,37,Low,79,96,0.826,5
R000113,W002,P001,A06,11-07-2026,Day,8.1,0.1,40,High,64,93,0.692,6
R000114,W002,P001,A04,13-07-2026,Day,10.1,2.1,30,Low,74,98,0.751,1
R000115,W002,P001,A05,14-07-2026,Day,8.7,0.7,42,High,44,60,0.726,2
R000116,W002,P001,A04,15-07-2026,Night,9.5,1.5,40,High,80,92,0.872,3
R000117,W002,P001,A05,16-07-2026,Day,9.3,1.3,31,High,55,79,0.699,4
R000118,W002,P001,A08,17-07-2026,Day,11.7,3.7,36,Medium,49,70,0.7,5
R000119,W002,P001,A08,18-07-2026,Day,8.1,0.1,36,Medium,47,63,0.741,6
R000120,W002,P001,A06,20-07-2026,Day,8.8,0.8,29,Critical,46,64,0.72,1
R000121,W002,P001,A01,21-07-2026,Day,9.1,1.1,45,Medium,81,97,0.835,2
R000122,W002,P001,A08,22-07-2026,Day,9,1,29,Low,50,62,0.807,3
R000123,W002,P001,A02,23-07-2026,Day,8.8,0.8,44,Medium,72,87,0.824,4
R000124,W002,P001,A08,24-07-2026,Day,11.3,3.3,44,Medium,56,86,0.653,5
R000125,W002,P001,A02,25-07-2026,Day,8.2,0.2,39,Medium,59,79,0.747,6
R000126,W002,P001,A09,26-07-2026,Day,9,1,45,High,61,77,0.79,7
R000127,W002,P001,A04,27-07-2026,Day,8.6,0.6,40,Low,64,76,0.84,8
R000128,W002,P001,A06,28-07-2026,Day,10.5,2.5,56,Low,68,97,0.696,9
R000129,W002,P001,A06,29-07-2026,Day,9.8,1.8,42,Medium,53,83,0.636,10
R000130,W002,P001,A06,30-07-2026,Day,9.9,1.9,46,High,56,78,0.724,11
R000131,W002,P001,A03,31-07-2026,Day,8.9,0.9,40,Low,66,91,0.73,12
R000132,W002,P001,A09,01-08-2026,Day,9.5,1.5,35,Medium,47,64,0.731,13
R000133,W002,P001,A05,03-08-2026,Day,10.3,2.3,47,Medium,65,81,0.801,1
R000134,W002,P001,A02,04-08-2026,Day,9.5,1.5,59,Low,64,78,0.82,2
R000135,W002,P001,A07,05-08-2026,Day,10.6,2.6,33,Medium,54,72,0.753,3
R000136,W002,P001,A04,06-08-2026,Day,9.4,1.4,35,High,43,66,0.652,4
R000137,W002,P001,A04,07-08-2026,Day,8.7,0.7,30,Low,70,87,0.802,5
R000138,W002,P001,A07,08-08-2026,Day,8,0,36,Medium,57,70,0.812,6
R000139,W002,P001,A07,10-08-2026,Day,9.7,1.7,39,Medium,57,74,0.774,1
R000140,W002,P001,A05,11-08-2026,Day,11.3,3.3,28,Low,59,90,0.661,2
R000141,W002,P001,A02,12-08-2026,Day,9.2,1.2,49,Medium,82,91,0.901,3
R000142,W002,P001,A03,13-08-2026,Day,9.7,1.7,41,Medium,64,85,0.755,4
R000143,W002,P001,A05,14-08-2026,Day,9.1,1.1,33,Medium,50,71,0.7,5
R000144,W002,P001,A01,15-08-2026,Day,10.7,2.7,40,Medium,42,60,0.706,6
R000145,W002,P001,A02,17-08-2026,Day,10.3,2.3,45,Low,55,67,0.815,1
R000146,W002,P001,A06,18-08-2026,Day,9.5,1.5,45,Critical,68,97,0.702,2
R000147,W002,P001,A01,20-08-2026,Day,10.8,2.8,25,Low,73,94,0.774,1
R000148,W002,P001,A04,22-08-2026,Day,10.5,2.5,50,Low,60,74,0.808,1
R000149,W002,P001,A08,24-08-2026,Day,10.6,2.6,48,Medium,71,93,0.761,1
R000150,W002,P001,A09,25-08-2026,Day,10.9,2.9,44,High,61,86,0.713,2
R000151,W002,P001,A05,26-08-2026,Night,11.1,3.1,42,Medium,50,74,0.671,3
R000152,W002,P001,A09,28-08-2026,Day,9.4,1.4,23,High,60,97,0.618,1
R000153,W002,P001,A07,29-08-2026,Day,10,2,41,High,60,88,0.683,2
R000154,W003,P003,A06,01-06-2026,Night,12,4,34,High,53,68,0.782,1
R000155,W003,P003,A01,02-06-2026,Day,9.3,1.3,38,Critical,55,76,0.721,2
R000156,W003,P003,A07,03-06-2026,Day,8.6,0.6,38,Medium,67,88,0.756,3
R000157,W003,P003,A09,04-06-2026,Day,8.9,0.9,49,Low,64,82,0.785,4
R000158,W003,P003,A07,05-06-2026,Day,10.4,2.4,40,Critical,69,93,0.747,5
R000159,W003,P003,A09,06-06-2026,Day,9.8,1.8,42,Medium,49,68,0.728,6
R000160,W003,P003,A09,08-06-2026,Day,9.1,1.1,44,Medium,62,85,0.729,1
R000161,W003,P003,A05,09-06-2026,Day,9.6,1.6,21,High,65,91,0.715,2
R000162,W003,P003,A08,10-06-2026,Day,9.2,1.2,45,Low,69,84,0.823,3
R000163,W003,P003,A01,11-06-2026,Day,10.6,2.6,41,Low,54,76,0.705,4
R000164,W003,P003,A03,12-06-2026,Day,9.2,1.2,54,Low,48,61,0.788,5
R000165,W003,P003,A06,13-06-2026,Night,9.1,1.1,43,Low,56,74,0.76,6
R000166,W003,P003,A07,15-06-2026,Day,10.2,2.2,43,Low,69,86,0.797,1
R000167,W003,P003,A02,16-06-2026,Night,8,0,30,High,48,67,0.713,2
R000168,W003,P003,A01,17-06-2026,Night,9.6,1.6,54,Low,52,61,0.853,3
R000169,W003,P003,A05,18-06-2026,Day,8,0,25,Medium,62,78,0.799,4
R000170,W003,P003,A04,19-06-2026,Day,9.2,1.2,33,Critical,61,84,0.723,5
R000171,W003,P003,A03,20-06-2026,Day,9.6,1.6,34,Medium,74,90,0.827,6
R000172,W003,P003,A04,22-06-2026,Day,8,0,27,Medium,60,74,0.804,1
R000173,W003,P003,A07,23-06-2026,Day,10.7,2.7,44,Medium,51,62,0.821,2
R000174,W003,P003,A04,24-06-2026,Night,8.5,0.5,54,Low,76,89,0.853,3
R000175,W003,P003,A09,25-06-2026,Night,8.6,0.6,43,Medium,76,99,0.765,4
R000176,W003,P003,A07,26-06-2026,Day,9.6,1.6,38,Low,67,85,0.793,5
R000177,W003,P003,A03,27-06-2026,Day,8.3,0.3,36,Low,54,65,0.831,6
R000178,W003,P003,A02,29-06-2026,Day,9.1,1.1,39,Medium,59,74,0.794,1
R000179,W003,P003,A09,30-06-2026,Day,9.6,1.6,37,High,39,60,0.653,2
R000180,W003,P003,A04,01-07-2026,Night,9,1,32,High,66,90,0.73,3
R000181,W003,P003,A08,02-07-2026,Day,10.8,2.8,43,Medium,72,88,0.823,4
R000182,W003,P003,A01,03-07-2026,Day,10.6,2.6,40,High,72,99,0.729,5
R000183,W003,P003,A04,04-07-2026,Night,8.7,0.7,50,Critical,60,79,0.759,6
R000184,W003,P003,A03,06-07-2026,Day,8.1,0.1,41,High,54,84,0.648,1
R000185,W003,P003,A07,07-07-2026,Day,8.8,0.8,38,Low,53,70,0.758,2
R000186,W003,P003,A05,09-07-2026,Day,8,0,36,Low,62,71,0.875,1
R000187,W003,P003,A03,10-07-2026,Day,9.8,1.8,32,Low,58,76,0.765,2
R000188,W003,P003,A05,11-07-2026,Day,8.4,0.4,48,High,70,88,0.792,3
R000189,W003,P003,A06,13-07-2026,Day,9.2,1.2,34,Low,75,95,0.788,1
R000190,W003,P003,A03,14-07-2026,Day,8.3,0.3,44,High,55,74,0.737,2
R000191,W003,P003,A08,16-07-2026,Day,9.5,1.5,41,Medium,48,63,0.757,1
R000192,W003,P003,A02,17-07-2026,Day,8.8,0.8,27,Medium,55,75,0.731,2
R000193,W003,P003,A08,18-07-2026,Day,8.7,0.7,49,Low,72,86,0.836,3
R000194,W003,P003,A07,20-07-2026,Night,9.4,1.4,48,Low,59,79,0.75,1
R000195,W003,P003,A04,22-07-2026,Day,8,0,33,Medium,74,83,0.893,1
R000196,W003,P003,A03,23-07-2026,Day,8,0,44,High,62,81,0.766,2
R000197,W003,P003,A02,24-07-2026,Day,9.6,1.6,45,Low,73,91,0.8,3
R000198,W003,P003,A08,25-07-2026,Day,8,0,44,Low,62,73,0.853,4
R000199,W003,P003,A06,27-07-2026,Day,9.6,1.6,43,Medium,47,64,0.739,1
R000200,W003,P003,A08,28-07-2026,Day,9.7,1.7,52,Low,49,60,0.823,2
R000201,W003,P003,A09,29-07-2026,Day,8.4,0.4,50,High,64,78,0.817,3
R000202,W003,P003,A09,30-07-2026,Day,9.4,1.4,44,Medium,59,85,0.692,4
R000203,W003,P003,A07,31-07-2026,Day,11.7,3.7,51,Low,60,78,0.775,5
R000204,W003,P003,A05,01-08-2026,Day,10,2,38,Low,74,85,0.867,6
R000205,W003,P003,A06,03-08-2026,Day,10.3,2.3,32,Medium,66,82,0.811,1
R000206,W003,P003,A07,04-08-2026,Night,8.7,0.7,41,Critical,77,97,0.798,2
R000207,W003,P003,A07,05-08-2026,Day,9.5,1.5,60,Medium,74,97,0.763,3
R000208,W003,P003,A08,06-08-2026,Night,10.6,2.6,27,High,65,86,0.751,4
R000209,W003,P003,A01,07-08-2026,Day,8,0,39,Medium,61,89,0.681,5
R000210,W003,P003,A07,08-08-2026,Day,8.6,0.6,45,Medium,62,96,0.643,6
R000211,W003,P003,A09,10-08-2026,Day,10.3,2.3,37,Medium,58,77,0.755,1
R000212,W003,P003,A02,11-08-2026,Day,8.6,0.6,41,Medium,66,80,0.827,2
R000213,W003,P003,A01,12-08-2026,Day,10,2,43,Medium,54,66,0.823,3
R000214,W003,P003,A06,13-08-2026,Day,10,2,40,Low,52,67,0.773,4
R000215,W003,P003,A06,14-08-2026,Night,10.8,2.8,32,Medium,59,71,0.835,5
R000216,W003,P003,A07,15-08-2026,Day,9.5,1.5,50,Low,59,87,0.677,6
R000217,W003,P003,A09,17-08-2026,Day,10.1,2.1,47,Medium,59,71,0.829,1
R000218,W003,P003,A06,18-08-2026,Day,9.2,1.2,40,Low,57,71,0.802,2
R000219,W003,P003,A01,19-08-2026,Night,9.8,1.8,24,Medium,65,81,0.798,3
R000220,W003,P003,A02,20-08-2026,Day,8.2,0.2,21,Low,58,77,0.757,4
R000221,W003,P003,A06,22-08-2026,Day,8.6,0.6,44,Low,61,68,0.894,1
R000222,W003,P003,A01,23-08-2026,Night,9.2,1.2,37,Medium,51,70,0.726,2
R000223,W003,P003,A03,24-08-2026,Day,8.1,0.1,49,Medium,85,94,0.908,3
R000224,W003,P003,A05,25-08-2026,Day,8,0,29,Low,65,78,0.838,4
R000225,W003,P003,A03,26-08-2026,Day,8.2,0.2,30,Low,54,68,0.792,5
R000226,W003,P003,A04,27-08-2026,Day,9.9,1.9,43,High,46,63,0.73,6
R000227,W003,P003,A03,28-08-2026,Night,9.4,1.4,48,Low,67,82,0.814,7
R000228,W003,P003,A04,29-08-2026,Day,9.2,1.2,41,Medium,50,65,0.767,8
R000229,W004,P003,A05,01-06-2026,Day,9.8,1.8,42,High,70,94,0.748,1
R000230,W004,P003,A05,02-06-2026,Day,10.5,2.5,39,Medium,52,76,0.687,2
R000231,W004,P003,A07,03-06-2026,Day,10.9,2.9,29,Low,71,93,0.758,3
R000232,W004,P003,A01,04-06-2026,Day,10.6,2.6,44,Low,43,60,0.717,4
R000233,W004,P003,A09,05-06-2026,Day,10,2,42,Medium,73,95,0.768,5
R000234,W004,P003,A01,06-06-2026,Day,10.3,2.3,48,Medium,58,76,0.767,6
R000235,W004,P003,A06,08-06-2026,Day,10.2,2.2,37,High,66,91,0.728,1
R000236,W004,P003,A02,09-06-2026,Day,9.6,1.6,32,Medium,44,61,0.726,2
R000237,W004,P003,A06,10-06-2026,Day,9.5,1.5,28,Low,38,61,0.63,3
R000238,W004,P003,A09,11-06-2026,Day,12.7,4.7,39,Medium,51,81,0.627,4
R000239,W004,P003,A01,12-06-2026,Day,9,1,37,High,65,92,0.706,5
R000240,W004,P003,A01,13-06-2026,Night,10.2,2.2,45,High,57,76,0.746,6
R000241,W004,P003,A01,15-06-2026,Night,10,2,40,Medium,51,71,0.713,1
R000242,W004,P003,A05,16-06-2026,Day,10.2,2.2,31,Critical,51,88,0.577,2
R000243,W004,P003,A09,17-06-2026,Day,10.5,2.5,30,Medium,71,93,0.758,3
R000244,W004,P003,A08,18-06-2026,Day,10.2,2.2,38,High,47,69,0.679,4
R000245,W004,P003,A08,19-06-2026,Day,8,0,31,Medium,74,96,0.767,5
R000246,W004,P003,A04,20-06-2026,Day,10.7,2.7,45,High,63,86,0.735,6
R000247,W004,P003,A03,22-06-2026,Day,11.2,3.2,40,High,49,66,0.742,1
R000248,W004,P003,A05,23-06-2026,Day,10.9,2.9,34,Critical,42,71,0.593,2
R000249,W004,P003,A07,24-06-2026,Day,10.5,2.5,35,High,59,81,0.733,3
R000250,W004,P003,A07,25-06-2026,Day,9.7,1.7,38,Low,50,68,0.737,4
R000251,W004,P003,A07,26-06-2026,Day,8.4,0.4,30,Medium,60,76,0.786,5
R000252,W004,P003,A03,27-06-2026,Day,10.1,2.1,26,High,57,85,0.67,6
R000253,W004,P003,A03,29-06-2026,Day,10.5,2.5,42,Critical,68,95,0.714,1
R000254,W004,P003,A06,30-06-2026,Day,9.4,1.4,51,Medium,56,75,0.742,2
R000255,W004,P003,A03,01-07-2026,Day,11.7,3.7,37,Medium,51,71,0.723,3
R000256,W004,P003,A05,02-07-2026,Day,10.5,2.5,42,Medium,48,71,0.68,4
R000257,W004,P003,A02,03-07-2026,Day,9.5,1.5,33,High,37,65,0.576,5
R000258,W004,P003,A06,04-07-2026,Night,9.5,1.5,35,Low,49,65,0.748,6
R000259,W004,P003,A05,06-07-2026,Day,11.1,3.1,38,High,50,76,0.653,1
R000260,W004,P003,A09,07-07-2026,Day,11,3,30,Low,51,69,0.739,2
R000261,W004,P003,A01,08-07-2026,Night,9.3,1.3,44,Low,76,95,0.798,3
R000262,W004,P003,A05,09-07-2026,Day,10.8,2.8,21,Critical,41,65,0.627,4
R000263,W004,P003,A05,10-07-2026,Day,8.2,0.2,43,Medium,56,71,0.791,5
R000264,W004,P003,A03,11-07-2026,Day,9.8,1.8,34,Medium,54,77,0.702,6
R000265,W004,P003,A03,13-07-2026,Day,11,3,29,High,41,75,0.547,1
R000266,W004,P003,A07,14-07-2026,Day,9.3,1.3,40,High,61,87,0.705,2
R000267,W004,P003,A07,16-07-2026,Night,10.9,2.9,34,Medium,52,70,0.739,1
R000268,W004,P003,A02,17-07-2026,Day,11.1,3.1,42,Medium,48,70,0.683,2
R000269,W004,P003,A04,18-07-2026,Day,10.4,2.4,17,Medium,61,87,0.702,3
R000270,W004,P003,A05,20-07-2026,Day,8.9,0.9,32,Medium,48,69,0.698,1
R000271,W004,P003,A07,21-07-2026,Day,11.3,3.3,40,High,72,93,0.774,2
R000272,W004,P003,A08,22-07-2026,Day,8.1,0.1,29,Low,65,94,0.687,3
R000273,W004,P003,A05,23-07-2026,Day,9.9,1.9,38,High,72,93,0.772,4
R000274,W004,P003,A06,24-07-2026,Day,9.9,1.9,51,High,50,71,0.701,5
R000275,W004,P003,A02,25-07-2026,Day,10.9,2.9,48,High,53,77,0.682,6
R000276,W004,P003,A07,27-07-2026,Day,9.8,1.8,52,Critical,56,80,0.698,1
R000277,W004,P003,A04,28-07-2026,Day,10.4,2.4,27,Low,79,95,0.832,2
R000278,W004,P003,A03,29-07-2026,Night,9.5,1.5,35,Medium,58,75,0.769,3
R000279,W004,P003,A04,30-07-2026,Day,8.9,0.9,32,Critical,38,62,0.61,4
R000280,W004,P003,A09,31-07-2026,Day,11.1,3.1,26,Medium,44,68,0.648,5
R000281,W004,P003,A07,03-08-2026,Day,10.6,2.6,40,Medium,61,95,0.641,1
R000282,W004,P003,A04,04-08-2026,Day,9.9,1.9,34,High,54,77,0.695,2
R000283,W004,P003,A07,05-08-2026,Day,11.5,3.5,23,High,42,60,0.706,3
R000284,W004,P003,A01,06-08-2026,Day,8.7,0.7,40,High,62,88,0.701,4
R000285,W004,P003,A05,07-08-2026,Day,9.7,1.7,32,High,50,79,0.628,5
R000286,W004,P003,A03,08-08-2026,Day,9.5,1.5,37,Medium,60,97,0.616,6
R000287,W004,P003,A05,09-08-2026,Day,8,0,51,High,66,96,0.685,7
R000288,W004,P003,A07,10-08-2026,Day,8.5,0.5,35,Low,46,65,0.706,8
R000289,W004,P003,A07,11-08-2026,Day,10.7,2.7,29,Medium,62,99,0.622,9
R000290,W004,P003,A07,13-08-2026,Day,9.7,1.7,48,High,42,62,0.68,1
R000291,W004,P003,A04,14-08-2026,Day,9.1,1.1,20,Medium,64,94,0.681,2
R000292,W004,P003,A06,15-08-2026,Night,12.3,4.3,37,Medium,55,91,0.606,3
R000293,W004,P003,A03,16-08-2026,Day,10.7,2.7,43,Low,68,88,0.77,4
R000294,W004,P003,A09,17-08-2026,Day,11.1,3.1,34,Critical,46,82,0.565,5
R000295,W004,P003,A04,18-08-2026,Day,9.8,1.8,41,Medium,61,89,0.686,6
R000296,W004,P003,A08,19-08-2026,Day,10.5,2.5,44,High,67,98,0.684,7
R000297,W004,P003,A05,20-08-2026,Day,10.5,2.5,42,Medium,70,94,0.745,8
R000298,W004,P003,A07,21-08-2026,Night,9.5,1.5,32,Medium,67,97,0.688,9
R000299,W004,P003,A02,22-08-2026,Day,10.7,2.7,35,Medium,49,74,0.66,10
R000300,W004,P003,A09,24-08-2026,Day,9.9,1.9,47,High,48,67,0.716,1
R000301,W004,P003,A03,25-08-2026,Night,11.2,3.2,31,High,60,88,0.687,2
R000302,W004,P003,A06,26-08-2026,Day,9.7,1.7,36,Critical,46,68,0.675,3
R000303,W004,P003,A07,27-08-2026,Day,10.5,2.5,33,Low,41,61,0.67,4
R000304,W004,P003,A02,28-08-2026,Day,11.2,3.2,45,Low,72,96,0.749,5
R000305,W004,P003,A06,29-08-2026,Night,10.7,2.7,34,Medium,58,83,0.698,6
R000306,W005,P001,A04,01-06-2026,Day,10.3,2.3,49,High,54,72,0.756,1
R000307,W005,P001,A07,02-06-2026,Day,9.8,1.8,44,High,47,66,0.716,2
R000308,W005,P001,A03,03-06-2026,Day,8,0,34,Medium,66,83,0.79,3
R000309,W005,P001,A07,04-06-2026,Day,11.5,3.5,50,Low,71,85,0.835,4
R000310,W005,P001,A06,05-06-2026,Day,10.6,2.6,48,Low,57,78,0.737,5
R000311,W005,P001,A03,06-06-2026,Day,9.5,1.5,47,Medium,53,77,0.692,6
R000312,W005,P001,A05,08-06-2026,Day,8,0,33,Medium,86,97,0.886,1
R000313,W005,P001,A07,09-06-2026,Day,8.1,0.1,42,High,53,64,0.823,2
R000314,W005,P001,A09,10-06-2026,Day,8.6,0.6,30,Medium,49,72,0.683,3
R000315,W005,P001,A09,11-06-2026,Day,10.1,2.1,41,Low,47,69,0.679,4
R000316,W005,P001,A06,13-06-2026,Day,10.1,2.1,39,Medium,58,71,0.815,1
R000317,W005,P001,A07,15-06-2026,Day,9.1,1.1,45,High,49,68,0.716,1
R000318,W005,P001,A08,16-06-2026,Day,11.6,3.6,42,High,56,78,0.714,2
R000319,W005,P001,A04,17-06-2026,Day,10.6,2.6,45,Medium,61,77,0.798,3
R000320,W005,P001,A01,18-06-2026,Day,8.7,0.7,55,Medium,63,76,0.828,4
R000321,W005,P001,A07,19-06-2026,Day,8.4,0.4,35,High,58,68,0.854,5
R000322,W005,P001,A02,20-06-2026,Day,9.3,1.3,53,High,52,77,0.676,6
R000323,W005,P001,A08,22-06-2026,Day,10.5,2.5,33,Critical,63,94,0.673,1
R000324,W005,P001,A07,24-06-2026,Day,8.1,0.1,40,Low,61,73,0.842,1
R000325,W005,P001,A09,25-06-2026,Day,10,2,41,High,74,95,0.775,2
R000326,W005,P001,A06,26-06-2026,Day,9.4,1.4,26,Critical,75,98,0.765,3
R000327,W005,P001,A04,27-06-2026,Day,10.4,2.4,44,High,60,79,0.757,4
R000328,W005,P001,A02,29-06-2026,Day,9.5,1.5,52,Medium,81,98,0.83,1
R000329,W005,P001,A03,30-06-2026,Day,9.8,1.8,35,Medium,75,98,0.769,2
R000330,W005,P001,A03,01-07-2026,Day,10.7,2.7,47,Low,49,69,0.715,3
R000331,W005,P001,A06,02-07-2026,Day,9.2,1.2,44,Low,68,80,0.85,4
R000332,W005,P001,A07,03-07-2026,Day,10.6,2.6,52,High,56,77,0.728,5
R000333,W005,P001,A06,04-07-2026,Night,9.2,1.2,35,Medium,54,75,0.724,6
R000334,W005,P001,A03,06-07-2026,Day,8.7,0.7,47,Low,48,62,0.779,1
R000335,W005,P001,A07,07-07-2026,Day,9.1,1.1,34,High,74,91,0.811,2
R000336,W005,P001,A08,08-07-2026,Night,10.2,2.2,50,Critical,62,79,0.789,3
R000337,W005,P001,A01,09-07-2026,Day,10,2,36,Low,72,96,0.748,4
R000338,W005,P001,A01,10-07-2026,Day,9.2,1.2,41,Low,57,67,0.855,5
R000339,W005,P001,A09,11-07-2026,Day,10,2,49,Low,67,81,0.821,6
R000340,W005,P001,A05,13-07-2026,Day,9.1,1.1,43,Low,71,90,0.788,1
R000341,W005,P001,A07,14-07-2026,Day,9.8,1.8,47,Low,54,65,0.831,2
R000342,W005,P001,A01,15-07-2026,Day,8.7,0.7,36,High,68,81,0.837,3
R000343,W005,P001,A03,16-07-2026,Day,8.7,0.7,28,High,64,93,0.685,4
R000344,W005,P001,A02,17-07-2026,Day,8.2,0.2,35,Critical,57,77,0.745,5
R000345,W005,P001,A07,18-07-2026,Day,10.4,2.4,55,High,57,77,0.746,6
R000346,W005,P001,A07,20-07-2026,Day,10,2,41,Medium,79,96,0.825,1
R000347,W005,P001,A04,21-07-2026,Day,10.6,2.6,47,Medium,54,65,0.829,2
R000348,W005,P001,A07,22-07-2026,Day,10.4,2.4,33,Medium,49,66,0.738,3
R000349,W005,P001,A01,23-07-2026,Day,9.4,1.4,42,Low,52,67,0.78,4
R000350,W005,P001,A04,24-07-2026,Day,10.4,2.4,33,Low,50,72,0.69,5
R000351,W005,P001,A06,25-07-2026,Day,8.6,0.6,32,Medium,56,69,0.813,6
R000352,W005,P001,A01,27-07-2026,Day,8.5,0.5,34,Medium,68,90,0.751,1
R000353,W005,P001,A06,28-07-2026,Day,10.3,2.3,45,Medium,63,85,0.741,2
R000354,W005,P001,A05,29-07-2026,Day,9.2,1.2,60,Low,68,90,0.758,3
R000355,W005,P001,A04,30-07-2026,Day,10.3,2.3,47,Critical,51,64,0.795,4
R000356,W005,P001,A09,31-07-2026,Day,9.5,1.5,49,Critical,67,86,0.777,5
R000357,W005,P001,A05,01-08-2026,Day,10.1,2.1,48,Low,55,71,0.772,6
R000358,W005,P001,A05,03-08-2026,Day,9.4,1.4,33,Critical,48,67,0.72,1
R000359,W005,P001,A05,04-08-2026,Day,9.4,1.4,33,Critical,71,88,0.801,2
R000360,W005,P001,A08,05-08-2026,Night,8.8,0.8,42,Medium,64,84,0.758,3
R000361,W005,P001,A05,06-08-2026,Day,9.3,1.3,32,Critical,55,82,0.674,4
R000362,W005,P001,A07,07-08-2026,Day,9.5,1.5,60,Low,51,65,0.785,5
R000363,W005,P001,A06,08-08-2026,Day,8,0,40,Low,60,76,0.795,6
R000364,W005,P001,A06,10-08-2026,Day,9.8,1.8,53,Low,59,70,0.849,1
R000365,W005,P001,A07,11-08-2026,Day,9.8,1.8,40,High,50,70,0.715,2
R000366,W005,P001,A05,12-08-2026,Day,9.1,1.1,42,Low,73,89,0.823,3
R000367,W005,P001,A03,13-08-2026,Day,10.5,2.5,34,Low,64,90,0.716,4
R000368,W005,P001,A06,14-08-2026,Night,11,3,46,Low,71,96,0.735,5
R000369,W005,P001,A09,15-08-2026,Day,9.2,1.2,47,High,52,69,0.755,6
R000370,W005,P001,A02,17-08-2026,Day,10.8,2.8,35,Low,71,87,0.821,1
R000371,W005,P001,A07,18-08-2026,Day,9.4,1.4,45,Low,54,65,0.83,2
R000372,W005,P001,A05,19-08-2026,Day,8.4,0.4,51,High,77,95,0.811,3
R000373,W005,P001,A04,20-08-2026,Day,9.5,1.5,41,Medium,50,69,0.726,4
R000374,W005,P001,A01,21-08-2026,Day,9.4,1.4,31,Medium,61,83,0.732,5
R000375,W005,P001,A03,22-08-2026,Day,11,3,38,High,61,80,0.761,6
R000376,W005,P001,A09,23-08-2026,Day,9.7,1.7,58,Medium,70,85,0.826,7
R000377,W005,P001,A09,24-08-2026,Day,11,3,50,Low,47,69,0.687,8
R000378,W005,P001,A05,25-08-2026,Day,9.1,1.1,35,Low,45,63,0.714,9
R000379,W005,P001,A09,26-08-2026,Day,8.5,0.5,50,Low,58,78,0.739,10
R000380,W005,P001,A04,27-08-2026,Day,9.2,1.2,34,Medium,58,84,0.695,11
R000381,W005,P001,A08,28-08-2026,Day,10.5,2.5,38,Critical,42,64,0.66,12
R000382,W005,P001,A08,29-08-2026,Day,10.2,2.2,55,Low,75,93,0.812,13
R000383,W006,P005,A01,01-06-2026,Day,8,0,43,High,74,97,0.761,1
R000384,W006,P005,A06,02-06-2026,Day,10.5,2.5,53,Critical,65,92,0.704,2
R000385,W006,P005,A04,03-06-2026,Day,8.5,0.5,39,Low,58,73,0.79,3
R000386,W006,P005,A01,04-06-2026,Day,9.3,1.3,41,Medium,59,69,0.859,4
R000387,W006,P005,A09,05-06-2026,Day,9.2,1.2,49,High,59,78,0.75,5
R000388,W006,P005,A09,06-06-2026,Day,8,0,51,Low,73,99,0.736,6
R000389,W006,P005,A05,08-06-2026,Day,8,0,35,Medium,75,93,0.801,1
R000390,W006,P005,A03,09-06-2026,Day,8.6,0.6,59,Medium,70,88,0.801,2
R000391,W006,P005,A08,10-06-2026,Day,9,1,43,Low,64,81,0.785,3
R000392,W006,P005,A02,11-06-2026,Day,8.4,0.4,48,Medium,69,89,0.779,4
R000393,W006,P005,A09,12-06-2026,Day,10.4,2.4,37,Medium,56,78,0.722,5
R000394,W006,P005,A04,13-06-2026,Day,8.8,0.8,39,Medium,58,76,0.766,6
R000395,W006,P005,A03,15-06-2026,Day,9.4,1.4,51,Critical,74,92,0.803,1
R000396,W006,P005,A07,16-06-2026,Day,8.1,0.1,51,Medium,63,90,0.699,2
R000397,W006,P005,A05,17-06-2026,Day,8.3,0.3,38,High,61,74,0.824,3
R000398,W006,P005,A01,18-06-2026,Day,10,2,33,Medium,64,78,0.826,4
R000399,W006,P005,A06,22-06-2026,Day,10.2,2.2,48,Low,51,68,0.757,1
R000400,W006,P005,A02,23-06-2026,Day,10.4,2.4,31,High,64,77,0.833,2
R000401,W006,P005,A09,25-06-2026,Day,8.7,0.7,50,Medium,76,94,0.804,1
R000402,W006,P005,A05,26-06-2026,Day,10.1,2.1,38,Medium,61,78,0.778,2
R000403,W006,P005,A08,27-06-2026,Day,8.8,0.8,40,Low,59,74,0.803,3
R000404,W006,P005,A08,29-06-2026,Day,9.6,1.6,33,High,67,97,0.69,1
R000405,W006,P005,A06,30-06-2026,Day,8,0,46,High,76,96,0.787,2
R000406,W006,P005,A03,01-07-2026,Day,9.7,1.7,54,Medium,66,85,0.779,3
R000407,W006,P005,A06,02-07-2026,Day,10.3,2.3,47,Medium,73,90,0.815,4
R000408,W006,P005,A05,03-07-2026,Day,9.9,1.9,19,Low,78,96,0.814,5
R000409,W006,P005,A04,04-07-2026,Night,10.8,2.8,35,High,53,71,0.745,6
R000410,W006,P005,A04,06-07-2026,Night,10.1,2.1,47,Low,75,90,0.836,1
R000411,W006,P005,A01,07-07-2026,Night,8.9,0.9,43,Low,78,96,0.816,2
R000412,W006,P005,A02,08-07-2026,Day,8,0,38,Critical,77,93,0.823,3
R000413,W006,P005,A05,09-07-2026,Day,9.4,1.4,46,Low,70,88,0.794,4
R000414,W006,P005,A05,10-07-2026,Day,9.1,1.1,45,Low,63,84,0.75,5
R000415,W006,P005,A06,11-07-2026,Day,9.8,1.8,45,High,60,81,0.744,6
R000416,W006,P005,A03,13-07-2026,Day,10.6,2.6,41,Medium,47,64,0.732,1
R000417,W006,P005,A03,14-07-2026,Day,9.5,1.5,42,High,54,67,0.806,2
R000418,W006,P005,A02,15-07-2026,Day,11.2,3.2,32,Critical,51,68,0.751,3
R000419,W006,P005,A03,17-07-2026,Day,8.7,0.7,27,Medium,77,97,0.792,1
R000420,W006,P005,A06,18-07-2026,Day,11,3,47,Medium,71,90,0.794,2
R000421,W006,P005,A08,20-07-2026,Day,11.5,3.5,60,Low,65,97,0.671,1
R000422,W006,P005,A06,21-07-2026,Day,8.9,0.9,50,Low,76,87,0.87,2
R000423,W006,P005,A02,22-07-2026,Day,9.2,1.2,44,Medium,58,72,0.811,3
R000424,W006,P005,A08,23-07-2026,Day,9.1,1.1,57,Low,77,92,0.84,4
R000425,W006,P005,A05,24-07-2026,Day,10.1,2.1,43,Medium,47,64,0.727,5
R000426,W006,P005,A03,25-07-2026,Day,8,0,41,Medium,52,62,0.842,6
R000427,W006,P005,A02,27-07-2026,Day,9.1,1.1,39,Low,65,90,0.718,1
R000428,W006,P005,A07,28-07-2026,Day,9.6,1.6,46,High,49,63,0.78,2
R000429,W006,P005,A07,29-07-2026,Day,9.4,1.4,45,Low,64,75,0.851,3
R000430,W006,P005,A07,30-07-2026,Day,8.1,0.1,42,Medium,53,69,0.773,4
R000431,W006,P005,A04,31-07-2026,Day,8,0,36,Critical,51,62,0.822,5
R000432,W006,P005,A05,01-08-2026,Night,8.1,0.1,43,Critical,39,64,0.605,6
R000433,W006,P005,A05,03-08-2026,Day,9.7,1.7,41,Low,62,71,0.878,1
R000434,W006,P005,A02,04-08-2026,Day,10.3,2.3,40,Low,67,80,0.84,2
R000435,W006,P005,A05,05-08-2026,Night,9.8,1.8,44,Medium,70,88,0.79,3
R000436,W006,P005,A07,06-08-2026,Day,8.4,0.4,35,Low,57,63,0.902,4
R000437,W006,P005,A09,07-08-2026,Night,8.3,0.3,49,Low,60,79,0.763,5
R000438,W006,P005,A02,08-08-2026,Night,10.6,2.6,58,Medium,59,77,0.771,6
R000439,W006,P005,A04,10-08-2026,Day,10.6,2.6,46,Low,59,77,0.762,1
R000440,W006,P005,A08,11-08-2026,Day,9.4,1.4,37,High,70,92,0.764,2
R000441,W006,P005,A06,12-08-2026,Day,9.5,1.5,49,Critical,69,93,0.742,3
R000442,W006,P005,A09,14-08-2026,Day,10.1,2.1,52,High,55,71,0.777,1
R000443,W006,P005,A01,15-08-2026,Day,10.2,2.2,41,High,51,69,0.743,2
R000444,W006,P005,A05,17-08-2026,Day,10,2,60,Medium,73,88,0.825,1
R000445,W006,P005,A03,18-08-2026,Day,8,0,35,Medium,84,95,0.881,2
R000446,W006,P005,A08,19-08-2026,Day,10,2,42,Low,53,68,0.772,3
R000447,W006,P005,A09,20-08-2026,Day,9.8,1.8,41,Low,68,91,0.749,4
R000448,W006,P005,A01,22-08-2026,Day,9.5,1.5,44,High,57,78,0.727,1
R000449,W006,P005,A04,23-08-2026,Day,9.3,1.3,41,High,61,87,0.704,2
R000450,W006,P005,A03,24-08-2026,Day,9.5,1.5,42,High,55,72,0.767,3
R000451,W006,P005,A05,25-08-2026,Day,10.7,2.7,48,Medium,71,95,0.745,4
R000452,W006,P005,A05,26-08-2026,Day,11.6,3.6,57,High,63,94,0.672,5
R000453,W006,P005,A05,27-08-2026,Day,9.1,1.1,48,Low,76,94,0.81,6
R000454,W006,P005,A01,28-08-2026,Night,9.5,1.5,43,Low,62,76,0.812,7
R000455,W006,P005,A04,29-08-2026,Day,8,0,39,Low,70,97,0.718,8
R000456,W007,P003,A08,01-06-2026,Day,8.8,0.8,35,Medium,57,72,0.797,1
R000457,W007,P003,A07,02-06-2026,Day,10.6,2.6,26,Low,60,90,0.671,2
R000458,W007,P003,A09,03-06-2026,Day,11.5,3.5,53,Low,68,97,0.699,3
R000459,W007,P003,A08,04-06-2026,Day,10.3,2.3,36,Low,75,94,0.795,4
R000460,W007,P003,A05,05-06-2026,Day,8.9,0.9,36,Low,58,75,0.772,5
R000461,W007,P003,A02,06-06-2026,Day,8.5,0.5,39,Medium,50,71,0.709,6
R000462,W007,P003,A09,07-06-2026,Day,9.8,1.8,40,Low,52,72,0.723,7
R000463,W007,P003,A01,08-06-2026,Day,8.6,0.6,39,Critical,47,66,0.713,8
R000464,W007,P003,A04,09-06-2026,Day,11.1,3.1,48,Critical,71,96,0.738,9
R000465,W007,P003,A06,10-06-2026,Day,9.8,1.8,33,Low,65,86,0.755,10
R000466,W007,P003,A07,11-06-2026,Day,10,2,42,Medium,45,61,0.74,11
R000467,W007,P003,A01,12-06-2026,Day,8.7,0.7,37,Medium,52,72,0.72,12
R000468,W007,P003,A06,13-06-2026,Day,10.6,2.6,37,Low,71,93,0.76,13
R000469,W007,P003,A09,14-06-2026,Day,9.4,1.4,37,Critical,52,76,0.69,14
R000470,W007,P003,A07,15-06-2026,Night,10.4,2.4,36,Low,71,91,0.778,15
R000471,W007,P003,A06,16-06-2026,Day,8.6,0.6,36,Low,53,70,0.75,16
R000472,W007,P003,A09,17-06-2026,Night,11.4,3.4,25,Low,44,68,0.653,17
R000473,W007,P003,A06,18-06-2026,Day,8.8,0.8,43,Low,54,83,0.652,18
R000474,W007,P003,A09,19-06-2026,Day,10.3,2.3,40,Low,61,85,0.723,19
R000475,W007,P003,A09,20-06-2026,Night,8.7,0.7,41,Low,53,80,0.662,20
R000476,W007,P003,A04,22-06-2026,Day,8.9,0.9,37,Medium,53,68,0.787,1
R000477,W007,P003,A01,23-06-2026,Day,10,2,49,Medium,46,63,0.731,2
R000478,W007,P003,A02,24-06-2026,Day,11.4,3.4,55,Critical,62,89,0.695,3
R000479,W007,P003,A02,25-06-2026,Day,11,3,29,Low,62,80,0.78,4
R000480,W007,P003,A04,26-06-2026,Day,9.9,1.9,31,Low,45,65,0.69,5
R000481,W007,P003,A06,27-06-2026,Day,10.4,2.4,52,Medium,43,60,0.713,6
R000482,W007,P003,A05,29-06-2026,Day,8,0,45,Low,56,66,0.844,1
R000483,W007,P003,A08,30-06-2026,Day,12.1,4.1,52,Medium,66,91,0.721,2
R000484,W007,P003,A05,01-07-2026,Day,8.7,0.7,44,High,56,82,0.686,3
R000485,W007,P003,A09,02-07-2026,Night,9.8,1.8,31,Medium,53,66,0.807,4
R000486,W007,P003,A04,04-07-2026,Night,10,2,31,Low,52,66,0.793,1
R000487,W007,P003,A04,06-07-2026,Day,9.9,1.9,41,High,66,94,0.698,1
R000488,W007,P003,A05,07-07-2026,Night,10.3,2.3,36,Low,67,90,0.743,2
R000489,W007,P003,A02,08-07-2026,Day,9.4,1.4,36,Medium,67,96,0.702,3
R000490,W007,P003,A07,09-07-2026,Day,10.1,2.1,39,Critical,54,70,0.77,4
R000491,W007,P003,A07,10-07-2026,Day,9.5,1.5,53,High,57,78,0.736,5
R000492,W007,P003,A01,11-07-2026,Day,10.5,2.5,35,Medium,64,90,0.712,6
R000493,W007,P003,A08,13-07-2026,Day,9.6,1.6,56,High,58,72,0.8,1
R000494,W007,P003,A03,14-07-2026,Day,10.6,2.6,50,Critical,60,85,0.705,2
R000495,W007,P003,A08,15-07-2026,Day,9.9,1.9,46,Critical,50,67,0.752,3
R000496,W007,P003,A02,16-07-2026,Day,10.5,2.5,19,Low,69,95,0.727,4
R000497,W007,P003,A04,17-07-2026,Day,8.1,0.1,34,High,50,72,0.694,5
R000498,W007,P003,A09,18-07-2026,Night,9,1,37,Medium,50,75,0.665,6
R000499,W007,P003,A03,20-07-2026,Night,9.8,1.8,48,Low,80,96,0.835,1
R000500,W007,P003,A09,21-07-2026,Night,8.4,0.4,42,Medium,63,75,0.839,2
R000501,W007,P003,A07,22-07-2026,Day,9,1,48,Low,68,80,0.854,3
R000502,W007,P003,A06,24-07-2026,Day,8,0,46,Medium,84,98,0.857,1
R000503,W007,P003,A02,25-07-2026,Day,9.5,1.5,49,Medium,53,66,0.804,2
R000504,W007,P003,A07,27-07-2026,Day,11.4,3.4,52,High,51,68,0.754,1
R000505,W007,P003,A04,28-07-2026,Day,9,1,30,Low,48,62,0.772,2
R000506,W007,P003,A07,29-07-2026,Day,8.8,0.8,39,Medium,57,82,0.694,3
R000507,W007,P003,A03,30-07-2026,Day,10,2,24,Medium,46,62,0.745,4
R000508,W007,P003,A05,31-07-2026,Day,8.8,0.8,29,Medium,42,61,0.689,5
R000509,W007,P003,A04,01-08-2026,Day,8.3,0.3,41,Low,65,85,0.77,6
R000510,W007,P003,A06,03-08-2026,Day,9.7,1.7,31,Medium,45,68,0.665,1
R000511,W007,P003,A04,04-08-2026,Night,9.6,1.6,48,Medium,53,69,0.769,2
R000512,W007,P003,A05,06-08-2026,Day,8.6,0.6,41,Medium,44,62,0.711,1
R000513,W007,P003,A09,07-08-2026,Day,8.7,0.7,30,Medium,75,92,0.819,2
R000514,W007,P003,A07,08-08-2026,Day,10.1,2.1,46,High,72,97,0.739,3
R000515,W007,P003,A03,10-08-2026,Day,9.3,1.3,48,High,69,92,0.752,1
R000516,W007,P003,A05,11-08-2026,Day,9.3,1.3,30,Medium,51,70,0.733,2
R000517,W007,P003,A08,12-08-2026,Day,11.1,3.1,35,Medium,68,95,0.719,3
R000518,W007,P003,A07,13-08-2026,Day,10.1,2.1,40,Low,55,80,0.689,4
R000519,W007,P003,A06,14-08-2026,Day,9.7,1.7,36,Medium,48,65,0.737,5
R000520,W007,P003,A06,15-08-2026,Day,10.6,2.6,28,Low,58,94,0.619,6
R000521,W007,P003,A07,17-08-2026,Day,8.3,0.3,53,Low,81,98,0.821,1
R000522,W007,P003,A01,19-08-2026,Day,9.8,1.8,36,High,48,66,0.726,1
R000523,W007,P003,A03,20-08-2026,Day,8.9,0.9,53,Medium,74,98,0.758,2
R000524,W007,P003,A08,21-08-2026,Night,9.6,1.6,39,Medium,68,91,0.743,3
R000525,W007,P003,A07,22-08-2026,Day,9.6,1.6,34,Medium,64,85,0.755,4
R000526,W007,P003,A03,24-08-2026,Day,9.1,1.1,31,High,68,90,0.755,1
R000527,W007,P003,A06,25-08-2026,Day,10.5,2.5,35,Low,70,93,0.748,2
R000528,W007,P003,A03,26-08-2026,Day,9.4,1.4,45,Medium,74,89,0.836,3
R000529,W007,P003,A06,27-08-2026,Day,10,2,58,High,44,72,0.606,4
R000530,W007,P003,A08,28-08-2026,Day,10.6,2.6,53,Low,71,97,0.735,5
R000531,W007,P003,A01,29-08-2026,Day,9.2,1.2,27,High,61,83,0.735,6
R000532,W008,P005,A06,01-06-2026,Day,9.4,1.4,38,High,54,84,0.643,1
R000533,W008,P005,A02,02-06-2026,Day,9.6,1.6,33,Medium,63,95,0.667,2
R000534,W008,P005,A08,03-06-2026,Day,9.7,1.7,41,High,54,76,0.711,3
R000535,W008,P005,A09,04-06-2026,Day,10.6,2.6,34,High,52,74,0.699,4
R000536,W008,P005,A01,05-06-2026,Day,10,2,35,High,58,89,0.65,5
R000537,W008,P005,A03,06-06-2026,Day,10.9,2.9,19,High,45,78,0.574,6
R000538,W008,P005,A01,08-06-2026,Day,9.5,1.5,59,Medium,56,85,0.654,1
R000539,W008,P005,A08,09-06-2026,Night,9.9,1.9,30,Medium,75,98,0.765,2
R000540,W008,P005,A04,10-06-2026,Day,8.8,0.8,42,High,52,71,0.726,3
R000541,W008,P005,A01,11-06-2026,Night,9.8,1.8,32,Critical,54,91,0.594,4
R000542,W008,P005,A05,12-06-2026,Day,9.5,1.5,35,High,48,65,0.737,5
R000543,W008,P005,A01,13-06-2026,Day,9.6,1.6,54,Medium,48,60,0.793,6
R000544,W008,P005,A08,15-06-2026,Day,8.6,0.6,39,High,63,79,0.796,1
R000545,W008,P005,A01,16-06-2026,Day,11,3,30,Critical,48,69,0.694,2
R000546,W008,P005,A03,17-06-2026,Day,8.3,0.3,25,Medium,50,70,0.713,3
R000547,W008,P005,A03,18-06-2026,Day,11.9,3.9,37,Low,42,60,0.694,4
R000548,W008,P005,A02,19-06-2026,Day,12.8,4.8,31,High,40,68,0.586,5
R000549,W008,P005,A05,20-06-2026,Day,9.2,1.2,22,High,40,62,0.649,6
R000550,W008,P005,A01,22-06-2026,Day,11.2,3.2,33,Low,65,97,0.673,1
R000551,W008,P005,A08,23-06-2026,Day,10.8,2.8,33,High,50,71,0.699,2
R000552,W008,P005,A05,24-06-2026,Day,11,3,27,Medium,47,72,0.65,3
R000553,W008,P005,A07,25-06-2026,Day,9.8,1.8,31,High,64,88,0.724,4
R000554,W008,P005,A04,26-06-2026,Day,8,0,43,Low,54,70,0.773,5
R000555,W008,P005,A03,27-06-2026,Day,9.8,1.8,37,Low,40,65,0.614,6
R000556,W008,P005,A09,29-06-2026,Day,11,3,48,Medium,61,74,0.819,1
R000557,W008,P005,A06,30-06-2026,Day,9.3,1.3,38,Medium,55,81,0.684,2
R000558,W008,P005,A01,01-07-2026,Night,10.7,2.7,46,High,47,77,0.61,3
R000559,W008,P005,A06,02-07-2026,Day,11.2,3.2,39,High,60,86,0.698,4
R000560,W008,P005,A06,03-07-2026,Day,9.5,1.5,15,Medium,55,86,0.64,5
R000561,W008,P005,A06,04-07-2026,Day,10,2,35,Medium,62,81,0.77,6
R000562,W008,P005,A01,06-07-2026,Night,9.7,1.7,37,High,75,99,0.762,1
R000563,W008,P005,A07,08-07-2026,Day,12.1,4.1,38,Medium,58,80,0.726,1
R000564,W008,P005,A02,09-07-2026,Day,10.3,2.3,38,Medium,42,69,0.611,2
R000565,W008,P005,A04,10-07-2026,Day,9.6,1.6,33,Low,42,62,0.672,3
R000566,W008,P005,A07,11-07-2026,Night,12.1,4.1,28,High,53,79,0.669,4
R000567,W008,P005,A08,13-07-2026,Day,9,1,16,High,52,82,0.639,1
R000568,W008,P005,A04,14-07-2026,Day,8.7,0.7,31,High,47,69,0.679,2
R000569,W008,P005,A05,15-07-2026,Day,10.5,2.5,16,Medium,45,67,0.674,3
R000570,W008,P005,A03,16-07-2026,Day,9.9,1.9,27,Low,68,94,0.727,4
R000571,W008,P005,A09,17-07-2026,Day,9.5,1.5,36,Medium,73,97,0.753,5
R000572,W008,P005,A01,18-07-2026,Day,10.7,2.7,27,High,61,97,0.629,6
R000573,W008,P005,A03,20-07-2026,Day,11,3,21,High,59,98,0.604,1
R000574,W008,P005,A02,21-07-2026,Day,10,2,35,High,45,68,0.666,2
R000575,W008,P005,A03,22-07-2026,Day,8.8,0.8,26,Medium,47,61,0.769,3
R000576,W008,P005,A05,23-07-2026,Day,11.1,3.1,44,Medium,50,74,0.67,4
R000577,W008,P005,A01,24-07-2026,Day,9.9,1.9,33,Medium,57,80,0.709,5
R000578,W008,P005,A07,25-07-2026,Day,10.6,2.6,22,Medium,49,80,0.618,6
R000579,W008,P005,A09,27-07-2026,Day,10.2,2.2,39,High,54,83,0.646,1
R000580,W008,P005,A04,28-07-2026,Day,10,2,21,Medium,47,72,0.656,2
R000581,W008,P005,A05,29-07-2026,Day,10.9,2.9,27,Critical,43,72,0.594,3
R000582,W008,P005,A07,30-07-2026,Day,9.5,1.5,54,Low,64,82,0.783,4
R000583,W008,P005,A08,31-07-2026,Day,11.1,3.1,27,Low,51,81,0.632,5
R000584,W008,P005,A03,01-08-2026,Day,13.2,5.2,27,Medium,43,61,0.704,6
R000585,W008,P005,A06,03-08-2026,Day,12.6,4.6,18,High,45,80,0.561,1
R000586,W008,P005,A04,04-08-2026,Day,9.1,1.1,34,Critical,51,71,0.716,2
R000587,W008,P005,A03,05-08-2026,Day,9,1,28,Low,48,70,0.683,3
R000588,W008,P005,A02,06-08-2026,Day,12.2,4.2,39,High,68,96,0.706,4
R000589,W008,P005,A01,07-08-2026,Day,11.9,3.9,39,High,40,63,0.642,5
R000590,W008,P005,A04,10-08-2026,Day,10.7,2.7,43,Low,55,79,0.702,1
R000591,W008,P005,A07,11-08-2026,Day,12,4,22,Medium,57,79,0.717,2
R000592,W008,P005,A05,13-08-2026,Day,12,4,40,Critical,42,64,0.655,1
R000593,W008,P005,A01,14-08-2026,Day,9.9,1.9,32,Medium,51,73,0.702,2
R000594,W008,P005,A08,15-08-2026,Day,10.6,2.6,40,Medium,55,78,0.711,3
R000595,W008,P005,A05,18-08-2026,Day,9.6,1.6,29,Low,59,75,0.789,1
R000596,W008,P005,A01,19-08-2026,Day,10.3,2.3,35,High,65,81,0.805,2
R000597,W008,P005,A04,20-08-2026,Day,9.5,1.5,49,Critical,70,98,0.711,3
R000598,W008,P005,A05,21-08-2026,Day,12.2,4.2,34,Medium,39,70,0.563,4
R000599,W008,P005,A07,22-08-2026,Day,10.9,2.9,29,High,43,73,0.593,5
R000600,W008,P005,A02,24-08-2026,Day,10.2,2.2,40,Medium,44,62,0.703,1
R000601,W008,P005,A04,25-08-2026,Day,12.2,4.2,40,Medium,47,72,0.657,2
R000602,W008,P005,A08,26-08-2026,Day,11.6,3.6,39,Critical,41,77,0.538,3
R000603,W008,P005,A01,27-08-2026,Day,9.7,1.7,35,Medium,54,89,0.606,4
R000604,W008,P005,A01,28-08-2026,Day,11.2,3.2,39,High,56,83,0.68,5
R000605,W008,P005,A05,29-08-2026,Day,9.9,1.9,44,Critical,53,82,0.642,6
R000606,W009,P001,A08,01-06-2026,Day,9.4,1.4,41,Critical,61,88,0.688,1
R000607,W009,P001,A02,02-06-2026,Day,10.5,2.5,42,Critical,49,68,0.717,2
R000608,W009,P001,A06,04-06-2026,Night,12.2,4.2,52,Medium,56,89,0.632,1
R000609,W009,P001,A02,06-06-2026,Day,10.8,2.8,30,High,71,92,0.775,1
R000610,W009,P001,A07,09-06-2026,Day,11.9,3.9,37,Medium,77,95,0.815,1
R000611,W009,P001,A09,10-06-2026,Day,9.2,1.2,43,Medium,52,72,0.722,2
R000612,W009,P001,A05,11-06-2026,Day,9.3,1.3,49,Low,54,61,0.884,3
R000613,W009,P001,A05,12-06-2026,Day,9.2,1.2,42,Medium,53,69,0.771,4
R000614,W009,P001,A04,13-06-2026,Day,9.2,1.2,44,Medium,60,93,0.65,5
R000615,W009,P001,A05,14-06-2026,Day,8.8,0.8,43,Low,58,72,0.802,6
R000616,W009,P001,A03,17-06-2026,Day,11.9,3.9,47,Medium,71,85,0.83,1
R000617,W009,P001,A06,18-06-2026,Day,11.2,3.2,47,Low,73,97,0.749,2
R000618,W009,P001,A05,19-06-2026,Day,9.5,1.5,44,Low,48,74,0.653,3
R000619,W009,P001,A05,20-06-2026,Day,9.1,1.1,37,Medium,82,99,0.827,4
R000620,W009,P001,A02,22-06-2026,Day,9.7,1.7,29,Low,55,67,0.82,1
R000621,W009,P001,A06,23-06-2026,Day,8.7,0.7,44,Medium,51,67,0.76,2
R000622,W009,P001,A09,24-06-2026,Day,9.7,1.7,32,Low,63,88,0.714,3
R000623,W009,P001,A04,25-06-2026,Day,8.4,0.4,54,Medium,65,78,0.837,4
R000624,W009,P001,A07,26-06-2026,Day,8.8,0.8,43,Low,46,61,0.752,5
R000625,W009,P001,A02,27-06-2026,Day,9.4,1.4,34,Low,53,75,0.709,6
R000626,W009,P001,A08,29-06-2026,Night,8,0,59,High,46,60,0.775,1
R000627,W009,P001,A07,30-06-2026,Day,10.2,2.2,36,Medium,53,70,0.752,2
R000628,W009,P001,A04,01-07-2026,Day,8.7,0.7,42,Low,56,71,0.784,3
R000629,W009,P001,A04,02-07-2026,Day,8.7,0.7,27,Critical,70,97,0.721,4
R000630,W009,P001,A03,03-07-2026,Day,9.8,1.8,44,Low,48,65,0.736,5
R000631,W009,P001,A01,06-07-2026,Day,10.1,2.1,48,Medium,61,84,0.727,1
R000632,W009,P001,A06,07-07-2026,Day,10.8,2.8,27,High,57,74,0.765,2
R000633,W009,P001,A03,08-07-2026,Night,10.6,2.6,38,Critical,62,91,0.676,3
R000634,W009,P001,A04,09-07-2026,Day,10.6,2.6,55,Low,69,97,0.711,4
R000635,W009,P001,A03,10-07-2026,Day,9.8,1.8,42,Critical,45,60,0.749,5
R000636,W009,P001,A06,11-07-2026,Night,9.9,1.9,27,High,72,97,0.74,6
R000637,W009,P001,A04,13-07-2026,Day,10.5,2.5,28,Low,73,89,0.817,1
R000638,W009,P001,A08,14-07-2026,Day,9.4,1.4,40,Medium,54,73,0.742,2
R000639,W009,P001,A02,15-07-2026,Day,11.1,3.1,43,Low,66,85,0.772,3
R000640,W009,P001,A08,16-07-2026,Day,8.1,0.1,33,High,54,71,0.754,4
R000641,W009,P001,A04,17-07-2026,Day,8.4,0.4,33,High,65,83,0.788,5
R000642,W009,P001,A05,18-07-2026,Day,10.8,2.8,49,Low,66,87,0.754,6
R000643,W009,P001,A08,20-07-2026,Day,10.8,2.8,49,Medium,67,88,0.766,1
R000644,W009,P001,A08,21-07-2026,Day,10.1,2.1,36,Low,58,80,0.722,2
R000645,W009,P001,A07,22-07-2026,Night,11.3,3.3,32,High,60,87,0.693,3
R000646,W009,P001,A01,23-07-2026,Day,9.6,1.6,48,Low,53,67,0.797,4
R000647,W009,P001,A09,25-07-2026,Day,9.4,1.4,30,Low,73,94,0.775,1
R000648,W009,P001,A01,27-07-2026,Day,10.4,2.4,29,Low,45,60,0.754,1
R000649,W009,P001,A05,28-07-2026,Day,10.8,2.8,37,Medium,57,83,0.689,2
R000650,W009,P001,A04,29-07-2026,Night,9.7,1.7,49,Low,52,71,0.734,3
R000651,W009,P001,A05,30-07-2026,Night,10.5,2.5,36,Low,54,87,0.616,4
R000652,W009,P001,A03,31-07-2026,Night,8.4,0.4,40,Medium,60,74,0.81,5
R000653,W009,P001,A07,01-08-2026,Night,8.3,0.3,35,High,64,86,0.744,6
R000654,W009,P001,A07,03-08-2026,Day,10.1,2.1,47,Medium,58,81,0.719,1
R000655,W009,P001,A05,04-08-2026,Day,9.9,1.9,54,Medium,65,85,0.761,2
R000656,W009,P001,A06,05-08-2026,Day,10.6,2.6,42,Low,70,97,0.725,3
R000657,W009,P001,A05,06-08-2026,Night,10.4,2.4,43,Medium,67,87,0.77,4
R000658,W009,P001,A08,07-08-2026,Day,11.1,3.1,45,Medium,52,76,0.686,5
R000659,W009,P001,A03,08-08-2026,Day,8.3,0.3,39,Low,67,81,0.832,6
R000660,W009,P001,A07,10-08-2026,Night,10.5,2.5,40,High,66,90,0.73,1
R000661,W009,P001,A03,11-08-2026,Day,9.7,1.7,37,Low,62,79,0.787,2
R000662,W009,P001,A01,12-08-2026,Day,8.7,0.7,50,Low,65,85,0.767,3
R000663,W009,P001,A01,13-08-2026,Day,9.9,1.9,30,Low,50,70,0.713,4
R000664,W009,P001,A07,15-08-2026,Day,11.6,3.6,41,Low,65,80,0.812,1
R000665,W009,P001,A04,17-08-2026,Day,9.2,1.2,43,Medium,54,73,0.735,1
R000666,W009,P001,A05,18-08-2026,Day,9.3,1.3,23,Medium,58,71,0.812,2
R000667,W009,P001,A04,19-08-2026,Day,11.3,3.3,41,Medium,49,71,0.693,3
R000668,W009,P001,A03,20-08-2026,Day,8,0,43,High,43,63,0.689,4
R000669,W009,P001,A06,21-08-2026,Day,10.9,2.9,40,Low,42,66,0.643,5
R000670,W009,P001,A01,22-08-2026,Day,8.9,0.9,31,High,57,77,0.743,6
R000671,W009,P001,A01,24-08-2026,Day,11.3,3.3,44,Medium,70,97,0.717,1
R000672,W009,P001,A06,25-08-2026,Day,9.6,1.6,49,Medium,53,68,0.783,2
R000673,W009,P001,A06,26-08-2026,Night,8.9,0.9,38,High,42,61,0.683,3
R000674,W009,P001,A08,27-08-2026,Day,9.4,1.4,31,Medium,62,81,0.768,4
R000675,W009,P001,A05,28-08-2026,Day,10.5,2.5,26,Medium,66,90,0.735,5
R000676,W009,P001,A04,29-08-2026,Day,9.2,1.2,49,High,55,74,0.746,6
R000677,W010,P005,A03,01-06-2026,Night,9.8,1.8,38,High,53,74,0.718,1
R000678,W010,P005,A09,02-06-2026,Day,10.7,2.7,30,Medium,48,65,0.735,2
R000679,W010,P005,A03,03-06-2026,Day,9.3,1.3,33,Critical,66,93,0.705,3
R000680,W010,P005,A03,04-06-2026,Day,10.6,2.6,30,Medium,81,99,0.822,4
R000681,W010,P005,A07,05-06-2026,Day,10.4,2.4,31,Medium,54,80,0.675,5
R000682,W010,P005,A01,06-06-2026,Day,9.1,1.1,31,Medium,53,82,0.651,6
R000683,W010,P005,A02,08-06-2026,Day,10.7,2.7,40,Low,50,63,0.79,1
R000684,W010,P005,A06,09-06-2026,Day,11.4,3.4,39,Low,64,83,0.773,2
R000685,W010,P005,A05,10-06-2026,Night,10.3,2.3,49,High,50,70,0.716,3
R000686,W010,P005,A08,12-06-2026,Day,9,1,23,High,47,66,0.709,1
R000687,W010,P005,A04,13-06-2026,Day,9.6,1.6,50,Low,63,74,0.848,2
R000688,W010,P005,A02,15-06-2026,Day,8.5,0.5,26,Low,64,75,0.849,1
R000689,W010,P005,A02,16-06-2026,Day,9.1,1.1,49,Low,55,63,0.877,2
R000690,W010,P005,A09,17-06-2026,Day,8.2,0.2,34,Low,62,75,0.824,3
R000691,W010,P005,A09,18-06-2026,Day,9.6,1.6,45,Low,65,85,0.764,4
R000692,W010,P005,A04,19-06-2026,Day,9.5,1.5,42,Low,69,96,0.72,5
R000693,W010,P005,A02,20-06-2026,Night,9.4,1.4,22,Medium,45,65,0.694,6
R000694,W010,P005,A09,23-06-2026,Day,10.8,2.8,23,Low,73,95,0.771,1
R000695,W010,P005,A01,24-06-2026,Night,8.9,0.9,36,Low,55,74,0.746,2
R000696,W010,P005,A04,25-06-2026,Day,10.4,2.4,35,Medium,60,81,0.735,3
R000697,W010,P005,A07,26-06-2026,Day,9.6,1.6,37,Low,42,61,0.69,4
R000698,W010,P005,A08,27-06-2026,Day,9.9,1.9,14,Critical,69,99,0.696,5
R000699,W010,P005,A02,28-06-2026,Day,10.1,2.1,32,High,52,73,0.709,6
R000700,W010,P005,A02,29-06-2026,Night,10.4,2.4,37,Medium,75,99,0.759,7
R000701,W010,P005,A04,30-06-2026,Day,9.5,1.5,45,High,51,82,0.626,8
R000702,W010,P005,A09,01-07-2026,Day,8.8,0.8,45,Medium,50,71,0.699,9
R000703,W010,P005,A07,03-07-2026,Day,8.2,0.2,29,Medium,65,90,0.719,1
R000704,W010,P005,A07,04-07-2026,Day,10.1,2.1,36,High,62,98,0.635,2
R000705,W010,P005,A07,06-07-2026,Day,9.7,1.7,35,High,51,68,0.745,1
R000706,W010,P005,A02,07-07-2026,Day,9.2,1.2,52,High,74,88,0.838,2
R000707,W010,P005,A02,08-07-2026,Day,11.1,3.1,34,Medium,71,93,0.764,3
R000708,W010,P005,A05,09-07-2026,Day,9.4,1.4,41,Medium,48,73,0.658,4
R000709,W010,P005,A01,10-07-2026,Night,10.3,2.3,42,High,50,72,0.696,5
R000710,W010,P005,A01,11-07-2026,Day,9.2,1.2,51,Low,61,76,0.808,6
R000711,W010,P005,A08,13-07-2026,Day,8.1,0.1,34,High,47,69,0.675,1
R000712,W010,P005,A04,14-07-2026,Day,8,0,33,Critical,70,98,0.716,2
R000713,W010,P005,A07,15-07-2026,Day,8.6,0.6,52,Medium,67,90,0.743,3
R000714,W010,P005,A06,16-07-2026,Day,10.9,2.9,50,Medium,55,83,0.664,4
R000715,W010,P005,A07,17-07-2026,Day,8.3,0.3,40,Critical,73,98,0.748,5
R000716,W010,P005,A06,18-07-2026,Night,9.6,1.6,33,Low,47,65,0.726,6
R000717,W010,P005,A04,21-07-2026,Day,11.1,3.1,25,Medium,67,89,0.75,1
R000718,W010,P005,A07,22-07-2026,Day,11.7,3.7,29,High,40,63,0.633,2
R000719,W010,P005,A08,23-07-2026,Day,9.5,1.5,44,Low,70,89,0.786,3
R000720,W010,P005,A03,24-07-2026,Day,8.1,0.1,47,Low,64,83,0.77,4
R000721,W010,P005,A03,25-07-2026,Day,10.4,2.4,43,Low,50,71,0.708,5
R000722,W010,P005,A09,27-07-2026,Day,9.8,1.8,55,Low,56,69,0.812,1
R000723,W010,P005,A02,28-07-2026,Day,8.5,0.5,45,High,55,85,0.646,2
R000724,W010,P005,A09,29-07-2026,Day,10.3,2.3,28,Low,50,76,0.655,3
R000725,W010,P005,A07,30-07-2026,Day,9.7,1.7,49,Low,53,75,0.707,4
R000726,W010,P005,A05,31-07-2026,Day,9.7,1.7,43,Critical,50,77,0.645,5
R000727,W010,P005,A01,01-08-2026,Day,10.8,2.8,32,Medium,69,96,0.718,6
R000728,W010,P005,A07,03-08-2026,Day,11.2,3.2,42,Low,58,80,0.728,1
R000729,W010,P005,A09,04-08-2026,Day,10.8,2.8,25,Critical,39,60,0.643,2
R000730,W010,P005,A09,05-08-2026,Day,9.2,1.2,45,High,48,65,0.746,3
R000731,W010,P005,A09,06-08-2026,Day,9.1,1.1,51,Critical,67,93,0.724,4
R000732,W010,P005,A02,07-08-2026,Day,8.7,0.7,48,Low,77,92,0.833,5
R000733,W010,P005,A09,08-08-2026,Day,11.3,3.3,34,Low,63,83,0.763,6
R000734,W010,P005,A09,10-08-2026,Day,9.1,1.1,33,High,77,97,0.793,1
R000735,W010,P005,A03,11-08-2026,Day,9.4,1.4,38,Critical,54,69,0.786,2
R000736,W010,P005,A01,12-08-2026,Day,9.6,1.6,35,Critical,67,90,0.747,3
R000737,W010,P005,A07,13-08-2026,Day,10.1,2.1,40,Medium,57,79,0.725,4
R000738,W010,P005,A09,14-08-2026,Day,10.3,2.3,42,Low,45,63,0.714,5
R000739,W010,P005,A05,15-08-2026,Day,10.9,2.9,38,Medium,54,87,0.625,6
R000740,W010,P005,A03,17-08-2026,Day,10.6,2.6,29,High,56,77,0.731,1
R000741,W010,P005,A01,20-08-2026,Day,9.4,1.4,46,Medium,60,83,0.718,1
R000742,W010,P005,A04,21-08-2026,Day,9.2,1.2,34,Low,61,72,0.844,2
R000743,W010,P005,A09,22-08-2026,Day,10.7,2.7,32,Low,52,64,0.811,3
R000744,W010,P005,A09,24-08-2026,Day,8.5,0.5,37,High,61,76,0.801,1
R000745,W010,P005,A03,25-08-2026,Day,11.2,3.2,37,Low,52,70,0.742,2
R000746,W010,P005,A05,26-08-2026,Day,10.4,2.4,51,Low,47,60,0.776,3
R000747,W010,P005,A07,27-08-2026,Night,8,0,39,Low,50,61,0.812,4
R000748,W010,P005,A02,28-08-2026,Day,10,2,28,Medium,71,98,0.729,5
R000749,W010,P005,A08,29-08-2026,Day,8.9,0.9,42,Medium,54,70,0.77,6
R000750,W011,P002,A06,01-06-2026,Day,9.6,1.6,39,Medium,66,81,0.819,1
R000751,W011,P002,A09,02-06-2026,Day,9.4,1.4,26,Low,77,94,0.817,2
R000752,W011,P002,A03,03-06-2026,Day,9,1,32,Low,56,69,0.811,3
R000753,W011,P002,A03,04-06-2026,Day,8.7,0.7,40,Critical,72,91,0.79,4
R000754,W011,P002,A05,05-06-2026,Day,10,2,37,Medium,50,78,0.641,5
R000755,W011,P002,A06,06-06-2026,Day,8.8,0.8,33,High,67,97,0.694,6
R000756,W011,P002,A05,09-06-2026,Day,8.1,0.1,38,Medium,48,66,0.724,1
R000757,W011,P002,A08,10-06-2026,Day,10.6,2.6,46,Medium,53,64,0.824,2
R000758,W011,P002,A06,11-06-2026,Day,9.8,1.8,27,Medium,41,60,0.681,3
R000759,W011,P002,A07,12-06-2026,Day,10.5,2.5,19,Medium,48,65,0.741,4
R000760,W011,P002,A06,13-06-2026,Day,8.6,0.6,50,Low,67,87,0.772,5
R000761,W011,P002,A03,15-06-2026,Day,10.3,2.3,33,Low,66,85,0.779,1
R000762,W011,P002,A07,16-06-2026,Day,10.9,2.9,43,Low,52,71,0.734,2
R000763,W011,P002,A02,17-06-2026,Day,11.7,3.7,44,Low,64,88,0.723,3
R000764,W011,P002,A04,19-06-2026,Day,8.1,0.1,48,Critical,57,84,0.68,1
R000765,W011,P002,A02,20-06-2026,Night,8.9,0.9,32,High,69,90,0.766,2
R000766,W011,P002,A05,22-06-2026,Night,10,2,46,High,61,89,0.69,1
R000767,W011,P002,A01,23-06-2026,Day,9.2,1.2,60,Low,68,83,0.813,2
R000768,W011,P002,A04,24-06-2026,Day,9.4,1.4,48,Medium,69,81,0.853,3
R000769,W011,P002,A06,25-06-2026,Night,9.8,1.8,44,Low,46,63,0.73,4
R000770,W011,P002,A09,26-06-2026,Day,9.1,1.1,54,Low,66,83,0.801,5
R000771,W011,P002,A05,27-06-2026,Day,8.9,0.9,46,High,64,93,0.69,6
R000772,W011,P002,A06,29-06-2026,Night,10.8,2.8,32,High,72,99,0.726,1
R000773,W011,P002,A03,30-06-2026,Night,11.2,3.2,47,Medium,43,65,0.664,2
R000774,W011,P002,A09,01-07-2026,Day,8.8,0.8,52,High,44,64,0.682,3
R000775,W011,P002,A06,02-07-2026,Day,9.7,1.7,53,Medium,70,88,0.792,4
R000776,W011,P002,A01,03-07-2026,Night,8.1,0.1,29,Critical,55,74,0.743,5
R000777,W011,P002,A05,06-07-2026,Day,9.1,1.1,48,High,61,81,0.756,1
R000778,W011,P002,A02,07-07-2026,Day,10,2,28,Low,59,71,0.827,2
R000779,W011,P002,A01,08-07-2026,Day,10.7,2.7,31,Low,70,98,0.719,3
R000780,W011,P002,A05,09-07-2026,Day,9.4,1.4,43,Medium,62,93,0.666,4
R000781,W011,P002,A08,10-07-2026,Night,9.5,1.5,50,Medium,53,75,0.705,5
R000782,W011,P002,A04,11-07-2026,Day,8.2,0.2,32,Critical,37,63,0.594,6
R000783,W011,P002,A02,12-07-2026,Day,9.4,1.4,38,Medium,49,69,0.716,7
R000784,W011,P002,A02,13-07-2026,Day,10.8,2.8,52,Low,53,72,0.731,8
R000785,W011,P002,A09,14-07-2026,Day,11.7,3.7,49,Medium,67,93,0.718,9
R000786,W011,P002,A02,15-07-2026,Day,9.9,1.9,45,Medium,46,67,0.68,10
R000787,W011,P002,A02,16-07-2026,Day,9.2,1.2,43,High,45,62,0.718,11
R000788,W011,P002,A06,17-07-2026,Day,9.2,1.2,41,Low,83,97,0.857,12
R000789,W011,P002,A09,18-07-2026,Day,8.4,0.4,47,High,62,86,0.718,13
R000790,W011,P002,A09,20-07-2026,Day,8.4,0.4,37,Low,52,68,0.768,1
R000791,W011,P002,A06,21-07-2026,Day,9.9,1.9,39,High,60,83,0.726,2
R000792,W011,P002,A08,22-07-2026,Day,9.1,1.1,46,Medium,73,92,0.794,3
R000793,W011,P002,A09,23-07-2026,Day,8,0,40,Medium,68,81,0.839,4
R000794,W011,P002,A08,24-07-2026,Night,9.5,1.5,35,High,62,80,0.778,5
R000795,W011,P002,A05,25-07-2026,Day,8,0,53,Low,68,81,0.845,6
R000796,W011,P002,A04,27-07-2026,Day,8.3,0.3,46,Medium,51,65,0.781,1
R000797,W011,P002,A04,28-07-2026,Day,10.4,2.4,35,High,66,90,0.737,2
R000798,W011,P002,A03,29-07-2026,Night,8,0,55,Critical,51,64,0.792,3
R000799,W011,P002,A02,30-07-2026,Day,9.2,1.2,38,Low,67,92,0.731,4
R000800,W011,P002,A02,31-07-2026,Day,9.8,1.8,45,Medium,64,91,0.704,5
R000801,W011,P002,A01,01-08-2026,Day,10.6,2.6,38,Low,51,64,0.802,6
R000802,W011,P002,A02,03-08-2026,Day,8.5,0.5,45,Low,53,64,0.827,1
R000803,W011,P002,A09,04-08-2026,Day,8,0,40,High,64,82,0.785,2
R000804,W011,P002,A02,05-08-2026,Day,8.6,0.6,42,Low,56,69,0.814,3
R000805,W011,P002,A04,06-08-2026,Day,9.1,1.1,38,Medium,44,62,0.711,4
R000806,W011,P002,A02,07-08-2026,Day,10.9,2.9,41,Medium,60,89,0.672,5
R000807,W011,P002,A02,08-08-2026,Day,9.9,1.9,49,High,64,85,0.752,6
R000808,W011,P002,A07,10-08-2026,Day,9.3,1.3,60,High,65,76,0.851,1
R000809,W011,P002,A06,11-08-2026,Day,9.2,1.2,26,High,71,87,0.812,2
R000810,W011,P002,A03,12-08-2026,Day,10,2,53,High,57,67,0.847,3
R000811,W011,P002,A01,13-08-2026,Day,9.4,1.4,42,High,45,64,0.709,4
R000812,W011,P002,A07,14-08-2026,Day,9.9,1.9,43,Low,73,87,0.84,5
R000813,W011,P002,A02,15-08-2026,Day,10.3,2.3,30,High,51,72,0.709,6
R000814,W011,P002,A09,17-08-2026,Day,8.8,0.8,46,Low,63,82,0.768,1
R000815,W011,P002,A05,19-08-2026,Day,9.6,1.6,35,Medium,79,99,0.802,1
R000816,W011,P002,A08,20-08-2026,Day,10.9,2.9,60,Medium,46,62,0.74,2
R000817,W011,P002,A08,21-08-2026,Day,9,1,41,High,73,98,0.749,3
R000818,W011,P002,A02,22-08-2026,Day,9.4,1.4,37,Low,52,69,0.756,4
R000819,W011,P002,A03,24-08-2026,Night,8.6,0.6,41,Low,59,71,0.83,1
R000820,W011,P002,A09,25-08-2026,Day,9.5,1.5,37,High,57,72,0.789,2
R000821,W011,P002,A05,26-08-2026,Night,8,0,50,Critical,73,95,0.766,3
R000822,W011,P002,A05,27-08-2026,Day,10.1,2.1,36,High,46,65,0.711,4
R000823,W011,P002,A04,28-08-2026,Day,8.9,0.9,34,High,48,74,0.642,5
R000824,W011,P002,A09,29-08-2026,Day,9,1,56,Medium,56,73,0.769,6
R000825,W012,P004,A07,01-06-2026,Day,8.6,0.6,44,Low,67,89,0.749,1
R000826,W012,P004,A02,02-06-2026,Day,8.2,0.2,42,High,70,93,0.751,2
R000827,W012,P004,A07,03-06-2026,Day,9.7,1.7,40,Medium,45,66,0.687,3
R000828,W012,P004,A02,04-06-2026,Day,10.4,2.4,23,High,55,88,0.625,4
R000829,W012,P004,A08,05-06-2026,Day,9.7,1.7,36,Critical,69,97,0.712,5
R000830,W012,P004,A08,06-06-2026,Day,11.1,3.1,37,Medium,65,98,0.666,6
R000831,W012,P004,A09,08-06-2026,Day,9.4,1.4,34,Critical,50,74,0.682,1
R000832,W012,P004,A04,09-06-2026,Day,9.1,1.1,32,High,63,93,0.675,2
R000833,W012,P004,A09,10-06-2026,Night,9.6,1.6,48,High,59,75,0.78,3
R000834,W012,P004,A01,11-06-2026,Day,9.4,1.4,34,Low,67,94,0.714,4
R000835,W012,P004,A08,12-06-2026,Day,9.3,1.3,31,Medium,75,95,0.786,5
R000836,W012,P004,A04,13-06-2026,Day,9.1,1.1,31,Medium,62,85,0.729,6
R000837,W012,P004,A09,15-06-2026,Day,9.9,1.9,24,Medium,59,80,0.741,1
R000838,W012,P004,A09,16-06-2026,Day,10.9,2.9,43,Medium,70,94,0.743,2
R000839,W012,P004,A04,17-06-2026,Day,8,0,51,High,65,88,0.738,3
R000840,W012,P004,A09,18-06-2026,Night,11.1,3.1,35,Medium,40,61,0.649,4
R000841,W012,P004,A04,19-06-2026,Day,8.9,0.9,29,Low,49,72,0.681,5
R000842,W012,P004,A03,20-06-2026,Day,9.7,1.7,46,Critical,61,88,0.696,6
R000843,W012,P004,A05,22-06-2026,Day,8.2,0.2,38,Low,72,92,0.778,1
R000844,W012,P004,A08,23-06-2026,Night,8,0,49,High,65,92,0.702,2
R000845,W012,P004,A06,24-06-2026,Day,9.7,1.7,42,Critical,52,71,0.728,3
R000846,W012,P004,A04,25-06-2026,Day,9.4,1.4,28,High,48,67,0.721,4
R000847,W012,P004,A01,26-06-2026,Day,10.9,2.9,42,High,64,91,0.701,5
R000848,W012,P004,A09,27-06-2026,Day,8.1,0.1,40,Medium,73,99,0.735,6
R000849,W012,P004,A04,29-06-2026,Day,11.6,3.6,30,Medium,59,84,0.702,1
R000850,W012,P004,A08,30-06-2026,Day,10,2,32,Medium,47,68,0.695,2
R000851,W012,P004,A01,01-07-2026,Day,9.4,1.4,41,Low,79,99,0.793,3
R000852,W012,P004,A05,02-07-2026,Night,8.1,0.1,26,Critical,70,85,0.827,4
R000853,W012,P004,A08,03-07-2026,Day,10.6,2.6,26,Low,63,98,0.646,5
R000854,W012,P004,A07,04-07-2026,Night,10.4,2.4,34,Critical,42,62,0.682,6
R000855,W012,P004,A08,05-07-2026,Day,11.2,3.2,52,Low,53,70,0.756,7
R000856,W012,P004,A03,06-07-2026,Night,11.6,3.6,38,Critical,44,83,0.534,8
R000857,W012,P004,A04,07-07-2026,Day,9,1,21,Medium,40,63,0.641,9
R000858,W012,P004,A03,08-07-2026,Day,8.8,0.8,36,Medium,51,80,0.639,10
R000859,W012,P004,A07,09-07-2026,Night,9.3,1.3,21,Medium,52,83,0.622,11
R000860,W012,P004,A01,10-07-2026,Day,10.7,2.7,31,Low,51,70,0.727,12
R000861,W012,P004,A06,11-07-2026,Day,9.8,1.8,45,Medium,53,88,0.605,13
R000862,W012,P004,A03,13-07-2026,Day,9.7,1.7,38,Low,49,62,0.784,1
R000863,W012,P004,A03,14-07-2026,Night,9.6,1.6,39,High,65,82,0.79,2
R000864,W012,P004,A07,15-07-2026,Day,12.4,4.4,35,Medium,55,74,0.744,3
R000865,W012,P004,A05,16-07-2026,Day,8.8,0.8,30,High,48,68,0.706,4
R000866,W012,P004,A04,17-07-2026,Day,9.6,1.6,35,Low,64,83,0.775,5
R000867,W012,P004,A07,18-07-2026,Day,9.6,1.6,33,Low,54,72,0.754,6
R000868,W012,P004,A03,20-07-2026,Day,9.4,1.4,50,High,70,93,0.75,1
R000869,W012,P004,A07,21-07-2026,Day,8,0,32,Low,54,72,0.753,2
R000870,W012,P004,A04,22-07-2026,Night,8.8,0.8,49,High,63,86,0.734,3
R000871,W012,P004,A09,23-07-2026,Night,8.9,0.9,46,Critical,62,93,0.672,4
R000872,W012,P004,A03,24-07-2026,Day,8,0,43,Medium,59,78,0.752,5
R000873,W012,P004,A02,25-07-2026,Day,9.7,1.7,39,Medium,45,61,0.741,6
R000874,W012,P004,A06,26-07-2026,Day,9.6,1.6,37,High,44,64,0.692,7
R000875,W012,P004,A06,27-07-2026,Day,10.1,2.1,40,Medium,48,78,0.614,8
R000876,W012,P004,A08,28-07-2026,Day,8.4,0.4,34,Medium,75,97,0.773,9
R000877,W012,P004,A03,29-07-2026,Day,9.4,1.4,41,High,66,97,0.676,10
R000878,W012,P004,A01,30-07-2026,Day,10.6,2.6,31,Critical,56,88,0.636,11
R000879,W012,P004,A07,31-07-2026,Night,9.9,1.9,29,Low,67,94,0.711,12
R000880,W012,P004,A09,01-08-2026,Day,9.6,1.6,45,Medium,68,90,0.758,13
R000881,W012,P004,A09,03-08-2026,Day,9.4,1.4,50,High,49,72,0.687,1
R000882,W012,P004,A05,04-08-2026,Day,9.1,1.1,29,Medium,59,84,0.705,2
R000883,W012,P004,A06,05-08-2026,Day,10.5,2.5,45,Medium,73,92,0.798,3
R000884,W012,P004,A07,06-08-2026,Day,9.1,1.1,47,Medium,47,64,0.738,4
R000885,W012,P004,A09,07-08-2026,Day,12,4,38,Medium,52,71,0.726,5
R000886,W012,P004,A07,08-08-2026,Day,8.9,0.9,38,High,72,97,0.745,6
R000887,W012,P004,A03,10-08-2026,Day,8.6,0.6,33,Medium,43,64,0.679,1
R000888,W012,P004,A03,11-08-2026,Day,10.9,2.9,32,Medium,44,66,0.66,2
R000889,W012,P004,A09,12-08-2026,Day,10.3,2.3,43,Critical,43,60,0.71,3
R000890,W012,P004,A09,13-08-2026,Day,11.5,3.5,45,Low,53,83,0.64,4
R000891,W012,P004,A08,14-08-2026,Day,10.3,2.3,60,High,42,67,0.633,5
R000892,W012,P004,A04,17-08-2026,Day,8.9,0.9,38,Medium,56,83,0.672,1
R000893,W012,P004,A03,18-08-2026,Day,11.3,3.3,50,High,56,85,0.655,2
R000894,W012,P004,A01,19-08-2026,Day,9,1,37,Low,71,97,0.731,3
R000895,W012,P004,A06,20-08-2026,Day,11.4,3.4,45,Low,61,83,0.732,4
R000896,W012,P004,A07,21-08-2026,Day,10.8,2.8,52,High,40,61,0.656,5
R000897,W012,P004,A08,22-08-2026,Day,10.6,2.6,38,Low,71,99,0.715,6
R000898,W012,P004,A09,23-08-2026,Day,11.7,3.7,45,Medium,54,74,0.736,7
R000899,W012,P004,A02,25-08-2026,Night,9,1,40,Low,52,62,0.839,1
R000900,W012,P004,A02,26-08-2026,Night,8,0,49,Low,77,81,0.955,2
R000901,W012,P004,A06,27-08-2026,Day,10,2,43,High,45,65,0.696,3
R000902,W012,P004,A06,28-08-2026,Day,11,3,41,Low,62,84,0.733,4
R000903,W012,P004,A09,29-08-2026,Day,9.5,1.5,35,Medium,52,72,0.727,5
R000904,W013,P003,A05,01-06-2026,Day,10.3,2.3,39,High,68,94,0.719,1
R000905,W013,P003,A01,02-06-2026,Night,9.7,1.7,42,Low,54,75,0.722,2
R000906,W013,P003,A05,03-06-2026,Day,10.4,2.4,53,Low,61,79,0.776,3
R000907,W013,P003,A08,04-06-2026,Day,10.3,2.3,35,Medium,66,86,0.763,4
R000908,W013,P003,A01,05-06-2026,Day,9.8,1.8,47,Medium,74,93,0.794,5
R000909,W013,P003,A01,06-06-2026,Day,8.3,0.3,42,Medium,73,91,0.807,6
R000910,W013,P003,A06,07-06-2026,Day,10.9,2.9,35,Low,44,78,0.559,7
R000911,W013,P003,A02,08-06-2026,Night,11.3,3.3,41,Medium,61,94,0.646,8
R000912,W013,P003,A02,09-06-2026,Day,10.3,2.3,31,Low,52,75,0.695,9
R000913,W013,P003,A01,10-06-2026,Day,10.5,2.5,37,High,54,87,0.617,10
R000914,W013,P003,A08,11-06-2026,Night,10,2,23,Medium,39,63,0.62,11
R000915,W013,P003,A06,12-06-2026,Day,9.6,1.6,30,High,48,71,0.675,12
R000916,W013,P003,A07,13-06-2026,Day,9.6,1.6,41,Critical,41,65,0.626,13
R000917,W013,P003,A07,15-06-2026,Day,10.9,2.9,34,Low,61,80,0.763,1
R000918,W013,P003,A04,16-06-2026,Day,10.4,2.4,32,Low,48,60,0.806,2
R000919,W013,P003,A09,17-06-2026,Day,10.2,2.2,47,Low,52,70,0.745,3
R000920,W013,P003,A02,18-06-2026,Day,8,0,60,Medium,57,70,0.812,4
R000921,W013,P003,A01,19-06-2026,Day,9.5,1.5,46,Low,44,65,0.677,5
R000922,W013,P003,A07,20-06-2026,Day,10,2,26,Medium,66,82,0.802,6
R000923,W013,P003,A08,22-06-2026,Day,9.7,1.7,29,Critical,43,63,0.679,1
R000924,W013,P003,A06,23-06-2026,Day,9.7,1.7,38,High,45,65,0.695,2
R000925,W013,P003,A04,24-06-2026,Day,9.8,1.8,36,Low,67,90,0.746,3
R000926,W013,P003,A04,25-06-2026,Day,9.3,1.3,36,Medium,55,71,0.776,4
R000927,W013,P003,A05,26-06-2026,Day,9.3,1.3,24,Medium,54,72,0.753,5
R000928,W013,P003,A02,27-06-2026,Day,10.7,2.7,34,High,62,85,0.731,6
R000929,W013,P003,A09,29-06-2026,Day,9.4,1.4,18,Low,68,92,0.741,1
R000930,W013,P003,A01,30-06-2026,Day,10.2,2.2,35,High,49,70,0.705,2
R000931,W013,P003,A03,01-07-2026,Day,10.3,2.3,30,Low,73,95,0.768,3
R000932,W013,P003,A04,02-07-2026,Day,10,2,26,Low,53,62,0.861,4
R000933,W013,P003,A07,03-07-2026,Night,8.3,0.3,28,High,60,88,0.679,5
R000934,W013,P003,A07,05-07-2026,Night,11.8,3.8,36,High,55,75,0.735,1
R000935,W013,P003,A04,06-07-2026,Day,11.5,3.5,36,Low,58,75,0.769,2
R000936,W013,P003,A03,07-07-2026,Day,9.8,1.8,53,Medium,76,98,0.776,3
R000937,W013,P003,A03,08-07-2026,Night,10.7,2.7,27,Low,49,61,0.8,4
R000938,W013,P003,A03,09-07-2026,Night,9.2,1.2,30,High,50,68,0.736,5
R000939,W013,P003,A03,10-07-2026,Day,10.4,2.4,38,Medium,58,93,0.623,6
R000940,W013,P003,A07,11-07-2026,Day,9.9,1.9,43,Low,65,85,0.762,7
R000941,W013,P003,A03,13-07-2026,Night,10.8,2.8,40,Medium,46,62,0.745,1
R000942,W013,P003,A07,14-07-2026,Day,9.2,1.2,40,High,57,80,0.717,2
R000943,W013,P003,A08,15-07-2026,Day,10.3,2.3,32,Low,68,94,0.72,3
R000944,W013,P003,A02,16-07-2026,Day,9.6,1.6,43,Medium,49,69,0.716,4
R000945,W013,P003,A07,17-07-2026,Night,10.8,2.8,36,Low,76,92,0.824,5
R000946,W013,P003,A09,18-07-2026,Night,9.7,1.7,43,Low,64,93,0.693,6
R000947,W013,P003,A03,20-07-2026,Day,9.7,1.7,29,Medium,66,83,0.799,1
R000948,W013,P003,A07,21-07-2026,Day,9.1,1.1,45,Medium,56,72,0.772,2
R000949,W013,P003,A08,22-07-2026,Day,9.2,1.2,57,Medium,74,95,0.78,3
R000950,W013,P003,A02,23-07-2026,Day,10.9,2.9,20,Critical,68,99,0.69,4
R000951,W013,P003,A07,24-07-2026,Day,9.6,1.6,32,High,65,85,0.763,5
R000952,W013,P003,A06,25-07-2026,Night,11.4,3.4,44,High,44,60,0.732,6
R000953,W013,P003,A02,27-07-2026,Day,10,2,36,High,61,82,0.74,1
R000954,W013,P003,A06,28-07-2026,Day,9.8,1.8,54,Low,69,88,0.789,2
R000955,W013,P003,A02,29-07-2026,Night,10.5,2.5,52,High,47,69,0.674,3
R000956,W013,P003,A06,30-07-2026,Day,8.9,0.9,55,High,47,65,0.724,4
R000957,W013,P003,A01,31-07-2026,Day,10.3,2.3,36,Low,43,66,0.659,5
R000958,W013,P003,A06,01-08-2026,Day,10.2,2.2,36,Critical,49,73,0.669,6
R000959,W013,P003,A04,03-08-2026,Day,11,3,37,Medium,52,77,0.675,1
R000960,W013,P003,A05,04-08-2026,Day,10,2,42,Low,66,88,0.745,2
R000961,W013,P003,A03,05-08-2026,Day,8.4,0.4,37,High,54,69,0.776,3
R000962,W013,P003,A08,06-08-2026,Day,10.3,2.3,35,High,54,67,0.805,4
R000963,W013,P003,A03,07-08-2026,Day,11.6,3.6,30,Low,57,77,0.742,5
R000964,W013,P003,A07,08-08-2026,Day,10.7,2.7,32,Medium,43,67,0.635,6
R000965,W013,P003,A02,10-08-2026,Day,10.3,2.3,41,High,54,75,0.717,1
R000966,W013,P003,A08,11-08-2026,Night,8,0,42,Low,71,89,0.803,2
R000967,W013,P003,A02,12-08-2026,Day,8.5,0.5,17,Low,76,95,0.801,3
R000968,W013,P003,A03,13-08-2026,Night,10.2,2.2,46,Low,50,69,0.724,4
R000969,W013,P003,A06,14-08-2026,Day,9.4,1.4,42,High,65,99,0.655,5
R000970,W013,P003,A06,15-08-2026,Day,12.5,4.5,36,High,53,85,0.626,6
R000971,W013,P003,A08,17-08-2026,Day,10,2,30,Medium,59,79,0.746,1
R000972,W013,P003,A03,19-08-2026,Day,9.8,1.8,49,Medium,47,65,0.726,1
R000973,W013,P003,A06,20-08-2026,Day,8.3,0.3,40,Medium,62,82,0.753,2
R000974,W013,P003,A03,21-08-2026,Day,10,2,28,Critical,57,75,0.758,3
R000975,W013,P003,A08,25-08-2026,Day,10.4,2.4,43,High,76,95,0.797,1
R000976,W013,P003,A07,26-08-2026,Day,9.9,1.9,52,Medium,77,97,0.794,2
R000977,W013,P003,A07,27-08-2026,Day,9.8,1.8,39,Medium,73,97,0.751,3
R000978,W013,P003,A09,28-08-2026,Day,9.5,1.5,37,Low,80,99,0.812,4
R000979,W013,P003,A04,29-08-2026,Night,10.4,2.4,29,Low,75,99,0.76,5
R000980,W014,P006,A08,01-06-2026,Night,8.1,0.1,59,Medium,79,92,0.855,1
R000981,W014,P006,A05,02-06-2026,Day,8,0,41,Low,52,62,0.838,2
R000982,W014,P006,A08,03-06-2026,Day,9.8,1.8,44,Medium,68,83,0.815,3
R000983,W014,P006,A01,04-06-2026,Day,10.9,2.9,43,Medium,60,79,0.757,4
R000984,W014,P006,A03,05-06-2026,Day,9.5,1.5,32,Medium,52,68,0.759,5
R000985,W014,P006,A01,06-06-2026,Day,8.6,0.6,46,High,77,96,0.803,6
R000986,W014,P006,A03,08-06-2026,Night,10,2,42,Low,47,61,0.77,1
R000987,W014,P006,A04,09-06-2026,Night,9.5,1.5,49,Medium,78,90,0.866,2
R000988,W014,P006,A05,10-06-2026,Day,9.6,1.6,40,Low,57,83,0.684,3
R000989,W014,P006,A01,11-06-2026,Day,8.6,0.6,41,High,59,76,0.777,4
R000990,W014,P006,A01,12-06-2026,Day,9.4,1.4,47,Low,52,66,0.787,5
R000991,W014,P006,A08,13-06-2026,Night,10.3,2.3,43,Low,66,78,0.843,6
R000992,W014,P006,A04,15-06-2026,Night,9.3,1.3,44,Low,64,86,0.744,1
R000993,W014,P006,A03,16-06-2026,Day,8.2,0.2,30,High,71,92,0.776,2
R000994,W014,P006,A09,17-06-2026,Day,10.7,2.7,37,Low,67,84,0.794,3
R000995,W014,P006,A07,18-06-2026,Day,9.5,1.5,41,Critical,82,97,0.843,4
R000996,W014,P006,A09,19-06-2026,Night,8.9,0.9,41,Low,62,70,0.888,5
R000997,W014,P006,A04,22-06-2026,Day,10.8,2.8,42,Medium,66,77,0.854,1
R000998,W014,P006,A07,23-06-2026,Day,9.9,1.9,39,Critical,58,88,0.663,2
R000999,W014,P006,A07,25-06-2026,Day,10.5,2.5,45,Medium,57,76,0.753,1
R001000,W014,P006,A01,26-06-2026,Night,9.8,1.8,41,High,56,76,0.739,2
R001001,W014,P006,A04,27-06-2026,Day,10.6,2.6,38,Medium,57,77,0.741,3
R001002,W014,P006,A05,29-06-2026,Day,8.4,0.4,43,Medium,78,99,0.783,1
R001003,W014,P006,A09,30-06-2026,Day,8.3,0.3,28,Medium,69,95,0.723,2
R001004,W014,P006,A08,01-07-2026,Day,9.1,1.1,56,Critical,51,62,0.818,3
R001005,W014,P006,A07,02-07-2026,Day,8.8,0.8,48,Medium,58,71,0.812,4
R001006,W014,P006,A05,03-07-2026,Day,9.8,1.8,46,High,59,88,0.673,5
R001007,W014,P006,A05,04-07-2026,Day,8,0,32,High,68,91,0.747,6
R001008,W014,P006,A06,06-07-2026,Day,8,0,46,High,68,86,0.79,1
R001009,W014,P006,A03,07-07-2026,Day,9.3,1.3,46,Medium,52,64,0.817,2
R001010,W014,P006,A02,08-07-2026,Day,9,1,51,Medium,58,72,0.81,3
R001011,W014,P006,A07,09-07-2026,Day,8,0,23,Low,71,90,0.794,4
R001012,W014,P006,A01,10-07-2026,Night,9.8,1.8,39,Low,57,73,0.784,5
R001013,W014,P006,A09,11-07-2026,Day,8.6,0.6,48,Low,68,88,0.773,6
R001014,W014,P006,A05,13-07-2026,Day,11.7,3.7,44,Low,63,86,0.728,1
R001015,W014,P006,A01,14-07-2026,Day,8.3,0.3,40,Low,75,90,0.828,2
R001016,W014,P006,A04,15-07-2026,Day,9.4,1.4,40,Low,70,96,0.73,3
R001017,W014,P006,A01,16-07-2026,Day,8,0,50,Low,84,94,0.889,4
R001018,W014,P006,A06,17-07-2026,Day,8.4,0.4,46,High,46,61,0.753,5
R001019,W014,P006,A01,18-07-2026,Night,8.5,0.5,37,Low,68,81,0.841,6
R001020,W014,P006,A02,20-07-2026,Night,9,1,47,Low,62,66,0.941,1
R001021,W014,P006,A06,22-07-2026,Day,9.3,1.3,51,High,52,62,0.831,1
R001022,W014,P006,A04,23-07-2026,Day,8.7,0.7,34,Medium,51,60,0.844,2
R001023,W014,P006,A01,24-07-2026,Day,9.5,1.5,44,Medium,83,97,0.855,3
R001024,W014,P006,A06,25-07-2026,Day,10.8,2.8,46,Medium,77,93,0.823,4
R001025,W014,P006,A07,27-07-2026,Day,10,2,49,Low,48,60,0.803,1
R001026,W014,P006,A09,28-07-2026,Day,8.8,0.8,42,Medium,75,94,0.798,2
R001027,W014,P006,A07,29-07-2026,Night,9.4,1.4,60,Medium,67,80,0.844,3
R001028,W014,P006,A09,30-07-2026,Day,8.7,0.7,50,Critical,75,90,0.832,4
R001029,W014,P006,A01,31-07-2026,Day,8,0,40,Medium,48,60,0.801,5
R001030,W014,P006,A09,01-08-2026,Day,9.2,1.2,27,Low,50,76,0.66,6
R001031,W014,P006,A05,03-08-2026,Day,9.9,1.9,56,High,63,83,0.764,1
R001032,W014,P006,A08,04-08-2026,Day,9.1,1.1,45,Critical,54,77,0.695,2
R001033,W014,P006,A01,05-08-2026,Day,8.5,0.5,60,Low,65,74,0.88,3
R001034,W014,P006,A01,06-08-2026,Night,8.7,0.7,48,Medium,54,76,0.715,4
R001035,W014,P006,A09,07-08-2026,Day,10,2,52,Low,53,68,0.776,5
R001036,W014,P006,A09,08-08-2026,Day,8.2,0.2,40,Low,71,85,0.838,6
R001037,W014,P006,A03,10-08-2026,Night,9.4,1.4,36,Medium,66,82,0.803,1
R001038,W014,P006,A06,11-08-2026,Day,10.1,2.1,36,High,64,85,0.757,2
R001039,W014,P006,A03,12-08-2026,Day,9.3,1.3,40,Medium,67,81,0.827,3
R001040,W014,P006,A01,13-08-2026,Day,10.9,2.9,45,Low,66,81,0.814,4
R001041,W014,P006,A02,14-08-2026,Day,9.3,1.3,41,Medium,55,70,0.782,5
R001042,W014,P006,A03,15-08-2026,Day,8.1,0.1,40,Low,76,93,0.813,6
R001043,W014,P006,A08,17-08-2026,Night,10,2,31,Medium,67,94,0.718,1
R001044,W014,P006,A08,18-08-2026,Day,8,0,36,Medium,81,95,0.849,2
R001045,W014,P006,A09,19-08-2026,Day,9.3,1.3,54,High,66,81,0.815,3
R001046,W014,P006,A09,20-08-2026,Day,8.9,0.9,43,Medium,71,91,0.777,4
R001047,W014,P006,A06,21-08-2026,Day,9,1,43,High,45,61,0.743,5
R001048,W014,P006,A03,22-08-2026,Day,9,1,41,High,48,64,0.746,6
R001049,W014,P006,A01,24-08-2026,Day,9.5,1.5,51,Low,60,80,0.751,1
R001050,W014,P006,A03,25-08-2026,Day,8.1,0.1,26,Low,64,76,0.841,2
R001051,W014,P006,A03,26-08-2026,Day,9.2,1.2,39,High,54,65,0.834,3
R001052,W014,P006,A01,27-08-2026,Day,9.3,1.3,48,Medium,58,72,0.81,4
R001053,W014,P006,A05,28-08-2026,Day,8,0,47,Low,56,72,0.782,5
R001054,W014,P006,A06,29-08-2026,Day,9.2,1.2,45,Low,74,89,0.827,6
R001055,W015,P004,A07,01-06-2026,Day,10.6,2.6,28,Medium,56,89,0.624,1
R001056,W015,P004,A09,02-06-2026,Day,11.6,3.6,44,Medium,50,79,0.636,2
R001057,W015,P004,A06,03-06-2026,Day,9.5,1.5,32,Medium,44,67,0.651,3
R001058,W015,P004,A04,04-06-2026,Day,8.9,0.9,31,High,63,95,0.664,4
R001059,W015,P004,A07,05-06-2026,Day,9.7,1.7,34,Medium,52,73,0.71,5
R001060,W015,P004,A09,08-06-2026,Day,11.9,3.9,23,Medium,50,89,0.561,1
R001061,W015,P004,A06,09-06-2026,Day,9.6,1.6,43,Medium,52,81,0.643,2
R001062,W015,P004,A04,10-06-2026,Day,10,2,33,Critical,60,97,0.62,3
R001063,W015,P004,A04,11-06-2026,Night,11.2,3.2,40,Low,53,80,0.664,4
R001064,W015,P004,A04,12-06-2026,Day,12,4,53,Medium,54,78,0.688,5
R001065,W015,P004,A09,13-06-2026,Day,10.1,2.1,33,Medium,68,95,0.717,6
R001066,W015,P004,A09,15-06-2026,Day,11.2,3.2,55,Medium,51,76,0.675,1
R001067,W015,P004,A04,16-06-2026,Night,10.3,2.3,36,High,60,87,0.685,2
R001068,W015,P004,A02,17-06-2026,Day,10.3,2.3,38,High,44,66,0.659,3
R001069,W015,P004,A08,18-06-2026,Day,11.8,3.8,52,Medium,48,69,0.695,4
R001070,W015,P004,A07,19-06-2026,Day,10.7,2.7,36,Medium,43,66,0.648,5
R001071,W015,P004,A03,20-06-2026,Day,9.4,1.4,31,Medium,56,86,0.653,6
R001072,W015,P004,A08,22-06-2026,Day,9.5,1.5,34,Medium,64,88,0.727,1
R001073,W015,P004,A09,23-06-2026,Day,9.9,1.9,23,High,57,90,0.629,2
R001074,W015,P004,A01,24-06-2026,Day,10.8,2.8,41,Critical,47,72,0.658,3
R001075,W015,P004,A06,25-06-2026,Day,10.7,2.7,29,High,46,69,0.669,4
R001076,W015,P004,A04,26-06-2026,Night,10.5,2.5,18,High,45,77,0.586,5
R001077,W015,P004,A06,27-06-2026,Day,11.5,3.5,46,Critical,53,95,0.553,6
R001078,W015,P004,A06,29-06-2026,Day,11,3,29,Medium,61,89,0.689,1
R001079,W015,P004,A05,30-06-2026,Night,10.1,2.1,43,Medium,44,62,0.711,2
R001080,W015,P004,A03,02-07-2026,Day,8.9,0.9,34,High,50,75,0.663,1
R001081,W015,P004,A08,04-07-2026,Night,11.9,3.9,37,Low,64,87,0.732,1
R001082,W015,P004,A03,06-07-2026,Night,11.4,3.4,23,Medium,68,94,0.724,1
R001083,W015,P004,A04,07-07-2026,Day,10,2,32,High,56,89,0.629,2
R001084,W015,P004,A02,08-07-2026,Day,11.9,3.9,52,Low,53,74,0.719,3
R001085,W015,P004,A08,09-07-2026,Day,9.7,1.7,42,High,58,90,0.646,4
R001086,W015,P004,A01,10-07-2026,Day,10.2,2.2,44,Critical,55,94,0.587,5
R001087,W015,P004,A06,11-07-2026,Day,10.1,2.1,36,High,45,70,0.644,6
R001088,W015,P004,A08,13-07-2026,Day,11.7,3.7,21,Medium,51,80,0.642,1
R001089,W015,P004,A05,14-07-2026,Day,10.5,2.5,36,Low,56,80,0.705,2
R001090,W015,P004,A02,15-07-2026,Day,9.8,1.8,23,Low,49,61,0.81,3
R001091,W015,P004,A03,16-07-2026,Day,10.8,2.8,23,Critical,45,70,0.649,4
R001092,W015,P004,A05,17-07-2026,Day,9.7,1.7,54,Low,57,87,0.652,5
R001093,W015,P004,A02,18-07-2026,Day,11.6,3.6,32,Medium,48,69,0.694,6
R001094,W015,P004,A09,20-07-2026,Day,10.4,2.4,31,Low,57,92,0.62,1
R001095,W015,P004,A07,21-07-2026,Day,11.5,3.5,33,High,54,77,0.706,2
R001096,W015,P004,A06,22-07-2026,Night,9.7,1.7,47,Critical,51,67,0.757,3
R001097,W015,P004,A03,23-07-2026,Day,10.7,2.7,30,Critical,56,90,0.62,4
R001098,W015,P004,A03,24-07-2026,Night,11.7,3.7,29,Medium,49,79,0.62,5
R001099,W015,P004,A06,25-07-2026,Day,11,3,35,Critical,33,62,0.526,6
R001100,W015,P004,A01,27-07-2026,Day,10.3,2.3,26,High,55,89,0.622,1
R001101,W015,P004,A06,28-07-2026,Day,10.6,2.6,26,Low,63,85,0.74,2
R001102,W015,P004,A06,29-07-2026,Day,9.4,1.4,31,Low,75,98,0.77,3
R001103,W015,P004,A02,30-07-2026,Day,11.5,3.5,34,High,49,75,0.66,4
R001104,W015,P004,A06,31-07-2026,Day,11.8,3.8,46,Medium,60,85,0.704,5
R001105,W015,P004,A08,01-08-2026,Day,9.4,1.4,35,Medium,50,66,0.758,6
R001106,W015,P004,A06,02-08-2026,Day,8.4,0.4,32,Low,61,83,0.732,7
R001107,W015,P004,A03,03-08-2026,Day,10.2,2.2,37,Medium,64,96,0.664,8
R001108,W015,P004,A01,04-08-2026,Day,11.7,3.7,26,Low,53,89,0.594,9
R001109,W015,P004,A01,05-08-2026,Day,10.7,2.7,45,High,50,75,0.66,10
R001110,W015,P004,A06,06-08-2026,Day,10.2,2.2,45,Medium,61,98,0.617,11
R001111,W015,P004,A08,07-08-2026,Day,9.8,1.8,40,Medium,59,87,0.683,12
R001112,W015,P004,A04,08-08-2026,Day,10.9,2.9,28,Medium,44,74,0.593,13
R001113,W015,P004,A07,10-08-2026,Night,9.8,1.8,36,Medium,52,73,0.707,1
R001114,W015,P004,A04,11-08-2026,Night,11.9,3.9,46,Low,51,87,0.588,2
R001115,W015,P004,A03,12-08-2026,Day,12.4,4.4,52,Low,46,62,0.749,3
R001116,W015,P004,A04,13-08-2026,Day,10.6,2.6,26,Medium,62,89,0.698,4
R001117,W015,P004,A03,14-08-2026,Day,11.3,3.3,20,Medium,66,94,0.699,5
R001118,W015,P004,A07,15-08-2026,Night,9.2,1.2,39,High,42,65,0.639,6
R001119,W015,P004,A03,16-08-2026,Day,11.3,3.3,40,Medium,46,75,0.619,7
R001120,W015,P004,A06,17-08-2026,Day,10,2,26,Medium,43,61,0.71,8
R001121,W015,P004,A04,18-08-2026,Day,11.1,3.1,42,Low,64,91,0.705,9
R001122,W015,P004,A01,19-08-2026,Day,10.5,2.5,30,Low,61,97,0.624,10
R001123,W015,P004,A05,20-08-2026,Night,11.3,3.3,24,High,37,64,0.584,11
R001124,W015,P004,A08,21-08-2026,Day,10,2,50,High,44,71,0.622,12
R001125,W015,P004,A06,22-08-2026,Day,10.8,2.8,39,Medium,43,69,0.62,13
R001126,W015,P004,A09,24-08-2026,Day,10.9,2.9,39,Medium,63,94,0.675,1
R001127,W015,P004,A01,25-08-2026,Day,11,3,26,High,55,99,0.551,2
R001128,W015,P004,A01,26-08-2026,Day,11.8,3.8,34,High,58,91,0.641,3
R001129,W015,P004,A07,27-08-2026,Day,11.4,3.4,39,Medium,42,72,0.589,4
R001130,W015,P004,A07,28-08-2026,Day,11.1,3.1,37,High,41,63,0.653,5
R001131,W015,P004,A07,29-08-2026,Day,10.6,2.6,25,High,53,91,0.586,6
R001132,W016,P005,A07,01-06-2026,Day,10.5,2.5,40,High,49,70,0.698,1
R001133,W016,P005,A02,02-06-2026,Day,9,1,48,High,61,77,0.786,2
R001134,W016,P005,A04,03-06-2026,Day,9.3,1.3,43,Low,63,77,0.821,3
R001135,W016,P005,A03,04-06-2026,Day,9.9,1.9,60,High,66,87,0.754,4
R001136,W016,P005,A06,05-06-2026,Day,9.8,1.8,49,Medium,51,71,0.718,5
R001137,W016,P005,A08,06-06-2026,Day,8,0,43,Critical,63,88,0.716,6
R001138,W016,P005,A04,08-06-2026,Day,9.9,1.9,26,Low,47,69,0.675,1
R001139,W016,P005,A07,09-06-2026,Day,8.4,0.4,45,Critical,66,97,0.681,2
R001140,W016,P005,A03,10-06-2026,Night,9.7,1.7,54,Medium,78,84,0.93,3
R001141,W016,P005,A03,11-06-2026,Day,8,0,29,Low,61,77,0.789,4
R001142,W016,P005,A01,12-06-2026,Day,10.7,2.7,43,Medium,75,99,0.759,5
R001143,W016,P005,A06,13-06-2026,Night,10.8,2.8,47,Medium,45,63,0.711,6
R001144,W016,P005,A04,15-06-2026,Day,8.8,0.8,40,Medium,47,60,0.783,1
R001145,W016,P005,A02,16-06-2026,Day,9.5,1.5,46,High,80,97,0.82,2
R001146,W016,P005,A01,17-06-2026,Day,8,0,53,Low,72,95,0.76,3
R001147,W016,P005,A04,18-06-2026,Day,10.8,2.8,49,Low,64,80,0.799,4
R001148,W016,P005,A09,19-06-2026,Night,8.6,0.6,37,Medium,59,79,0.752,5
R001149,W016,P005,A04,20-06-2026,Day,9,1,51,Critical,42,61,0.692,6
R001150,W016,P005,A09,22-06-2026,Day,8.4,0.4,41,Low,77,92,0.842,1
R001151,W016,P005,A01,23-06-2026,Day,9.2,1.2,37,Low,49,64,0.773,2
R001152,W016,P005,A09,24-06-2026,Night,8,0,44,Medium,44,61,0.729,3
R001153,W016,P005,A08,25-06-2026,Day,10,2,44,Low,59,84,0.702,4
R001154,W016,P005,A06,26-06-2026,Day,8,0,46,Low,61,68,0.892,5
R001155,W016,P005,A09,27-06-2026,Night,8,0,37,Medium,69,83,0.835,6
R001156,W016,P005,A08,29-06-2026,Day,10.7,2.7,34,High,52,80,0.649,1
R001157,W016,P005,A02,30-06-2026,Day,8.1,0.1,47,Low,76,94,0.812,2
R001158,W016,P005,A09,01-07-2026,Day,8.8,0.8,43,Medium,68,78,0.866,3
R001159,W016,P005,A04,02-07-2026,Day,9.9,1.9,45,High,62,82,0.754,4
R001160,W016,P005,A03,03-07-2026,Day,11.3,3.3,46,Low,46,62,0.743,5
R001161,W016,P005,A02,04-07-2026,Day,9.8,1.8,33,Low,55,74,0.747,6
R001162,W016,P005,A02,06-07-2026,Day,8.1,0.1,35,High,78,97,0.808,1
R001163,W016,P005,A02,07-07-2026,Day,9.7,1.7,48,Medium,77,93,0.827,2
R001164,W016,P005,A03,08-07-2026,Night,9.2,1.2,46,Critical,43,62,0.686,3
R001165,W016,P005,A08,09-07-2026,Day,9.2,1.2,49,Critical,48,70,0.685,4
R001166,W016,P005,A03,10-07-2026,Night,9.5,1.5,48,Critical,68,98,0.692,5
R001167,W016,P005,A01,11-07-2026,Day,9.3,1.3,49,Low,64,79,0.808,6
R001168,W016,P005,A07,13-07-2026,Night,9.7,1.7,54,Low,72,86,0.842,1
R001169,W016,P005,A02,14-07-2026,Day,8.8,0.8,42,Medium,74,90,0.823,2
R001170,W016,P005,A02,15-07-2026,Day,9.1,1.1,34,Low,72,90,0.801,3
R001171,W016,P005,A06,16-07-2026,Day,8.6,0.6,41,Medium,58,77,0.757,4
R001172,W016,P005,A07,17-07-2026,Night,9.2,1.2,44,Low,64,80,0.802,5
R001173,W016,P005,A09,18-07-2026,Day,9.1,1.1,26,Medium,53,80,0.667,6
R001174,W016,P005,A03,20-07-2026,Day,9.1,1.1,56,Low,66,78,0.846,1
R001175,W016,P005,A03,21-07-2026,Day,10.1,2.1,49,Low,61,73,0.84,2
R001176,W016,P005,A07,22-07-2026,Night,8.7,0.7,52,High,75,98,0.761,3
R001177,W016,P005,A02,23-07-2026,Day,11.9,3.9,28,Low,74,90,0.825,4
R001178,W016,P005,A06,24-07-2026,Day,8.4,0.4,33,High,63,88,0.719,5
R001179,W016,P005,A04,25-07-2026,Day,10.1,2.1,44,Medium,55,80,0.689,6
R001180,W016,P005,A09,28-07-2026,Day,8.7,0.7,40,Low,58,71,0.812,1
R001181,W016,P005,A09,29-07-2026,Day,8.1,0.1,34,Low,56,68,0.823,2
R001182,W016,P005,A01,30-07-2026,Day,8.6,0.6,36,Low,60,84,0.719,3
R001183,W016,P005,A01,31-07-2026,Day,8.2,0.2,47,Medium,58,68,0.846,4
R001184,W016,P005,A09,01-08-2026,Day,9.4,1.4,40,High,56,81,0.696,5
R001185,W016,P005,A04,03-08-2026,Day,9.6,1.6,33,Low,53,65,0.818,1
R001186,W016,P005,A05,04-08-2026,Day,9,1,38,Medium,66,88,0.751,2
R001187,W016,P005,A07,05-08-2026,Day,9.4,1.4,46,High,74,98,0.75,3
R001188,W016,P005,A02,06-08-2026,Day,9.4,1.4,35,High,68,98,0.691,4
R001189,W016,P005,A08,07-08-2026,Day,10.7,2.7,34,Critical,55,84,0.659,5
R001190,W016,P005,A01,08-08-2026,Day,9.2,1.2,43,Low,84,97,0.868,6
R001191,W016,P005,A02,10-08-2026,Day,9.9,1.9,44,Medium,68,93,0.733,1
R001192,W016,P005,A07,11-08-2026,Night,10.4,2.4,36,High,67,91,0.742,2
R001193,W016,P005,A03,12-08-2026,Day,9.5,1.5,34,Medium,70,88,0.797,3
R001194,W016,P005,A08,13-08-2026,Day,8.1,0.1,40,Low,46,60,0.77,4
R001195,W016,P005,A01,14-08-2026,Day,8,0,32,Medium,49,64,0.765,5
R001196,W016,P005,A07,15-08-2026,Day,8,0,46,Low,69,80,0.866,6
R001197,W016,P005,A09,17-08-2026,Day,10.6,2.6,29,Medium,59,76,0.772,1
R001198,W016,P005,A08,18-08-2026,Day,9,1,32,Low,58,69,0.839,2
R001199,W016,P005,A07,19-08-2026,Day,10.9,2.9,44,Medium,73,88,0.825,3
R001200,W016,P005,A02,20-08-2026,Day,10.7,2.7,33,Medium,64,89,0.723,4
R001201,W016,P005,A01,21-08-2026,Day,9.9,1.9,47,Low,55,71,0.772,5
R001202,W016,P005,A09,22-08-2026,Day,9.8,1.8,43,Low,76,96,0.794,6
R001203,W016,P005,A06,24-08-2026,Night,10.2,2.2,40,Low,64,86,0.747,1
R001204,W016,P005,A04,26-08-2026,Day,11.1,3.1,60,Medium,56,72,0.78,1
R001205,W016,P005,A02,27-08-2026,Day,10,2,51,Low,73,87,0.841,2
R001206,W016,P005,A02,28-08-2026,Day,10.3,2.3,34,Medium,48,64,0.753,3
R001207,W016,P005,A09,29-08-2026,Day,11,3,41,High,68,81,0.84,4
R001208,W017,P003,A07,01-06-2026,Day,10.8,2.8,29,High,64,97,0.662,1
R001209,W017,P003,A08,02-06-2026,Day,10.4,2.4,47,Critical,64,99,0.643,2
R001210,W017,P003,A06,04-06-2026,Day,9.3,1.3,37,High,51,79,0.651,1
R001211,W017,P003,A02,05-06-2026,Day,9.8,1.8,33,High,55,76,0.725,2
R001212,W017,P003,A09,06-06-2026,Day,10.1,2.1,43,Critical,59,94,0.626,3
R001213,W017,P003,A04,08-06-2026,Day,9.5,1.5,35,Medium,48,66,0.73,1
R001214,W017,P003,A04,09-06-2026,Day,10.2,2.2,32,Medium,45,66,0.687,2
R001215,W017,P003,A07,10-06-2026,Day,9.7,1.7,28,High,75,95,0.786,3
R001216,W017,P003,A04,12-06-2026,Day,9.7,1.7,30,High,66,97,0.676,1
R001217,W017,P003,A07,13-06-2026,Day,8.8,0.8,37,High,55,76,0.73,2
R001218,W017,P003,A09,15-06-2026,Day,11.6,3.6,32,Low,57,86,0.661,1
R001219,W017,P003,A01,16-06-2026,Day,9.4,1.4,36,High,53,73,0.723,2
R001220,W017,P003,A05,17-06-2026,Day,9.8,1.8,21,Low,55,88,0.628,3
R001221,W017,P003,A02,18-06-2026,Day,11.2,3.2,38,High,44,62,0.704,4
R001222,W017,P003,A05,19-06-2026,Day,11.3,3.3,38,High,54,80,0.675,5
R001223,W017,P003,A08,20-06-2026,Day,10.8,2.8,30,Medium,41,71,0.578,6
R001224,W017,P003,A07,21-06-2026,Night,11.5,3.5,20,Low,61,93,0.653,7
R001225,W017,P003,A04,22-06-2026,Day,9.8,1.8,31,Low,53,81,0.659,8
R001226,W017,P003,A05,23-06-2026,Day,11.7,3.7,35,Medium,45,77,0.588,9
R001227,W017,P003,A01,24-06-2026,Day,8.8,0.8,39,High,54,85,0.631,10
R001228,W017,P003,A06,25-06-2026,Day,10.5,2.5,46,Medium,38,62,0.62,11
R001229,W017,P003,A09,27-06-2026,Day,10.6,2.6,30,Medium,62,87,0.716,1
R001230,W017,P003,A01,28-06-2026,Day,8.8,0.8,57,Low,44,66,0.672,2
R001231,W017,P003,A06,29-06-2026,Day,9.1,1.1,24,Medium,70,82,0.85,3
R001232,W017,P003,A08,30-06-2026,Day,10.6,2.6,47,High,58,93,0.623,4
R001233,W017,P003,A06,01-07-2026,Day,9.5,1.5,32,Low,74,94,0.782,5
R001234,W017,P003,A04,02-07-2026,Day,9.8,1.8,30,Low,58,83,0.697,6
R001235,W017,P003,A03,03-07-2026,Day,10.9,2.9,40,Low,40,63,0.63,7
R001236,W017,P003,A09,04-07-2026,Day,9.8,1.8,43,Critical,36,60,0.592,8
R001237,W017,P003,A04,05-07-2026,Night,10.3,2.3,33,Low,61,98,0.619,9
R001238,W017,P003,A07,06-07-2026,Day,11.5,3.5,40,Critical,37,64,0.574,10
R001239,W017,P003,A05,07-07-2026,Day,10.7,2.7,23,High,49,78,0.634,11
R001240,W017,P003,A09,08-07-2026,Day,10.3,2.3,36,Medium,76,99,0.763,12
R001241,W017,P003,A06,09-07-2026,Day,10.5,2.5,41,Medium,45,70,0.649,13
R001242,W017,P003,A08,10-07-2026,Day,12.2,4.2,31,High,37,70,0.528,14
R001243,W017,P003,A06,11-07-2026,Day,10.8,2.8,31,Medium,58,92,0.629,15
R001244,W017,P003,A04,13-07-2026,Night,11.2,3.2,32,Medium,46,72,0.637,1
R001245,W017,P003,A04,14-07-2026,Day,11.6,3.6,45,Critical,48,69,0.701,2
R001246,W017,P003,A01,15-07-2026,Day,10.8,2.8,38,High,60,86,0.695,3
R001247,W017,P003,A06,16-07-2026,Day,12.2,4.2,19,Medium,50,75,0.664,4
R001248,W017,P003,A03,17-07-2026,Day,11.1,3.1,47,High,42,61,0.694,5
R001249,W017,P003,A03,18-07-2026,Day,11,3,37,Medium,61,88,0.691,6
R001250,W017,P003,A03,19-07-2026,Day,10,2,33,Critical,49,83,0.586,7
R001251,W017,P003,A02,20-07-2026,Day,11.9,3.9,27,Critical,45,93,0.479,8
R001252,W017,P003,A06,21-07-2026,Day,10,2,39,Critical,52,80,0.652,9
R001253,W017,P003,A02,22-07-2026,Day,9.4,1.4,28,High,45,73,0.618,10
R001254,W017,P003,A04,23-07-2026,Day,10.4,2.4,37,Low,45,62,0.73,11
R001255,W017,P003,A03,24-07-2026,Day,10.3,2.3,45,Low,55,76,0.721,12
R001256,W017,P003,A08,25-07-2026,Day,10.9,2.9,40,Low,52,86,0.6,13
R001257,W017,P003,A06,27-07-2026,Day,11.1,3.1,41,High,38,63,0.601,1
R001258,W017,P003,A03,28-07-2026,Night,10.3,2.3,45,High,62,96,0.65,2
R001259,W017,P003,A05,29-07-2026,Day,8,0,43,High,61,84,0.722,3
R001260,W017,P003,A09,30-07-2026,Day,10.7,2.7,34,Medium,55,90,0.606,4
R001261,W017,P003,A03,31-07-2026,Night,9.7,1.7,16,Medium,47,64,0.731,5
R001262,W017,P003,A07,01-08-2026,Day,9.3,1.3,35,Medium,65,94,0.69,6
R001263,W017,P003,A05,03-08-2026,Day,11.4,3.4,32,Critical,57,99,0.572,1
R001264,W017,P003,A06,05-08-2026,Day,10.2,2.2,33,High,64,98,0.658,1
R001265,W017,P003,A06,06-08-2026,Day,8.7,0.7,25,Low,46,67,0.689,2
R001266,W017,P003,A03,07-08-2026,Day,9.4,1.4,36,Low,52,77,0.673,3
R001267,W017,P003,A07,08-08-2026,Day,9.3,1.3,26,Medium,75,97,0.775,4
R001268,W017,P003,A02,10-08-2026,Day,9.6,1.6,26,Critical,65,94,0.693,1
R001269,W017,P003,A07,11-08-2026,Day,12.7,4.7,31,Low,68,98,0.696,2
R001270,W017,P003,A09,12-08-2026,Day,9.5,1.5,33,Medium,48,70,0.687,3
R001271,W017,P003,A03,13-08-2026,Day,10.9,2.9,22,Low,64,93,0.683,4
R001272,W017,P003,A07,14-08-2026,Day,10.1,2.1,29,Medium,49,71,0.69,5
R001273,W017,P003,A08,15-08-2026,Night,10.8,2.8,33,Low,49,72,0.679,6
R001274,W017,P003,A04,17-08-2026,Day,12.5,4.5,26,Low,60,88,0.682,1
R001275,W017,P003,A01,18-08-2026,Day,10.9,2.9,21,High,60,90,0.669,2
R001276,W017,P003,A03,19-08-2026,Day,11.2,3.2,25,Low,66,92,0.714,3
R001277,W017,P003,A09,20-08-2026,Day,10.5,2.5,38,Low,57,73,0.776,4
R001278,W017,P003,A01,21-08-2026,Day,10.3,2.3,49,Medium,55,71,0.77,5
R001279,W017,P003,A06,22-08-2026,Day,10.8,2.8,38,Low,48,60,0.793,6
R001280,W017,P003,A01,23-08-2026,Day,11.4,3.4,35,High,43,71,0.609,7
R001281,W017,P003,A09,24-08-2026,Day,10.4,2.4,29,Low,52,91,0.567,8
R001282,W017,P003,A02,25-08-2026,Day,8.9,0.9,13,Medium,51,79,0.648,9
R001283,W017,P003,A09,26-08-2026,Day,9.2,1.2,51,High,49,72,0.687,10
R001284,W017,P003,A06,27-08-2026,Day,9.7,1.7,24,Medium,59,94,0.629,11
R001285,W017,P003,A04,28-08-2026,Day,8.9,0.9,37,Medium,54,83,0.653,12
R001286,W017,P003,A02,29-08-2026,Day,11.2,3.2,28,Medium,53,73,0.725,13
R001287,W018,P005,A02,01-06-2026,Day,9.3,1.3,54,High,53,64,0.829,1
R001288,W018,P005,A04,02-06-2026,Day,10.2,2.2,39,Medium,71,95,0.751,2
R001289,W018,P005,A01,03-06-2026,Day,8.3,0.3,40,High,73,97,0.753,3
R001290,W018,P005,A05,04-06-2026,Night,10.4,2.4,41,Medium,44,66,0.673,4
R001291,W018,P005,A02,05-06-2026,Day,9.7,1.7,33,Low,58,86,0.675,5
R001292,W018,P005,A04,06-06-2026,Day,9.7,1.7,34,Medium,55,69,0.795,6
R001293,W018,P005,A04,08-06-2026,Day,11.5,3.5,40,High,48,74,0.65,1
R001294,W018,P005,A08,09-06-2026,Day,10.6,2.6,38,Low,49,62,0.791,2
R001295,W018,P005,A07,10-06-2026,Day,10,2,43,Medium,52,72,0.722,3
R001296,W018,P005,A07,11-06-2026,Day,9.7,1.7,48,Low,57,77,0.737,4
R001297,W018,P005,A08,12-06-2026,Day,10.2,2.2,31,Low,45,63,0.712,5
R001298,W018,P005,A03,13-06-2026,Day,8.6,0.6,43,High,60,70,0.863,6
R001299,W018,P005,A03,15-06-2026,Day,9.2,1.2,43,Low,81,95,0.852,1
R001300,W018,P005,A02,16-06-2026,Night,10.8,2.8,39,Medium,64,83,0.769,2
R001301,W018,P005,A02,17-06-2026,Day,8,0,34,Medium,73,91,0.805,3
R001302,W018,P005,A07,18-06-2026,Day,8.3,0.3,29,Low,66,82,0.808,4
R001303,W018,P005,A02,19-06-2026,Night,9.3,1.3,34,Low,51,61,0.836,5
R001304,W018,P005,A08,20-06-2026,Day,8.7,0.7,32,High,47,70,0.676,6
R001305,W018,P005,A09,22-06-2026,Day,9.9,1.9,45,Low,65,87,0.745,1
R001306,W018,P005,A06,23-06-2026,Night,8.4,0.4,40,Low,59,67,0.875,2
R001307,W018,P005,A03,24-06-2026,Day,10.7,2.7,33,Medium,47,71,0.656,3
R001308,W018,P005,A04,25-06-2026,Day,10.9,2.9,53,High,73,95,0.766,4
R001309,W018,P005,A08,26-06-2026,Day,11.1,3.1,34,Medium,56,79,0.705,5
R001310,W018,P005,A02,27-06-2026,Day,9.3,1.3,38,High,49,69,0.711,6
R001311,W018,P005,A04,29-06-2026,Day,10.6,2.6,38,High,60,84,0.713,1
R001312,W018,P005,A08,30-06-2026,Day,10.3,2.3,45,Medium,70,92,0.762,2
R001313,W018,P005,A05,01-07-2026,Night,10.2,2.2,53,Low,58,67,0.868,3
R001314,W018,P005,A02,02-07-2026,Night,9.6,1.6,46,Low,60,82,0.729,4
R001315,W018,P005,A05,03-07-2026,Day,10.4,2.4,41,Medium,55,71,0.775,5
R001316,W018,P005,A05,04-07-2026,Day,9,1,34,High,56,86,0.657,6
R001317,W018,P005,A01,06-07-2026,Day,10.5,2.5,37,Low,54,76,0.711,1
R001318,W018,P005,A03,07-07-2026,Day,8.6,0.6,29,Medium,77,97,0.795,2
R001319,W018,P005,A04,08-07-2026,Day,10.6,2.6,41,Medium,61,77,0.795,3
R001320,W018,P005,A09,09-07-2026,Day,9.2,1.2,43,Critical,54,69,0.776,4
R001321,W018,P005,A02,10-07-2026,Day,9.4,1.4,45,High,66,86,0.765,5
R001322,W018,P005,A09,11-07-2026,Day,9,1,39,Low,73,90,0.809,6
R001323,W018,P005,A04,13-07-2026,Day,9.9,1.9,21,Low,57,74,0.765,1
R001324,W018,P005,A01,14-07-2026,Day,9.4,1.4,35,High,69,96,0.718,2
R001325,W018,P005,A06,15-07-2026,Day,9.7,1.7,37,Low,46,67,0.685,3
R001326,W018,P005,A04,16-07-2026,Day,8.8,0.8,51,Medium,48,63,0.768,4
R001327,W018,P005,A09,17-07-2026,Day,9.6,1.6,39,High,52,77,0.672,5
R001328,W018,P005,A09,18-07-2026,Day,8.6,0.6,30,High,53,71,0.75,6
R001329,W018,P005,A06,20-07-2026,Day,9.5,1.5,35,Medium,59,75,0.793,1
R001330,W018,P005,A01,21-07-2026,Day,9.1,1.1,36,Medium,51,77,0.657,2
R001331,W018,P005,A06,22-07-2026,Day,10,2,30,Medium,63,79,0.796,3
R001332,W018,P005,A07,23-07-2026,Day,8.9,0.9,35,Low,70,95,0.735,4
R001333,W018,P005,A08,24-07-2026,Day,11.1,3.1,23,Medium,73,99,0.739,5
R001334,W018,P005,A05,27-07-2026,Day,10.5,2.5,44,Medium,56,70,0.803,1
R001335,W018,P005,A07,28-07-2026,Day,10.8,2.8,31,High,46,71,0.644,2
R001336,W018,P005,A04,30-07-2026,Day,10.1,2.1,36,Medium,61,91,0.668,1
R001337,W018,P005,A02,31-07-2026,Day,9.1,1.1,29,Low,67,78,0.865,2
R001338,W018,P005,A09,01-08-2026,Day,9.2,1.2,51,Low,60,80,0.75,3
R001339,W018,P005,A06,02-08-2026,Night,10.1,2.1,33,Medium,58,71,0.815,4
R001340,W018,P005,A06,03-08-2026,Day,11,3,27,High,65,91,0.717,5
R001341,W018,P005,A07,04-08-2026,Day,9.7,1.7,27,Critical,41,73,0.561,6
R001342,W018,P005,A04,05-08-2026,Day,8.9,0.9,45,Low,62,84,0.736,7
R001343,W018,P005,A04,06-08-2026,Night,9.7,1.7,42,Low,64,83,0.773,8
R001344,W018,P005,A05,07-08-2026,Night,8,0,45,High,57,87,0.656,9
R001345,W018,P005,A07,08-08-2026,Day,10.1,2.1,38,Critical,53,87,0.606,10
R001346,W018,P005,A05,10-08-2026,Day,9.2,1.2,42,Medium,76,88,0.864,1
R001347,W018,P005,A09,11-08-2026,Day,10.5,2.5,38,Low,63,84,0.755,2
R001348,W018,P005,A08,12-08-2026,Day,10.7,2.7,50,Low,79,92,0.854,3
R001349,W018,P005,A07,13-08-2026,Day,10,2,24,High,44,63,0.706,4
R001350,W018,P005,A02,14-08-2026,Day,8.4,0.4,47,Low,49,61,0.808,5
R001351,W018,P005,A01,15-08-2026,Day,9.2,1.2,43,Critical,41,67,0.611,6
R001352,W018,P005,A01,18-08-2026,Day,10.6,2.6,34,Critical,53,72,0.737,1
R001353,W018,P005,A04,19-08-2026,Day,8,0,48,Medium,55,65,0.849,2
R001354,W018,P005,A06,20-08-2026,Day,10.6,2.6,41,Low,51,60,0.845,3
R001355,W018,P005,A08,21-08-2026,Day,10.9,2.9,30,Low,56,71,0.794,4
R001356,W018,P005,A02,22-08-2026,Day,10.7,2.7,52,Low,62,81,0.759,5
R001357,W018,P005,A05,24-08-2026,Day,8.6,0.6,30,High,58,77,0.759,1
R001358,W018,P005,A08,25-08-2026,Night,9.2,1.2,42,Medium,52,69,0.753,2
R001359,W018,P005,A08,26-08-2026,Night,10.6,2.6,27,Low,55,69,0.799,3
R001360,W018,P005,A03,27-08-2026,Day,10.3,2.3,34,Medium,65,94,0.687,4
R001361,W018,P005,A04,28-08-2026,Day,8,0,57,Medium,50,63,0.797,5
R001362,W018,P005,A08,29-08-2026,Day,8.2,0.2,49,Low,63,80,0.793,6
R001363,W019,P002,A03,01-06-2026,Day,9.4,1.4,44,High,64,91,0.7,1
R001364,W019,P002,A07,02-06-2026,Day,9,1,43,Medium,52,67,0.78,2
R001365,W019,P002,A03,04-06-2026,Day,8.6,0.6,37,Low,58,81,0.711,1
R001366,W019,P002,A01,05-06-2026,Night,8.8,0.8,52,High,52,64,0.815,2
R001367,W019,P002,A08,06-06-2026,Night,9.1,1.1,34,Medium,49,60,0.821,3
R001368,W019,P002,A01,08-06-2026,Day,8.9,0.9,39,Low,66,78,0.845,1
R001369,W019,P002,A03,09-06-2026,Day,8.3,0.3,40,High,70,88,0.801,2
R001370,W019,P002,A05,10-06-2026,Day,8.7,0.7,39,Medium,53,63,0.839,3
R001371,W019,P002,A02,11-06-2026,Day,8,0,50,Medium,59,76,0.772,4
R001372,W019,P002,A04,12-06-2026,Day,11,3,46,Medium,61,80,0.766,5
R001373,W019,P002,A06,13-06-2026,Day,8.6,0.6,49,Low,52,67,0.773,6
R001374,W019,P002,A08,15-06-2026,Day,10.6,2.6,40,Critical,45,63,0.719,1
R001375,W019,P002,A07,16-06-2026,Day,9.5,1.5,49,Low,51,68,0.757,2
R001376,W019,P002,A08,17-06-2026,Day,10.2,2.2,35,Low,57,70,0.813,3
R001377,W019,P002,A04,18-06-2026,Day,8,0,60,Critical,48,64,0.743,4
R001378,W019,P002,A05,19-06-2026,Day,9.5,1.5,35,Low,72,90,0.799,5
R001379,W019,P002,A01,20-06-2026,Day,9.8,1.8,59,Medium,65,88,0.738,6
R001380,W019,P002,A02,22-06-2026,Day,8.7,0.7,43,Low,53,66,0.799,1
R001381,W019,P002,A03,23-06-2026,Night,9.7,1.7,45,Low,65,82,0.796,2
R001382,W019,P002,A07,24-06-2026,Day,9.7,1.7,35,High,48,73,0.66,3
R001383,W019,P002,A09,25-06-2026,Night,8.1,0.1,41,Low,71,86,0.821,4
R001384,W019,P002,A07,26-06-2026,Day,9,1,45,Low,47,60,0.781,5
R001385,W019,P002,A05,29-06-2026,Day,9.7,1.7,47,Low,55,62,0.88,1
R001386,W019,P002,A01,30-06-2026,Day,9.4,1.4,33,Low,71,83,0.856,2
R001387,W019,P002,A05,01-07-2026,Day,8.8,0.8,49,High,60,77,0.78,3
R001388,W019,P002,A07,02-07-2026,Day,9.2,1.2,48,High,64,87,0.731,4
R001389,W019,P002,A08,03-07-2026,Day,12.4,4.4,53,Medium,75,92,0.82,5
R001390,W019,P002,A02,04-07-2026,Day,10.7,2.7,48,High,51,71,0.715,6
R001391,W019,P002,A07,06-07-2026,Day,11.7,3.7,36,Low,53,75,0.712,1
R001392,W019,P002,A07,07-07-2026,Day,9.3,1.3,56,High,58,67,0.861,2
R001393,W019,P002,A09,08-07-2026,Day,9.2,1.2,51,Medium,57,71,0.799,3
R001394,W019,P002,A08,09-07-2026,Day,8.4,0.4,49,Low,50,63,0.793,4
R001395,W019,P002,A01,10-07-2026,Day,9.3,1.3,38,High,62,85,0.724,5
R001396,W019,P002,A04,11-07-2026,Day,8.6,0.6,49,Low,54,62,0.865,6
R001397,W019,P002,A07,13-07-2026,Day,9.4,1.4,57,Medium,83,90,0.919,1
R001398,W019,P002,A08,14-07-2026,Night,9.8,1.8,44,Low,66,82,0.8,2
R001399,W019,P002,A02,15-07-2026,Night,9.2,1.2,40,Low,46,60,0.769,3
R001400,W019,P002,A02,16-07-2026,Night,8.1,0.1,43,Medium,62,85,0.73,4
R001401,W019,P002,A04,17-07-2026,Night,9.5,1.5,50,Medium,50,63,0.788,5
R001402,W019,P002,A09,18-07-2026,Day,8,0,39,Medium,71,99,0.717,6
R001403,W019,P002,A07,20-07-2026,Night,10,2,31,High,62,80,0.776,1
R001404,W019,P002,A09,21-07-2026,Day,12.1,4.1,40,Low,54,80,0.677,2
R001405,W019,P002,A02,22-07-2026,Day,10,2,36,Medium,72,89,0.805,3
R001406,W019,P002,A09,23-07-2026,Day,8.6,0.6,39,High,51,62,0.825,4
R001407,W019,P002,A09,24-07-2026,Day,9,1,45,High,55,76,0.723,5
R001408,W019,P002,A06,25-07-2026,Day,10.5,2.5,45,Medium,71,94,0.751,6
R001409,W019,P002,A08,27-07-2026,Day,9.7,1.7,40,Low,69,95,0.73,1
R001410,W019,P002,A05,28-07-2026,Day,9.7,1.7,53,Low,66,89,0.744,2
R001411,W019,P002,A05,29-07-2026,Day,8.7,0.7,52,Low,81,99,0.823,3
R001412,W019,P002,A07,30-07-2026,Day,9.5,1.5,47,Low,71,85,0.836,4
R001413,W019,P002,A02,31-07-2026,Day,10.2,2.2,34,High,52,71,0.73,5
R001414,W019,P002,A05,01-08-2026,Day,10.1,2.1,41,Low,72,94,0.767,6
R001415,W019,P002,A06,03-08-2026,Day,9.2,1.2,49,Low,59,75,0.792,1
R001416,W019,P002,A03,04-08-2026,Day,9.8,1.8,60,Medium,68,87,0.778,2
R001417,W019,P002,A02,05-08-2026,Day,8.8,0.8,39,Low,56,74,0.761,3
R001418,W019,P002,A03,06-08-2026,Night,10.5,2.5,37,Medium,47,63,0.738,4
R001419,W019,P002,A02,07-08-2026,Day,10.5,2.5,38,Medium,63,90,0.702,5
R001420,W019,P002,A02,08-08-2026,Day,9.3,1.3,43,High,54,72,0.747,6
R001421,W019,P002,A08,10-08-2026,Day,8.9,0.9,41,Medium,49,61,0.801,1
R001422,W019,P002,A07,11-08-2026,Day,9.6,1.6,43,Low,67,82,0.814,2
R001423,W019,P002,A03,12-08-2026,Day,10.6,2.6,48,Low,53,72,0.73,3
R001424,W019,P002,A05,13-08-2026,Night,10.5,2.5,38,Medium,53,63,0.837,4
R001425,W019,P002,A07,14-08-2026,Day,10.8,2.8,34,High,50,84,0.593,5
R001426,W019,P002,A06,15-08-2026,Day,10.6,2.6,34,Medium,50,61,0.821,6
R001427,W019,P002,A01,17-08-2026,Day,10.2,2.2,39,Medium,68,97,0.701,1
R001428,W019,P002,A06,18-08-2026,Day,8,0,53,Medium,67,83,0.812,2
R001429,W019,P002,A03,19-08-2026,Day,10.1,2.1,44,Low,73,83,0.885,3
R001430,W019,P002,A03,20-08-2026,Day,8.6,0.6,49,Low,73,86,0.849,4
R001431,W019,P002,A06,21-08-2026,Day,9.8,1.8,59,Medium,73,98,0.744,5
R001432,W019,P002,A02,22-08-2026,Day,9.7,1.7,48,Low,56,71,0.785,6
R001433,W019,P002,A06,24-08-2026,Day,11,3,34,High,60,82,0.727,1
R001434,W019,P002,A07,25-08-2026,Day,8.2,0.2,38,Medium,65,78,0.839,2
R001435,W019,P002,A05,26-08-2026,Day,8,0,49,Low,76,92,0.828,3
R001436,W019,P002,A05,27-08-2026,Day,8.4,0.4,53,Critical,69,87,0.789,4
R001437,W019,P002,A02,28-08-2026,Day,9.5,1.5,41,Medium,74,98,0.752,5
R001438,W019,P002,A08,29-08-2026,Day,9.3,1.3,37,Low,75,91,0.829,6
R001439,W020,P001,A02,01-06-2026,Day,10.5,2.5,38,Critical,51,96,0.533,1
R001440,W020,P001,A04,02-06-2026,Night,8.8,0.8,46,Medium,71,98,0.724,2
R001441,W020,P001,A07,03-06-2026,Day,9.4,1.4,39,Low,51,60,0.852,3
R001442,W020,P001,A03,04-06-2026,Day,9.7,1.7,36,High,50,81,0.623,4
R001443,W020,P001,A08,05-06-2026,Day,9.4,1.4,30,High,58,78,0.741,5
R001444,W020,P001,A02,06-06-2026,Day,9.8,1.8,42,Low,51,69,0.744,6
R001445,W020,P001,A06,08-06-2026,Day,8.8,0.8,37,Medium,53,69,0.766,1
R001446,W020,P001,A05,09-06-2026,Day,9.9,1.9,38,High,80,96,0.836,2
R001447,W020,P001,A05,10-06-2026,Day,9.7,1.7,36,Low,81,98,0.828,3
R001448,W020,P001,A05,11-06-2026,Day,9.6,1.6,35,Medium,42,62,0.68,4
R001449,W020,P001,A09,12-06-2026,Day,9.8,1.8,51,Low,51,64,0.791,5
R001450,W020,P001,A07,15-06-2026,Day,9,1,29,Low,69,88,0.789,1
R001451,W020,P001,A09,16-06-2026,Night,8.6,0.6,28,Critical,64,92,0.699,2
R001452,W020,P001,A06,17-06-2026,Night,8.3,0.3,40,Low,67,83,0.805,3
R001453,W020,P001,A02,18-06-2026,Night,10.1,2.1,27,Critical,49,89,0.552,4
R001454,W020,P001,A01,19-06-2026,Day,10.9,2.9,45,Low,60,88,0.685,5
R001455,W020,P001,A07,20-06-2026,Night,9,1,41,High,50,76,0.658,6
R001456,W020,P001,A02,21-06-2026,Day,10.7,2.7,40,Low,45,62,0.726,7
R001457,W020,P001,A05,22-06-2026,Day,9.9,1.9,41,Critical,47,72,0.658,8
R001458,W020,P001,A04,23-06-2026,Day,11.4,3.4,29,Medium,43,71,0.613,9
R001459,W020,P001,A05,24-06-2026,Day,10.3,2.3,44,Medium,64,91,0.707,10
R001460,W020,P001,A02,25-06-2026,Day,11,3,34,High,42,62,0.67,11
R001461,W020,P001,A01,26-06-2026,Day,10.1,2.1,31,Medium,66,98,0.676,12
R001462,W020,P001,A04,27-06-2026,Night,11.9,3.9,38,Low,75,97,0.774,13
R001463,W020,P001,A03,29-06-2026,Day,10.9,2.9,36,Low,55,80,0.687,1
R001464,W020,P001,A04,30-06-2026,Night,9.8,1.8,45,High,48,76,0.635,2
R001465,W020,P001,A02,01-07-2026,Night,9,1,35,High,64,95,0.67,3
R001466,W020,P001,A02,02-07-2026,Day,9.5,1.5,33,High,69,96,0.721,4
R001467,W020,P001,A08,03-07-2026,Day,10,2,45,High,43,64,0.671,5
R001468,W020,P001,A02,04-07-2026,Night,10.1,2.1,39,Critical,63,88,0.711,6
R001469,W020,P001,A08,05-07-2026,Day,10.3,2.3,50,Medium,74,94,0.785,7
R001470,W020,P001,A08,06-07-2026,Day,10.6,2.6,46,Low,44,65,0.684,8
R001471,W020,P001,A09,07-07-2026,Day,8.4,0.4,39,Low,56,82,0.686,9
R001472,W020,P001,A04,08-07-2026,Day,9.9,1.9,37,High,45,62,0.721,10
R001473,W020,P001,A01,09-07-2026,Day,9.8,1.8,39,High,42,62,0.672,11
R001474,W020,P001,A02,10-07-2026,Day,10.4,2.4,37,Medium,56,82,0.679,12
R001475,W020,P001,A06,11-07-2026,Day,9.7,1.7,42,Medium,41,67,0.614,13
R001476,W020,P001,A09,13-07-2026,Day,8.5,0.5,45,High,60,73,0.817,1
R001477,W020,P001,A08,14-07-2026,Night,12.3,4.3,36,High,61,88,0.688,2
R001478,W020,P001,A04,15-07-2026,Day,11.1,3.1,35,Critical,54,95,0.571,3
R001479,W020,P001,A08,16-07-2026,Day,9.3,1.3,30,Medium,49,62,0.797,4
R001480,W020,P001,A09,17-07-2026,Day,11.5,3.5,31,Low,55,89,0.616,5
R001481,W020,P001,A03,18-07-2026,Day,10.8,2.8,45,Medium,63,95,0.666,6
R001482,W020,P001,A02,20-07-2026,Day,11.1,3.1,23,Medium,43,63,0.684,1
R001483,W020,P001,A09,21-07-2026,Day,10.2,2.2,36,Medium,67,89,0.755,2
R001484,W020,P001,A09,22-07-2026,Day,13.1,5.1,44,Medium,48,64,0.757,3
R001485,W020,P001,A03,23-07-2026,Day,9,1,32,Medium,65,94,0.691,4
R001486,W020,P001,A02,25-07-2026,Night,11.7,3.7,32,High,69,95,0.726,1
R001487,W020,P001,A08,26-07-2026,Day,9.8,1.8,41,High,55,75,0.732,2
R001488,W020,P001,A05,27-07-2026,Day,11.6,3.6,30,Low,54,75,0.715,3
R001489,W020,P001,A01,28-07-2026,Day,10,2,32,Medium,63,82,0.765,4
R001490,W020,P001,A03,29-07-2026,Night,9.6,1.6,32,High,60,85,0.707,5
R001491,W020,P001,A07,30-07-2026,Day,10.1,2.1,37,Medium,51,70,0.723,6
R001492,W020,P001,A09,31-07-2026,Day,11.5,3.5,44,Medium,44,65,0.673,7
R001493,W020,P001,A04,01-08-2026,Day,10.8,2.8,30,High,48,87,0.557,8
R001494,W020,P001,A07,04-08-2026,Day,9.5,1.5,38,High,78,98,0.796,1
R001495,W020,P001,A06,05-08-2026,Day,9.1,1.1,35,Low,61,70,0.873,2
R001496,W020,P001,A03,06-08-2026,Day,10.6,2.6,44,High,49,74,0.658,3
R001497,W020,P001,A09,07-08-2026,Day,10.5,2.5,43,Low,69,96,0.716,4
R001498,W020,P001,A02,08-08-2026,Day,9.6,1.6,28,Medium,48,68,0.7,5
R001499,W020,P001,A06,10-08-2026,Day,11.4,3.4,58,Critical,66,97,0.677,1
R001500,W020,P001,A04,11-08-2026,Night,9.6,1.6,34,High,48,66,0.729,2
R001501,W020,P001,A03,12-08-2026,Night,10.3,2.3,42,Medium,57,72,0.798,3
R001502,W020,P001,A09,13-08-2026,Day,9.1,1.1,33,Medium,51,72,0.71,4
R001503,W020,P001,A01,14-08-2026,Day,8.7,0.7,55,Low,62,80,0.777,5
R001504,W020,P001,A04,15-08-2026,Day,9,1,24,Medium,69,93,0.745,6
R001505,W020,P001,A07,17-08-2026,Day,8,0,26,Low,75,97,0.776,1
R001506,W020,P001,A02,18-08-2026,Day,11.2,3.2,45,High,38,65,0.582,2
R001507,W020,P001,A07,19-08-2026,Day,10.8,2.8,33,Low,58,76,0.768,3
R001508,W020,P001,A03,20-08-2026,Night,10.6,2.6,27,Low,68,94,0.724,4
R001509,W020,P001,A04,21-08-2026,Day,10.3,2.3,34,Low,58,78,0.748,5
R001510,W020,P001,A02,22-08-2026,Day,9.3,1.3,43,High,75,94,0.794,6
R001511,W020,P001,A03,24-08-2026,Day,9.1,1.1,52,Medium,37,60,0.621,1
R001512,W020,P001,A01,25-08-2026,Day,11,3,34,High,48,77,0.619,2
R001513,W020,P001,A01,26-08-2026,Day,11.6,3.6,59,High,64,90,0.709,3
R001514,W020,P001,A09,27-08-2026,Day,8.8,0.8,34,High,69,95,0.722,4
R001515,W020,P001,A08,28-08-2026,Day,10.3,2.3,38,High,59,88,0.671,5
R001516,W020,P001,A08,29-08-2026,Night,11.8,3.8,35,High,51,96,0.527,6
R001517,W021,P003,A05,01-06-2026,Day,9,1,42,Low,78,98,0.801,1
R001518,W021,P003,A07,02-06-2026,Night,9.5,1.5,47,Medium,64,88,0.73,2
R001519,W021,P003,A06,03-06-2026,Day,9.2,1.2,46,Low,69,87,0.794,3
R001520,W021,P003,A08,04-06-2026,Day,8.7,0.7,37,Medium,79,95,0.836,4
R001521,W021,P003,A03,05-06-2026,Day,8,0,41,High,66,92,0.72,5
R001522,W021,P003,A01,06-06-2026,Day,12,4,47,High,47,76,0.624,6
R001523,W021,P003,A03,08-06-2026,Day,8,0,24,Low,58,78,0.744,1
R001524,W021,P003,A08,09-06-2026,Night,11.5,3.5,42,Critical,42,63,0.668,2
R001525,W021,P003,A07,10-06-2026,Day,9.4,1.4,24,High,62,88,0.709,3
R001526,W021,P003,A07,11-06-2026,Day,8,0,43,High,48,73,0.66,4
R001527,W021,P003,A01,12-06-2026,Day,9.1,1.1,26,Medium,55,75,0.739,5
R001528,W021,P003,A01,13-06-2026,Day,10.4,2.4,43,High,52,85,0.615,6
R001529,W021,P003,A06,15-06-2026,Day,11.6,3.6,35,High,69,98,0.704,1
R001530,W021,P003,A06,16-06-2026,Day,10.8,2.8,42,Low,40,60,0.667,2
R001531,W021,P003,A01,17-06-2026,Day,11.5,3.5,38,High,61,85,0.715,3
R001532,W021,P003,A07,18-06-2026,Day,10.3,2.3,33,Medium,43,65,0.665,4
R001533,W021,P003,A09,19-06-2026,Day,11.8,3.8,42,Medium,57,84,0.68,5
R001534,W021,P003,A03,20-06-2026,Day,10.3,2.3,40,Medium,56,79,0.708,6
R001535,W021,P003,A09,22-06-2026,Day,9.7,1.7,43,Low,49,60,0.809,1
R001536,W021,P003,A09,23-06-2026,Day,11.1,3.1,48,Medium,49,64,0.765,2
R001537,W021,P003,A07,24-06-2026,Night,9.6,1.6,28,High,46,66,0.702,3
R001538,W021,P003,A07,25-06-2026,Day,9.8,1.8,53,Low,55,75,0.731,4
R001539,W021,P003,A05,26-06-2026,Night,10.5,2.5,37,Medium,54,78,0.69,5
R001540,W021,P003,A01,27-06-2026,Night,8.9,0.9,46,Low,55,71,0.772,6
R001541,W021,P003,A02,29-06-2026,Day,9.5,1.5,48,Low,61,76,0.796,1
R001542,W021,P003,A08,30-06-2026,Night,10.4,2.4,41,Low,58,77,0.759,2
R001543,W021,P003,A09,01-07-2026,Day,10.5,2.5,44,Medium,58,70,0.825,3
R001544,W021,P003,A05,02-07-2026,Night,11.3,3.3,46,Medium,80,95,0.847,4
R001545,W021,P003,A08,03-07-2026,Day,9.6,1.6,48,Medium,66,98,0.673,5
R001546,W021,P003,A05,04-07-2026,Day,9.9,1.9,49,Low,53,71,0.746,6
R001547,W021,P003,A02,06-07-2026,Day,9.5,1.5,44,Medium,65,82,0.794,1
R001548,W021,P003,A03,07-07-2026,Day,10.2,2.2,44,Low,50,67,0.751,2
R001549,W021,P003,A05,08-07-2026,Day,8.9,0.9,37,Medium,72,91,0.791,3
R001550,W021,P003,A02,09-07-2026,Day,8.7,0.7,31,High,57,84,0.675,4
R001551,W021,P003,A02,10-07-2026,Day,10.1,2.1,22,High,49,85,0.576,5
R001552,W021,P003,A05,11-07-2026,Night,10.3,2.3,30,Medium,50,70,0.71,6
R001553,W021,P003,A01,13-07-2026,Day,10,2,42,Critical,51,77,0.665,1
R001554,W021,P003,A02,14-07-2026,Day,9.8,1.8,53,Low,61,82,0.739,2
R001555,W021,P003,A05,15-07-2026,Day,9.8,1.8,39,Medium,57,75,0.757,3
R001556,W021,P003,A03,16-07-2026,Day,10.6,2.6,19,Medium,62,88,0.705,4
R001557,W021,P003,A07,17-07-2026,Night,10.7,2.7,42,Low,47,65,0.721,5
R001558,W021,P003,A02,18-07-2026,Day,9.8,1.8,54,Critical,50,70,0.72,6
R001559,W021,P003,A08,20-07-2026,Night,8.8,0.8,41,Medium,56,68,0.826,1
R001560,W021,P003,A04,21-07-2026,Day,11.5,3.5,47,Medium,65,87,0.752,2
R001561,W021,P003,A01,22-07-2026,Day,11.7,3.7,25,Medium,47,85,0.551,3
R001562,W021,P003,A06,23-07-2026,Day,9.1,1.1,43,Medium,73,87,0.843,4
R001563,W021,P003,A04,24-07-2026,Day,11.8,3.8,29,Medium,43,62,0.688,5
R001564,W021,P003,A01,25-07-2026,Day,8,0,36,Medium,56,73,0.767,6
R001565,W021,P003,A01,27-07-2026,Day,10.3,2.3,50,High,67,96,0.702,1
R001566,W021,P003,A07,28-07-2026,Day,8.8,0.8,52,Low,65,78,0.83,2
R001567,W021,P003,A04,29-07-2026,Night,10.8,2.8,47,High,67,98,0.681,3
R001568,W021,P003,A05,31-07-2026,Night,9.2,1.2,30,High,74,98,0.756,1
R001569,W021,P003,A02,01-08-2026,Day,11.2,3.2,24,High,67,92,0.724,2
R001570,W021,P003,A07,03-08-2026,Day,8.3,0.3,36,Critical,51,68,0.757,1
R001571,W021,P003,A03,04-08-2026,Day,9.4,1.4,55,Medium,90,99,0.907,2
R001572,W021,P003,A07,05-08-2026,Day,9.8,1.8,38,Medium,72,90,0.803,3
R001573,W021,P003,A02,06-08-2026,Day,9.5,1.5,53,Medium,52,66,0.789,4
R001574,W021,P003,A05,07-08-2026,Day,11.4,3.4,44,High,63,90,0.698,5
R001575,W021,P003,A03,08-08-2026,Day,11.9,3.9,36,Low,53,84,0.627,6
R001576,W021,P003,A09,10-08-2026,Day,10,2,23,Low,57,80,0.718,1
R001577,W021,P003,A05,11-08-2026,Night,9.2,1.2,24,Low,54,77,0.705,2
R001578,W021,P003,A06,12-08-2026,Day,8.6,0.6,35,Medium,66,89,0.746,3
R001579,W021,P003,A09,13-08-2026,Night,9.2,1.2,47,Medium,61,83,0.741,4
R001580,W021,P003,A07,14-08-2026,Day,9.5,1.5,40,Low,67,91,0.736,5
R001581,W021,P003,A06,15-08-2026,Day,9.3,1.3,54,High,65,94,0.69,6
R001582,W021,P003,A08,17-08-2026,Day,10,2,36,High,58,79,0.736,1
R001583,W021,P003,A03,19-08-2026,Day,10,2,34,Medium,62,82,0.753,1
R001584,W021,P003,A06,20-08-2026,Day,8.8,0.8,26,Medium,63,86,0.735,2
R001585,W021,P003,A04,21-08-2026,Day,11.2,3.2,26,High,49,65,0.748,3
R001586,W021,P003,A08,22-08-2026,Day,9.2,1.2,40,Low,52,65,0.795,4
R001587,W021,P003,A09,24-08-2026,Day,9.4,1.4,41,Low,53,70,0.762,1
R001588,W021,P003,A07,25-08-2026,Night,9.3,1.3,27,Low,67,85,0.788,2
R001589,W021,P003,A03,26-08-2026,Night,9.4,1.4,40,Critical,65,91,0.717,3
R001590,W021,P003,A02,27-08-2026,Day,10.1,2.1,22,Medium,60,83,0.723,4
R001591,W021,P003,A05,28-08-2026,Night,10.1,2.1,47,High,43,64,0.665,5
R001592,W021,P003,A09,29-08-2026,Day,10.2,2.2,38,Medium,57,71,0.8,6
R001593,W022,P002,A01,01-06-2026,Night,9.1,1.1,39,Low,53,64,0.833,1
R001594,W022,P002,A07,02-06-2026,Day,8.7,0.7,45,High,47,65,0.729,2
R001595,W022,P002,A01,03-06-2026,Day,8.4,0.4,52,Medium,67,84,0.794,3
R001596,W022,P002,A09,04-06-2026,Day,9.8,1.8,38,Low,85,98,0.868,4
R001597,W022,P002,A02,05-06-2026,Day,9.3,1.3,39,Low,51,70,0.731,5
R001598,W022,P002,A06,06-06-2026,Day,9,1,39,Medium,43,61,0.709,6
R001599,W022,P002,A04,08-06-2026,Day,12.1,4.1,56,High,62,89,0.702,1
R001600,W022,P002,A05,09-06-2026,Day,9.3,1.3,50,High,53,79,0.671,2
R001601,W022,P002,A07,10-06-2026,Day,11.3,3.3,46,Critical,38,63,0.599,3
R001602,W022,P002,A04,11-06-2026,Day,10.3,2.3,37,Medium,59,74,0.803,4
R001603,W022,P002,A05,12-06-2026,Day,9,1,43,High,66,88,0.753,5
R001604,W022,P002,A06,13-06-2026,Day,10.7,2.7,31,High,44,60,0.726,6
R001605,W022,P002,A09,14-06-2026,Day,10.3,2.3,38,Low,69,86,0.805,7
R001606,W022,P002,A05,15-06-2026,Night,10,2,31,High,48,71,0.67,8
R001607,W022,P002,A09,16-06-2026,Night,9.2,1.2,47,Medium,52,75,0.697,9
R001608,W022,P002,A05,17-06-2026,Day,10.5,2.5,28,Low,55,76,0.728,10
R001609,W022,P002,A03,18-06-2026,Day,8.8,0.8,39,Low,50,70,0.708,11
R001610,W022,P002,A08,19-06-2026,Day,9.1,1.1,37,Medium,40,63,0.643,12
R001611,W022,P002,A06,20-06-2026,Night,10.3,2.3,33,Medium,54,80,0.675,13
R001612,W022,P002,A07,21-06-2026,Night,9.6,1.6,57,High,58,74,0.78,14
R001613,W022,P002,A01,22-06-2026,Day,9,1,40,High,42,62,0.685,15
R001614,W022,P002,A07,23-06-2026,Night,10,2,43,Critical,39,61,0.639,16
R001615,W022,P002,A09,24-06-2026,Day,10.8,2.8,31,Low,61,87,0.705,17
R001616,W022,P002,A04,25-06-2026,Day,10.5,2.5,39,High,39,68,0.58,18
R001617,W022,P002,A06,26-06-2026,Night,10.7,2.7,49,Medium,45,69,0.659,19
R001618,W022,P002,A07,27-06-2026,Day,9,1,49,Medium,60,82,0.733,20
R001619,W022,P002,A01,29-06-2026,Day,9.1,1.1,38,Medium,62,81,0.766,1
R001620,W022,P002,A04,30-06-2026,Day,11.2,3.2,35,Low,66,88,0.754,2
R001621,W022,P002,A07,01-07-2026,Day,9.7,1.7,42,Medium,56,85,0.662,3
R001622,W022,P002,A09,02-07-2026,Day,9.7,1.7,41,High,68,88,0.778,4
R001623,W022,P002,A03,03-07-2026,Day,8,0,50,High,57,76,0.749,5
R001624,W022,P002,A06,04-07-2026,Day,10,2,36,Medium,59,85,0.699,6
R001625,W022,P002,A07,06-07-2026,Day,9.8,1.8,40,High,43,73,0.594,1
R001626,W022,P002,A05,07-07-2026,Day,9.7,1.7,40,Low,59,74,0.795,2
R001627,W022,P002,A04,08-07-2026,Night,10.8,2.8,41,Critical,44,61,0.72,3
R001628,W022,P002,A04,09-07-2026,Day,9.7,1.7,38,Medium,63,77,0.818,4
R001629,W022,P002,A01,10-07-2026,Night,9.5,1.5,39,Low,59,80,0.738,5
R001630,W022,P002,A06,11-07-2026,Day,9.8,1.8,40,Medium,43,64,0.677,6
R001631,W022,P002,A06,12-07-2026,Day,11.3,3.3,42,Medium,62,88,0.703,7
R001632,W022,P002,A02,13-07-2026,Night,9.9,1.9,57,High,53,70,0.751,8
R001633,W022,P002,A04,14-07-2026,Day,9.8,1.8,48,Medium,59,77,0.764,9
R001634,W022,P002,A01,15-07-2026,Day,9.2,1.2,44,Low,64,89,0.716,10
R001635,W022,P002,A06,16-07-2026,Day,10.8,2.8,50,Medium,54,75,0.719,11
R001636,W022,P002,A05,17-07-2026,Day,10.7,2.7,41,Medium,61,95,0.642,12
R001637,W022,P002,A03,18-07-2026,Day,9.2,1.2,32,High,65,89,0.731,13
R001638,W022,P002,A09,20-07-2026,Day,8.4,0.4,30,High,51,75,0.678,1
R001639,W022,P002,A04,22-07-2026,Day,9.3,1.3,36,Critical,44,65,0.684,1
R001640,W022,P002,A08,23-07-2026,Day,8,0,36,Low,72,92,0.783,2
R001641,W022,P002,A07,24-07-2026,Day,8.8,0.8,26,Low,63,78,0.803,3
R001642,W022,P002,A09,25-07-2026,Day,10.6,2.6,39,Low,65,98,0.663,4
R001643,W022,P002,A09,27-07-2026,Day,10,2,32,Critical,50,72,0.697,1
R001644,W022,P002,A03,28-07-2026,Night,10.9,2.9,45,Medium,78,98,0.795,2
R001645,W022,P002,A02,30-07-2026,Night,9.6,1.6,35,Medium,45,63,0.709,1
R001646,W022,P002,A09,31-07-2026,Day,8.7,0.7,34,Low,52,72,0.718,2
R001647,W022,P002,A09,01-08-2026,Day,9.4,1.4,43,Medium,54,65,0.837,3
R001648,W022,P002,A01,03-08-2026,Day,10.5,2.5,39,High,45,64,0.707,1
R001649,W022,P002,A03,04-08-2026,Day,9.8,1.8,26,High,55,69,0.795,2
R001650,W022,P002,A05,05-08-2026,Day,9.9,1.9,41,Low,75,96,0.779,3
R001651,W022,P002,A09,06-08-2026,Day,8,0,44,High,61,80,0.763,4
R001652,W022,P002,A02,07-08-2026,Night,10.6,2.6,30,Critical,63,94,0.673,5
R001653,W022,P002,A04,08-08-2026,Day,8,0,39,High,61,87,0.7,6
R001654,W022,P002,A06,11-08-2026,Day,8.4,0.4,34,Low,56,75,0.745,1
R001655,W022,P002,A02,12-08-2026,Day,10.9,2.9,59,High,58,72,0.805,2
R001656,W022,P002,A01,13-08-2026,Day,9.9,1.9,36,Medium,66,88,0.745,3
R001657,W022,P002,A09,14-08-2026,Day,10.5,2.5,35,Medium,58,83,0.698,4
R001658,W022,P002,A08,15-08-2026,Night,9,1,45,Medium,45,60,0.753,5
R001659,W022,P002,A08,18-08-2026,Day,8.8,0.8,56,High,73,82,0.893,1
R001660,W022,P002,A01,19-08-2026,Day,9.6,1.6,42,Medium,56,72,0.781,2
R001661,W022,P002,A02,20-08-2026,Day,9.5,1.5,52,Medium,54,71,0.757,3
R001662,W022,P002,A07,21-08-2026,Day,9.7,1.7,39,Critical,53,75,0.705,4
R001663,W022,P002,A05,22-08-2026,Day,8.7,0.7,44,Low,71,82,0.861,5
R001664,W022,P002,A07,24-08-2026,Night,8.9,0.9,32,Low,56,79,0.706,1
R001665,W022,P002,A03,25-08-2026,Day,9.7,1.7,37,High,48,70,0.68,2
R001666,W022,P002,A05,26-08-2026,Day,9,1,39,High,51,68,0.747,3
R001667,W022,P002,A06,27-08-2026,Night,8.1,0.1,40,Low,68,88,0.768,4
R001668,W022,P002,A03,28-08-2026,Day,10.5,2.5,44,Low,47,65,0.728,5
R001669,W022,P002,A06,29-08-2026,Night,9.8,1.8,37,Critical,50,67,0.739,6
R001670,W023,P002,A08,01-06-2026,Day,9.5,1.5,43,Medium,49,65,0.751,1
R001671,W023,P002,A08,02-06-2026,Day,9.6,1.6,36,High,62,95,0.656,2
R001672,W023,P002,A09,03-06-2026,Night,11,3,44,Low,43,62,0.701,3
R001673,W023,P002,A06,04-06-2026,Day,10.9,2.9,20,Low,49,68,0.719,4
R001674,W023,P002,A08,05-06-2026,Day,10.7,2.7,32,Medium,68,91,0.746,5
R001675,W023,P002,A01,06-06-2026,Day,9.7,1.7,50,Medium,62,94,0.662,6
R001676,W023,P002,A08,08-06-2026,Day,9.5,1.5,40,Medium,48,69,0.702,1
R001677,W023,P002,A09,09-06-2026,Day,9.8,1.8,49,Low,59,77,0.764,2
R001678,W023,P002,A02,10-06-2026,Day,12,4,39,Low,70,96,0.728,3
R001679,W023,P002,A01,11-06-2026,Day,10,2,35,Medium,53,75,0.71,4
R001680,W023,P002,A03,13-06-2026,Day,10.7,2.7,41,Low,60,77,0.776,1
R001681,W023,P002,A01,15-06-2026,Day,11,3,26,High,65,90,0.723,1
R001682,W023,P002,A06,16-06-2026,Day,9.5,1.5,43,Low,64,83,0.776,2
R001683,W023,P002,A06,17-06-2026,Day,11.2,3.2,45,Medium,57,75,0.763,3
R001684,W023,P002,A05,18-06-2026,Day,9.6,1.6,28,Low,57,76,0.752,4
R001685,W023,P002,A04,19-06-2026,Day,10.1,2.1,38,Low,62,88,0.706,5
R001686,W023,P002,A03,20-06-2026,Day,12.6,4.6,47,High,57,83,0.684,6
R001687,W023,P002,A07,22-06-2026,Day,9.1,1.1,50,Medium,48,68,0.712,1
R001688,W023,P002,A09,23-06-2026,Day,10.4,2.4,46,Medium,41,61,0.679,2
R001689,W023,P002,A02,24-06-2026,Night,10.4,2.4,41,Low,49,66,0.741,3
R001690,W023,P002,A05,25-06-2026,Day,10.2,2.2,35,Low,68,95,0.715,4
R001691,W023,P002,A03,26-06-2026,Day,10.8,2.8,43,Low,43,64,0.67,5
R001692,W023,P002,A05,27-06-2026,Day,10.9,2.9,29,Medium,59,90,0.654,6
R001693,W023,P002,A01,29-06-2026,Night,11.3,3.3,35,Medium,48,71,0.674,1
R001694,W023,P002,A09,30-06-2026,Day,10.7,2.7,28,Low,47,65,0.716,2
R001695,W023,P002,A02,01-07-2026,Night,10.7,2.7,31,High,63,89,0.707,3
R001696,W023,P002,A01,02-07-2026,Day,10,2,28,Medium,44,70,0.631,4
R001697,W023,P002,A02,03-07-2026,Day,10.4,2.4,36,Critical,48,90,0.529,5
R001698,W023,P002,A07,04-07-2026,Day,10.4,2.4,31,Critical,50,69,0.726,6
R001699,W023,P002,A06,05-07-2026,Day,9.7,1.7,27,Medium,43,62,0.687,7
R001700,W023,P002,A07,06-07-2026,Day,9.8,1.8,46,High,42,60,0.695,8
R001701,W023,P002,A07,07-07-2026,Day,9.2,1.2,35,Medium,50,72,0.688,9
R001702,W023,P002,A09,08-07-2026,Day,10.1,2.1,23,Low,49,80,0.609,10
R001703,W023,P002,A04,09-07-2026,Day,12.4,4.4,47,High,48,85,0.563,11
R001704,W023,P002,A03,10-07-2026,Day,11.5,3.5,26,Medium,49,73,0.676,12
R001705,W023,P002,A06,11-07-2026,Day,9.6,1.6,30,High,41,63,0.658,13
R001706,W023,P002,A02,13-07-2026,Day,10.4,2.4,44,Critical,44,69,0.64,1
R001707,W023,P002,A06,14-07-2026,Day,9.1,1.1,36,Critical,67,90,0.744,2
R001708,W023,P002,A01,15-07-2026,Day,8.7,0.7,31,Medium,59,75,0.793,3
R001709,W023,P002,A08,16-07-2026,Day,10,2,40,Low,50,68,0.732,4
R001710,W023,P002,A07,17-07-2026,Day,8.2,0.2,47,High,59,79,0.753,5
R001711,W023,P002,A09,18-07-2026,Day,11.6,3.6,32,High,46,73,0.63,6
R001712,W023,P002,A09,20-07-2026,Day,10.1,2.1,27,Low,48,64,0.749,1
R001713,W023,P002,A08,21-07-2026,Day,10.3,2.3,35,High,63,91,0.688,2
R001714,W023,P002,A05,22-07-2026,Day,12.1,4.1,41,Low,53,66,0.809,3
R001715,W023,P002,A02,23-07-2026,Day,10.2,2.2,46,Medium,57,71,0.805,4
R001716,W023,P002,A02,24-07-2026,Day,9.4,1.4,30,Critical,67,93,0.724,5
R001717,W023,P002,A04,25-07-2026,Day,10.5,2.5,32,High,58,88,0.658,6
R001718,W023,P002,A07,27-07-2026,Day,10.1,2.1,58,Medium,50,74,0.671,1
R001719,W023,P002,A07,28-07-2026,Day,12,4,47,Low,61,92,0.666,2
R001720,W023,P002,A05,29-07-2026,Day,10.4,2.4,33,Medium,42,69,0.613,3
R001721,W023,P002,A05,30-07-2026,Day,10.9,2.9,32,Low,49,71,0.688,4
R001722,W023,P002,A03,31-07-2026,Day,9.8,1.8,32,Medium,70,90,0.783,5
R001723,W023,P002,A04,01-08-2026,Day,11,3,41,Medium,35,60,0.584,6
R001724,W023,P002,A06,04-08-2026,Day,10.5,2.5,31,Low,67,90,0.742,1
R001725,W023,P002,A05,05-08-2026,Day,9.1,1.1,49,Low,56,82,0.68,2
R001726,W023,P002,A02,06-08-2026,Day,10.5,2.5,44,Critical,68,98,0.689,3
R001727,W023,P002,A02,07-08-2026,Day,10.9,2.9,45,Low,47,68,0.696,4
R001728,W023,P002,A03,08-08-2026,Day,11.1,3.1,37,Low,46,66,0.704,5
R001729,W023,P002,A07,09-08-2026,Day,9.9,1.9,36,Medium,61,87,0.696,6
R001730,W023,P002,A07,10-08-2026,Day,10.1,2.1,44,Critical,51,78,0.659,7
R001731,W023,P002,A06,11-08-2026,Night,10.3,2.3,23,High,46,70,0.655,8
R001732,W023,P002,A06,12-08-2026,Day,11.9,3.9,29,Medium,41,69,0.589,9
R001733,W023,P002,A05,13-08-2026,Day,11.3,3.3,30,High,42,69,0.602,10
R001734,W023,P002,A01,14-08-2026,Day,8.5,0.5,48,Low,47,64,0.74,11
R001735,W023,P002,A08,15-08-2026,Day,8.3,0.3,34,Low,54,74,0.724,12
R001736,W023,P002,A09,17-08-2026,Day,9.9,1.9,27,Medium,50,63,0.786,1
R001737,W023,P002,A03,18-08-2026,Day,9.7,1.7,16,High,46,71,0.644,2
R001738,W023,P002,A04,19-08-2026,Day,10,2,24,High,53,76,0.694,3
R001739,W023,P002,A06,20-08-2026,Day,12.4,4.4,31,Low,45,69,0.658,4
R001740,W023,P002,A04,21-08-2026,Night,10.4,2.4,25,Medium,64,97,0.655,5
R001741,W023,P002,A08,22-08-2026,Night,9.5,1.5,30,Medium,47,72,0.654,6
R001742,W023,P002,A02,24-08-2026,Day,8.9,0.9,35,Low,52,68,0.765,1
R001743,W023,P002,A09,25-08-2026,Day,11.3,3.3,49,Medium,70,97,0.721,2
R001744,W023,P002,A04,26-08-2026,Day,8.6,0.6,28,Medium,70,95,0.74,3
R001745,W023,P002,A04,27-08-2026,Day,11.8,3.8,30,High,58,86,0.677,4
R001746,W023,P002,A06,28-08-2026,Day,11.5,3.5,37,High,49,90,0.542,5
R001747,W023,P002,A08,29-08-2026,Day,10.5,2.5,39,Medium,60,88,0.678,6
R001748,W024,P003,A02,01-06-2026,Day,8.4,0.4,22,Critical,65,96,0.674,1
R001749,W024,P003,A04,02-06-2026,Day,10.4,2.4,45,Medium,73,96,0.756,2
R001750,W024,P003,A07,03-06-2026,Day,10.4,2.4,46,Low,53,64,0.833,3
R001751,W024,P003,A03,04-06-2026,Day,9.7,1.7,33,Low,69,85,0.812,4
R001752,W024,P003,A08,05-06-2026,Day,8.8,0.8,36,Low,60,84,0.712,5
R001753,W024,P003,A08,06-06-2026,Day,10.3,2.3,47,High,54,75,0.716,6
R001754,W024,P003,A01,08-06-2026,Day,8.6,0.6,47,Medium,54,63,0.855,1
R001755,W024,P003,A05,09-06-2026,Day,8.9,0.9,45,Low,46,65,0.715,2
R001756,W024,P003,A01,10-06-2026,Day,10.4,2.4,38,Medium,51,68,0.752,3
R001757,W024,P003,A09,11-06-2026,Night,9.9,1.9,36,Low,65,87,0.751,4
R001758,W024,P003,A09,12-06-2026,Day,8.2,0.2,46,Medium,72,96,0.748,5
R001759,W024,P003,A01,13-06-2026,Day,10.4,2.4,53,Low,64,87,0.736,6
R001760,W024,P003,A08,15-06-2026,Day,10.9,2.9,24,High,49,75,0.649,1
R001761,W024,P003,A08,16-06-2026,Day,8.4,0.4,33,High,66,89,0.74,2
R001762,W024,P003,A01,17-06-2026,Night,9.7,1.7,48,High,47,63,0.75,3
R001763,W024,P003,A03,18-06-2026,Day,8.8,0.8,41,Medium,42,65,0.645,4
R001764,W024,P003,A08,19-06-2026,Night,10.6,2.6,37,Low,52,62,0.837,5
R001765,W024,P003,A04,20-06-2026,Day,8.7,0.7,33,High,49,84,0.587,6
R001766,W024,P003,A03,22-06-2026,Day,9.7,1.7,36,Medium,75,99,0.762,1
R001767,W024,P003,A07,24-06-2026,Day,11.1,3.1,27,Low,49,68,0.722,1
R001768,W024,P003,A06,25-06-2026,Day,9.9,1.9,28,High,63,89,0.706,2
R001769,W024,P003,A06,26-06-2026,Day,9.2,1.2,54,Medium,62,83,0.751,3
R001770,W024,P003,A03,27-06-2026,Day,11.2,3.2,54,Medium,68,96,0.704,4
R001771,W024,P003,A07,29-06-2026,Day,10.3,2.3,49,High,67,87,0.766,1
R001772,W024,P003,A09,30-06-2026,Day,8,0,49,Critical,41,60,0.687,2
R001773,W024,P003,A08,01-07-2026,Day,9.5,1.5,37,Medium,55,68,0.803,3
R001774,W024,P003,A09,02-07-2026,Day,8.9,0.9,37,Low,55,80,0.69,4
R001775,W024,P003,A03,03-07-2026,Day,10.3,2.3,30,Medium,54,78,0.698,5
R001776,W024,P003,A04,04-07-2026,Night,9.9,1.9,32,Low,69,99,0.698,6
R001777,W024,P003,A01,06-07-2026,Night,8.4,0.4,51,High,61,81,0.754,1
R001778,W024,P003,A09,07-07-2026,Day,8.7,0.7,46,Medium,63,78,0.805,2
R001779,W024,P003,A04,08-07-2026,Day,10.7,2.7,49,Medium,69,91,0.755,3
R001780,W024,P003,A05,09-07-2026,Day,9.5,1.5,37,Low,53,75,0.702,4
R001781,W024,P003,A06,10-07-2026,Day,9.9,1.9,38,High,69,91,0.756,5
R001782,W024,P003,A02,11-07-2026,Day,8.3,0.3,48,Low,70,94,0.748,6
R001783,W024,P003,A02,12-07-2026,Day,11.2,3.2,45,Low,69,92,0.75,7
R001784,W024,P003,A02,13-07-2026,Day,8.7,0.7,40,Low,60,81,0.735,8
R001785,W024,P003,A07,14-07-2026,Day,11,3,43,High,71,99,0.712,9
R001786,W024,P003,A05,15-07-2026,Day,10.5,2.5,31,High,60,95,0.635,10
R001787,W024,P003,A09,16-07-2026,Day,10.3,2.3,33,Medium,58,82,0.713,11
R001788,W024,P003,A07,17-07-2026,Day,10.6,2.6,46,Medium,43,62,0.689,12
R001789,W024,P003,A03,18-07-2026,Day,8,0,41,High,59,83,0.712,13
R001790,W024,P003,A08,20-07-2026,Day,11.2,3.2,44,Critical,64,90,0.707,1
R001791,W024,P003,A09,21-07-2026,Day,8.7,0.7,38,Medium,59,76,0.775,2
R001792,W024,P003,A02,22-07-2026,Day,9.2,1.2,35,Medium,66,87,0.755,3
R001793,W024,P003,A01,23-07-2026,Day,8,0,46,Low,60,86,0.692,4
R001794,W024,P003,A05,24-07-2026,Day,10.6,2.6,32,Low,59,79,0.745,5
R001795,W024,P003,A07,25-07-2026,Day,9,1,43,High,67,89,0.75,6
R001796,W024,P003,A05,27-07-2026,Day,9,1,57,High,53,69,0.773,1
R001797,W024,P003,A01,28-07-2026,Day,10.7,2.7,53,Low,61,84,0.729,2
R001798,W024,P003,A03,29-07-2026,Day,9.1,1.1,39,Low,57,68,0.842,3
R001799,W024,P003,A03,30-07-2026,Day,9.9,1.9,55,Medium,57,89,0.643,4
R001800,W024,P003,A02,31-07-2026,Day,9.3,1.3,37,Medium,61,89,0.684,5
R001801,W024,P003,A06,01-08-2026,Day,8,0,28,High,67,93,0.722,6
R001802,W024,P003,A01,03-08-2026,Day,9,1,37,Medium,79,99,0.797,1
R001803,W024,P003,A03,04-08-2026,Day,11.4,3.4,40,Low,67,80,0.839,2
R001804,W024,P003,A08,05-08-2026,Day,8,0,42,High,64,85,0.755,3
R001805,W024,P003,A07,07-08-2026,Day,9.1,1.1,32,Critical,41,64,0.635,1
R001806,W024,P003,A02,08-08-2026,Day,8.1,0.1,56,High,53,69,0.772,2
R001807,W024,P003,A07,10-08-2026,Day,8,0,31,Low,59,75,0.793,1
R001808,W024,P003,A09,11-08-2026,Day,9.6,1.6,45,Low,70,91,0.773,2
R001809,W024,P003,A04,12-08-2026,Night,9,1,39,Low,59,79,0.741,3
R001810,W024,P003,A07,13-08-2026,Day,9.8,1.8,44,Medium,42,61,0.686,4
R001811,W024,P003,A09,14-08-2026,Day,10.9,2.9,30,High,45,66,0.677,5
R001812,W024,P003,A02,15-08-2026,Day,11.5,3.5,52,Low,72,91,0.792,6
R001813,W024,P003,A02,17-08-2026,Day,10.2,2.2,33,Medium,41,61,0.676,1
R001814,W024,P003,A01,18-08-2026,Day,10.5,2.5,36,Medium,77,97,0.792,2
R001815,W024,P003,A05,19-08-2026,Day,10.3,2.3,38,Low,56,80,0.705,3
R001816,W024,P003,A05,20-08-2026,Day,11.8,3.8,48,High,43,63,0.681,4
R001817,W024,P003,A07,21-08-2026,Day,9.6,1.6,29,Medium,52,71,0.735,5
R001818,W024,P003,A04,22-08-2026,Day,8.6,0.6,40,Medium,77,96,0.806,6
R001819,W024,P003,A03,24-08-2026,Night,9.3,1.3,49,Medium,56,70,0.803,1
R001820,W024,P003,A03,25-08-2026,Day,11.6,3.6,46,Medium,79,98,0.806,2
R001821,W024,P003,A01,26-08-2026,Day,10.8,2.8,40,Medium,48,60,0.801,3
R001822,W024,P003,A04,27-08-2026,Day,10.2,2.2,31,Medium,69,93,0.737,4
R001823,W024,P003,A08,29-08-2026,Day,9.9,1.9,49,Medium,73,92,0.792,1
R001824,W025,P005,A01,01-06-2026,Day,8.9,0.9,28,Low,67,77,0.867,1
R001825,W025,P005,A02,02-06-2026,Day,9.6,1.6,37,Medium,76,98,0.771,2
R001826,W025,P005,A07,03-06-2026,Day,8.7,0.7,31,High,44,64,0.688,3
R001827,W025,P005,A09,04-06-2026,Day,8.4,0.4,43,High,63,78,0.802,4
R001828,W025,P005,A03,05-06-2026,Day,9.6,1.6,51,Medium,67,86,0.784,5
R001829,W025,P005,A03,06-06-2026,Day,8.5,0.5,59,Low,66,82,0.799,6
R001830,W025,P005,A05,08-06-2026,Day,8.8,0.8,59,Low,57,68,0.832,1
R001831,W025,P005,A04,09-06-2026,Day,9.5,1.5,49,High,52,63,0.819,2
R001832,W025,P005,A07,10-06-2026,Day,9.5,1.5,44,Medium,77,94,0.819,3
R001833,W025,P005,A03,11-06-2026,Day,10,2,45,High,60,78,0.765,4
R001834,W025,P005,A01,12-06-2026,Day,9.7,1.7,39,Low,64,83,0.769,5
R001835,W025,P005,A08,13-06-2026,Day,9.6,1.6,39,Low,47,63,0.752,6
R001836,W025,P005,A06,15-06-2026,Day,8,0,35,Critical,45,62,0.722,1
R001837,W025,P005,A05,16-06-2026,Day,9.2,1.2,39,Medium,53,69,0.767,2
R001838,W025,P005,A03,17-06-2026,Day,8,0,41,Medium,64,80,0.795,3
R001839,W025,P005,A03,18-06-2026,Day,10.1,2.1,38,Low,56,75,0.743,4
R001840,W025,P005,A05,19-06-2026,Day,9.3,1.3,45,Critical,82,97,0.843,5
R001841,W025,P005,A04,20-06-2026,Day,10.7,2.7,39,High,58,85,0.683,6
R001842,W025,P005,A06,22-06-2026,Day,9.2,1.2,46,High,64,82,0.777,1
R001843,W025,P005,A04,23-06-2026,Day,8.2,0.2,54,Medium,62,73,0.852,2
R001844,W025,P005,A02,24-06-2026,Day,9.3,1.3,59,Medium,79,94,0.842,3
R001845,W025,P005,A01,25-06-2026,Day,10.7,2.7,47,High,63,88,0.715,4
R001846,W025,P005,A07,26-06-2026,Day,8.4,0.4,35,Low,62,83,0.751,5
R001847,W025,P005,A02,27-06-2026,Day,8.5,0.5,46,Medium,47,61,0.773,6
R001848,W025,P005,A04,29-06-2026,Day,10,2,42,High,43,62,0.691,1
R001849,W025,P005,A02,30-06-2026,Day,9.5,1.5,52,Medium,77,90,0.857,2
R001850,W025,P005,A02,01-07-2026,Day,8.7,0.7,38,Critical,50,69,0.722,3
R001851,W025,P005,A08,02-07-2026,Day,8,0,43,Low,78,99,0.784,4
R001852,W025,P005,A09,03-07-2026,Day,8,0,40,Medium,78,99,0.787,5
R001853,W025,P005,A09,04-07-2026,Day,8.1,0.1,43,Medium,52,62,0.846,6
R001854,W025,P005,A08,06-07-2026,Day,8,0,59,Medium,64,72,0.885,1
R001855,W025,P005,A06,07-07-2026,Day,8,0,42,Low,55,73,0.753,2
R001856,W025,P005,A07,08-07-2026,Day,9.4,1.4,48,Medium,78,97,0.803,3
R001857,W025,P005,A04,09-07-2026,Day,8.4,0.4,31,Medium,74,90,0.817,4
R001858,W025,P005,A01,10-07-2026,Night,11.8,3.8,23,Medium,61,89,0.688,5
R001859,W025,P005,A03,11-07-2026,Night,9.7,1.7,45,Low,56,69,0.809,6
R001860,W025,P005,A03,13-07-2026,Night,9.7,1.7,50,Low,62,78,0.801,1
R001861,W025,P005,A04,14-07-2026,Night,8.5,0.5,58,Low,56,71,0.784,2
R001862,W025,P005,A04,15-07-2026,Day,9.8,1.8,50,Critical,66,89,0.737,3
R001863,W025,P005,A06,16-07-2026,Day,8.9,0.9,46,Medium,66,83,0.798,4
R001864,W025,P005,A01,17-07-2026,Day,9.6,1.6,54,Low,54,65,0.829,5
R001865,W025,P005,A07,18-07-2026,Day,8.1,0.1,37,High,51,63,0.811,6
R001866,W025,P005,A04,20-07-2026,Day,10.3,2.3,46,High,62,86,0.722,1
R001867,W025,P005,A04,22-07-2026,Day,9.4,1.4,42,Critical,75,98,0.762,1
R001868,W025,P005,A03,23-07-2026,Day,10.5,2.5,45,Medium,56,69,0.816,2
R001869,W025,P005,A06,24-07-2026,Day,8,0,42,Critical,43,64,0.666,3
R001870,W025,P005,A07,25-07-2026,Day,8.6,0.6,49,Low,49,62,0.798,4
R001871,W025,P005,A08,27-07-2026,Day,10.8,2.8,40,Medium,74,98,0.757,1
R001872,W025,P005,A06,28-07-2026,Night,8.6,0.6,50,High,53,72,0.741,2
R001873,W025,P005,A05,29-07-2026,Day,8.7,0.7,49,Medium,53,61,0.877,3
R001874,W025,P005,A06,30-07-2026,Day,8,0,60,High,57,72,0.786,4
R001875,W025,P005,A06,31-07-2026,Day,9,1,45,Low,46,63,0.736,5
R001876,W025,P005,A05,01-08-2026,Day,9.6,1.6,43,Medium,54,65,0.835,6
R001877,W025,P005,A08,03-08-2026,Day,8,0,44,Low,77,89,0.865,1
R001878,W025,P005,A08,04-08-2026,Day,9.3,1.3,44,High,56,68,0.821,2
R001879,W025,P005,A03,05-08-2026,Day,10,2,32,Low,61,84,0.729,3
R001880,W025,P005,A03,06-08-2026,Day,8.7,0.7,60,High,50,61,0.821,4
R001881,W025,P005,A04,07-08-2026,Day,8.3,0.3,43,Low,65,75,0.866,5
R001882,W025,P005,A01,08-08-2026,Night,11.1,3.1,56,Critical,73,98,0.748,6
R001883,W025,P005,A07,10-08-2026,Day,8.2,0.2,46,High,46,63,0.735,1
R001884,W025,P005,A05,11-08-2026,Day,9.6,1.6,40,Medium,54,73,0.746,2
R001885,W025,P005,A03,12-08-2026,Day,8.6,0.6,58,Critical,74,88,0.841,3
R001886,W025,P005,A07,13-08-2026,Day,9,1,48,Low,75,95,0.792,4
R001887,W025,P005,A02,14-08-2026,Day,8,0,35,Low,66,85,0.782,5
R001888,W025,P005,A03,15-08-2026,Day,9.9,1.9,46,Low,52,66,0.782,6
R001889,W025,P005,A01,17-08-2026,Day,9.3,1.3,53,Low,58,72,0.811,1
R001890,W025,P005,A04,18-08-2026,Night,8.6,0.6,44,Low,57,76,0.747,2
R001891,W025,P005,A01,19-08-2026,Day,8.6,0.6,58,Low,69,82,0.842,3
R001892,W025,P005,A03,20-08-2026,Day,8,0,41,Critical,65,94,0.693,4
R001893,W025,P005,A07,21-08-2026,Day,9.5,1.5,46,Low,57,72,0.792,5
R001894,W025,P005,A07,22-08-2026,Day,11.2,3.2,52,Low,59,83,0.711,6
R001895,W025,P005,A08,24-08-2026,Day,8.7,0.7,31,Low,65,72,0.903,1
R001896,W025,P005,A06,25-08-2026,Day,10,2,45,Low,46,60,0.761,2
R001897,W025,P005,A03,26-08-2026,Day,8.7,0.7,38,Low,64,79,0.809,3
R001898,W025,P005,A01,27-08-2026,Day,8.9,0.9,38,High,56,62,0.898,4
R001899,W025,P005,A02,28-08-2026,Day,8.4,0.4,51,High,48,62,0.769,5
R001900,W025,P005,A06,29-08-2026,Day,8.3,0.3,34,High,71,94,0.757,6
R001901,W026,P006,A02,01-06-2026,Night,10.3,2.3,39,Medium,59,79,0.742,1
R001902,W026,P006,A01,02-06-2026,Night,10.7,2.7,32,Low,49,64,0.767,2
R001903,W026,P006,A01,03-06-2026,Day,11.3,3.3,31,Medium,75,98,0.763,3
R001904,W026,P006,A02,04-06-2026,Day,10.4,2.4,27,Medium,64,80,0.798,4
R001905,W026,P006,A02,05-06-2026,Day,9.3,1.3,34,High,70,93,0.751,5
R001906,W026,P006,A09,06-06-2026,Day,10,2,41,Critical,54,84,0.643,6
R001907,W026,P006,A01,09-06-2026,Day,9.3,1.3,29,High,69,89,0.778,1
R001908,W026,P006,A01,10-06-2026,Night,8,0,29,Medium,54,65,0.827,2
R001909,W026,P006,A06,11-06-2026,Day,10.1,2.1,29,Medium,57,79,0.724,3
R001910,W026,P006,A03,12-06-2026,Day,9.4,1.4,36,Low,60,86,0.697,4
R001911,W026,P006,A01,13-06-2026,Night,9.6,1.6,45,High,52,81,0.644,5
R001912,W026,P006,A09,14-06-2026,Day,9.6,1.6,50,Medium,54,72,0.751,6
R001913,W026,P006,A06,15-06-2026,Day,9.9,1.9,46,Low,71,99,0.721,7
R001914,W026,P006,A04,16-06-2026,Day,9.7,1.7,41,Low,72,92,0.779,8
R001915,W026,P006,A07,17-06-2026,Day,8.6,0.6,44,Medium,70,96,0.727,9
R001916,W026,P006,A04,18-06-2026,Night,9.5,1.5,49,Low,56,86,0.646,10
R001917,W026,P006,A09,19-06-2026,Day,10.4,2.4,44,Medium,55,91,0.606,11
R001918,W026,P006,A05,20-06-2026,Day,9.6,1.6,34,High,45,67,0.666,12
R001919,W026,P006,A09,21-06-2026,Day,9.7,1.7,25,Low,52,73,0.714,13
R001920,W026,P006,A03,22-06-2026,Day,12,4,26,Low,39,67,0.585,14
R001921,W026,P006,A08,23-06-2026,Night,9.5,1.5,45,High,48,74,0.645,15
R001922,W026,P006,A01,25-06-2026,Day,10.6,2.6,42,Low,49,66,0.736,1
R001923,W026,P006,A02,27-06-2026,Day,9.1,1.1,25,Medium,54,77,0.697,1
R001924,W026,P006,A07,29-06-2026,Day,10,2,28,High,43,65,0.661,1
R001925,W026,P006,A03,30-06-2026,Day,10.6,2.6,43,Medium,40,60,0.672,2
R001926,W026,P006,A01,01-07-2026,Day,8.8,0.8,40,High,59,76,0.77,3
R001927,W026,P006,A05,02-07-2026,Day,10.7,2.7,39,High,44,66,0.662,4
R001928,W026,P006,A03,03-07-2026,Night,11.3,3.3,39,Medium,42,64,0.655,5
R001929,W026,P006,A09,04-07-2026,Day,8.8,0.8,36,Low,70,99,0.705,6
R001930,W026,P006,A02,05-07-2026,Day,10.6,2.6,44,High,49,85,0.577,7
R001931,W026,P006,A07,06-07-2026,Day,9.7,1.7,28,High,61,97,0.626,8
R001932,W026,P006,A08,07-07-2026,Night,9.6,1.6,45,Low,52,62,0.835,9
R001933,W026,P006,A03,08-07-2026,Day,9.8,1.8,42,Low,55,85,0.646,10
R001934,W026,P006,A08,09-07-2026,Night,10.1,2.1,36,Low,54,71,0.761,11
R001935,W026,P006,A05,10-07-2026,Day,10.3,2.3,37,Low,72,91,0.79,12
R001936,W026,P006,A09,11-07-2026,Day,10.2,2.2,34,High,45,75,0.596,13
R001937,W026,P006,A03,13-07-2026,Day,8.9,0.9,42,High,71,91,0.78,1
R001938,W026,P006,A09,14-07-2026,Day,10.4,2.4,46,Medium,43,61,0.708,2
R001939,W026,P006,A05,15-07-2026,Day,10.6,2.6,30,Low,64,93,0.691,3
R001940,W026,P006,A07,16-07-2026,Day,8.8,0.8,40,High,75,99,0.761,4
R001941,W026,P006,A08,17-07-2026,Day,11,3,34,Medium,68,99,0.691,5
R001942,W026,P006,A08,18-07-2026,Day,10.7,2.7,38,Medium,44,63,0.692,6
R001943,W026,P006,A08,19-07-2026,Day,9.8,1.8,38,Low,76,99,0.772,7
R001944,W026,P006,A08,20-07-2026,Day,10.8,2.8,40,Medium,39,68,0.579,8
R001945,W026,P006,A06,21-07-2026,Day,9.8,1.8,33,High,43,71,0.605,9
R001946,W026,P006,A03,22-07-2026,Day,9,1,34,High,54,79,0.687,10
R001947,W026,P006,A03,23-07-2026,Day,9.5,1.5,51,Low,53,74,0.721,11
R001948,W026,P006,A08,24-07-2026,Night,9.2,1.2,37,Low,58,78,0.742,12
R001949,W026,P006,A03,27-07-2026,Day,9.7,1.7,37,High,57,91,0.624,1
R001950,W026,P006,A02,28-07-2026,Day,11.6,3.6,43,Low,63,89,0.71,2
R001951,W026,P006,A05,29-07-2026,Night,9.9,1.9,35,Low,49,70,0.699,3
R001952,W026,P006,A03,30-07-2026,Day,8.5,0.5,22,Medium,77,99,0.773,4
R001953,W026,P006,A01,31-07-2026,Day,9.3,1.3,38,High,60,79,0.754,5
R001954,W026,P006,A03,01-08-2026,Day,9.9,1.9,43,Medium,44,64,0.689,6
R001955,W026,P006,A04,03-08-2026,Day,11.3,3.3,21,Low,51,75,0.679,1
R001956,W026,P006,A03,04-08-2026,Day,10.2,2.2,30,Medium,46,68,0.68,2
R001957,W026,P006,A05,05-08-2026,Night,11.4,3.4,27,High,49,80,0.609,3
R001958,W026,P006,A07,06-08-2026,Day,10.5,2.5,35,Low,48,75,0.642,4
R001959,W026,P006,A09,07-08-2026,Day,8.8,0.8,39,Medium,41,63,0.656,5
R001960,W026,P006,A07,08-08-2026,Day,10.6,2.6,24,Medium,53,74,0.718,6
R001961,W026,P006,A03,10-08-2026,Day,10.1,2.1,35,High,43,61,0.708,1
R001962,W026,P006,A01,11-08-2026,Night,9,1,37,High,53,86,0.617,2
R001963,W026,P006,A01,12-08-2026,Day,10,2,38,Low,49,74,0.664,3
R001964,W026,P006,A08,13-08-2026,Day,8.8,0.8,41,Low,50,67,0.741,4
R001965,W026,P006,A02,14-08-2026,Night,10.5,2.5,44,Medium,60,88,0.687,5
R001966,W026,P006,A07,15-08-2026,Day,9.7,1.7,41,Medium,44,65,0.681,6
R001967,W026,P006,A04,17-08-2026,Day,10.5,2.5,47,High,67,94,0.716,1
R001968,W026,P006,A05,18-08-2026,Day,10.7,2.7,28,High,50,69,0.729,2
R001969,W026,P006,A02,19-08-2026,Night,9.2,1.2,53,Medium,64,79,0.811,3
R001970,W026,P006,A03,20-08-2026,Night,9.8,1.8,48,Critical,40,65,0.615,4
R001971,W026,P006,A07,21-08-2026,Day,9.7,1.7,33,Low,47,62,0.754,5
R001972,W026,P006,A05,22-08-2026,Day,11,3,53,High,76,95,0.797,6
R001973,W026,P006,A02,24-08-2026,Day,11.8,3.8,43,High,50,75,0.67,1
R001974,W026,P006,A07,25-08-2026,Day,9.1,1.1,50,Low,66,87,0.753,2
R001975,W026,P006,A09,26-08-2026,Day,9.4,1.4,40,Medium,56,74,0.761,3
R001976,W026,P006,A08,27-08-2026,Day,10.3,2.3,36,High,42,64,0.656,4
R001977,W026,P006,A07,28-08-2026,Day,11.6,3.6,38,High,44,68,0.652,5
R001978,W026,P006,A04,29-08-2026,Day,9.8,1.8,36,Low,50,68,0.737,6
R001979,W027,P002,A02,01-06-2026,Day,8,0,51,Medium,72,81,0.887,1
R001980,W027,P002,A01,03-06-2026,Day,9.9,1.9,44,Low,76,94,0.809,1
R001981,W027,P002,A09,04-06-2026,Day,9.8,1.8,51,High,51,65,0.785,2
R001982,W027,P002,A04,05-06-2026,Day,10,2,37,Low,45,61,0.742,3
R001983,W027,P002,A08,06-06-2026,Day,8,0,54,Medium,70,86,0.816,4
R001984,W027,P002,A09,08-06-2026,Night,10.1,2.1,38,Medium,52,68,0.766,1
R001985,W027,P002,A09,09-06-2026,Day,8.1,0.1,43,Low,57,62,0.917,2
R001986,W027,P002,A09,10-06-2026,Day,8.9,0.9,54,Low,72,93,0.77,3
R001987,W027,P002,A02,11-06-2026,Night,9.5,1.5,29,High,55,79,0.694,4
R001988,W027,P002,A05,12-06-2026,Day,9.1,1.1,34,Low,69,87,0.794,5
R001989,W027,P002,A09,13-06-2026,Day,8,0,37,Low,58,77,0.759,6
R001990,W027,P002,A09,16-06-2026,Day,8.5,0.5,39,Medium,75,95,0.791,1
R001991,W027,P002,A03,17-06-2026,Day,9.1,1.1,43,Low,82,93,0.879,2
R001992,W027,P002,A01,18-06-2026,Day,11,3,26,Medium,54,74,0.731,3
R001993,W027,P002,A06,19-06-2026,Day,8.5,0.5,47,Medium,70,94,0.745,4
R001994,W027,P002,A03,20-06-2026,Day,8.3,0.3,49,Low,61,81,0.756,5
R001995,W027,P002,A04,22-06-2026,Day,8,0,37,Low,58,70,0.831,1
R001996,W027,P002,A09,23-06-2026,Day,8,0,33,Medium,82,96,0.853,2
R001997,W027,P002,A09,24-06-2026,Day,9,1,48,Low,49,66,0.749,3
R001998,W027,P002,A02,25-06-2026,Day,8,0,31,Medium,73,97,0.755,4
R001999,W027,P002,A05,26-06-2026,Day,8.4,0.4,50,Critical,57,77,0.743,5
R002000,W027,P002,A09,27-06-2026,Day,10.3,2.3,25,High,57,80,0.718,6
R002001,W027,P002,A08,29-06-2026,Day,8.8,0.8,43,High,54,63,0.862,1
R002002,W027,P002,A03,30-06-2026,Day,9.2,1.2,44,High,67,89,0.753,2
R002003,W027,P002,A03,01-07-2026,Day,8.1,0.1,38,Medium,48,61,0.791,3
R002004,W027,P002,A08,02-07-2026,Day,10.3,2.3,42,High,66,78,0.845,4
R002005,W027,P002,A07,03-07-2026,Day,9.9,1.9,26,Medium,51,83,0.612,5
R002006,W027,P002,A01,04-07-2026,Day,8.4,0.4,39,Low,56,76,0.735,6
R002007,W027,P002,A03,06-07-2026,Day,9.6,1.6,37,Low,76,91,0.831,1
R002008,W027,P002,A03,07-07-2026,Day,9.3,1.3,40,Low,49,63,0.774,2
R002009,W027,P002,A01,08-07-2026,Day,8.7,0.7,47,Medium,70,94,0.747,3
R002010,W027,P002,A02,09-07-2026,Day,10.7,2.7,52,Medium,44,63,0.703,4
R002011,W027,P002,A07,10-07-2026,Day,8.7,0.7,31,Low,67,78,0.854,5
R002012,W027,P002,A02,11-07-2026,Day,8.7,0.7,39,Low,54,66,0.825,6
R002013,W027,P002,A02,13-07-2026,Day,8,0,36,High,61,82,0.747,1
R002014,W027,P002,A01,14-07-2026,Night,8,0,43,Low,76,98,0.78,2
R002015,W027,P002,A06,15-07-2026,Day,8.9,0.9,40,Low,72,86,0.838,3
R002016,W027,P002,A01,16-07-2026,Day,9.1,1.1,58,Low,51,66,0.778,4
R002017,W027,P002,A03,17-07-2026,Day,9.9,1.9,44,Low,63,82,0.763,5
R002018,W027,P002,A06,18-07-2026,Day,9.8,1.8,44,Low,61,74,0.82,6
R002019,W027,P002,A08,20-07-2026,Day,8,0,35,Low,63,81,0.779,1
R002020,W027,P002,A04,22-07-2026,Day,9.7,1.7,45,Critical,48,61,0.784,1
R002021,W027,P002,A09,23-07-2026,Day,9.3,1.3,44,Low,62,70,0.884,2
R002022,W027,P002,A07,24-07-2026,Day,8.2,0.2,44,Medium,51,69,0.746,3
R002023,W027,P002,A09,25-07-2026,Day,9,1,49,High,66,82,0.804,4
R002024,W027,P002,A01,27-07-2026,Night,8.6,0.6,35,High,57,77,0.741,1
R002025,W027,P002,A07,28-07-2026,Day,8.2,0.2,46,Medium,82,98,0.834,2
R002026,W027,P002,A05,30-07-2026,Day,8.9,0.9,36,Medium,50,64,0.781,1
R002027,W027,P002,A06,31-07-2026,Day,10.5,2.5,48,Low,59,70,0.844,2
R002028,W027,P002,A06,01-08-2026,Day,8,0,35,Low,56,62,0.903,3
R002029,W027,P002,A09,03-08-2026,Day,9.4,1.4,57,High,77,98,0.789,1
R002030,W027,P002,A09,04-08-2026,Day,9.3,1.3,39,Critical,68,94,0.728,2
R002031,W027,P002,A03,05-08-2026,Day,8.6,0.6,55,Low,64,76,0.844,3
R002032,W027,P002,A08,06-08-2026,Day,9.7,1.7,51,Medium,47,66,0.705,4
R002033,W027,P002,A08,07-08-2026,Day,8.9,0.9,25,Low,76,98,0.775,5
R002034,W027,P002,A01,08-08-2026,Day,8,0,50,Low,76,91,0.833,6
R002035,W027,P002,A08,10-08-2026,Night,8,0,44,Low,62,75,0.831,1
R002036,W027,P002,A04,11-08-2026,Day,8.8,0.8,49,High,64,77,0.831,2
R002037,W027,P002,A06,12-08-2026,Day,10.7,2.7,55,High,53,68,0.784,3
R002038,W027,P002,A08,13-08-2026,Day,9.5,1.5,46,High,49,71,0.694,4
R002039,W027,P002,A01,14-08-2026,Day,9.8,1.8,50,High,66,83,0.801,5
R002040,W027,P002,A09,15-08-2026,Day,8,0,42,Medium,56,70,0.794,6
R002041,W027,P002,A08,17-08-2026,Day,9.3,1.3,49,Medium,53,63,0.835,1
R002042,W027,P002,A08,18-08-2026,Day,9.8,1.8,36,Medium,47,62,0.762,2
R002043,W027,P002,A05,19-08-2026,Night,10.2,2.2,41,Low,48,62,0.774,3
R002044,W027,P002,A08,20-08-2026,Day,9.1,1.1,47,Medium,57,77,0.744,4
R002045,W027,P002,A05,21-08-2026,Day,8.4,0.4,44,High,50,69,0.723,5
R002046,W027,P002,A04,22-08-2026,Day,9.2,1.2,33,Medium,52,67,0.781,6
R002047,W027,P002,A09,24-08-2026,Day,8,0,37,Low,52,61,0.847,1
R002048,W027,P002,A05,25-08-2026,Day,10.3,2.3,33,High,71,93,0.76,2
R002049,W027,P002,A08,26-08-2026,Day,8.4,0.4,43,Medium,72,96,0.754,3
R002050,W027,P002,A04,27-08-2026,Day,8.6,0.6,33,Medium,50,65,0.776,4
R002051,W027,P002,A08,28-08-2026,Day,10.3,2.3,54,High,62,88,0.707,5
R002052,W027,P002,A09,29-08-2026,Day,9.9,1.9,23,Low,57,76,0.749,6
R002053,W028,P004,A04,01-06-2026,Day,11.6,3.6,35,Low,50,70,0.714,1
R002054,W028,P004,A06,02-06-2026,Day,9.7,1.7,28,High,58,80,0.727,2
R002055,W028,P004,A09,03-06-2026,Day,10.1,2.1,37,Medium,57,86,0.659,3
R002056,W028,P004,A05,04-06-2026,Day,10,2,25,Low,58,91,0.641,4
R002057,W028,P004,A07,05-06-2026,Day,9,1,29,Medium,63,84,0.755,5
R002058,W028,P004,A02,06-06-2026,Day,9.5,1.5,38,Medium,54,72,0.747,6
R002059,W028,P004,A07,08-06-2026,Day,12,4,33,Low,37,60,0.617,1
R002060,W028,P004,A08,09-06-2026,Day,12,4,30,High,41,63,0.651,2
R002061,W028,P004,A04,10-06-2026,Day,9.9,1.9,44,Medium,57,77,0.735,3
R002062,W028,P004,A07,11-06-2026,Day,9.5,1.5,42,High,43,69,0.629,4
R002063,W028,P004,A09,12-06-2026,Day,9.3,1.3,36,High,51,74,0.686,5
R002064,W028,P004,A09,13-06-2026,Day,11.6,3.6,34,Low,43,63,0.684,6
R002065,W028,P004,A08,15-06-2026,Day,11.2,3.2,20,Medium,46,71,0.646,1
R002066,W028,P004,A04,16-06-2026,Day,10.4,2.4,46,Low,59,79,0.753,2
R002067,W028,P004,A08,17-06-2026,Day,12,4,47,Medium,69,89,0.779,3
R002068,W028,P004,A07,18-06-2026,Day,10.7,2.7,43,Medium,73,98,0.747,4
R002069,W028,P004,A01,19-06-2026,Day,11.1,3.1,33,Low,45,70,0.648,5
R002070,W028,P004,A03,20-06-2026,Day,10.9,2.9,46,Medium,56,94,0.597,6
R002071,W028,P004,A02,21-06-2026,Day,11.5,3.5,37,Medium,65,99,0.657,7
R002072,W028,P004,A01,22-06-2026,Night,8.5,0.5,26,High,57,92,0.616,8
R002073,W028,P004,A04,23-06-2026,Night,10.7,2.7,31,High,52,79,0.656,9
R002074,W028,P004,A09,24-06-2026,Day,11.5,3.5,39,High,44,74,0.592,10
R002075,W028,P004,A07,25-06-2026,Night,10.1,2.1,28,High,51,90,0.568,11
R002076,W028,P004,A05,26-06-2026,Day,10.6,2.6,16,Medium,35,61,0.573,12
R002077,W028,P004,A01,27-06-2026,Day,10.6,2.6,34,Low,45,69,0.653,13
R002078,W028,P004,A01,29-06-2026,Day,8,0,33,Medium,56,75,0.752,1
R002079,W028,P004,A08,30-06-2026,Day,10.7,2.7,34,Low,65,81,0.804,2
R002080,W028,P004,A08,01-07-2026,Day,8.8,0.8,30,Low,70,76,0.916,3
R002081,W028,P004,A09,02-07-2026,Day,9.1,1.1,28,Low,56,76,0.731,4
R002082,W028,P004,A03,03-07-2026,Day,9.8,1.8,46,High,60,87,0.693,5
R002083,W028,P004,A02,04-07-2026,Day,11.3,3.3,30,High,51,84,0.609,6
R002084,W028,P004,A06,06-07-2026,Day,11.5,3.5,11,Low,65,92,0.705,1
R002085,W028,P004,A06,07-07-2026,Day,9.3,1.3,39,Low,65,85,0.768,2
R002086,W028,P004,A09,08-07-2026,Day,10,2,33,Medium,54,82,0.66,3
R002087,W028,P004,A07,09-07-2026,Day,11.7,3.7,27,Low,60,84,0.714,4
R002088,W028,P004,A06,10-07-2026,Night,10.2,2.2,30,Medium,59,88,0.673,5
R002089,W028,P004,A09,11-07-2026,Day,9.9,1.9,28,High,45,73,0.612,6
R002090,W028,P004,A05,14-07-2026,Day,10.8,2.8,40,High,51,78,0.651,1
R002091,W028,P004,A06,15-07-2026,Day,10,2,36,High,68,85,0.803,2
R002092,W028,P004,A05,16-07-2026,Day,9.8,1.8,42,Medium,51,70,0.725,3
R002093,W028,P004,A09,17-07-2026,Day,10.9,2.9,27,Low,44,60,0.73,4
R002094,W028,P004,A02,18-07-2026,Night,11,3,28,High,48,74,0.649,5
R002095,W028,P004,A03,20-07-2026,Day,10.2,2.2,43,Medium,62,92,0.673,1
R002096,W028,P004,A04,21-07-2026,Day,10.1,2.1,46,Critical,64,87,0.732,2
R002097,W028,P004,A03,22-07-2026,Day,11.4,3.4,28,Medium,70,97,0.727,3
R002098,W028,P004,A03,23-07-2026,Day,11.7,3.7,35,Medium,63,89,0.713,4
R002099,W028,P004,A03,25-07-2026,Day,10.7,2.7,41,Medium,54,72,0.75,1
R002100,W028,P004,A03,27-07-2026,Day,9.1,1.1,35,Low,56,68,0.823,1
R002101,W028,P004,A08,28-07-2026,Day,9.8,1.8,43,Medium,51,73,0.705,2
R002102,W028,P004,A06,29-07-2026,Day,11.8,3.8,24,Medium,56,88,0.639,3
R002103,W028,P004,A02,30-07-2026,Night,10.7,2.7,15,Low,56,78,0.715,4
R002104,W028,P004,A08,31-07-2026,Night,12,4,32,Medium,43,65,0.661,5
R002105,W028,P004,A03,01-08-2026,Day,10.7,2.7,34,Low,41,60,0.68,6
R002106,W028,P004,A08,03-08-2026,Day,10.6,2.6,42,Critical,50,70,0.719,1
R002107,W028,P004,A03,04-08-2026,Day,11.2,3.2,29,Low,49,67,0.727,2
R002108,W028,P004,A03,05-08-2026,Day,10,2,35,High,68,98,0.694,3
R002109,W028,P004,A05,06-08-2026,Day,10.7,2.7,39,Medium,64,97,0.664,4
R002110,W028,P004,A01,07-08-2026,Day,10.1,2.1,30,Low,44,64,0.681,5
R002111,W028,P004,A09,08-08-2026,Night,10.8,2.8,27,Low,64,91,0.708,6
R002112,W028,P004,A09,10-08-2026,Day,10.4,2.4,27,Low,53,70,0.751,1
R002113,W028,P004,A04,11-08-2026,Day,10.2,2.2,40,Medium,60,87,0.693,2
R002114,W028,P004,A02,12-08-2026,Day,10.3,2.3,17,Medium,61,95,0.639,3
R002115,W028,P004,A06,13-08-2026,Day,11.5,3.5,32,Critical,57,89,0.64,4
R002116,W028,P004,A04,14-08-2026,Day,12.2,4.2,28,High,48,77,0.618,5
R002117,W028,P004,A09,15-08-2026,Day,8.8,0.8,29,Medium,73,94,0.78,6
R002118,W028,P004,A08,17-08-2026,Night,9.4,1.4,41,High,61,90,0.678,1
R002119,W028,P004,A02,18-08-2026,Day,11.2,3.2,44,High,52,72,0.718,2
R002120,W028,P004,A08,19-08-2026,Day,11.1,3.1,28,Medium,37,63,0.589,3
R002121,W028,P004,A03,20-08-2026,Day,11.1,3.1,44,Low,57,85,0.67,4
R002122,W028,P004,A07,21-08-2026,Day,9.6,1.6,38,High,61,93,0.661,5
R002123,W028,P004,A08,22-08-2026,Night,9.6,1.6,34,High,71,92,0.777,6
R002124,W028,P004,A02,23-08-2026,Day,9.1,1.1,31,High,54,80,0.68,7
R002125,W028,P004,A08,24-08-2026,Day,10.2,2.2,36,Low,53,72,0.73,8
R002126,W028,P004,A04,25-08-2026,Day,11.8,3.8,31,Low,43,61,0.699,9
R002127,W028,P004,A05,26-08-2026,Night,12.2,4.2,20,Medium,35,71,0.495,10
R002128,W028,P004,A06,27-08-2026,Day,11.3,3.3,37,High,40,67,0.602,11
R002129,W028,P004,A03,28-08-2026,Day,10.3,2.3,33,Medium,46,73,0.626,12
R002130,W028,P004,A09,29-08-2026,Day,11.6,3.6,44,Medium,41,65,0.625,13
R002131,W029,P002,A09,01-06-2026,Night,9.6,1.6,48,Medium,65,83,0.787,1
R002132,W029,P002,A07,02-06-2026,Night,9.4,1.4,33,High,70,97,0.722,2
R002133,W029,P002,A03,03-06-2026,Day,9.8,1.8,39,Medium,45,65,0.687,3
R002134,W029,P002,A05,04-06-2026,Night,11.9,3.9,48,Medium,60,82,0.731,4
R002135,W029,P002,A03,05-06-2026,Day,10.3,2.3,25,Medium,64,85,0.756,5
R002136,W029,P002,A01,06-06-2026,Day,9.5,1.5,31,Low,62,82,0.761,6
R002137,W029,P002,A06,08-06-2026,Day,9.5,1.5,28,High,52,64,0.807,1
R002138,W029,P002,A01,09-06-2026,Day,10.9,2.9,54,Medium,52,70,0.744,2
R002139,W029,P002,A09,10-06-2026,Day,10.5,2.5,30,High,50,74,0.679,3
R002140,W029,P002,A03,11-06-2026,Day,9.7,1.7,42,Medium,51,67,0.76,4
R002141,W029,P002,A09,12-06-2026,Day,11,3,46,Medium,70,95,0.737,5
R002142,W029,P002,A04,13-06-2026,Day,11,3,36,Medium,67,98,0.685,6
R002143,W029,P002,A04,14-06-2026,Night,8.5,0.5,42,High,53,70,0.751,7
R002144,W029,P002,A05,15-06-2026,Day,12.4,4.4,30,High,62,98,0.637,8
R002145,W029,P002,A03,16-06-2026,Day,10.6,2.6,42,Medium,48,70,0.684,9
R002146,W029,P002,A02,17-06-2026,Day,10,2,45,Medium,46,71,0.653,10
R002147,W029,P002,A03,18-06-2026,Day,11.3,3.3,41,Low,45,70,0.643,11
R002148,W029,P002,A09,19-06-2026,Day,11.3,3.3,56,Medium,43,69,0.617,12
R002149,W029,P002,A01,20-06-2026,Day,10.2,2.2,36,High,52,84,0.618,13
R002150,W029,P002,A06,21-06-2026,Day,10.8,2.8,39,Medium,59,76,0.771,14
R002151,W029,P002,A07,22-06-2026,Day,10.1,2.1,24,Critical,42,81,0.522,15
R002152,W029,P002,A05,23-06-2026,Day,11.1,3.1,46,High,40,68,0.582,16
R002153,W029,P002,A02,24-06-2026,Day,12.2,4.2,38,Low,51,80,0.641,17
R002154,W029,P002,A04,25-06-2026,Day,12,4,29,Medium,38,64,0.591,18
R002155,W029,P002,A08,26-06-2026,Day,8.3,0.3,46,High,43,68,0.636,19
R002156,W029,P002,A03,27-06-2026,Day,8.6,0.6,31,Medium,52,67,0.772,20
R002157,W029,P002,A06,29-06-2026,Night,10.9,2.9,49,Low,71,84,0.841,1
R002158,W029,P002,A01,30-06-2026,Day,9.3,1.3,36,Low,45,61,0.731,2
R002159,W029,P002,A06,01-07-2026,Night,11.1,3.1,44,Low,62,79,0.779,3
R002160,W029,P002,A08,02-07-2026,Day,10.6,2.6,31,Low,45,65,0.687,4
R002161,W029,P002,A08,03-07-2026,Day,10.3,2.3,51,Low,79,87,0.909,5
R002162,W029,P002,A01,04-07-2026,Day,10.7,2.7,39,Critical,57,85,0.676,6
R002163,W029,P002,A04,06-07-2026,Night,8.5,0.5,51,Medium,59,71,0.825,1
R002164,W029,P002,A04,07-07-2026,Day,9.4,1.4,31,Medium,75,97,0.772,2
R002165,W029,P002,A03,08-07-2026,Night,10.8,2.8,52,Low,64,78,0.818,3
R002166,W029,P002,A07,09-07-2026,Night,8.7,0.7,35,Medium,56,73,0.761,4
R002167,W029,P002,A05,10-07-2026,Day,11.1,3.1,32,Medium,69,96,0.719,5
R002168,W029,P002,A02,11-07-2026,Day,9.6,1.6,39,Low,53,64,0.833,6
R002169,W029,P002,A03,13-07-2026,Day,10.8,2.8,41,Medium,48,67,0.715,1
R002170,W029,P002,A05,14-07-2026,Day,9.2,1.2,51,Low,74,95,0.774,2
R002171,W029,P002,A07,15-07-2026,Day,9.6,1.6,33,Medium,55,72,0.765,3
R002172,W029,P002,A04,17-07-2026,Day,9.7,1.7,39,High,53,72,0.738,1
R002173,W029,P002,A02,18-07-2026,Day,10.8,2.8,38,Medium,71,93,0.759,2
R002174,W029,P002,A06,19-07-2026,Day,11,3,32,Medium,56,82,0.682,3
R002175,W029,P002,A01,20-07-2026,Day,9.6,1.6,28,High,42,65,0.647,4
R002176,W029,P002,A07,21-07-2026,Day,10.2,2.2,35,Critical,42,69,0.605,5
R002177,W029,P002,A09,22-07-2026,Day,10.5,2.5,42,High,56,79,0.705,6
R002178,W029,P002,A08,23-07-2026,Day,9.4,1.4,24,Medium,67,91,0.737,7
R002179,W029,P002,A09,25-07-2026,Night,10.9,2.9,40,High,65,80,0.807,1
R002180,W029,P002,A02,27-07-2026,Day,9.3,1.3,42,Low,49,63,0.784,1
R002181,W029,P002,A06,28-07-2026,Night,10.6,2.6,46,Low,48,65,0.732,2
R002182,W029,P002,A04,29-07-2026,Day,10,2,33,High,50,75,0.668,3
R002183,W029,P002,A04,30-07-2026,Day,11.1,3.1,39,Medium,60,89,0.669,4
R002184,W029,P002,A07,31-07-2026,Day,8.7,0.7,35,Low,69,94,0.73,5
R002185,W029,P002,A06,01-08-2026,Day,10.2,2.2,30,Low,71,92,0.77,6
R002186,W029,P002,A02,03-08-2026,Day,11,3,27,High,55,81,0.68,1
R002187,W029,P002,A02,04-08-2026,Day,9.7,1.7,38,Low,55,75,0.729,2
R002188,W029,P002,A04,05-08-2026,Day,10.3,2.3,33,Medium,51,81,0.625,3
R002189,W029,P002,A09,06-08-2026,Day,9.9,1.9,28,Medium,73,93,0.786,4
R002190,W029,P002,A03,07-08-2026,Day,10.6,2.6,29,High,75,95,0.792,5
R002191,W029,P002,A08,08-08-2026,Day,11.9,3.9,32,Medium,57,98,0.577,6
R002192,W029,P002,A03,09-08-2026,Day,9.7,1.7,38,Critical,61,95,0.641,7
R002193,W029,P002,A08,11-08-2026,Day,9,1,45,High,70,86,0.812,1
R002194,W029,P002,A05,12-08-2026,Day,9.8,1.8,26,Medium,45,63,0.706,2
R002195,W029,P002,A09,13-08-2026,Day,10.5,2.5,36,High,53,77,0.683,3
R002196,W029,P002,A04,14-08-2026,Day,9.5,1.5,35,Medium,72,94,0.765,4
R002197,W029,P002,A07,15-08-2026,Day,9.7,1.7,53,Low,68,94,0.724,5
R002198,W029,P002,A04,17-08-2026,Day,9.1,1.1,30,Low,53,70,0.764,1
R002199,W029,P002,A08,18-08-2026,Night,11.1,3.1,24,Low,74,96,0.774,2
R002200,W029,P002,A04,19-08-2026,Night,10,2,58,Medium,70,93,0.753,3
R002201,W029,P002,A05,20-08-2026,Night,10.7,2.7,33,Critical,60,80,0.754,4
R002202,W029,P002,A05,21-08-2026,Day,9.7,1.7,43,Medium,58,87,0.662,5
R002203,W029,P002,A08,22-08-2026,Day,11.7,3.7,26,High,49,82,0.599,6
R002204,W029,P002,A01,23-08-2026,Night,9.7,1.7,30,High,41,61,0.667,7
R002205,W029,P002,A09,24-08-2026,Day,12.5,4.5,33,High,40,68,0.589,8
R002206,W029,P002,A07,25-08-2026,Day,9.1,1.1,52,Medium,66,92,0.716,9
R002207,W029,P002,A06,26-08-2026,Day,8,0,50,High,58,81,0.713,10
R002208,W029,P002,A09,27-08-2026,Day,11.2,3.2,47,Medium,59,94,0.625,11
R002209,W029,P002,A06,28-08-2026,Night,8.9,0.9,38,Medium,56,88,0.632,12
R002210,W029,P002,A05,29-08-2026,Day,8.7,0.7,40,High,48,72,0.671,13
R002211,W030,P006,A03,01-06-2026,Day,9.9,1.9,35,Low,61,79,0.774,1
R002212,W030,P006,A07,02-06-2026,Day,10.3,2.3,27,Low,58,79,0.739,2
R002213,W030,P006,A07,03-06-2026,Day,9.9,1.9,25,Low,51,65,0.786,3
R002214,W030,P006,A08,04-06-2026,Day,10.5,2.5,51,Low,85,98,0.863,4
R002215,W030,P006,A03,05-06-2026,Day,9.8,1.8,39,Critical,51,85,0.6,5
R002216,W030,P006,A01,06-06-2026,Day,9.2,1.2,25,Low,49,66,0.743,6
R002217,W030,P006,A01,08-06-2026,Day,12.4,4.4,30,Medium,57,83,0.688,1
R002218,W030,P006,A09,09-06-2026,Day,9.6,1.6,32,Critical,71,95,0.752,2
R002219,W030,P006,A09,11-06-2026,Day,10.2,2.2,38,High,65,97,0.666,1
R002220,W030,P006,A05,12-06-2026,Night,10.7,2.7,51,Medium,57,78,0.735,2
R002221,W030,P006,A06,13-06-2026,Day,10.6,2.6,39,Medium,61,92,0.662,3
R002222,W030,P006,A06,14-06-2026,Day,9.7,1.7,24,High,49,78,0.633,4
R002223,W030,P006,A02,15-06-2026,Day,9.2,1.2,44,Low,51,68,0.745,5
R002224,W030,P006,A08,16-06-2026,Day,10.7,2.7,37,Critical,54,93,0.576,6
R002225,W030,P006,A01,17-06-2026,Day,10.7,2.7,43,Medium,63,92,0.686,7
R002226,W030,P006,A05,18-06-2026,Day,9.8,1.8,43,Medium,52,73,0.711,8
R002227,W030,P006,A08,19-06-2026,Day,9.6,1.6,38,Medium,49,76,0.645,9
R002228,W030,P006,A05,20-06-2026,Day,10,2,31,Medium,44,65,0.678,10
R002229,W030,P006,A01,23-06-2026,Night,10.6,2.6,38,High,62,99,0.629,1
R002230,W030,P006,A01,24-06-2026,Day,10.4,2.4,56,Critical,63,82,0.771,2
R002231,W030,P006,A04,25-06-2026,Day,9.6,1.6,25,High,51,71,0.718,3
R002232,W030,P006,A01,26-06-2026,Day,9.6,1.6,35,Medium,46,60,0.769,4
R002233,W030,P006,A02,27-06-2026,Night,8.9,0.9,38,Low,52,65,0.807,5
R002234,W030,P006,A01,29-06-2026,Day,12.4,4.4,52,High,46,64,0.721,1
R002235,W030,P006,A05,30-06-2026,Day,9.2,1.2,33,Medium,45,62,0.733,2
R002236,W030,P006,A06,01-07-2026,Day,10.1,2.1,52,High,44,63,0.698,3
R002237,W030,P006,A06,02-07-2026,Day,10.6,2.6,43,High,41,60,0.68,4
R002238,W030,P006,A02,04-07-2026,Day,9,1,34,Low,69,94,0.733,1
R002239,W030,P006,A03,06-07-2026,Day,11.1,3.1,53,Medium,61,82,0.74,1
R002240,W030,P006,A02,07-07-2026,Day,9.4,1.4,51,Critical,50,72,0.697,2
R002241,W030,P006,A09,08-07-2026,Day,10.4,2.4,33,Low,62,89,0.696,3
R002242,W030,P006,A03,09-07-2026,Night,11.1,3.1,24,High,56,83,0.674,4
R002243,W030,P006,A05,10-07-2026,Day,8.6,0.6,45,Medium,76,90,0.841,5
R002244,W030,P006,A08,11-07-2026,Day,10.6,2.6,30,High,56,90,0.621,6
R002245,W030,P006,A06,13-07-2026,Day,10.8,2.8,29,Medium,62,86,0.725,1
R002246,W030,P006,A06,14-07-2026,Day,9.1,1.1,36,High,56,88,0.641,2
R002247,W030,P006,A01,15-07-2026,Day,10.2,2.2,42,Critical,45,65,0.698,3
R002248,W030,P006,A01,16-07-2026,Day,8.6,0.6,42,Low,52,67,0.771,4
R002249,W030,P006,A01,17-07-2026,Day,8.4,0.4,46,High,68,90,0.751,5
R002250,W030,P006,A01,18-07-2026,Day,9.9,1.9,49,High,50,69,0.726,6
R002251,W030,P006,A09,20-07-2026,Day,9.1,1.1,37,Low,52,69,0.748,1
R002252,W030,P006,A02,21-07-2026,Day,10,2,44,Critical,49,68,0.723,2
R002253,W030,P006,A01,22-07-2026,Day,11,3,22,Critical,43,68,0.632,3
R002254,W030,P006,A02,23-07-2026,Day,10,2,34,Medium,59,85,0.695,4
R002255,W030,P006,A01,24-07-2026,Day,9.1,1.1,26,Low,74,89,0.836,5
R002256,W030,P006,A06,25-07-2026,Day,10.2,2.2,31,Medium,66,87,0.756,6
R002257,W030,P006,A03,27-07-2026,Day,10.1,2.1,29,Medium,57,83,0.685,1
R002258,W030,P006,A03,30-07-2026,Day,11.4,3.4,53,High,76,95,0.799,1
R002259,W030,P006,A09,31-07-2026,Day,11.2,3.2,31,Medium,44,63,0.699,2
R002260,W030,P006,A01,01-08-2026,Day,10.7,2.7,44,Medium,64,98,0.653,3
R002261,W030,P006,A05,03-08-2026,Day,9,1,36,High,51,76,0.675,1
R002262,W030,P006,A09,04-08-2026,Day,8.9,0.9,50,High,58,84,0.685,2
R002263,W030,P006,A09,05-08-2026,Day,9.7,1.7,39,High,53,74,0.711,3
R002264,W030,P006,A08,06-08-2026,Day,9.1,1.1,44,Medium,39,61,0.646,4
R002265,W030,P006,A09,07-08-2026,Day,9.7,1.7,25,Critical,56,87,0.643,5
R002266,W030,P006,A05,08-08-2026,Day,9.4,1.4,34,Medium,45,68,0.662,6
R002267,W030,P006,A05,10-08-2026,Day,9.5,1.5,38,Critical,55,79,0.692,1
R002268,W030,P006,A08,11-08-2026,Day,10.4,2.4,54,High,55,69,0.8,2
R002269,W030,P006,A09,12-08-2026,Day,9.6,1.6,43,Medium,44,60,0.725,3
R002270,W030,P006,A02,13-08-2026,Day,9.8,1.8,45,Medium,50,75,0.673,4
R002271,W030,P006,A07,14-08-2026,Day,10.3,2.3,34,Low,72,91,0.791,5
R002272,W030,P006,A02,15-08-2026,Day,10.1,2.1,30,Medium,40,63,0.639,6
R002273,W030,P006,A03,17-08-2026,Day,10.1,2.1,31,Low,50,65,0.763,1
R002274,W030,P006,A03,18-08-2026,Day,9.4,1.4,29,Low,75,99,0.762,2
R002275,W030,P006,A07,19-08-2026,Night,10.8,2.8,20,Low,63,83,0.753,3
R002276,W030,P006,A02,20-08-2026,Day,9.1,1.1,31,Medium,63,88,0.712,4
R002277,W030,P006,A09,22-08-2026,Day,9.8,1.8,32,High,72,99,0.732,1
R002278,W030,P006,A01,24-08-2026,Day,9.2,1.2,32,Low,60,73,0.829,1
R002279,W030,P006,A01,25-08-2026,Night,11.9,3.9,39,Low,47,65,0.73,2
R002280,W030,P006,A05,26-08-2026,Day,10.6,2.6,58,High,42,61,0.694,3
R002281,W030,P006,A01,27-08-2026,Night,8.9,0.9,41,Low,47,66,0.718,4
R002282,W030,P006,A09,28-08-2026,Day,9.1,1.1,27,Low,49,60,0.822,5
R002283,W030,P006,A06,29-08-2026,Day,10.5,2.5,19,High,57,83,0.689,6
R002284,W031,P005,A05,01-06-2026,Day,9.5,1.5,37,Medium,61,94,0.647,1
R002285,W031,P005,A08,02-06-2026,Day,9.7,1.7,52,Medium,58,77,0.753,2
R002286,W031,P005,A06,03-06-2026,Night,10.7,2.7,33,Medium,49,68,0.716,3
R002287,W031,P005,A02,04-06-2026,Day,10.3,2.3,40,Low,46,63,0.733,4
R002288,W031,P005,A05,05-06-2026,Day,9,1,49,Low,73,92,0.79,5
R002289,W031,P005,A07,06-06-2026,Night,9.4,1.4,44,High,54,78,0.692,6
R002290,W031,P005,A01,08-06-2026,Day,9.9,1.9,38,Low,57,87,0.66,1
R002291,W031,P005,A04,09-06-2026,Day,9.5,1.5,30,Medium,57,88,0.652,2
R002292,W031,P005,A06,10-06-2026,Day,8.2,0.2,39,Low,65,81,0.807,3
R002293,W031,P005,A05,11-06-2026,Day,9.6,1.6,46,Low,76,89,0.852,4
R002294,W031,P005,A03,12-06-2026,Night,11.4,3.4,47,Low,49,65,0.751,5
R002295,W031,P005,A06,13-06-2026,Day,11,3,34,Medium,69,98,0.7,6
R002296,W031,P005,A01,15-06-2026,Day,8.8,0.8,33,Critical,56,87,0.641,1
R002297,W031,P005,A06,16-06-2026,Day,9.8,1.8,29,Medium,70,86,0.818,2
R002298,W031,P005,A08,17-06-2026,Day,9.1,1.1,42,Medium,73,95,0.773,3
R002299,W031,P005,A04,18-06-2026,Day,10.1,2.1,33,Low,70,94,0.744,4
R002300,W031,P005,A08,19-06-2026,Night,10.7,2.7,46,Medium,74,95,0.784,5
R002301,W031,P005,A05,20-06-2026,Day,9.7,1.7,35,Low,50,67,0.75,6
R002302,W031,P005,A01,22-06-2026,Day,9.8,1.8,43,Medium,65,99,0.657,1
R002303,W031,P005,A09,23-06-2026,Day,11,3,39,Medium,55,77,0.719,2
R002304,W031,P005,A07,24-06-2026,Day,10.3,2.3,35,Low,54,79,0.688,3
R002305,W031,P005,A01,25-06-2026,Day,10.1,2.1,34,High,65,92,0.706,4
R002306,W031,P005,A05,26-06-2026,Day,10.2,2.2,33,Low,64,82,0.775,5
R002307,W031,P005,A05,27-06-2026,Night,11,3,40,Critical,62,93,0.67,6
R002308,W031,P005,A03,29-06-2026,Day,10.1,2.1,34,Medium,52,77,0.678,1
R002309,W031,P005,A09,30-06-2026,Day,9.3,1.3,31,High,61,77,0.796,2
R002310,W031,P005,A05,01-07-2026,Day,10.7,2.7,29,Low,50,67,0.753,3
R002311,W031,P005,A05,02-07-2026,Day,9.4,1.4,39,Low,65,86,0.755,4
R002312,W031,P005,A02,03-07-2026,Day,9.5,1.5,49,High,59,86,0.681,5
R002313,W031,P005,A06,04-07-2026,Day,8.8,0.8,45,Low,62,81,0.77,6
R002314,W031,P005,A01,06-07-2026,Day,9.7,1.7,40,Medium,63,90,0.694,1
R002315,W031,P005,A01,07-07-2026,Day,9.4,1.4,48,Low,62,79,0.782,2
R002316,W031,P005,A09,08-07-2026,Day,10,2,52,Medium,74,93,0.792,3
R002317,W031,P005,A07,09-07-2026,Day,9.7,1.7,30,Medium,67,93,0.718,4
R002318,W031,P005,A03,10-07-2026,Day,10.6,2.6,39,Critical,47,73,0.649,5
R002319,W031,P005,A02,11-07-2026,Day,12.1,4.1,37,Medium,42,71,0.585,6
R002320,W031,P005,A09,13-07-2026,Day,10.4,2.4,32,Low,63,75,0.843,1
R002321,W031,P005,A03,14-07-2026,Day,9.2,1.2,45,Medium,51,64,0.794,2
R002322,W031,P005,A05,15-07-2026,Day,9.1,1.1,42,Low,53,67,0.792,3
R002323,W031,P005,A05,16-07-2026,Day,9.7,1.7,32,Medium,41,63,0.643,4
R002324,W031,P005,A09,17-07-2026,Day,8.9,0.9,32,Medium,55,75,0.738,5
R002325,W031,P005,A03,18-07-2026,Day,10,2,37,Low,71,97,0.731,6
R002326,W031,P005,A03,20-07-2026,Day,12.5,4.5,55,Low,47,62,0.759,1
R002327,W031,P005,A09,21-07-2026,Day,10.1,2.1,33,Low,66,79,0.834,2
R002328,W031,P005,A04,22-07-2026,Day,9.4,1.4,35,Medium,64,87,0.733,3
R002329,W031,P005,A01,23-07-2026,Day,8.8,0.8,23,Critical,52,88,0.594,4
R002330,W031,P005,A06,25-07-2026,Day,9.8,1.8,28,Medium,76,99,0.768,1
R002331,W031,P005,A09,27-07-2026,Day,12,4,35,Low,72,90,0.803,1
R002332,W031,P005,A09,28-07-2026,Day,9,1,40,High,51,67,0.76,2
R002333,W031,P005,A05,29-07-2026,Day,10.7,2.7,40,Medium,59,91,0.649,3
R002334,W031,P005,A07,30-07-2026,Night,9.9,1.9,36,Critical,39,60,0.657,4
R002335,W031,P005,A02,31-07-2026,Day,9.8,1.8,31,High,63,96,0.654,5
R002336,W031,P005,A06,01-08-2026,Day,9.7,1.7,43,Medium,62,87,0.709,6
R002337,W031,P005,A06,03-08-2026,Day,10.2,2.2,37,Low,57,81,0.698,1
R002338,W031,P005,A07,04-08-2026,Day,12.9,4.9,40,High,47,81,0.575,2
R002339,W031,P005,A04,05-08-2026,Day,9.6,1.6,49,Medium,68,86,0.791,3
R002340,W031,P005,A03,06-08-2026,Day,9.7,1.7,47,Medium,70,94,0.74,4
R002341,W031,P005,A08,07-08-2026,Night,8.6,0.6,45,High,50,65,0.768,5
R002342,W031,P005,A04,08-08-2026,Day,9.3,1.3,32,High,40,61,0.659,6
R002343,W031,P005,A08,10-08-2026,Day,9.8,1.8,35,Medium,47,71,0.663,1
R002344,W031,P005,A04,11-08-2026,Day,10.6,2.6,48,High,68,96,0.71,2
R002345,W031,P005,A02,12-08-2026,Day,11,3,39,Low,42,62,0.681,3
R002346,W031,P005,A07,13-08-2026,Day,8.7,0.7,39,Medium,71,95,0.747,4
R002347,W031,P005,A09,14-08-2026,Day,10.4,2.4,32,Medium,58,89,0.647,5
R002348,W031,P005,A06,15-08-2026,Day,9.4,1.4,45,Low,73,87,0.84,6
R002349,W031,P005,A09,17-08-2026,Night,12.2,4.2,33,Low,55,87,0.631,1
R002350,W031,P005,A05,18-08-2026,Day,11.7,3.7,37,High,74,97,0.766,2
R002351,W031,P005,A09,19-08-2026,Day,10.4,2.4,25,Medium,44,61,0.727,3
R002352,W031,P005,A08,20-08-2026,Day,9.6,1.6,36,Low,60,83,0.723,4
R002353,W031,P005,A01,21-08-2026,Day,9.5,1.5,37,High,62,93,0.664,5
R002354,W031,P005,A03,22-08-2026,Day,11.3,3.3,40,High,39,69,0.572,6
R002355,W031,P005,A06,24-08-2026,Day,10.2,2.2,46,Low,52,66,0.787,1
R002356,W031,P005,A09,25-08-2026,Day,9.9,1.9,23,Medium,70,93,0.753,2
R002357,W031,P005,A04,26-08-2026,Day,9.5,1.5,35,High,49,68,0.727,3
R002358,W031,P005,A04,27-08-2026,Day,9.9,1.9,39,High,51,90,0.57,4
R002359,W031,P005,A05,28-08-2026,Day,10.4,2.4,41,Low,70,86,0.813,5
R002360,W031,P005,A08,29-08-2026,Day,10.4,2.4,22,Low,49,64,0.77,6
R002361,W032,P005,A07,03-06-2026,Night,9,1,60,Medium,47,61,0.768,1
R002362,W032,P005,A03,04-06-2026,Day,10.7,2.7,29,Low,46,60,0.766,2
R002363,W032,P005,A05,05-06-2026,Night,8.4,0.4,34,Low,68,81,0.835,3
R002364,W032,P005,A03,06-06-2026,Day,8,0,50,Medium,58,83,0.693,4
R002365,W032,P005,A03,08-06-2026,Day,8,0,37,Medium,59,77,0.771,1
R002366,W032,P005,A08,09-06-2026,Day,10,2,39,Medium,54,68,0.789,2
R002367,W032,P005,A09,10-06-2026,Day,9.5,1.5,47,Low,62,73,0.854,3
R002368,W032,P005,A09,11-06-2026,Day,10.7,2.7,35,Low,65,82,0.793,4
R002369,W032,P005,A05,12-06-2026,Day,10.1,2.1,31,Low,56,67,0.836,5
R002370,W032,P005,A04,13-06-2026,Day,8.3,0.3,36,High,66,83,0.797,6
R002371,W032,P005,A03,15-06-2026,Day,9.7,1.7,48,Medium,50,63,0.788,1
R002372,W032,P005,A01,16-06-2026,Day,8,0,46,Medium,53,60,0.883,2
R002373,W032,P005,A05,17-06-2026,Day,10.4,2.4,44,High,68,85,0.801,3
R002374,W032,P005,A09,18-06-2026,Day,10.4,2.4,31,High,67,96,0.694,4
R002375,W032,P005,A06,19-06-2026,Day,9.3,1.3,48,Medium,79,96,0.819,5
R002376,W032,P005,A01,20-06-2026,Day,10,2,40,High,53,71,0.752,6
R002377,W032,P005,A05,22-06-2026,Day,9.8,1.8,50,Medium,69,85,0.816,1
R002378,W032,P005,A04,23-06-2026,Day,9.2,1.2,46,High,70,96,0.728,2
R002379,W032,P005,A04,24-06-2026,Day,9.4,1.4,42,High,60,75,0.795,3
R002380,W032,P005,A04,25-06-2026,Day,11.5,3.5,40,High,55,74,0.745,4
R002381,W032,P005,A04,26-06-2026,Day,10.7,2.7,58,Medium,48,61,0.792,5
R002382,W032,P005,A04,27-06-2026,Night,8.7,0.7,37,Low,77,93,0.823,6
R002383,W032,P005,A04,29-06-2026,Day,9.6,1.6,33,Medium,76,98,0.777,1
R002384,W032,P005,A01,30-06-2026,Day,9.7,1.7,40,High,68,82,0.828,2
R002385,W032,P005,A03,01-07-2026,Day,8.4,0.4,51,Critical,79,96,0.819,3
R002386,W032,P005,A01,02-07-2026,Night,8.9,0.9,39,Low,74,89,0.833,4
R002387,W032,P005,A07,04-07-2026,Day,9,1,43,Low,74,89,0.832,1
R002388,W032,P005,A09,06-07-2026,Day,10.5,2.5,54,Low,72,99,0.729,1
R002389,W032,P005,A02,07-07-2026,Day,8.7,0.7,46,Medium,53,69,0.774,2
R002390,W032,P005,A05,08-07-2026,Day,11.3,3.3,48,Low,67,83,0.812,3
R002391,W032,P005,A04,09-07-2026,Day,9.9,1.9,36,Medium,68,83,0.818,4
R002392,W032,P005,A02,10-07-2026,Day,9.3,1.3,45,Critical,53,71,0.745,5
R002393,W032,P005,A03,11-07-2026,Day,9,1,47,Low,50,60,0.835,6
R002394,W032,P005,A02,12-07-2026,Day,9.4,1.4,48,Low,45,65,0.689,7
R002395,W032,P005,A09,13-07-2026,Day,8,0,45,Low,61,89,0.684,8
R002396,W032,P005,A05,14-07-2026,Day,8.4,0.4,58,High,43,62,0.698,9
R002397,W032,P005,A09,15-07-2026,Day,8,0,36,Critical,55,76,0.724,10
R002398,W032,P005,A07,16-07-2026,Day,8,0,54,Medium,77,99,0.775,11
R002399,W032,P005,A02,17-07-2026,Day,9.3,1.3,56,Low,52,69,0.757,12
R002400,W032,P005,A03,18-07-2026,Day,8.5,0.5,31,Medium,54,74,0.732,13
R002401,W032,P005,A07,20-07-2026,Day,10.2,2.2,46,Low,59,82,0.719,1
R002402,W032,P005,A06,21-07-2026,Day,10.1,2.1,34,Low,67,87,0.775,2
R002403,W032,P005,A09,22-07-2026,Night,8.1,0.1,48,Medium,71,92,0.77,3
R002404,W032,P005,A03,23-07-2026,Day,8,0,48,Low,74,89,0.83,4
R002405,W032,P005,A09,25-07-2026,Day,11,3,43,Low,66,84,0.784,1
R002406,W032,P005,A09,27-07-2026,Day,9.6,1.6,45,High,63,76,0.827,1
R002407,W032,P005,A01,28-07-2026,Day,8.2,0.2,37,Medium,47,62,0.761,2
R002408,W032,P005,A04,29-07-2026,Day,8.4,0.4,49,Medium,70,85,0.825,3
R002409,W032,P005,A06,30-07-2026,Day,8.4,0.4,46,Low,49,60,0.813,4
R002410,W032,P005,A06,31-07-2026,Night,9.4,1.4,34,Low,51,68,0.757,5
R002411,W032,P005,A04,01-08-2026,Day,9.5,1.5,40,Low,46,65,0.707,6
R002412,W032,P005,A05,03-08-2026,Day,8.6,0.6,22,High,58,82,0.712,1
R002413,W032,P005,A03,04-08-2026,Night,8,0,49,Medium,75,95,0.789,2
R002414,W032,P005,A01,05-08-2026,Day,8.1,0.1,44,High,58,80,0.724,3
R002415,W032,P005,A01,06-08-2026,Day,10.3,2.3,40,High,55,70,0.78,4
R002416,W032,P005,A09,07-08-2026,Day,9.7,1.7,37,High,63,88,0.719,5
R002417,W032,P005,A04,08-08-2026,Day,9.3,1.3,53,High,52,82,0.634,6
R002418,W032,P005,A05,10-08-2026,Day,8.6,0.6,56,Medium,61,78,0.781,1
R002419,W032,P005,A04,12-08-2026,Day,9.8,1.8,42,High,59,78,0.761,1
R002420,W032,P005,A01,13-08-2026,Night,8.7,0.7,53,Critical,58,84,0.694,2
R002421,W032,P005,A04,14-08-2026,Night,11.3,3.3,49,Medium,67,83,0.806,3
R002422,W032,P005,A01,15-08-2026,Day,9.9,1.9,38,High,77,99,0.776,4
R002423,W032,P005,A01,17-08-2026,Day,8,0,36,Critical,52,68,0.771,1
R002424,W032,P005,A05,18-08-2026,Day,9.3,1.3,35,Medium,53,66,0.799,2
R002425,W032,P005,A01,19-08-2026,Day,8,0,44,High,74,94,0.783,3
R002426,W032,P005,A02,20-08-2026,Day,9.5,1.5,43,Medium,53,68,0.774,4
R002427,W032,P005,A06,21-08-2026,Day,8.5,0.5,34,High,44,65,0.681,5
R002428,W032,P005,A07,22-08-2026,Night,8.7,0.7,54,Medium,54,67,0.8,6
R002429,W032,P005,A06,23-08-2026,Day,10.5,2.5,43,Low,46,62,0.75,7
R002430,W032,P005,A07,24-08-2026,Day,10.3,2.3,47,Low,79,92,0.855,8
R002431,W032,P005,A06,25-08-2026,Day,10.3,2.3,30,Critical,41,61,0.68,9
R002432,W032,P005,A01,26-08-2026,Day,11.1,3.1,47,Low,47,63,0.75,10
R002433,W032,P005,A06,27-08-2026,Day,8.8,0.8,39,Low,58,72,0.808,11
R002434,W032,P005,A03,28-08-2026,Night,10.5,2.5,53,Medium,76,97,0.785,12
R002435,W032,P005,A04,29-08-2026,Day,8.4,0.4,39,Medium,63,88,0.712,13
R002436,W033,P004,A02,01-06-2026,Day,8.9,0.9,41,Medium,69,88,0.783,1
R002437,W033,P004,A08,02-06-2026,Day,10.2,2.2,27,Medium,71,90,0.786,2
R002438,W033,P004,A01,03-06-2026,Day,8.8,0.8,44,High,60,91,0.661,3
R002439,W033,P004,A09,04-06-2026,Day,11.7,3.7,31,High,58,96,0.602,4
R002440,W033,P004,A07,05-06-2026,Day,10.4,2.4,29,High,44,68,0.653,5
R002441,W033,P004,A08,06-06-2026,Day,10.6,2.6,33,Medium,63,94,0.666,6
R002442,W033,P004,A04,07-06-2026,Day,9,1,32,High,64,93,0.689,7
R002443,W033,P004,A09,09-06-2026,Day,8.9,0.9,37,Low,69,84,0.819,1
R002444,W033,P004,A01,10-06-2026,Day,11.1,3.1,35,High,61,85,0.713,2
R002445,W033,P004,A07,11-06-2026,Day,9.7,1.7,41,Medium,49,60,0.813,3
R002446,W033,P004,A08,12-06-2026,Day,13.2,5.2,30,Low,66,98,0.672,4
R002447,W033,P004,A06,13-06-2026,Day,11,3,41,Low,47,61,0.775,5
R002448,W033,P004,A06,14-06-2026,Day,10,2,45,Low,47,66,0.712,6
R002449,W033,P004,A06,15-06-2026,Day,9.6,1.6,42,Low,58,74,0.782,7
R002450,W033,P004,A02,16-06-2026,Night,10,2,26,Low,52,80,0.646,8
R002451,W033,P004,A01,17-06-2026,Day,10.5,2.5,30,Low,42,67,0.621,9
R002452,W033,P004,A06,18-06-2026,Day,9.4,1.4,47,Medium,74,97,0.768,10
R002453,W033,P004,A03,19-06-2026,Day,10.9,2.9,29,Critical,51,90,0.571,11
R002454,W033,P004,A05,22-06-2026,Night,9.1,1.1,24,High,58,82,0.705,1
R002455,W033,P004,A05,23-06-2026,Day,9.9,1.9,23,Medium,49,71,0.69,2
R002456,W033,P004,A01,24-06-2026,Day,11.1,3.1,43,High,45,60,0.754,3
R002457,W033,P004,A04,25-06-2026,Day,9.3,1.3,30,High,48,70,0.679,4
R002458,W033,P004,A03,26-06-2026,Day,11,3,45,High,68,97,0.698,5
R002459,W033,P004,A03,27-06-2026,Day,9.5,1.5,39,Medium,53,69,0.771,6
R002460,W033,P004,A09,30-06-2026,Day,10.3,2.3,46,Medium,63,81,0.78,1
R002461,W033,P004,A08,01-07-2026,Day,8.8,0.8,35,Medium,73,89,0.818,2
R002462,W033,P004,A07,02-07-2026,Day,11,3,34,High,56,89,0.631,3
R002463,W033,P004,A07,03-07-2026,Day,10.4,2.4,37,Medium,63,89,0.707,4
R002464,W033,P004,A07,04-07-2026,Night,9.5,1.5,41,Medium,47,70,0.675,5
R002465,W033,P004,A08,06-07-2026,Night,10.3,2.3,35,High,48,69,0.696,1
R002466,W033,P004,A05,07-07-2026,Day,10.7,2.7,40,Critical,69,94,0.729,2
R002467,W033,P004,A09,08-07-2026,Day,8.8,0.8,36,Low,62,77,0.809,3
R002468,W033,P004,A05,09-07-2026,Day,8.9,0.9,35,High,51,79,0.648,4
R002469,W033,P004,A05,10-07-2026,Day,11,3,40,Medium,53,79,0.673,5
R002470,W033,P004,A05,11-07-2026,Day,9.2,1.2,33,Low,64,86,0.741,6
R002471,W033,P004,A02,12-07-2026,Night,10.2,2.2,45,Low,70,89,0.789,7
R002472,W033,P004,A03,13-07-2026,Day,10.3,2.3,34,Low,59,80,0.734,8
R002473,W033,P004,A06,14-07-2026,Day,8.6,0.6,37,Medium,54,75,0.725,9
R002474,W033,P004,A07,15-07-2026,Day,10.5,2.5,30,Low,58,83,0.698,10
R002475,W033,P004,A01,16-07-2026,Day,10.1,2.1,50,High,49,75,0.651,11
R002476,W033,P004,A04,17-07-2026,Night,10.1,2.1,49,High,45,63,0.71,12
R002477,W033,P004,A07,18-07-2026,Day,10.9,2.9,48,Medium,52,87,0.602,13
R002478,W033,P004,A08,20-07-2026,Night,10,2,23,Low,57,80,0.717,1
R002479,W033,P004,A02,21-07-2026,Day,9.1,1.1,40,Low,45,64,0.697,2
R002480,W033,P004,A07,22-07-2026,Day,10.5,2.5,31,Low,52,70,0.745,3
R002481,W033,P004,A08,23-07-2026,Day,9,1,34,Medium,51,77,0.666,4
R002482,W033,P004,A01,24-07-2026,Day,10.1,2.1,37,Critical,48,70,0.683,5
R002483,W033,P004,A07,25-07-2026,Night,9.2,1.2,32,Low,70,98,0.715,6
R002484,W033,P004,A09,27-07-2026,Day,9.9,1.9,20,Low,69,87,0.791,1
R002485,W033,P004,A06,28-07-2026,Night,11.3,3.3,31,Medium,74,99,0.743,2
R002486,W033,P004,A02,29-07-2026,Day,9.3,1.3,46,Low,63,80,0.79,3
R002487,W033,P004,A07,30-07-2026,Day,10.1,2.1,44,High,52,81,0.647,4
R002488,W033,P004,A01,31-07-2026,Day,9.4,1.4,37,High,47,66,0.713,5
R002489,W033,P004,A06,01-08-2026,Day,10.8,2.8,33,High,40,64,0.626,6
R002490,W033,P004,A01,03-08-2026,Day,10.2,2.2,41,Low,59,79,0.746,1
R002491,W033,P004,A04,04-08-2026,Day,9.6,1.6,47,High,61,93,0.657,2
R002492,W033,P004,A01,05-08-2026,Day,9.2,1.2,32,Medium,67,87,0.776,3
R002493,W033,P004,A06,06-08-2026,Day,12.3,4.3,43,Medium,47,69,0.687,4
R002494,W033,P004,A01,07-08-2026,Day,11.5,3.5,35,High,43,73,0.588,5
R002495,W033,P004,A05,08-08-2026,Day,9.3,1.3,26,Medium,46,65,0.709,6
R002496,W033,P004,A03,10-08-2026,Night,9.9,1.9,41,High,46,70,0.651,1
R002497,W033,P004,A07,11-08-2026,Day,9.9,1.9,40,High,73,91,0.8,2
R002498,W033,P004,A06,12-08-2026,Day,11.1,3.1,32,Medium,55,80,0.686,3
R002499,W033,P004,A01,13-08-2026,Night,8.8,0.8,25,Low,43,66,0.657,4
R002500,W033,P004,A06,14-08-2026,Day,10.3,2.3,30,Medium,58,71,0.822,5
R002501,W033,P004,A04,15-08-2026,Day,9.8,1.8,27,Critical,38,65,0.59,6
R002502,W033,P004,A05,17-08-2026,Day,10.1,2.1,36,Low,58,81,0.72,1
R002503,W033,P004,A08,18-08-2026,Day,10.5,2.5,43,Critical,51,69,0.733,2
R002504,W033,P004,A05,19-08-2026,Day,10.2,2.2,30,Low,73,98,0.74,3
R002505,W033,P004,A01,20-08-2026,Day,10.8,2.8,44,Medium,47,65,0.718,4
R002506,W033,P004,A01,21-08-2026,Night,8.9,0.9,48,Critical,48,66,0.723,5
R002507,W033,P004,A01,22-08-2026,Night,10.9,2.9,21,Low,50,70,0.714,6
R002508,W033,P004,A03,24-08-2026,Day,9.9,1.9,43,Low,44,60,0.741,1
R002509,W033,P004,A06,25-08-2026,Day,11.8,3.8,37,Low,56,75,0.75,2
R002510,W033,P004,A07,26-08-2026,Day,9.9,1.9,25,Low,66,83,0.792,3
R002511,W033,P004,A01,27-08-2026,Day,9.6,1.6,41,Critical,45,66,0.683,4
R002512,W033,P004,A05,28-08-2026,Day,10.8,2.8,43,Low,46,69,0.662,5
R002513,W033,P004,A07,29-08-2026,Night,10.7,2.7,38,Low,69,99,0.697,6
R002514,W034,P002,A07,01-06-2026,Day,11.1,3.1,40,High,60,79,0.755,1
R002515,W034,P002,A02,02-06-2026,Day,10.5,2.5,21,Medium,67,92,0.724,2
R002516,W034,P002,A09,03-06-2026,Day,10.1,2.1,41,High,60,93,0.65,3
R002517,W034,P002,A04,04-06-2026,Day,9.8,1.8,29,Low,63,81,0.778,4
R002518,W034,P002,A02,05-06-2026,Day,8.8,0.8,43,Medium,79,89,0.887,5
R002519,W034,P002,A06,06-06-2026,Day,10.9,2.9,35,High,53,81,0.657,6
R002520,W034,P002,A06,08-06-2026,Day,8,0,33,Critical,66,94,0.706,1
R002521,W034,P002,A09,09-06-2026,Day,9.2,1.2,32,Low,68,84,0.812,2
R002522,W034,P002,A09,10-06-2026,Night,9.5,1.5,28,High,59,81,0.732,3
R002523,W034,P002,A08,11-06-2026,Day,9.7,1.7,43,High,56,80,0.706,4
R002524,W034,P002,A05,12-06-2026,Day,10.5,2.5,44,Medium,64,85,0.747,5
R002525,W034,P002,A08,13-06-2026,Day,8.2,0.2,38,Medium,52,69,0.75,6
R002526,W034,P002,A01,15-06-2026,Day,9.8,1.8,34,Low,56,81,0.691,1
R002527,W034,P002,A01,16-06-2026,Day,10.1,2.1,49,Medium,65,89,0.727,2
R002528,W034,P002,A03,17-06-2026,Day,10.4,2.4,35,Low,75,97,0.778,3
R002529,W034,P002,A01,18-06-2026,Day,11.3,3.3,43,Low,63,82,0.766,4
R002530,W034,P002,A01,19-06-2026,Day,8.8,0.8,42,High,51,71,0.725,5
R002531,W034,P002,A02,20-06-2026,Day,8,0,36,Medium,77,97,0.792,6
R002532,W034,P002,A06,22-06-2026,Day,9.9,1.9,35,Medium,68,87,0.784,1
R002533,W034,P002,A03,23-06-2026,Day,9.5,1.5,55,Low,64,82,0.786,2
R002534,W034,P002,A03,24-06-2026,Night,9.6,1.6,25,Medium,63,87,0.725,3
R002535,W034,P002,A06,25-06-2026,Day,9.4,1.4,28,Medium,61,86,0.707,4
R002536,W034,P002,A07,26-06-2026,Day,8.8,0.8,31,Medium,45,63,0.719,5
R002537,W034,P002,A09,27-06-2026,Night,9.8,1.8,48,Low,62,75,0.821,6
R002538,W034,P002,A09,29-06-2026,Day,9.3,1.3,38,High,52,69,0.758,1
R002539,W034,P002,A05,01-07-2026,Night,10.5,2.5,28,High,65,95,0.683,1
R002540,W034,P002,A05,02-07-2026,Day,10.5,2.5,42,Low,46,62,0.741,2
R002541,W034,P002,A06,03-07-2026,Night,8.8,0.8,33,Low,71,99,0.721,3
R002542,W034,P002,A06,04-07-2026,Day,11.4,3.4,55,Medium,56,81,0.691,4
R002543,W034,P002,A04,06-07-2026,Day,8.7,0.7,43,Medium,56,63,0.887,1
R002544,W034,P002,A02,07-07-2026,Day,8.2,0.2,42,High,64,85,0.75,2
R002545,W034,P002,A03,08-07-2026,Day,9.2,1.2,54,Low,51,66,0.779,3
R002546,W034,P002,A02,09-07-2026,Day,9.7,1.7,53,Medium,67,87,0.766,4
R002547,W034,P002,A02,10-07-2026,Day,8,0,36,Low,61,75,0.816,5
R002548,W034,P002,A09,11-07-2026,Day,9.7,1.7,40,Medium,72,93,0.774,6
R002549,W034,P002,A04,13-07-2026,Night,10.3,2.3,43,Medium,63,78,0.812,1
R002550,W034,P002,A04,14-07-2026,Day,9,1,47,Low,72,85,0.849,2
R002551,W034,P002,A09,15-07-2026,Day,8.8,0.8,41,Low,56,63,0.882,3
R002552,W034,P002,A02,16-07-2026,Day,10.2,2.2,33,Medium,47,65,0.721,4
R002553,W034,P002,A07,17-07-2026,Day,8,0,50,Low,54,77,0.695,5
R002554,W034,P002,A05,18-07-2026,Day,11.2,3.2,34,Low,58,74,0.783,6
R002555,W034,P002,A05,20-07-2026,Day,10.2,2.2,33,Low,67,82,0.82,1
R002556,W034,P002,A07,21-07-2026,Day,9.4,1.4,50,Medium,75,99,0.757,2
R002557,W034,P002,A06,22-07-2026,Day,10.2,2.2,42,Critical,54,69,0.787,3
R002558,W034,P002,A06,23-07-2026,Day,10.7,2.7,25,Low,53,69,0.769,4
R002559,W034,P002,A04,24-07-2026,Day,9.2,1.2,44,Low,55,65,0.849,5
R002560,W034,P002,A06,25-07-2026,Day,8.8,0.8,47,Low,61,83,0.738,6
R002561,W034,P002,A01,27-07-2026,Day,9.3,1.3,44,Medium,46,60,0.769,1
R002562,W034,P002,A07,28-07-2026,Day,9.7,1.7,49,Medium,66,83,0.79,2
R002563,W034,P002,A09,29-07-2026,Day,8.8,0.8,34,Medium,60,79,0.754,3
R002564,W034,P002,A02,30-07-2026,Day,8,0,51,Low,52,62,0.839,4
R002565,W034,P002,A08,31-07-2026,Day,10.7,2.7,48,Medium,68,94,0.72,5
R002566,W034,P002,A04,01-08-2026,Day,8.8,0.8,40,Medium,66,91,0.721,6
R002567,W034,P002,A06,03-08-2026,Day,8,0,36,High,56,74,0.751,1
R002568,W034,P002,A06,04-08-2026,Day,8.1,0.1,47,High,49,63,0.778,2
R002569,W034,P002,A02,05-08-2026,Night,8.2,0.2,42,Low,62,80,0.776,3
R002570,W034,P002,A08,06-08-2026,Day,8,0,40,High,53,76,0.701,4
R002571,W034,P002,A01,07-08-2026,Day,9.7,1.7,34,Low,61,85,0.716,5
R002572,W034,P002,A07,08-08-2026,Day,10.4,2.4,41,Medium,68,97,0.7,6
R002573,W034,P002,A07,10-08-2026,Day,9.6,1.6,37,Medium,72,92,0.788,1
R002574,W034,P002,A02,11-08-2026,Day,9.4,1.4,29,Low,73,91,0.806,2
R002575,W034,P002,A09,12-08-2026,Day,11.5,3.5,53,Low,55,72,0.768,3
R002576,W034,P002,A01,13-08-2026,Day,9,1,48,Low,59,69,0.858,4
R002577,W034,P002,A06,14-08-2026,Day,9.5,1.5,39,Medium,75,92,0.81,5
R002578,W034,P002,A06,15-08-2026,Day,9.2,1.2,47,Medium,50,64,0.776,6
R002579,W034,P002,A01,17-08-2026,Day,8.7,0.7,42,Low,87,97,0.9,1
R002580,W034,P002,A01,18-08-2026,Day,10.4,2.4,39,Critical,51,72,0.703,2
R002581,W034,P002,A05,19-08-2026,Day,9,1,37,Low,56,77,0.73,3
R002582,W034,P002,A01,20-08-2026,Day,9.5,1.5,38,Medium,62,85,0.734,4
R002583,W034,P002,A08,21-08-2026,Day,8.7,0.7,43,Medium,82,97,0.843,5
R002584,W034,P002,A01,22-08-2026,Day,9.9,1.9,55,Medium,78,98,0.794,6
R002585,W034,P002,A01,24-08-2026,Day,10.3,2.3,45,High,47,62,0.76,1
R002586,W034,P002,A03,25-08-2026,Day,11.5,3.5,43,Medium,67,90,0.742,2
R002587,W034,P002,A09,26-08-2026,Day,8.6,0.6,44,Low,80,93,0.864,3
R002588,W034,P002,A09,27-08-2026,Day,8.9,0.9,35,High,58,90,0.65,4
R002589,W034,P002,A02,28-08-2026,Day,9.3,1.3,37,Low,75,88,0.852,5
R002590,W034,P002,A04,29-08-2026,Day,10.1,2.1,35,Critical,68,94,0.722,6
R002591,W035,P005,A03,01-06-2026,Day,10.7,2.7,36,Medium,70,94,0.742,1
R002592,W035,P005,A02,03-06-2026,Day,9.3,1.3,33,Critical,47,62,0.755,1
R002593,W035,P005,A06,04-06-2026,Day,10.6,2.6,27,Low,42,72,0.586,2
R002594,W035,P005,A06,05-06-2026,Night,9.1,1.1,37,Low,53,65,0.812,3
R002595,W035,P005,A05,06-06-2026,Day,10.3,2.3,46,High,54,74,0.728,4
R002596,W035,P005,A09,08-06-2026,Day,11.6,3.6,39,High,42,69,0.607,1
R002597,W035,P005,A07,09-06-2026,Day,9.9,1.9,38,High,55,85,0.647,2
R002598,W035,P005,A05,10-06-2026,Day,11,3,39,Critical,46,71,0.642,3
R002599,W035,P005,A02,11-06-2026,Day,8.2,0.2,33,Critical,55,83,0.662,4
R002600,W035,P005,A05,12-06-2026,Night,8.4,0.4,35,Medium,56,77,0.732,5
R002601,W035,P005,A09,13-06-2026,Day,10.5,2.5,20,High,44,73,0.602,6
R002602,W035,P005,A06,15-06-2026,Day,10.3,2.3,33,Medium,61,95,0.646,1
R002603,W035,P005,A03,16-06-2026,Day,11.9,3.9,29,Medium,61,89,0.683,2
R002604,W035,P005,A06,17-06-2026,Day,12.2,4.2,31,Low,64,91,0.707,3
R002605,W035,P005,A02,18-06-2026,Day,10.6,2.6,38,Medium,60,92,0.655,4
R002606,W035,P005,A08,19-06-2026,Day,9.5,1.5,24,Low,56,74,0.762,5
R002607,W035,P005,A02,20-06-2026,Day,9.4,1.4,27,Critical,45,72,0.62,6
R002608,W035,P005,A09,22-06-2026,Day,10.9,2.9,25,Low,67,92,0.728,1
R002609,W035,P005,A05,23-06-2026,Day,10,2,27,Low,63,81,0.772,2
R002610,W035,P005,A04,24-06-2026,Day,9.5,1.5,45,Low,60,82,0.727,3
R002611,W035,P005,A04,25-06-2026,Day,10.6,2.6,39,Medium,53,77,0.69,4
R002612,W035,P005,A03,26-06-2026,Day,11.2,3.2,39,Low,48,66,0.723,5
R002613,W035,P005,A08,27-06-2026,Night,11.5,3.5,34,Low,57,74,0.768,6
R002614,W035,P005,A03,29-06-2026,Day,11.4,3.4,46,Medium,49,75,0.657,1
R002615,W035,P005,A07,30-06-2026,Day,8.2,0.2,47,High,58,80,0.729,2
R002616,W035,P005,A02,01-07-2026,Day,9.9,1.9,25,Medium,61,91,0.669,3
R002617,W035,P005,A06,02-07-2026,Day,11.2,3.2,34,Critical,55,90,0.616,4
R002618,W035,P005,A06,03-07-2026,Day,11.2,3.2,57,High,70,97,0.718,5
R002619,W035,P005,A06,04-07-2026,Night,11.6,3.6,43,Low,65,94,0.696,6
R002620,W035,P005,A04,06-07-2026,Night,11.6,3.6,36,Medium,44,60,0.737,1
R002621,W035,P005,A03,07-07-2026,Day,11.2,3.2,49,Medium,57,74,0.772,2
R002622,W035,P005,A04,08-07-2026,Night,10.1,2.1,37,Medium,55,82,0.676,3
R002623,W035,P005,A03,09-07-2026,Day,9.9,1.9,28,High,59,87,0.681,4
R002624,W035,P005,A01,10-07-2026,Day,10.2,2.2,34,High,63,96,0.654,5
R002625,W035,P005,A09,11-07-2026,Day,9.5,1.5,32,High,60,90,0.67,6
R002626,W035,P005,A02,13-07-2026,Night,11.5,3.5,38,Low,52,73,0.708,1
R002627,W035,P005,A05,14-07-2026,Day,11.1,3.1,37,Medium,55,83,0.658,2
R002628,W035,P005,A03,15-07-2026,Day,9.1,1.1,43,Low,66,91,0.725,3
R002629,W035,P005,A05,16-07-2026,Day,11.8,3.8,27,Medium,64,91,0.698,4
R002630,W035,P005,A05,17-07-2026,Day,10.3,2.3,37,Low,55,80,0.682,5
R002631,W035,P005,A07,18-07-2026,Day,10.8,2.8,39,Low,52,68,0.761,6
R002632,W035,P005,A09,19-07-2026,Day,8.2,0.2,23,High,55,82,0.676,7
R002633,W035,P005,A09,20-07-2026,Day,11.6,3.6,30,Medium,54,90,0.601,8
R002634,W035,P005,A01,21-07-2026,Day,10.3,2.3,51,Critical,44,72,0.614,9
R002635,W035,P005,A04,22-07-2026,Day,11.8,3.8,44,Low,55,74,0.746,10
R002636,W035,P005,A04,23-07-2026,Day,11,3,36,High,58,82,0.704,11
R002637,W035,P005,A09,24-07-2026,Night,9.6,1.6,32,High,53,72,0.734,12
R002638,W035,P005,A01,25-07-2026,Day,9,1,40,High,56,88,0.638,13
R002639,W035,P005,A08,28-07-2026,Day,11.2,3.2,49,High,62,89,0.693,1
R002640,W035,P005,A02,29-07-2026,Day,9.8,1.8,28,Low,52,80,0.647,2
R002641,W035,P005,A02,30-07-2026,Day,11.1,3.1,35,High,53,92,0.571,3
R002642,W035,P005,A08,31-07-2026,Day,10.8,2.8,46,Medium,63,85,0.736,4
R002643,W035,P005,A09,01-08-2026,Day,11.5,3.5,18,Low,49,68,0.716,5
R002644,W035,P005,A08,03-08-2026,Day,9,1,37,Critical,42,60,0.705,1
R002645,W035,P005,A03,04-08-2026,Day,11.7,3.7,45,Medium,54,80,0.671,2
R002646,W035,P005,A08,05-08-2026,Day,10.1,2.1,25,Low,66,86,0.763,3
R002647,W035,P005,A05,07-08-2026,Day,11,3,33,Medium,41,63,0.657,1
R002648,W035,P005,A01,08-08-2026,Day,12.4,4.4,27,Low,62,94,0.658,2
R002649,W035,P005,A09,09-08-2026,Day,10.6,2.6,36,Medium,56,82,0.687,3
R002650,W035,P005,A06,10-08-2026,Day,10.9,2.9,28,Medium,45,66,0.689,4
R002651,W035,P005,A04,11-08-2026,Day,9,1,34,High,64,91,0.703,5
R002652,W035,P005,A09,12-08-2026,Day,9,1,28,Medium,69,97,0.711,6
R002653,W035,P005,A03,13-08-2026,Day,10.6,2.6,42,Critical,67,94,0.717,7
R002654,W035,P005,A01,14-08-2026,Day,8.5,0.5,31,Medium,44,71,0.625,8
R002655,W035,P005,A09,15-08-2026,Day,12.4,4.4,32,High,45,82,0.547,9
R002656,W035,P005,A08,16-08-2026,Day,11.1,3.1,36,Critical,46,70,0.664,10
R002657,W035,P005,A03,17-08-2026,Day,8.8,0.8,39,Critical,58,96,0.605,11
R002658,W035,P005,A03,18-08-2026,Day,11.5,3.5,46,Critical,44,76,0.583,12
R002659,W035,P005,A04,19-08-2026,Day,11.7,3.7,41,High,68,99,0.682,13
R002660,W035,P005,A06,20-08-2026,Day,10.1,2.1,29,Low,67,93,0.725,14
R002661,W035,P005,A03,21-08-2026,Day,11.1,3.1,27,Low,47,68,0.685,15
R002662,W035,P005,A04,22-08-2026,Day,9.8,1.8,42,Low,41,67,0.614,16
R002663,W035,P005,A03,24-08-2026,Day,8.9,0.9,29,High,71,93,0.766,1
R002664,W035,P005,A08,25-08-2026,Day,9.8,1.8,49,Medium,73,90,0.817,2
R002665,W035,P005,A07,26-08-2026,Day,10.5,2.5,41,Critical,48,79,0.61,3
R002666,W035,P005,A02,27-08-2026,Day,10.2,2.2,30,High,66,85,0.777,4
R002667,W035,P005,A07,29-08-2026,Day,10.2,2.2,19,Medium,60,88,0.684,1
R002668,W036,P006,A03,01-06-2026,Day,11.6,3.6,28,Medium,59,89,0.658,1
R002669,W036,P006,A05,02-06-2026,Day,12.1,4.1,41,High,53,81,0.649,2
R002670,W036,P006,A04,03-06-2026,Day,10.7,2.7,25,Low,67,98,0.687,3
R002671,W036,P006,A01,04-06-2026,Day,10.5,2.5,16,Medium,47,74,0.636,4
R002672,W036,P006,A03,05-06-2026,Day,10.3,2.3,26,High,44,77,0.572,5
R002673,W036,P006,A04,06-06-2026,Day,10.8,2.8,36,High,40,60,0.663,6
R002674,W036,P006,A08,07-06-2026,Day,9.1,1.1,27,High,62,95,0.656,7
R002675,W036,P006,A09,09-06-2026,Day,10.2,2.2,41,High,49,75,0.653,1
R002676,W036,P006,A07,10-06-2026,Day,10.5,2.5,29,High,45,61,0.737,2
R002677,W036,P006,A08,11-06-2026,Day,12,4,36,Medium,64,89,0.716,3
R002678,W036,P006,A03,12-06-2026,Day,10.2,2.2,48,Low,62,79,0.779,4
R002679,W036,P006,A01,13-06-2026,Day,10.8,2.8,28,Low,53,83,0.64,5
R002680,W036,P006,A03,15-06-2026,Day,10.8,2.8,32,High,61,85,0.716,1
R002681,W036,P006,A08,16-06-2026,Day,11.5,3.5,31,Medium,58,87,0.665,2
R002682,W036,P006,A08,17-06-2026,Day,11,3,17,Critical,46,81,0.572,3
R002683,W036,P006,A08,18-06-2026,Day,10.4,2.4,27,High,44,76,0.574,4
R002684,W036,P006,A04,19-06-2026,Day,11.8,3.8,32,Medium,58,89,0.648,5
R002685,W036,P006,A06,20-06-2026,Day,8.7,0.7,34,High,61,98,0.627,6
R002686,W036,P006,A09,22-06-2026,Day,10.4,2.4,24,Low,67,98,0.683,1
R002687,W036,P006,A06,23-06-2026,Day,9.9,1.9,34,Low,61,81,0.748,2
R002688,W036,P006,A05,24-06-2026,Night,10.3,2.3,35,Low,47,68,0.686,3
R002689,W036,P006,A02,25-06-2026,Day,12.4,4.4,30,Medium,35,66,0.528,4
R002690,W036,P006,A04,26-06-2026,Day,10,2,32,Medium,49,82,0.598,5
R002691,W036,P006,A05,27-06-2026,Night,8.7,0.7,38,Low,51,64,0.797,6
R002692,W036,P006,A04,28-06-2026,Day,9.6,1.6,36,Low,67,98,0.682,7
R002693,W036,P006,A09,29-06-2026,Day,11,3,28,Critical,57,93,0.609,8
R002694,W036,P006,A02,01-07-2026,Day,9.8,1.8,22,Medium,59,78,0.753,1
R002695,W036,P006,A02,02-07-2026,Day,8.6,0.6,40,Medium,68,91,0.748,2
R002696,W036,P006,A03,03-07-2026,Day,10.2,2.2,34,Critical,39,62,0.637,3
R002697,W036,P006,A06,04-07-2026,Day,11.7,3.7,28,Low,51,77,0.659,4
R002698,W036,P006,A03,06-07-2026,Day,9.9,1.9,43,High,47,73,0.65,1
R002699,W036,P006,A01,07-07-2026,Day,10.7,2.7,43,High,66,98,0.675,2
R002700,W036,P006,A03,08-07-2026,Day,11.1,3.1,21,Medium,60,98,0.617,3
R002701,W036,P006,A01,09-07-2026,Day,9.8,1.8,35,Low,66,95,0.695,4
R002702,W036,P006,A07,10-07-2026,Day,10.1,2.1,40,Low,44,70,0.625,5
R002703,W036,P006,A04,11-07-2026,Day,11.8,3.8,40,Critical,45,69,0.647,6
R002704,W036,P006,A02,13-07-2026,Day,10.8,2.8,44,High,47,76,0.614,1
R002705,W036,P006,A04,14-07-2026,Night,10.2,2.2,33,Low,51,66,0.768,2
R002706,W036,P006,A01,15-07-2026,Day,10.9,2.9,29,Medium,64,96,0.67,3
R002707,W036,P006,A04,16-07-2026,Day,10.9,2.9,49,Medium,52,74,0.707,4
R002708,W036,P006,A04,17-07-2026,Day,8.5,0.5,39,Medium,71,95,0.744,5
R002709,W036,P006,A04,18-07-2026,Day,10.7,2.7,42,High,72,99,0.729,6
R002710,W036,P006,A05,20-07-2026,Day,11.2,3.2,26,High,43,83,0.522,1
R002711,W036,P006,A07,21-07-2026,Day,9.5,1.5,25,Critical,51,71,0.714,2
R002712,W036,P006,A07,22-07-2026,Night,11.2,3.2,19,Medium,56,87,0.642,3
R002713,W036,P006,A03,23-07-2026,Day,8.5,0.5,25,Medium,39,60,0.649,4
R002714,W036,P006,A01,24-07-2026,Day,10.4,2.4,27,Critical,54,92,0.587,5
R002715,W036,P006,A01,25-07-2026,Day,12.6,4.6,40,Low,49,72,0.675,6
R002716,W036,P006,A06,27-07-2026,Day,10.7,2.7,22,Low,62,84,0.735,1
R002717,W036,P006,A04,28-07-2026,Day,11.1,3.1,43,Low,66,98,0.678,2
R002718,W036,P006,A09,29-07-2026,Day,9.2,1.2,38,High,61,84,0.724,3
R002719,W036,P006,A05,30-07-2026,Day,11,3,42,Critical,45,77,0.578,4
R002720,W036,P006,A05,31-07-2026,Day,10,2,36,High,47,76,0.615,5
R002721,W036,P006,A07,01-08-2026,Day,10.9,2.9,33,High,44,82,0.535,6
R002722,W036,P006,A04,04-08-2026,Day,10.1,2.1,32,Low,40,64,0.631,1
R002723,W036,P006,A08,05-08-2026,Day,10.9,2.9,38,High,53,83,0.637,2
R002724,W036,P006,A04,06-08-2026,Night,10.7,2.7,39,High,61,84,0.722,3
R002725,W036,P006,A05,07-08-2026,Day,12,4,39,Medium,56,81,0.688,4
R002726,W036,P006,A08,08-08-2026,Day,9.7,1.7,41,High,52,74,0.704,5
R002727,W036,P006,A01,10-08-2026,Day,12.1,4.1,44,Medium,51,67,0.766,1
R002728,W036,P006,A09,11-08-2026,Day,11.8,3.8,34,Medium,55,90,0.606,2
R002729,W036,P006,A09,13-08-2026,Day,10.5,2.5,28,Medium,61,93,0.658,1
R002730,W036,P006,A08,14-08-2026,Day,10.7,2.7,47,Medium,60,97,0.614,2
R002731,W036,P006,A08,15-08-2026,Day,9.9,1.9,29,Medium,69,99,0.695,3
R002732,W036,P006,A07,16-08-2026,Day,10.3,2.3,34,Low,66,97,0.677,4
R002733,W036,P006,A05,17-08-2026,Day,10.5,2.5,36,Low,48,68,0.706,5
R002734,W036,P006,A05,18-08-2026,Night,10.8,2.8,41,Medium,55,85,0.647,6
R002735,W036,P006,A02,19-08-2026,Day,11.1,3.1,33,Medium,46,81,0.569,7
R002736,W036,P006,A01,20-08-2026,Day,9.7,1.7,37,High,39,61,0.64,8
R002737,W036,P006,A06,21-08-2026,Day,10.7,2.7,34,Low,52,76,0.681,9
R002738,W036,P006,A05,22-08-2026,Day,10.5,2.5,30,High,50,92,0.541,10
R002739,W036,P006,A02,24-08-2026,Day,11.6,3.6,29,Low,40,60,0.673,1
R002740,W036,P006,A06,25-08-2026,Day,12.8,4.8,42,Critical,58,91,0.642,2
R002741,W036,P006,A08,26-08-2026,Day,10,2,35,Medium,76,98,0.778,3
R002742,W036,P006,A08,27-08-2026,Day,9.6,1.6,37,Medium,47,68,0.686,4
R002743,W036,P006,A05,28-08-2026,Day,10.9,2.9,25,Low,48,82,0.586,5
R002744,W036,P006,A07,29-08-2026,Night,9.8,1.8,52,Low,75,96,0.776,6
R002745,W037,P003,A07,01-06-2026,Day,9.8,1.8,21,Medium,74,96,0.776,1
R002746,W037,P003,A03,02-06-2026,Day,10.6,2.6,34,Low,62,90,0.688,2
R002747,W037,P003,A01,03-06-2026,Day,10.4,2.4,37,Medium,55,78,0.704,3
R002748,W037,P003,A05,04-06-2026,Day,9.4,1.4,38,Low,58,75,0.774,4
R002749,W037,P003,A02,05-06-2026,Day,9.8,1.8,28,Low,79,95,0.835,5
R002750,W037,P003,A05,08-06-2026,Day,11.4,3.4,47,Low,65,88,0.739,1
R002751,W037,P003,A06,09-06-2026,Day,9.2,1.2,28,Low,68,84,0.81,2
R002752,W037,P003,A03,10-06-2026,Day,9.2,1.2,27,Medium,55,77,0.71,3
R002753,W037,P003,A07,11-06-2026,Day,9.7,1.7,36,Low,68,88,0.775,4
R002754,W037,P003,A02,12-06-2026,Day,9.8,1.8,23,Critical,44,65,0.672,5
R002755,W037,P003,A01,13-06-2026,Day,9.2,1.2,29,Critical,42,64,0.661,6
R002756,W037,P003,A07,15-06-2026,Day,11.2,3.2,40,Low,45,61,0.743,1
R002757,W037,P003,A02,16-06-2026,Night,9.5,1.5,37,Medium,52,74,0.701,2
R002758,W037,P003,A06,17-06-2026,Day,9.4,1.4,31,Critical,52,81,0.643,3
R002759,W037,P003,A03,18-06-2026,Day,9,1,48,High,70,96,0.724,4
R002760,W037,P003,A09,19-06-2026,Day,10.1,2.1,38,Low,62,86,0.716,5
R002761,W037,P003,A04,20-06-2026,Day,10.1,2.1,45,High,46,72,0.636,6
R002762,W037,P003,A06,22-06-2026,Night,9.5,1.5,43,High,45,67,0.671,1
R002763,W037,P003,A05,23-06-2026,Day,8.9,0.9,40,Critical,53,76,0.698,2
R002764,W037,P003,A05,24-06-2026,Day,10.6,2.6,32,Low,48,66,0.735,3
R002765,W037,P003,A09,25-06-2026,Day,9.8,1.8,37,Medium,67,87,0.766,4
R002766,W037,P003,A03,26-06-2026,Day,12.6,4.6,31,Low,49,75,0.659,5
R002767,W037,P003,A06,27-06-2026,Day,12.1,4.1,31,Medium,48,72,0.671,6
R002768,W037,P003,A07,28-06-2026,Day,10.4,2.4,22,Low,39,62,0.625,7
R002769,W037,P003,A06,29-06-2026,Day,10.1,2.1,41,High,47,64,0.735,8
R002770,W037,P003,A08,30-06-2026,Day,11.1,3.1,38,Low,45,62,0.725,9
R002771,W037,P003,A04,01-07-2026,Day,11,3,24,Low,40,63,0.639,10
R002772,W037,P003,A09,02-07-2026,Day,9.9,1.9,23,Low,48,83,0.584,11
R002773,W037,P003,A09,03-07-2026,Day,10.6,2.6,34,Low,59,96,0.617,12
R002774,W037,P003,A02,04-07-2026,Day,10.1,2.1,40,Medium,61,86,0.706,13
R002775,W037,P003,A04,06-07-2026,Day,10.8,2.8,41,Critical,43,61,0.708,1
R002776,W037,P003,A04,07-07-2026,Day,10.7,2.7,41,High,50,70,0.717,2
R002777,W037,P003,A07,08-07-2026,Day,10.3,2.3,17,High,49,73,0.677,3
R002778,W037,P003,A03,09-07-2026,Night,10.7,2.7,38,Critical,54,87,0.623,4
R002779,W037,P003,A08,10-07-2026,Night,10.9,2.9,45,High,48,71,0.674,5
R002780,W037,P003,A03,11-07-2026,Night,10.7,2.7,27,Critical,55,82,0.667,6
R002781,W037,P003,A02,13-07-2026,Day,10.2,2.2,48,High,56,77,0.722,1
R002782,W037,P003,A06,15-07-2026,Night,10.6,2.6,39,Low,49,67,0.733,1
R002783,W037,P003,A07,16-07-2026,Day,9.7,1.7,38,Critical,51,70,0.723,2
R002784,W037,P003,A03,17-07-2026,Day,10.4,2.4,45,Low,59,82,0.72,3
R002785,W037,P003,A01,18-07-2026,Day,11.6,3.6,41,Medium,59,99,0.598,4
R002786,W037,P003,A05,20-07-2026,Day,9.7,1.7,45,Low,51,69,0.743,1
R002787,W037,P003,A04,21-07-2026,Day,9.8,1.8,33,Low,57,79,0.717,2
R002788,W037,P003,A09,22-07-2026,Day,10.1,2.1,28,Low,51,73,0.698,3
R002789,W037,P003,A08,23-07-2026,Day,10.9,2.9,33,High,52,76,0.682,4
R002790,W037,P003,A05,24-07-2026,Day,10.4,2.4,46,High,53,77,0.687,5
R002791,W037,P003,A09,25-07-2026,Night,12.8,4.8,31,Critical,54,77,0.7,6
R002792,W037,P003,A09,27-07-2026,Day,9.6,1.6,42,High,60,86,0.7,1
R002793,W037,P003,A09,28-07-2026,Day,11,3,50,Low,44,63,0.705,2
R002794,W037,P003,A04,29-07-2026,Day,10.1,2.1,48,Low,43,66,0.652,3
R002795,W037,P003,A05,30-07-2026,Day,9.2,1.2,30,High,65,92,0.708,4
R002796,W037,P003,A03,31-07-2026,Day,8.7,0.7,46,High,49,76,0.65,5
R002797,W037,P003,A04,01-08-2026,Night,11,3,34,Medium,45,63,0.72,6
R002798,W037,P003,A07,03-08-2026,Day,11,3,36,Medium,66,98,0.676,1
R002799,W037,P003,A03,04-08-2026,Day,9.8,1.8,45,Medium,59,92,0.639,2
R002800,W037,P003,A04,05-08-2026,Day,9.9,1.9,43,High,50,72,0.7,3
R002801,W037,P003,A03,06-08-2026,Night,8.4,0.4,35,High,47,61,0.772,4
R002802,W037,P003,A03,07-08-2026,Day,10.1,2.1,44,Medium,55,91,0.599,5
R002803,W037,P003,A04,08-08-2026,Night,11.2,3.2,28,Medium,49,79,0.621,6
R002804,W037,P003,A02,10-08-2026,Day,8.8,0.8,23,Critical,44,65,0.683,1
R002805,W037,P003,A06,11-08-2026,Day,9.9,1.9,43,Medium,47,63,0.746,2
R002806,W037,P003,A08,12-08-2026,Night,9.9,1.9,37,Medium,69,83,0.837,3
R002807,W037,P003,A06,13-08-2026,Day,9.2,1.2,34,High,46,67,0.681,4
R002808,W037,P003,A09,14-08-2026,Day,10.6,2.6,32,Low,69,93,0.74,5
R002809,W037,P003,A05,15-08-2026,Day,10.5,2.5,36,Low,66,95,0.698,6
R002810,W037,P003,A08,17-08-2026,Day,9.4,1.4,60,High,64,99,0.646,1
R002811,W037,P003,A02,19-08-2026,Night,9.6,1.6,25,Low,77,89,0.864,1
R002812,W037,P003,A07,20-08-2026,Day,9,1,45,Low,67,85,0.793,2
R002813,W037,P003,A02,21-08-2026,Day,10.4,2.4,43,High,51,82,0.625,3
R002814,W037,P003,A01,24-08-2026,Day,10.9,2.9,18,Low,55,87,0.631,1
R002815,W037,P003,A01,25-08-2026,Day,9.4,1.4,32,Medium,46,62,0.74,2
R002816,W037,P003,A05,26-08-2026,Day,10,2,37,Low,69,90,0.771,3
R002817,W037,P003,A09,27-08-2026,Day,9.8,1.8,45,Critical,44,66,0.663,4
R002818,W037,P003,A08,28-08-2026,Night,10.2,2.2,31,Critical,49,70,0.697,5
R002819,W037,P003,A07,29-08-2026,Day,8.4,0.4,22,Medium,46,64,0.722,6
R002820,W038,P001,A05,01-06-2026,Day,8.3,0.3,36,High,43,63,0.685,1
R002821,W038,P001,A07,02-06-2026,Night,12.4,4.4,45,Medium,70,89,0.782,2
R002822,W038,P001,A07,03-06-2026,Day,10.5,2.5,43,Medium,56,77,0.729,3
R002823,W038,P001,A03,04-06-2026,Day,8.3,0.3,43,Medium,52,64,0.816,4
R002824,W038,P001,A01,05-06-2026,Day,8.9,0.9,47,High,68,95,0.714,5
R002825,W038,P001,A02,06-06-2026,Night,8.9,0.9,45,Low,39,62,0.63,6
R002826,W038,P001,A01,08-06-2026,Day,10.1,2.1,49,High,63,88,0.714,1
R002827,W038,P001,A01,09-06-2026,Day,9.3,1.3,45,Low,54,71,0.761,2
R002828,W038,P001,A04,10-06-2026,Night,9.9,1.9,38,Medium,65,88,0.74,3
R002829,W038,P001,A07,11-06-2026,Day,9.8,1.8,41,Medium,73,96,0.763,4
R002830,W038,P001,A02,12-06-2026,Day,10.5,2.5,43,Low,83,91,0.908,5
R002831,W038,P001,A09,13-06-2026,Day,10.3,2.3,42,Medium,57,83,0.689,6
R002832,W038,P001,A05,15-06-2026,Day,9.3,1.3,35,Critical,43,61,0.71,1
R002833,W038,P001,A02,16-06-2026,Day,8.1,0.1,41,Critical,43,63,0.684,2
R002834,W038,P001,A03,17-06-2026,Night,8.3,0.3,38,Medium,52,64,0.816,3
R002835,W038,P001,A03,18-06-2026,Night,9.7,1.7,44,Medium,47,61,0.771,4
R002836,W038,P001,A02,19-06-2026,Day,9.1,1.1,48,High,55,70,0.779,5
R002837,W038,P001,A09,20-06-2026,Night,10,2,35,Low,57,77,0.741,6
R002838,W038,P001,A08,23-06-2026,Day,9.2,1.2,49,Low,66,75,0.877,1
R002839,W038,P001,A06,24-06-2026,Day,10.4,2.4,48,Critical,72,94,0.763,2
R002840,W038,P001,A08,26-06-2026,Day,9.7,1.7,32,Medium,64,88,0.723,1
R002841,W038,P001,A03,27-06-2026,Day,9.4,1.4,37,High,62,79,0.787,2
R002842,W038,P001,A02,29-06-2026,Day,10,2,43,High,72,90,0.796,1
R002843,W038,P001,A07,30-06-2026,Day,11.1,3.1,46,Low,48,61,0.78,2
R002844,W038,P001,A06,01-07-2026,Day,11.1,3.1,40,Low,46,62,0.744,3
R002845,W038,P001,A07,02-07-2026,Day,8.3,0.3,31,Medium,87,98,0.89,4
R002846,W038,P001,A09,03-07-2026,Day,10.4,2.4,58,Low,60,86,0.703,5
R002847,W038,P001,A01,04-07-2026,Day,10,2,33,High,49,68,0.726,6
R002848,W038,P001,A02,06-07-2026,Day,10.1,2.1,34,Low,69,95,0.726,1
R002849,W038,P001,A09,07-07-2026,Day,8,0,58,Medium,75,89,0.844,2
R002850,W038,P001,A06,08-07-2026,Day,8.7,0.7,45,Medium,53,65,0.808,3
R002851,W038,P001,A01,09-07-2026,Day,9.6,1.6,26,Medium,57,79,0.722,4
R002852,W038,P001,A09,10-07-2026,Day,10.1,2.1,30,High,55,73,0.757,5
R002853,W038,P001,A01,11-07-2026,Day,10.2,2.2,41,High,44,66,0.666,6
R002854,W038,P001,A08,13-07-2026,Day,9.2,1.2,29,High,55,67,0.824,1
R002855,W038,P001,A01,14-07-2026,Day,8,0,45,Low,70,89,0.786,2
R002856,W038,P001,A07,15-07-2026,Night,9,1,45,High,72,94,0.766,3
R002857,W038,P001,A06,16-07-2026,Day,10.8,2.8,38,High,65,84,0.779,4
R002858,W038,P001,A06,17-07-2026,Day,8.1,0.1,34,Low,76,95,0.798,5
R002859,W038,P001,A07,18-07-2026,Night,9.4,1.4,37,Medium,51,73,0.704,6
R002860,W038,P001,A01,20-07-2026,Day,8.8,0.8,39,High,49,72,0.684,1
R002861,W038,P001,A01,21-07-2026,Day,9.5,1.5,49,Medium,79,97,0.817,2
R002862,W038,P001,A01,22-07-2026,Night,11.7,3.7,41,Low,57,79,0.717,3
R002863,W038,P001,A07,23-07-2026,Day,8.2,0.2,49,Low,68,76,0.894,4
R002864,W038,P001,A06,24-07-2026,Night,8.4,0.4,34,High,56,79,0.715,5
R002865,W038,P001,A03,25-07-2026,Night,9.7,1.7,40,Medium,50,69,0.73,6
R002866,W038,P001,A01,27-07-2026,Day,8.7,0.7,56,High,66,82,0.81,1
R002867,W038,P001,A03,28-07-2026,Night,9.9,1.9,28,Medium,55,73,0.751,2
R002868,W038,P001,A05,29-07-2026,Day,9.2,1.2,38,Low,56,74,0.752,3
R002869,W038,P001,A06,30-07-2026,Day,9.8,1.8,42,Critical,48,70,0.684,4
R002870,W038,P001,A02,31-07-2026,Day,10.6,2.6,31,Low,57,72,0.796,5
R002871,W038,P001,A06,01-08-2026,Day,9.3,1.3,38,High,65,96,0.68,6
R002872,W038,P001,A09,03-08-2026,Day,9.7,1.7,28,Low,61,71,0.864,1
R002873,W038,P001,A09,04-08-2026,Day,9.3,1.3,40,Low,55,69,0.795,2
R002874,W038,P001,A04,05-08-2026,Day,10.6,2.6,42,Medium,57,73,0.777,3
R002875,W038,P001,A05,06-08-2026,Day,10.5,2.5,41,Medium,66,89,0.746,4
R002876,W038,P001,A01,07-08-2026,Day,8,0,30,Medium,56,74,0.762,5
R002877,W038,P001,A05,08-08-2026,Day,8.8,0.8,38,Low,51,69,0.746,6
R002878,W038,P001,A09,09-08-2026,Day,9.5,1.5,50,High,72,88,0.814,7
R002879,W038,P001,A04,10-08-2026,Day,8.7,0.7,60,Medium,56,81,0.691,8
R002880,W038,P001,A04,11-08-2026,Day,10.2,2.2,35,Low,51,70,0.725,9
R002881,W038,P001,A02,12-08-2026,Day,8,0,32,Low,56,78,0.72,10
R002882,W038,P001,A06,13-08-2026,Day,9.3,1.3,41,Critical,42,61,0.686,11
R002883,W038,P001,A06,14-08-2026,Day,10.1,2.1,52,High,70,94,0.743,12
R002884,W038,P001,A05,15-08-2026,Day,9.3,1.3,37,High,44,68,0.641,13
R002885,W038,P001,A06,17-08-2026,Day,8,0,41,Medium,65,84,0.776,1
R002886,W038,P001,A04,18-08-2026,Day,8.6,0.6,43,Low,80,94,0.849,2
R002887,W038,P001,A01,19-08-2026,Day,8.1,0.1,27,Medium,59,69,0.853,3
R002888,W038,P001,A08,20-08-2026,Day,10.5,2.5,39,Medium,46,70,0.657,4
R002889,W038,P001,A03,21-08-2026,Night,9,1,52,Low,78,97,0.802,5
R002890,W038,P001,A01,22-08-2026,Night,9.3,1.3,38,Low,48,69,0.696,6
R002891,W038,P001,A02,23-08-2026,Day,9.6,1.6,45,Medium,58,70,0.831,7
R002892,W038,P001,A03,24-08-2026,Day,8.9,0.9,38,Medium,58,92,0.626,8
R002893,W038,P001,A01,25-08-2026,Day,8.8,0.8,47,Low,68,98,0.696,9
R002894,W038,P001,A06,26-08-2026,Day,10.7,2.7,54,Medium,44,63,0.704,10
R002895,W038,P001,A05,27-08-2026,Day,8.6,0.6,46,Low,68,94,0.718,11
R002896,W038,P001,A04,28-08-2026,Day,10.6,2.6,29,Medium,40,65,0.62,12
R002897,W038,P001,A01,29-08-2026,Day,9.3,1.3,41,High,50,76,0.663,13
R002898,W039,P001,A05,01-06-2026,Day,10.6,2.6,25,Medium,67,85,0.791,1
R002899,W039,P001,A03,02-06-2026,Day,10.1,2.1,39,Critical,61,85,0.722,2
R002900,W039,P001,A04,03-06-2026,Day,10.2,2.2,31,Medium,59,81,0.733,3
R002901,W039,P001,A05,04-06-2026,Night,11.1,3.1,42,Low,48,61,0.792,4
R002902,W039,P001,A01,05-06-2026,Day,8,0,40,Low,52,65,0.803,5
R002903,W039,P001,A06,08-06-2026,Day,9.4,1.4,28,High,61,84,0.73,1
R002904,W039,P001,A02,09-06-2026,Day,10.1,2.1,47,Low,43,60,0.723,2
R002905,W039,P001,A09,10-06-2026,Day,10.3,2.3,37,Medium,59,76,0.773,3
R002906,W039,P001,A01,11-06-2026,Night,10.4,2.4,35,Low,72,94,0.767,4
R002907,W039,P001,A05,12-06-2026,Day,9.6,1.6,49,Low,71,92,0.769,5
R002908,W039,P001,A05,13-06-2026,Day,8,0,29,Low,66,84,0.783,6
R002909,W039,P001,A07,15-06-2026,Day,10.9,2.9,44,High,57,84,0.68,1
R002910,W039,P001,A03,16-06-2026,Day,8.1,0.1,38,Medium,44,62,0.714,2
R002911,W039,P001,A03,17-06-2026,Day,10.1,2.1,39,Medium,77,97,0.796,3
R002912,W039,P001,A05,18-06-2026,Night,9.6,1.6,38,Medium,60,92,0.651,4
R002913,W039,P001,A06,19-06-2026,Day,10.3,2.3,43,Low,68,90,0.758,5
R002914,W039,P001,A02,20-06-2026,Day,10.2,2.2,41,High,67,92,0.731,6
R002915,W039,P001,A03,22-06-2026,Day,10.4,2.4,34,Medium,54,78,0.695,1
R002916,W039,P001,A07,23-06-2026,Day,9.5,1.5,37,Medium,66,82,0.799,2
R002917,W039,P001,A09,24-06-2026,Day,8,0,48,High,64,86,0.745,3
R002918,W039,P001,A03,25-06-2026,Night,10.7,2.7,43,Medium,51,72,0.703,4
R002919,W039,P001,A01,26-06-2026,Night,8.9,0.9,33,Low,70,90,0.782,5
R002920,W039,P001,A07,27-06-2026,Day,8.6,0.6,50,Medium,45,61,0.732,6
R002921,W039,P001,A01,29-06-2026,Day,8.3,0.3,35,Low,65,79,0.822,1
R002922,W039,P001,A07,30-06-2026,Day,10.4,2.4,38,High,51,82,0.62,2
R002923,W039,P001,A05,01-07-2026,Day,9.9,1.9,40,High,56,74,0.756,3
R002924,W039,P001,A03,02-07-2026,Day,9.6,1.6,43,Medium,62,87,0.709,4
R002925,W039,P001,A07,03-07-2026,Day,9.7,1.7,34,High,73,96,0.764,5
R002926,W039,P001,A01,04-07-2026,Day,10.8,2.8,16,Low,67,87,0.765,6
R002927,W039,P001,A02,06-07-2026,Day,9.3,1.3,38,High,49,70,0.705,1
R002928,W039,P001,A01,07-07-2026,Day,8.4,0.4,37,Medium,70,97,0.721,2
R002929,W039,P001,A03,08-07-2026,Day,9.2,1.2,37,Medium,50,77,0.645,3
R002930,W039,P001,A02,09-07-2026,Day,9.5,1.5,49,Medium,68,90,0.761,4
R002931,W039,P001,A05,11-07-2026,Day,10,2,31,Medium,54,74,0.735,1
R002932,W039,P001,A06,13-07-2026,Day,12,4,42,High,52,81,0.643,1
R002933,W039,P001,A09,14-07-2026,Day,10.1,2.1,40,Low,66,93,0.715,2
R002934,W039,P001,A07,15-07-2026,Night,10.8,2.8,37,High,62,89,0.699,3
R002935,W039,P001,A04,16-07-2026,Day,8.9,0.9,32,Low,62,82,0.758,4
R002936,W039,P001,A08,17-07-2026,Day,9.9,1.9,48,High,80,98,0.814,5
R002937,W039,P001,A04,18-07-2026,Night,9.7,1.7,23,Low,49,66,0.739,6
R002938,W039,P001,A05,20-07-2026,Day,9.7,1.7,47,Low,54,66,0.823,1
R002939,W039,P001,A09,22-07-2026,Day,9.5,1.5,42,Low,53,63,0.841,1
R002940,W039,P001,A07,23-07-2026,Day,9,1,29,High,57,82,0.693,2
R002941,W039,P001,A09,24-07-2026,Day,9.2,1.2,44,Medium,63,82,0.766,3
R002942,W039,P001,A08,25-07-2026,Day,10.1,2.1,38,Low,46,62,0.742,4
R002943,W039,P001,A06,28-07-2026,Day,11.1,3.1,38,Medium,60,89,0.669,1
R002944,W039,P001,A04,29-07-2026,Day,10.7,2.7,49,Low,64,77,0.833,2
R002945,W039,P001,A05,30-07-2026,Day,12,4,44,Medium,48,70,0.685,3
R002946,W039,P001,A03,31-07-2026,Day,11,3,39,Critical,41,68,0.608,4
R002947,W039,P001,A07,01-08-2026,Day,8.8,0.8,28,Low,63,78,0.806,5
R002948,W039,P001,A04,03-08-2026,Day,10.3,2.3,40,Medium,50,63,0.8,1
R002949,W039,P001,A03,04-08-2026,Day,8.8,0.8,35,Low,67,86,0.774,2
R002950,W039,P001,A04,06-08-2026,Day,11.5,3.5,50,Low,67,80,0.832,1
R002951,W039,P001,A02,07-08-2026,Day,9.5,1.5,47,Critical,45,60,0.747,2
R002952,W039,P001,A08,08-08-2026,Day,11.6,3.6,40,Medium,69,83,0.834,3
R002953,W039,P001,A01,10-08-2026,Night,10.5,2.5,43,Critical,63,85,0.744,1
R002954,W039,P001,A07,11-08-2026,Night,9.8,1.8,41,High,79,98,0.803,2
R002955,W039,P001,A02,12-08-2026,Day,9.8,1.8,39,Medium,59,78,0.759,3
R002956,W039,P001,A05,13-08-2026,Day,9.6,1.6,48,High,53,77,0.686,4
R002957,W039,P001,A08,14-08-2026,Day,9.7,1.7,28,Critical,48,75,0.644,5
R002958,W039,P001,A09,15-08-2026,Day,10.1,2.1,39,Medium,64,90,0.714,6
R002959,W039,P001,A05,17-08-2026,Night,10.7,2.7,54,Critical,73,98,0.74,1
R002960,W039,P001,A03,18-08-2026,Night,10.2,2.2,39,Critical,62,86,0.722,2
R002961,W039,P001,A05,19-08-2026,Night,9.7,1.7,45,Critical,44,61,0.715,3
R002962,W039,P001,A07,20-08-2026,Day,10.8,2.8,53,Medium,53,71,0.743,4
R002963,W039,P001,A09,21-08-2026,Day,11,3,32,Medium,47,60,0.782,5
R002964,W039,P001,A01,22-08-2026,Day,9.6,1.6,47,Medium,62,94,0.662,6
R002965,W039,P001,A06,24-08-2026,Day,8.6,0.6,40,High,57,83,0.683,1
R002966,W039,P001,A04,25-08-2026,Night,11.2,3.2,47,Critical,70,99,0.706,2
R002967,W039,P001,A06,26-08-2026,Day,8.9,0.9,34,Medium,55,65,0.851,3
R002968,W039,P001,A09,27-08-2026,Day,8.8,0.8,35,Low,56,76,0.741,4
R002969,W039,P001,A07,28-08-2026,Day,9.4,1.4,42,Medium,73,97,0.754,5
R002970,W039,P001,A03,29-08-2026,Day,10,2,42,Low,70,96,0.731,6
R002971,W040,P001,A07,01-06-2026,Day,8.2,0.2,51,Medium,53,62,0.862,1
R002972,W040,P001,A05,02-06-2026,Night,9.7,1.7,25,Low,62,75,0.828,2
R002973,W040,P001,A08,03-06-2026,Day,8.5,0.5,44,Critical,69,95,0.732,3
R002974,W040,P001,A01,04-06-2026,Day,8.4,0.4,42,Medium,51,67,0.755,4
R002975,W040,P001,A06,05-06-2026,Day,8.8,0.8,47,High,69,91,0.756,5
R002976,W040,P001,A08,06-06-2026,Day,9.4,1.4,49,Low,53,66,0.796,6
R002977,W040,P001,A06,08-06-2026,Day,9.5,1.5,58,Medium,83,95,0.878,1
R002978,W040,P001,A05,09-06-2026,Day,10.8,2.8,30,Low,45,61,0.735,2
R002979,W040,P001,A01,10-06-2026,Day,8.3,0.3,49,High,58,69,0.845,3
R002980,W040,P001,A03,11-06-2026,Day,10.3,2.3,40,Medium,73,99,0.739,4
R002981,W040,P001,A06,12-06-2026,Day,8,0,42,Low,67,88,0.763,5
R002982,W040,P001,A06,13-06-2026,Day,8.4,0.4,50,Medium,53,67,0.797,6
R002983,W040,P001,A09,15-06-2026,Day,8.9,0.9,52,Low,71,88,0.801,1
R002984,W040,P001,A07,16-06-2026,Day,8.3,0.3,43,High,51,69,0.732,2
R002985,W040,P001,A08,17-06-2026,Day,9.3,1.3,42,Medium,68,89,0.768,3
R002986,W040,P001,A06,18-06-2026,Day,8.1,0.1,39,Medium,56,70,0.797,4
R002987,W040,P001,A04,20-06-2026,Day,9.6,1.6,49,Medium,77,95,0.805,1
R002988,W040,P001,A05,22-06-2026,Night,8.8,0.8,43,High,55,71,0.776,1
R002989,W040,P001,A04,23-06-2026,Day,10.1,2.1,44,High,47,64,0.729,2
R002990,W040,P001,A04,24-06-2026,Day,11,3,45,Low,63,74,0.854,3
R002991,W040,P001,A03,25-06-2026,Day,9.6,1.6,56,Low,50,64,0.775,4
R002992,W040,P001,A04,26-06-2026,Day,9.7,1.7,40,Medium,47,69,0.687,5
R002993,W040,P001,A02,27-06-2026,Day,9.6,1.6,42,Low,48,62,0.781,6
R002994,W040,P001,A03,29-06-2026,Day,8.7,0.7,28,High,62,83,0.752,1
R002995,W040,P001,A03,30-06-2026,Day,8.5,0.5,42,High,65,77,0.845,2
R002996,W040,P001,A07,01-07-2026,Day,8.9,0.9,42,Medium,49,64,0.763,3
R002997,W040,P001,A03,02-07-2026,Day,8.2,0.2,40,Low,51,66,0.775,4
R002998,W040,P001,A03,03-07-2026,Day,9.5,1.5,33,Medium,59,78,0.755,5
R002999,W040,P001,A04,04-07-2026,Night,8.4,0.4,54,High,46,60,0.761,6
R003000,W040,P001,A05,06-07-2026,Day,9.3,1.3,31,Low,79,98,0.802,1
R003001,W040,P001,A06,07-07-2026,Day,8.6,0.6,46,Medium,78,99,0.787,2
R003002,W040,P001,A02,08-07-2026,Day,9.3,1.3,39,Low,48,61,0.79,3
R003003,W040,P001,A04,10-07-2026,Day,10.1,2.1,37,Medium,75,96,0.785,1
R003004,W040,P001,A07,11-07-2026,Day,9.3,1.3,44,Medium,59,75,0.786,2
R003005,W040,P001,A02,13-07-2026,Day,9.9,1.9,33,Medium,48,64,0.744,1
R003006,W040,P001,A07,14-07-2026,Day,9.5,1.5,42,Critical,47,68,0.69,2
R003007,W040,P001,A05,15-07-2026,Day,8,0,39,Medium,64,81,0.784,3
R003008,W040,P001,A01,16-07-2026,Day,8,0,41,Medium,49,67,0.733,4
R003009,W040,P001,A03,17-07-2026,Day,9.3,1.3,41,Medium,67,88,0.762,5
R003010,W040,P001,A08,18-07-2026,Day,9.7,1.7,30,Medium,70,97,0.725,6
R003011,W040,P001,A06,20-07-2026,Day,8.1,0.1,46,High,48,60,0.806,1
R003012,W040,P001,A02,21-07-2026,Night,8.5,0.5,53,Medium,66,76,0.863,2
R003013,W040,P001,A08,22-07-2026,Night,8.7,0.7,34,Medium,74,94,0.79,3
R003014,W040,P001,A01,23-07-2026,Day,8.3,0.3,47,High,68,83,0.823,4
R003015,W040,P001,A04,24-07-2026,Day,9.1,1.1,44,Low,76,98,0.78,5
R003016,W040,P001,A08,25-07-2026,Night,10.2,2.2,52,Low,62,75,0.824,6
R003017,W040,P001,A01,26-07-2026,Day,9.3,1.3,45,High,55,80,0.691,7
R003018,W040,P001,A05,27-07-2026,Day,10.8,2.8,37,Medium,62,88,0.707,8
R003019,W040,P001,A05,28-07-2026,Day,9.7,1.7,29,Low,66,86,0.773,9
R003020,W040,P001,A03,29-07-2026,Day,8.4,0.4,40,Medium,63,85,0.741,10
R003021,W040,P001,A09,30-07-2026,Night,9.5,1.5,30,Medium,42,62,0.671,11
R003022,W040,P001,A06,31-07-2026,Day,9.8,1.8,58,Low,59,84,0.704,12
R003023,W040,P001,A07,01-08-2026,Day,10.8,2.8,32,High,45,66,0.681,13
R003024,W040,P001,A04,03-08-2026,Day,9.5,1.5,31,Medium,63,74,0.85,1
R003025,W040,P001,A06,04-08-2026,Day,9.2,1.2,30,High,79,95,0.826,2
R003026,W040,P001,A02,05-08-2026,Day,8.2,0.2,52,High,56,73,0.765,3
R003027,W040,P001,A08,06-08-2026,Night,10.9,2.9,41,Medium,58,84,0.688,4
R003028,W040,P001,A05,07-08-2026,Day,8,0,36,Medium,66,96,0.684,5
R003029,W040,P001,A06,08-08-2026,Day,8,0,43,Low,67,78,0.858,6
R003030,W040,P001,A04,10-08-2026,Day,9.1,1.1,30,Low,53,65,0.809,1
R003031,W040,P001,A06,11-08-2026,Day,8.1,0.1,45,Low,69,80,0.865,2
R003032,W040,P001,A02,12-08-2026,Day,9.3,1.3,46,Medium,52,65,0.805,3
R003033,W040,P001,A03,13-08-2026,Day,8.8,0.8,51,High,54,68,0.798,4
R003034,W040,P001,A04,14-08-2026,Day,8.2,0.2,43,Low,74,90,0.827,5
R003035,W040,P001,A04,15-08-2026,Day,8.4,0.4,48,Low,50,69,0.719,6
R003036,W040,P001,A08,17-08-2026,Day,8,0,41,Medium,64,80,0.796,1
R003037,W040,P001,A04,18-08-2026,Day,9.1,1.1,39,Low,73,96,0.764,2
R003038,W040,P001,A01,19-08-2026,Day,8.2,0.2,39,Medium,63,77,0.823,3
R003039,W040,P001,A03,21-08-2026,Day,8.6,0.6,53,Low,57,65,0.881,1
R003040,W040,P001,A02,22-08-2026,Day,9.1,1.1,49,Medium,74,96,0.767,2
R003041,W040,P001,A09,24-08-2026,Day,10,2,40,Medium,74,97,0.759,1
R003042,W040,P001,A03,25-08-2026,Day,8.4,0.4,44,Critical,53,75,0.709,2
R003043,W040,P001,A04,26-08-2026,Day,8.9,0.9,54,Medium,62,78,0.798,3
R003044,W040,P001,A06,27-08-2026,Day,8.8,0.8,48,Low,68,84,0.81,4
R003045,W040,P001,A06,28-08-2026,Day,10.2,2.2,36,Medium,51,71,0.724,5
R003046,W040,P001,A04,29-08-2026,Night,9.6,1.6,36,Low,48,64,0.754,6
R003047,W041,P002,A06,01-06-2026,Day,9.6,1.6,49,High,46,68,0.677,1
R003048,W041,P002,A08,02-06-2026,Day,10.5,2.5,48,Medium,62,84,0.736,2
R003049,W041,P002,A01,03-06-2026,Day,8.6,0.6,34,High,68,84,0.807,3
R003050,W041,P002,A04,05-06-2026,Day,8,0,46,Medium,76,95,0.801,1
R003051,W041,P002,A04,06-06-2026,Night,9.1,1.1,20,Low,54,73,0.744,2
R003052,W041,P002,A06,08-06-2026,Day,10.6,2.6,28,Low,60,82,0.737,1
R003053,W041,P002,A08,09-06-2026,Day,10.3,2.3,41,High,44,62,0.711,2
R003054,W041,P002,A07,10-06-2026,Day,10,2,35,High,60,99,0.607,3
R003055,W041,P002,A01,11-06-2026,Night,9.3,1.3,60,Low,49,66,0.74,4
R003056,W041,P002,A05,12-06-2026,Day,10.3,2.3,43,Medium,66,90,0.738,5
R003057,W041,P002,A04,13-06-2026,Night,8.9,0.9,58,Medium,60,90,0.664,6
R003058,W041,P002,A02,15-06-2026,Day,8,0,50,High,71,99,0.716,1
R003059,W041,P002,A01,16-06-2026,Day,8.9,0.9,43,Low,79,90,0.881,2
R003060,W041,P002,A04,17-06-2026,Day,10.9,2.9,48,Low,61,80,0.766,3
R003061,W041,P002,A01,18-06-2026,Day,11.8,3.8,55,Low,71,94,0.753,4
R003062,W041,P002,A03,19-06-2026,Day,10.5,2.5,43,Low,62,96,0.646,5
R003063,W041,P002,A04,20-06-2026,Night,10.7,2.7,42,Medium,60,80,0.755,6
R003064,W041,P002,A03,22-06-2026,Day,10.9,2.9,38,Medium,56,76,0.737,1
R003065,W041,P002,A02,23-06-2026,Day,9.6,1.6,35,Low,51,63,0.811,2
R003066,W041,P002,A03,24-06-2026,Day,9.8,1.8,24,Low,60,76,0.793,3
R003067,W041,P002,A05,25-06-2026,Night,9.3,1.3,45,High,69,95,0.731,4
R003068,W041,P002,A09,26-06-2026,Day,8.7,0.7,44,Low,51,67,0.769,5
R003069,W041,P002,A06,27-06-2026,Day,12.8,4.8,40,Low,48,64,0.758,6
R003070,W041,P002,A01,29-06-2026,Day,10.5,2.5,30,Low,83,97,0.851,1
R003071,W041,P002,A02,01-07-2026,Day,10.5,2.5,51,High,49,65,0.753,1
R003072,W041,P002,A01,02-07-2026,Day,10,2,45,High,63,95,0.666,2
R003073,W041,P002,A05,04-07-2026,Day,9.2,1.2,32,Low,55,72,0.768,1
R003074,W041,P002,A09,06-07-2026,Day,9.9,1.9,40,Critical,60,89,0.678,1
R003075,W041,P002,A02,07-07-2026,Day,8.7,0.7,59,Medium,74,90,0.827,2
R003076,W041,P002,A08,08-07-2026,Day,8.5,0.5,50,High,47,61,0.775,3
R003077,W041,P002,A04,09-07-2026,Night,10.3,2.3,17,Low,72,96,0.754,4
R003078,W041,P002,A05,10-07-2026,Day,9.2,1.2,28,Medium,66,91,0.729,5
R003079,W041,P002,A03,11-07-2026,Day,9.4,1.4,42,High,42,65,0.639,6
R003080,W041,P002,A03,13-07-2026,Night,10,2,34,Low,69,85,0.81,1
R003081,W041,P002,A02,14-07-2026,Day,10.7,2.7,47,Critical,43,60,0.721,2
R003082,W041,P002,A04,15-07-2026,Day,11.3,3.3,40,Medium,65,88,0.741,3
R003083,W041,P002,A08,16-07-2026,Day,9.7,1.7,47,Medium,68,92,0.736,4
R003084,W041,P002,A01,17-07-2026,Day,8.3,0.3,48,High,54,77,0.7,5
R003085,W041,P002,A04,18-07-2026,Day,9.6,1.6,45,Low,56,75,0.741,6
R003086,W041,P002,A03,20-07-2026,Day,11.9,3.9,46,Critical,44,72,0.616,1
R003087,W041,P002,A03,21-07-2026,Day,11.1,3.1,30,High,50,67,0.739,2
R003088,W041,P002,A05,23-07-2026,Day,10.2,2.2,31,Medium,61,87,0.706,1
R003089,W041,P002,A04,24-07-2026,Day,11.4,3.4,49,Medium,66,98,0.673,2
R003090,W041,P002,A01,25-07-2026,Day,10.3,2.3,42,Medium,79,97,0.811,3
R003091,W041,P002,A06,27-07-2026,Day,8.6,0.6,32,Medium,70,90,0.782,1
R003092,W041,P002,A07,28-07-2026,Day,10,2,54,Low,52,71,0.731,2
R003093,W041,P002,A01,30-07-2026,Day,11.3,3.3,41,Medium,58,81,0.712,1
R003094,W041,P002,A07,31-07-2026,Day,11.6,3.6,36,Low,64,86,0.746,2
R003095,W041,P002,A05,01-08-2026,Day,10.8,2.8,32,Medium,65,95,0.685,3
R003096,W041,P002,A07,03-08-2026,Day,10.3,2.3,35,Medium,60,86,0.699,1
R003097,W041,P002,A01,04-08-2026,Day,11.9,3.9,39,Medium,56,85,0.658,2
R003098,W041,P002,A08,05-08-2026,Day,12.1,4.1,38,Medium,49,69,0.705,3
R003099,W041,P002,A05,06-08-2026,Day,8,0,46,Critical,52,75,0.687,4
R003100,W041,P002,A08,08-08-2026,Day,10.7,2.7,32,High,62,97,0.635,1
R003101,W041,P002,A09,10-08-2026,Day,8.9,0.9,45,Medium,59,90,0.656,1
R003102,W041,P002,A03,11-08-2026,Day,8.6,0.6,42,Medium,48,62,0.771,2
R003103,W041,P002,A07,12-08-2026,Day,10.8,2.8,50,Low,65,89,0.732,3
R003104,W041,P002,A06,13-08-2026,Day,10.4,2.4,50,Low,51,73,0.694,4
R003105,W041,P002,A07,14-08-2026,Day,9.8,1.8,45,Critical,83,98,0.843,5
R003106,W041,P002,A07,15-08-2026,Day,10.6,2.6,29,Low,67,95,0.706,6
R003107,W041,P002,A07,17-08-2026,Day,9.5,1.5,28,Low,49,71,0.686,1
R003108,W041,P002,A08,18-08-2026,Day,10.2,2.2,48,Critical,57,73,0.788,2
R003109,W041,P002,A02,19-08-2026,Night,9.9,1.9,41,Low,56,77,0.723,3
R003110,W041,P002,A09,20-08-2026,Day,10.3,2.3,43,Low,61,85,0.722,4
R003111,W041,P002,A03,21-08-2026,Day,8,0,42,Low,64,86,0.746,5
R003112,W041,P002,A09,22-08-2026,Day,8,0,40,Medium,62,76,0.819,6
R003113,W041,P002,A05,24-08-2026,Night,9.8,1.8,44,Medium,46,66,0.697,1
R003114,W041,P002,A03,25-08-2026,Day,9.8,1.8,45,Low,60,90,0.668,2
R003115,W041,P002,A07,26-08-2026,Day,9,1,47,Medium,73,82,0.886,3
R003116,W041,P002,A03,27-08-2026,Night,8.8,0.8,41,Critical,72,94,0.766,4
R003117,W041,P002,A07,28-08-2026,Day,8.8,0.8,39,High,53,72,0.731,5
R003118,W041,P002,A07,29-08-2026,Night,8.5,0.5,42,Medium,52,69,0.749,6
R003119,W042,P004,A03,01-06-2026,Day,10.4,2.4,27,High,75,97,0.772,1
R003120,W042,P004,A04,02-06-2026,Day,10.8,2.8,28,High,62,90,0.687,2
R003121,W042,P004,A04,03-06-2026,Day,8.4,0.4,40,Low,58,67,0.866,3
R003122,W042,P004,A06,04-06-2026,Day,10.7,2.7,41,Critical,46,63,0.734,4
R003123,W042,P004,A01,05-06-2026,Day,9.8,1.8,42,Low,57,78,0.726,5
R003124,W042,P004,A01,06-06-2026,Day,9.4,1.4,47,Medium,64,87,0.733,6
R003125,W042,P004,A03,08-06-2026,Day,10.2,2.2,48,Low,59,82,0.717,1
R003126,W042,P004,A03,09-06-2026,Day,11,3,49,Low,51,61,0.837,2
R003127,W042,P004,A01,10-06-2026,Day,11.4,3.4,39,High,81,97,0.831,3
R003128,W042,P004,A02,11-06-2026,Day,11,3,42,Critical,45,69,0.651,4
R003129,W042,P004,A07,12-06-2026,Day,9.7,1.7,43,Medium,58,81,0.72,5
R003130,W042,P004,A09,13-06-2026,Day,9.5,1.5,37,Medium,53,74,0.713,6
R003131,W042,P004,A03,15-06-2026,Day,9.7,1.7,47,Critical,65,86,0.757,1
R003132,W042,P004,A03,16-06-2026,Day,10,2,54,Medium,55,71,0.769,2
R003133,W042,P004,A06,17-06-2026,Day,8.8,0.8,39,Low,73,89,0.819,3
R003134,W042,P004,A05,18-06-2026,Day,9.5,1.5,46,Medium,57,77,0.745,4
R003135,W042,P004,A09,19-06-2026,Day,8.8,0.8,37,High,44,64,0.688,5
R003136,W042,P004,A07,20-06-2026,Day,10.5,2.5,50,Critical,46,64,0.711,6
R003137,W042,P004,A06,22-06-2026,Day,9.6,1.6,48,High,53,86,0.617,1
R003138,W042,P004,A07,23-06-2026,Day,8.2,0.2,34,Low,64,77,0.838,2
R003139,W042,P004,A08,24-06-2026,Day,8,0,43,Low,85,99,0.863,3
R003140,W042,P004,A01,25-06-2026,Day,8.1,0.1,33,Low,64,76,0.84,4
R003141,W042,P004,A02,26-06-2026,Day,10.6,2.6,31,Low,60,93,0.649,5
R003142,W042,P004,A09,27-06-2026,Day,8,0,39,Medium,65,92,0.71,6
R003143,W042,P004,A07,30-06-2026,Day,9.6,1.6,35,Low,78,94,0.829,1
R003144,W042,P004,A08,01-07-2026,Day,12.8,4.8,31,Low,60,93,0.647,2
R003145,W042,P004,A02,02-07-2026,Night,8.8,0.8,35,Critical,60,92,0.65,3
R003146,W042,P004,A07,03-07-2026,Day,8.5,0.5,33,Low,73,91,0.808,4
R003147,W042,P004,A03,04-07-2026,Day,10.6,2.6,40,Critical,44,63,0.703,5
R003148,W042,P004,A06,06-07-2026,Day,8.8,0.8,48,Low,64,74,0.866,1
R003149,W042,P004,A05,07-07-2026,Day,10.7,2.7,48,Medium,68,97,0.696,2
R003150,W042,P004,A06,08-07-2026,Day,10,2,47,High,47,64,0.731,3
R003151,W042,P004,A09,09-07-2026,Day,9.6,1.6,28,Medium,60,78,0.767,4
R003152,W042,P004,A09,10-07-2026,Day,10.6,2.6,45,Medium,53,75,0.706,5
R003153,W042,P004,A04,11-07-2026,Day,9.8,1.8,42,High,57,94,0.604,6
R003154,W042,P004,A02,13-07-2026,Day,9.8,1.8,40,Critical,68,98,0.696,1
R003155,W042,P004,A02,14-07-2026,Day,9.6,1.6,46,Critical,45,63,0.709,2
R003156,W042,P004,A06,15-07-2026,Night,11.1,3.1,40,Low,59,76,0.778,3
R003157,W042,P004,A03,16-07-2026,Day,9.6,1.6,34,Low,48,68,0.702,4
R003158,W042,P004,A05,17-07-2026,Day,9.3,1.3,27,Critical,67,93,0.722,5
R003159,W042,P004,A03,18-07-2026,Day,9.3,1.3,43,Low,57,73,0.784,6
R003160,W042,P004,A06,20-07-2026,Day,9.2,1.2,42,High,66,89,0.736,1
R003161,W042,P004,A05,21-07-2026,Day,10.1,2.1,44,Medium,47,68,0.693,2
R003162,W042,P004,A04,22-07-2026,Day,8.9,0.9,47,Low,75,99,0.758,3
R003163,W042,P004,A08,23-07-2026,Day,11,3,42,Medium,62,83,0.744,4
R003164,W042,P004,A04,24-07-2026,Day,10.8,2.8,46,High,59,80,0.734,5
R003165,W042,P004,A08,25-07-2026,Day,10,2,25,Medium,45,64,0.705,6
R003166,W042,P004,A06,27-07-2026,Day,8,0,50,Critical,75,82,0.912,1
R003167,W042,P004,A03,28-07-2026,Night,9,1,52,Low,49,65,0.756,2
R003168,W042,P004,A02,29-07-2026,Night,12.3,4.3,42,Medium,53,71,0.75,3
R003169,W042,P004,A06,30-07-2026,Day,9.3,1.3,29,Medium,68,93,0.732,4
R003170,W042,P004,A06,31-07-2026,Day,8.4,0.4,54,Low,57,76,0.756,5
R003171,W042,P004,A02,01-08-2026,Day,8.8,0.8,29,Low,47,63,0.753,6
R003172,W042,P004,A04,03-08-2026,Day,9.8,1.8,39,Low,62,74,0.843,1
R003173,W042,P004,A04,04-08-2026,Night,11.3,3.3,36,Low,75,87,0.857,2
R003174,W042,P004,A02,05-08-2026,Day,9.7,1.7,41,High,39,61,0.631,3
R003175,W042,P004,A02,06-08-2026,Night,11.5,3.5,55,Low,71,96,0.741,4
R003176,W042,P004,A01,07-08-2026,Day,10.4,2.4,36,Medium,73,91,0.807,5
R003177,W042,P004,A01,08-08-2026,Day,10.4,2.4,53,Critical,58,87,0.671,6
R003178,W042,P004,A07,10-08-2026,Day,10.5,2.5,49,High,62,82,0.753,1
R003179,W042,P004,A01,11-08-2026,Night,10,2,37,Low,61,81,0.757,2
R003180,W042,P004,A04,12-08-2026,Night,8,0,47,High,66,88,0.747,3
R003181,W042,P004,A01,13-08-2026,Day,9.3,1.3,49,Low,75,98,0.762,4
R003182,W042,P004,A06,14-08-2026,Day,11,3,37,Low,56,78,0.713,5
R003183,W042,P004,A08,16-08-2026,Day,8.7,0.7,24,High,57,79,0.72,1
R003184,W042,P004,A07,17-08-2026,Day,10.2,2.2,35,Medium,65,91,0.72,2
R003185,W042,P004,A05,18-08-2026,Day,9.9,1.9,39,Low,57,64,0.895,3
R003186,W042,P004,A09,19-08-2026,Day,10.3,2.3,43,Low,45,62,0.721,4
R003187,W042,P004,A02,20-08-2026,Day,9,1,37,Medium,64,80,0.804,5
R003188,W042,P004,A07,21-08-2026,Day,10.8,2.8,52,Medium,62,85,0.732,6
R003189,W042,P004,A01,22-08-2026,Day,8.6,0.6,42,Medium,67,83,0.808,7
R003190,W042,P004,A08,24-08-2026,Day,9.3,1.3,38,Low,56,67,0.841,1
R003191,W042,P004,A02,25-08-2026,Day,11.2,3.2,46,High,63,93,0.68,2
R003192,W042,P004,A07,26-08-2026,Night,8.7,0.7,43,High,56,64,0.868,3
R003193,W042,P004,A01,27-08-2026,Day,11,3,50,Low,53,66,0.799,4
R003194,W042,P004,A04,28-08-2026,Day,8.6,0.6,29,Medium,52,75,0.697,5
R003195,W042,P004,A08,29-08-2026,Night,9.3,1.3,43,High,61,96,0.634,6
R003196,W043,P005,A04,01-06-2026,Day,10.6,2.6,49,High,68,79,0.861,1
R003197,W043,P005,A02,02-06-2026,Day,9.4,1.4,46,Medium,61,98,0.625,2
R003198,W043,P005,A09,03-06-2026,Day,10,2,37,High,63,89,0.711,3
R003199,W043,P005,A06,04-06-2026,Day,9.2,1.2,35,High,56,77,0.722,4
R003200,W043,P005,A03,05-06-2026,Day,10.6,2.6,23,Low,62,88,0.703,5
R003201,W043,P005,A01,06-06-2026,Day,10.1,2.1,40,High,58,81,0.714,6
R003202,W043,P005,A02,08-06-2026,Day,8.9,0.9,45,High,58,71,0.819,1
R003203,W043,P005,A04,09-06-2026,Day,8.5,0.5,38,Low,67,84,0.802,2
R003204,W043,P005,A05,10-06-2026,Day,9.1,1.1,42,High,50,70,0.715,3
R003205,W043,P005,A09,11-06-2026,Day,10.4,2.4,25,High,49,80,0.608,4
R003206,W043,P005,A03,12-06-2026,Day,10,2,54,High,58,80,0.729,5
R003207,W043,P005,A05,13-06-2026,Day,8.9,0.9,41,Low,59,87,0.683,6
R003208,W043,P005,A02,14-06-2026,Day,10.1,2.1,26,High,56,87,0.648,7
R003209,W043,P005,A07,15-06-2026,Day,8.7,0.7,29,Critical,40,62,0.638,8
R003210,W043,P005,A09,16-06-2026,Day,10.5,2.5,36,Low,55,83,0.667,9
R003211,W043,P005,A09,17-06-2026,Day,10.6,2.6,50,High,52,75,0.696,10
R003212,W043,P005,A06,18-06-2026,Day,12.7,4.7,24,High,36,60,0.606,11
R003213,W043,P005,A09,19-06-2026,Day,9.5,1.5,28,Medium,54,84,0.648,12
R003214,W043,P005,A05,20-06-2026,Day,9.7,1.7,37,Medium,47,72,0.647,13
R003215,W043,P005,A09,22-06-2026,Day,10.8,2.8,37,Medium,53,74,0.72,1
R003216,W043,P005,A05,23-06-2026,Day,10.1,2.1,50,Medium,71,95,0.742,2
R003217,W043,P005,A04,24-06-2026,Day,11.2,3.2,37,Critical,41,72,0.569,3
R003218,W043,P005,A05,25-06-2026,Night,10.9,2.9,44,Low,65,93,0.697,4
R003219,W043,P005,A02,26-06-2026,Day,10.4,2.4,18,Low,50,72,0.691,5
R003220,W043,P005,A06,27-06-2026,Day,11.7,3.7,30,High,59,95,0.621,6
R003221,W043,P005,A01,28-06-2026,Day,10.3,2.3,26,High,64,96,0.671,7
R003222,W043,P005,A02,29-06-2026,Day,11.1,3.1,35,Low,70,90,0.775,8
R003223,W043,P005,A05,30-06-2026,Day,11.3,3.3,42,Medium,65,94,0.696,9
R003224,W043,P005,A03,01-07-2026,Night,9.6,1.6,30,Critical,46,69,0.66,10
R003225,W043,P005,A08,02-07-2026,Day,11.3,3.3,36,Critical,49,80,0.617,11
R003226,W043,P005,A05,03-07-2026,Day,9.6,1.6,26,Critical,40,61,0.661,12
R003227,W043,P005,A03,04-07-2026,Day,10.2,2.2,38,Medium,51,92,0.555,13
R003228,W043,P005,A09,06-07-2026,Day,10.7,2.7,49,Medium,62,75,0.83,1
R003229,W043,P005,A04,07-07-2026,Day,9,1,39,Medium,50,62,0.813,2
R003230,W043,P005,A01,08-07-2026,Day,9.3,1.3,32,Medium,45,60,0.751,3
R003231,W043,P005,A02,09-07-2026,Day,10.4,2.4,37,Critical,65,90,0.723,4
R003232,W043,P005,A03,10-07-2026,Day,10.6,2.6,42,Medium,49,78,0.633,5
R003233,W043,P005,A04,11-07-2026,Day,10,2,33,Medium,68,90,0.758,6
R003234,W043,P005,A03,13-07-2026,Night,10,2,32,Medium,58,91,0.64,1
R003235,W043,P005,A02,14-07-2026,Day,10.3,2.3,35,Low,69,94,0.734,2
R003236,W043,P005,A05,15-07-2026,Day,10.1,2.1,46,Low,45,61,0.73,3
R003237,W043,P005,A04,16-07-2026,Day,9.5,1.5,35,High,60,82,0.734,4
R003238,W043,P005,A06,17-07-2026,Day,12.1,4.1,41,High,60,87,0.687,5
R003239,W043,P005,A04,18-07-2026,Day,10.5,2.5,45,Low,49,65,0.756,6
R003240,W043,P005,A02,20-07-2026,Day,10.8,2.8,24,High,42,63,0.672,1
R003241,W043,P005,A04,21-07-2026,Day,10.5,2.5,30,Medium,39,64,0.608,2
R003242,W043,P005,A03,22-07-2026,Day,8.8,0.8,31,Medium,73,96,0.758,3
R003243,W043,P005,A01,23-07-2026,Day,11.3,3.3,43,Medium,74,97,0.766,4
R003244,W043,P005,A09,24-07-2026,Day,9.8,1.8,35,Critical,47,80,0.584,5
R003245,W043,P005,A03,25-07-2026,Day,9.4,1.4,50,High,45,60,0.754,6
R003246,W043,P005,A01,27-07-2026,Day,9.2,1.2,29,Medium,63,82,0.771,1
R003247,W043,P005,A01,28-07-2026,Day,9.5,1.5,41,Medium,76,99,0.766,2
R003248,W043,P005,A03,29-07-2026,Day,10.6,2.6,32,Medium,57,89,0.644,3
R003249,W043,P005,A02,30-07-2026,Day,10.5,2.5,23,Medium,48,70,0.692,4
R003250,W043,P005,A02,31-07-2026,Day,10.1,2.1,31,Low,54,73,0.735,5
R003251,W043,P005,A05,01-08-2026,Day,8,0,38,Medium,48,63,0.761,6
R003252,W043,P005,A09,03-08-2026,Day,10.7,2.7,26,High,59,87,0.674,1
R003253,W043,P005,A06,04-08-2026,Night,8.4,0.4,32,Medium,55,75,0.729,2
R003254,W043,P005,A03,05-08-2026,Day,11,3,30,High,41,64,0.646,3
R003255,W043,P005,A07,06-08-2026,Day,9.6,1.6,19,Low,68,92,0.738,4
R003256,W043,P005,A03,07-08-2026,Day,8.3,0.3,35,Low,48,70,0.69,5
R003257,W043,P005,A06,09-08-2026,Day,10,2,23,High,47,80,0.591,1
R003258,W043,P005,A03,10-08-2026,Day,11.9,3.9,35,Medium,68,97,0.696,2
R003259,W043,P005,A09,11-08-2026,Day,10.5,2.5,21,Low,55,76,0.726,3
R003260,W043,P005,A01,12-08-2026,Day,11.3,3.3,36,Medium,64,96,0.669,4
R003261,W043,P005,A02,13-08-2026,Day,11.7,3.7,53,Medium,40,60,0.662,5
R003262,W043,P005,A03,14-08-2026,Day,9.7,1.7,40,Low,65,89,0.734,6
R003263,W043,P005,A06,15-08-2026,Day,10.6,2.6,43,Medium,63,96,0.66,7
R003264,W043,P005,A07,17-08-2026,Night,9.9,1.9,48,High,48,73,0.66,1
R003265,W043,P005,A04,18-08-2026,Day,8.8,0.8,37,Medium,41,64,0.647,2
R003266,W043,P005,A08,19-08-2026,Day,10.4,2.4,36,Low,55,82,0.675,3
R003267,W043,P005,A07,20-08-2026,Day,9.2,1.2,40,High,62,86,0.717,4
R003268,W043,P005,A01,21-08-2026,Day,11.6,3.6,35,Medium,48,79,0.613,5
R003269,W043,P005,A04,22-08-2026,Day,9.8,1.8,37,Medium,60,92,0.658,6
R003270,W043,P005,A07,25-08-2026,Day,8.7,0.7,33,Low,57,73,0.786,1
R003271,W043,P005,A05,26-08-2026,Day,11.5,3.5,53,Medium,47,61,0.778,2
R003272,W043,P005,A05,27-08-2026,Day,10.1,2.1,15,Medium,45,67,0.666,3
R003273,W043,P005,A07,28-08-2026,Day,8.8,0.8,27,High,59,90,0.653,4
R003274,W043,P005,A08,29-08-2026,Day,8.5,0.5,52,Medium,56,87,0.642,5
R003275,W044,P003,A01,01-06-2026,Day,10.2,2.2,40,Medium,61,91,0.674,1
R003276,W044,P003,A09,02-06-2026,Day,8.7,0.7,30,Medium,48,73,0.652,2
R003277,W044,P003,A02,03-06-2026,Day,8.4,0.4,45,Critical,62,96,0.645,3
R003278,W044,P003,A01,04-06-2026,Day,10.5,2.5,22,Low,61,89,0.685,4
R003279,W044,P003,A07,05-06-2026,Day,10.3,2.3,28,Medium,60,89,0.669,5
R003280,W044,P003,A03,06-06-2026,Day,9.6,1.6,36,Medium,66,92,0.714,6
R003281,W044,P003,A08,07-06-2026,Day,10,2,18,High,40,63,0.642,7
R003282,W044,P003,A06,08-06-2026,Day,9,1,24,Medium,42,65,0.649,8
R003283,W044,P003,A05,09-06-2026,Day,8.8,0.8,31,Low,68,94,0.728,9
R003284,W044,P003,A06,10-06-2026,Day,9.6,1.6,40,High,41,62,0.659,10
R003285,W044,P003,A02,11-06-2026,Day,10.4,2.4,31,Medium,48,80,0.603,11
R003286,W044,P003,A01,12-06-2026,Day,11,3,27,High,59,89,0.666,12
R003287,W044,P003,A03,13-06-2026,Day,10.3,2.3,33,Medium,58,94,0.621,13
R003288,W044,P003,A04,15-06-2026,Day,8.4,0.4,31,Critical,53,83,0.638,1
R003289,W044,P003,A07,16-06-2026,Night,11.8,3.8,35,High,57,86,0.663,2
R003290,W044,P003,A08,17-06-2026,Night,9.5,1.5,29,Medium,57,82,0.692,3
R003291,W044,P003,A01,18-06-2026,Day,10.2,2.2,35,Medium,63,90,0.695,4
R003292,W044,P003,A04,19-06-2026,Day,9.3,1.3,32,Medium,69,94,0.732,5
R003293,W044,P003,A02,20-06-2026,Day,10.3,2.3,44,Medium,61,94,0.644,6
R003294,W044,P003,A08,22-06-2026,Day,10.2,2.2,30,High,44,65,0.671,1
R003295,W044,P003,A01,23-06-2026,Night,9.6,1.6,39,Medium,50,70,0.717,2
R003296,W044,P003,A01,24-06-2026,Day,12.3,4.3,31,Critical,42,72,0.578,3
R003297,W044,P003,A05,25-06-2026,Day,11.7,3.7,37,Medium,59,82,0.72,4
R003298,W044,P003,A07,26-06-2026,Day,10.6,2.6,31,High,48,76,0.63,5
R003299,W044,P003,A05,27-06-2026,Night,10.9,2.9,36,Medium,46,70,0.656,6
R003300,W044,P003,A09,28-06-2026,Day,11.3,3.3,39,High,39,61,0.641,7
R003301,W044,P003,A01,29-06-2026,Day,11.3,3.3,34,High,34,63,0.538,8
R003302,W044,P003,A01,01-07-2026,Day,10.9,2.9,36,Medium,44,63,0.704,1
R003303,W044,P003,A07,03-07-2026,Day,8.8,0.8,23,Medium,35,61,0.572,1
R003304,W044,P003,A05,04-07-2026,Night,12.1,4.1,31,Medium,49,83,0.591,2
R003305,W044,P003,A01,06-07-2026,Day,9.7,1.7,19,High,50,70,0.711,1
R003306,W044,P003,A03,07-07-2026,Day,8,0,28,Medium,51,70,0.734,2
R003307,W044,P003,A02,08-07-2026,Night,9.7,1.7,44,High,59,77,0.763,3
R003308,W044,P003,A06,09-07-2026,Day,9.9,1.9,27,Critical,38,66,0.579,4
R003309,W044,P003,A06,10-07-2026,Day,10.3,2.3,22,Medium,50,84,0.592,5
R003310,W044,P003,A02,11-07-2026,Day,11.4,3.4,33,Low,45,66,0.679,6
R003311,W044,P003,A04,13-07-2026,Day,9.7,1.7,45,High,59,94,0.626,1
R003312,W044,P003,A09,14-07-2026,Day,12.4,4.4,24,Critical,39,72,0.544,2
R003313,W044,P003,A02,15-07-2026,Day,10.5,2.5,47,High,57,90,0.628,3
R003314,W044,P003,A01,16-07-2026,Day,10.6,2.6,36,Medium,50,74,0.671,4
R003315,W044,P003,A01,17-07-2026,Night,11.6,3.6,39,High,57,92,0.616,5
R003316,W044,P003,A02,18-07-2026,Day,8.1,0.1,42,Medium,64,91,0.706,6
R003317,W044,P003,A08,20-07-2026,Night,9.8,1.8,38,High,69,88,0.78,1
R003318,W044,P003,A09,21-07-2026,Night,10.3,2.3,45,Medium,62,87,0.707,2
R003319,W044,P003,A08,22-07-2026,Day,10.3,2.3,24,Medium,64,82,0.781,3
R003320,W044,P003,A06,23-07-2026,Day,11.2,3.2,33,Medium,50,67,0.747,4
R003321,W044,P003,A06,24-07-2026,Night,9,1,20,Medium,65,95,0.686,5
R003322,W044,P003,A07,25-07-2026,Day,10.2,2.2,31,High,50,73,0.685,6
R003323,W044,P003,A08,29-07-2026,Day,10.8,2.8,40,Medium,59,81,0.73,1
R003324,W044,P003,A07,30-07-2026,Day,9.8,1.8,43,Low,71,89,0.793,2
R003325,W044,P003,A03,31-07-2026,Day,9.1,1.1,34,High,58,79,0.73,3
R003326,W044,P003,A06,01-08-2026,Day,10.4,2.4,34,High,62,79,0.782,4
R003327,W044,P003,A02,02-08-2026,Day,11.9,3.9,37,Critical,54,83,0.65,5
R003328,W044,P003,A03,03-08-2026,Day,9.2,1.2,23,High,54,78,0.688,6
R003329,W044,P003,A05,04-08-2026,Day,11.6,3.6,27,Low,39,64,0.61,7
R003330,W044,P003,A08,05-08-2026,Day,10.4,2.4,37,Critical,44,73,0.6,8
R003331,W044,P003,A07,06-08-2026,Day,9.3,1.3,35,Medium,64,89,0.714,9
R003332,W044,P003,A04,07-08-2026,Day,8.9,0.9,43,Critical,42,68,0.622,10
R003333,W044,P003,A06,08-08-2026,Day,8,0,16,Critical,56,91,0.611,11
R003334,W044,P003,A04,10-08-2026,Day,10.2,2.2,36,Medium,52,72,0.726,1
R003335,W044,P003,A08,11-08-2026,Day,12.5,4.5,46,Low,53,69,0.769,2
R003336,W044,P003,A05,12-08-2026,Day,11.1,3.1,35,Medium,43,61,0.713,3
R003337,W044,P003,A03,14-08-2026,Day,11.5,3.5,38,High,54,90,0.6,1
R003338,W044,P003,A07,15-08-2026,Day,10,2,46,Medium,55,74,0.739,2
R003339,W044,P003,A06,17-08-2026,Day,11.8,3.8,30,High,48,65,0.731,1
R003340,W044,P003,A06,19-08-2026,Day,11.3,3.3,37,Medium,57,91,0.623,1
R003341,W044,P003,A07,20-08-2026,Day,10.7,2.7,32,Low,57,79,0.717,2
R003342,W044,P003,A07,21-08-2026,Day,10.2,2.2,36,High,41,64,0.643,3
R003343,W044,P003,A08,22-08-2026,Day,10.4,2.4,38,Medium,48,70,0.687,4
R003344,W044,P003,A01,23-08-2026,Day,10,2,39,Medium,67,97,0.687,5
R003345,W044,P003,A07,24-08-2026,Day,9.8,1.8,31,Medium,65,96,0.679,6
R003346,W044,P003,A07,25-08-2026,Day,12.9,4.9,35,High,49,85,0.58,7
R003347,W044,P003,A01,26-08-2026,Day,11.3,3.3,51,Medium,49,74,0.657,8
R003348,W044,P003,A05,27-08-2026,Day,12.3,4.3,24,High,58,90,0.645,9
R003349,W044,P003,A04,28-08-2026,Day,10.7,2.7,26,Low,69,97,0.713,10
R003350,W044,P003,A06,29-08-2026,Night,10.3,2.3,44,Low,64,96,0.667,11
R003351,W045,P006,A04,01-06-2026,Day,9.2,1.2,36,Low,64,84,0.761,1
R003352,W045,P006,A01,02-06-2026,Day,10.8,2.8,58,Medium,47,61,0.764,2
R003353,W045,P006,A01,03-06-2026,Day,9.8,1.8,42,High,43,60,0.717,3
R003354,W045,P006,A04,04-06-2026,Day,9.4,1.4,38,Medium,63,89,0.71,4
R003355,W045,P006,A01,05-06-2026,Day,10.8,2.8,29,Low,66,89,0.746,5
R003356,W045,P006,A08,06-06-2026,Day,9.5,1.5,28,Medium,54,76,0.711,6
R003357,W045,P006,A09,08-06-2026,Day,8.9,0.9,42,Medium,73,98,0.742,1
R003358,W045,P006,A04,09-06-2026,Night,9.7,1.7,49,Medium,74,97,0.759,2
R003359,W045,P006,A03,10-06-2026,Day,10.7,2.7,35,High,40,66,0.609,3
R003360,W045,P006,A04,11-06-2026,Day,10.4,2.4,33,Low,77,97,0.79,4
R003361,W045,P006,A04,12-06-2026,Day,10,2,49,High,60,81,0.735,5
R003362,W045,P006,A04,13-06-2026,Day,9.9,1.9,39,Medium,68,93,0.727,6
R003363,W045,P006,A06,15-06-2026,Night,10,2,45,High,59,85,0.696,1
R003364,W045,P006,A02,16-06-2026,Day,9.6,1.6,36,Low,72,92,0.783,2
R003365,W045,P006,A05,17-06-2026,Day,10.6,2.6,33,Low,68,96,0.706,3
R003366,W045,P006,A08,18-06-2026,Day,9.2,1.2,44,Critical,59,90,0.66,4
R003367,W045,P006,A01,19-06-2026,Day,9,1,43,Low,56,67,0.843,5
R003368,W045,P006,A08,20-06-2026,Day,11.1,3.1,38,High,45,71,0.633,6
R003369,W045,P006,A01,22-06-2026,Day,9.6,1.6,45,Medium,73,97,0.756,1
R003370,W045,P006,A03,23-06-2026,Day,9.3,1.3,31,Medium,59,82,0.714,2
R003371,W045,P006,A04,24-06-2026,Night,10.4,2.4,41,Medium,42,60,0.699,3
R003372,W045,P006,A05,25-06-2026,Night,9.7,1.7,36,Medium,68,97,0.697,4
R003373,W045,P006,A06,26-06-2026,Day,9.1,1.1,40,Low,68,88,0.769,5
R003374,W045,P006,A07,27-06-2026,Day,8.3,0.3,34,Medium,50,67,0.747,6
R003375,W045,P006,A03,29-06-2026,Day,9.6,1.6,35,Low,71,95,0.749,1
R003376,W045,P006,A02,30-06-2026,Day,8,0,40,High,63,99,0.632,2
R003377,W045,P006,A07,01-07-2026,Day,9.5,1.5,42,Low,56,73,0.772,3
R003378,W045,P006,A08,02-07-2026,Day,9.4,1.4,44,Medium,51,66,0.775,4
R003379,W045,P006,A04,03-07-2026,Day,11.5,3.5,31,Low,50,73,0.681,5
R003380,W045,P006,A07,04-07-2026,Day,11.8,3.8,38,Medium,68,94,0.727,6
R003381,W045,P006,A01,06-07-2026,Day,9,1,38,Medium,65,87,0.748,1
R003382,W045,P006,A02,07-07-2026,Day,10.2,2.2,35,High,49,66,0.749,2
R003383,W045,P006,A05,08-07-2026,Day,9.8,1.8,39,Medium,45,63,0.713,3
R003384,W045,P006,A04,09-07-2026,Day,9.5,1.5,41,Medium,47,61,0.764,4
R003385,W045,P006,A09,10-07-2026,Day,8.8,0.8,47,Medium,70,87,0.801,5
R003386,W045,P006,A04,11-07-2026,Day,10.5,2.5,52,High,45,81,0.553,6
R003387,W045,P006,A09,13-07-2026,Day,8.9,0.9,31,Low,86,95,0.907,1
R003388,W045,P006,A04,14-07-2026,Day,8.7,0.7,48,High,73,95,0.764,2
R003389,W045,P006,A01,15-07-2026,Day,9,1,54,Medium,72,97,0.738,3
R003390,W045,P006,A09,16-07-2026,Day,10.4,2.4,34,Medium,73,95,0.772,4
R003391,W045,P006,A02,17-07-2026,Night,10.7,2.7,49,Low,62,78,0.8,5
R003392,W045,P006,A09,18-07-2026,Day,9.9,1.9,47,High,54,73,0.737,6
R003393,W045,P006,A03,19-07-2026,Night,12,4,14,Low,55,93,0.594,7
R003394,W045,P006,A09,20-07-2026,Day,9.6,1.6,44,Low,70,99,0.711,8
R003395,W045,P006,A03,21-07-2026,Day,9.4,1.4,39,High,38,62,0.611,9
R003396,W045,P006,A01,22-07-2026,Day,10.4,2.4,41,Medium,36,63,0.565,10
R003397,W045,P006,A09,23-07-2026,Day,8.7,0.7,40,Medium,51,68,0.745,11
R003398,W045,P006,A02,24-07-2026,Day,10.3,2.3,28,High,45,68,0.664,12
R003399,W045,P006,A05,25-07-2026,Day,9.5,1.5,42,Critical,51,70,0.73,13
R003400,W045,P006,A06,27-07-2026,Night,10.3,2.3,27,Medium,58,77,0.753,1
R003401,W045,P006,A01,28-07-2026,Day,10.6,2.6,29,Low,69,99,0.7,2
R003402,W045,P006,A03,29-07-2026,Day,8,0,45,Medium,53,70,0.761,3
R003403,W045,P006,A09,30-07-2026,Day,8.5,0.5,26,Medium,74,95,0.779,4
R003404,W045,P006,A01,31-07-2026,Day,10.5,2.5,43,Medium,42,60,0.703,5
R003405,W045,P006,A03,01-08-2026,Day,8.7,0.7,47,Medium,75,94,0.8,6
R003406,W045,P006,A04,03-08-2026,Day,8.6,0.6,39,Medium,59,80,0.736,1
R003407,W045,P006,A01,04-08-2026,Day,9.7,1.7,46,High,55,80,0.692,2
R003408,W045,P006,A03,05-08-2026,Day,9.9,1.9,31,High,59,80,0.737,3
R003409,W045,P006,A05,06-08-2026,Night,11,3,30,High,46,71,0.65,4
R003410,W045,P006,A07,07-08-2026,Day,8.5,0.5,29,Low,46,62,0.742,5
R003411,W045,P006,A02,08-08-2026,Night,8,0,47,High,68,90,0.752,6
R003412,W045,P006,A04,11-08-2026,Day,10.1,2.1,37,Critical,64,93,0.69,1
R003413,W045,P006,A03,12-08-2026,Day,12.6,4.6,39,Medium,67,86,0.773,2
R003414,W045,P006,A03,13-08-2026,Day,9.8,1.8,52,Low,50,61,0.813,3
R003415,W045,P006,A03,14-08-2026,Day,9.5,1.5,43,High,61,89,0.686,4
R003416,W045,P006,A06,15-08-2026,Day,10.1,2.1,52,Low,62,75,0.826,5
R003417,W045,P006,A03,17-08-2026,Night,10.4,2.4,21,High,49,68,0.716,1
R003418,W045,P006,A06,18-08-2026,Day,9.4,1.4,37,Low,65,84,0.77,2
R003419,W045,P006,A09,19-08-2026,Day,10.4,2.4,45,Low,50,65,0.774,3
R003420,W045,P006,A01,21-08-2026,Night,11,3,49,High,59,83,0.714,1
R003421,W045,P006,A06,22-08-2026,Day,9.9,1.9,34,High,50,69,0.718,2
R003422,W045,P006,A05,24-08-2026,Day,9.5,1.5,39,High,47,68,0.697,1
R003423,W045,P006,A03,25-08-2026,Day,11.3,3.3,45,Medium,41,62,0.663,2
R003424,W045,P006,A02,26-08-2026,Day,8,0,36,High,74,97,0.759,3
R003425,W045,P006,A07,27-08-2026,Night,11.7,3.7,37,Low,54,80,0.673,4
R003426,W045,P006,A09,28-08-2026,Night,8,0,49,Medium,65,82,0.796,5
R003427,W045,P006,A06,29-08-2026,Day,9.7,1.7,45,Critical,65,92,0.704,6
R003428,W046,P003,A09,01-06-2026,Night,9.3,1.3,49,Low,52,63,0.822,1
R003429,W046,P003,A03,02-06-2026,Night,10.2,2.2,37,High,52,71,0.739,2
R003430,W046,P003,A06,03-06-2026,Day,9.3,1.3,50,Medium,51,67,0.767,3
R003431,W046,P003,A07,04-06-2026,Day,10.2,2.2,33,Medium,64,81,0.791,4
R003432,W046,P003,A07,05-06-2026,Day,9.3,1.3,35,Medium,52,66,0.795,5
R003433,W046,P003,A02,06-06-2026,Night,10.1,2.1,39,Medium,46,61,0.752,6
R003434,W046,P003,A06,08-06-2026,Day,9.6,1.6,50,Low,55,62,0.883,1
R003435,W046,P003,A05,09-06-2026,Day,9.9,1.9,39,Low,50,62,0.813,2
R003436,W046,P003,A06,10-06-2026,Day,10,2,36,High,61,90,0.675,3
R003437,W046,P003,A01,11-06-2026,Day,9,1,37,Medium,67,90,0.742,4
R003438,W046,P003,A07,12-06-2026,Night,10.6,2.6,43,Medium,64,85,0.753,5
R003439,W046,P003,A05,13-06-2026,Day,10,2,40,High,60,77,0.784,6
R003440,W046,P003,A03,15-06-2026,Night,10,2,39,High,59,73,0.806,1
R003441,W046,P003,A02,16-06-2026,Day,8.5,0.5,44,Low,66,83,0.798,2
R003442,W046,P003,A03,17-06-2026,Day,8,0,44,Low,68,95,0.714,3
R003443,W046,P003,A09,18-06-2026,Night,11.1,3.1,38,High,41,63,0.653,4
R003444,W046,P003,A08,19-06-2026,Night,8,0,53,Low,80,95,0.847,5
R003445,W046,P003,A07,20-06-2026,Day,9.4,1.4,42,Low,70,90,0.773,6
R003446,W046,P003,A08,22-06-2026,Day,8.2,0.2,53,Low,55,67,0.815,1
R003447,W046,P003,A06,23-06-2026,Day,9.7,1.7,44,Medium,72,99,0.729,2
R003448,W046,P003,A05,24-06-2026,Day,10.6,2.6,46,Medium,68,92,0.74,3
R003449,W046,P003,A04,25-06-2026,Day,8.3,0.3,28,High,51,72,0.705,4
R003450,W046,P003,A03,26-06-2026,Day,10,2,52,Low,72,98,0.733,5
R003451,W046,P003,A08,27-06-2026,Night,8,0,45,Critical,49,83,0.594,6
R003452,W046,P003,A02,28-06-2026,Day,9.4,1.4,48,Medium,59,76,0.775,7
R003453,W046,P003,A05,29-06-2026,Day,10.2,2.2,34,Low,60,83,0.723,8
R003454,W046,P003,A06,30-06-2026,Day,9.9,1.9,43,Medium,50,78,0.639,9
R003455,W046,P003,A07,01-07-2026,Day,11.6,3.6,54,High,60,84,0.709,10
R003456,W046,P003,A07,02-07-2026,Night,8.8,0.8,38,High,44,62,0.712,11
R003457,W046,P003,A02,04-07-2026,Day,9,1,44,High,65,75,0.872,1
R003458,W046,P003,A03,06-07-2026,Day,10.3,2.3,43,Low,48,60,0.806,1
R003459,W046,P003,A01,07-07-2026,Night,9.5,1.5,37,High,77,95,0.808,2
R003460,W046,P003,A07,09-07-2026,Day,9.5,1.5,43,Low,51,65,0.784,1
R003461,W046,P003,A08,10-07-2026,Night,9.8,1.8,46,Low,66,86,0.767,2
R003462,W046,P003,A04,11-07-2026,Day,8.7,0.7,37,Low,53,82,0.652,3
R003463,W046,P003,A04,14-07-2026,Night,9,1,49,High,68,89,0.763,1
R003464,W046,P003,A07,15-07-2026,Day,9.4,1.4,52,High,51,73,0.702,2
R003465,W046,P003,A05,16-07-2026,Day,8,0,39,Low,71,88,0.804,3
R003466,W046,P003,A05,17-07-2026,Day,9.3,1.3,47,Medium,57,75,0.763,4
R003467,W046,P003,A02,18-07-2026,Day,10.5,2.5,40,Medium,52,67,0.775,5
R003468,W046,P003,A08,20-07-2026,Night,10.4,2.4,46,High,58,80,0.729,1
R003469,W046,P003,A07,21-07-2026,Day,8,0,43,Critical,48,69,0.692,2
R003470,W046,P003,A07,22-07-2026,Day,10,2,44,High,65,90,0.723,3
R003471,W046,P003,A07,23-07-2026,Day,8.7,0.7,58,Low,72,93,0.779,4
R003472,W046,P003,A05,24-07-2026,Day,8.6,0.6,45,Medium,82,97,0.847,5
R003473,W046,P003,A04,25-07-2026,Day,9.7,1.7,30,Low,46,63,0.731,6
R003474,W046,P003,A05,27-07-2026,Day,8.1,0.1,39,Low,57,72,0.793,1
R003475,W046,P003,A09,28-07-2026,Night,8.8,0.8,53,Medium,76,93,0.822,2
R003476,W046,P003,A07,29-07-2026,Day,9.1,1.1,29,Critical,69,92,0.751,3
R003477,W046,P003,A02,30-07-2026,Day,9.8,1.8,52,High,48,64,0.743,4
R003478,W046,P003,A03,31-07-2026,Day,8,0,58,Low,75,86,0.867,5
R003479,W046,P003,A02,01-08-2026,Day,9.2,1.2,28,Low,70,84,0.828,6
R003480,W046,P003,A06,03-08-2026,Day,10.4,2.4,51,Low,77,91,0.849,1
R003481,W046,P003,A09,04-08-2026,Day,8.7,0.7,48,High,62,76,0.817,2
R003482,W046,P003,A02,05-08-2026,Day,9,1,47,Medium,55,70,0.789,3
R003483,W046,P003,A06,06-08-2026,Day,9.9,1.9,50,Low,72,91,0.796,4
R003484,W046,P003,A01,07-08-2026,Day,9.9,1.9,42,Low,59,80,0.742,5
R003485,W046,P003,A05,08-08-2026,Day,11,3,35,Low,74,97,0.76,6
R003486,W046,P003,A07,10-08-2026,Night,10.3,2.3,43,High,60,79,0.765,1
R003487,W046,P003,A04,11-08-2026,Day,11.7,3.7,53,Medium,52,74,0.709,2
R003488,W046,P003,A07,12-08-2026,Day,8.6,0.6,48,Low,70,84,0.83,3
R003489,W046,P003,A09,13-08-2026,Day,8.4,0.4,46,High,65,95,0.685,4
R003490,W046,P003,A09,14-08-2026,Day,8.1,0.1,46,Medium,70,86,0.817,5
R003491,W046,P003,A01,15-08-2026,Day,10.2,2.2,44,High,58,80,0.721,6
R003492,W046,P003,A03,17-08-2026,Day,10.3,2.3,35,Low,52,66,0.781,1
R003493,W046,P003,A02,18-08-2026,Day,9.5,1.5,52,High,60,80,0.748,2
R003494,W046,P003,A09,19-08-2026,Day,9.9,1.9,46,Medium,47,71,0.668,3
R003495,W046,P003,A04,20-08-2026,Day,9.4,1.4,56,Medium,57,71,0.799,4
R003496,W046,P003,A01,22-08-2026,Day,10,2,36,High,73,96,0.755,1
R003497,W046,P003,A01,25-08-2026,Day,10.2,2.2,39,Low,56,74,0.755,1
R003498,W046,P003,A08,26-08-2026,Night,10.1,2.1,48,Medium,79,99,0.796,2
R003499,W046,P003,A01,27-08-2026,Day,9.2,1.2,38,High,46,62,0.739,3
R003500,W046,P003,A07,28-08-2026,Day,9.6,1.6,49,High,66,93,0.714,4
R003501,W046,P003,A01,29-08-2026,Night,9.8,1.8,45,Low,71,91,0.778,5
R003502,W047,P006,A02,01-06-2026,Day,10.9,2.9,38,Low,76,99,0.764,1
R003503,W047,P006,A08,02-06-2026,Day,10.6,2.6,43,High,62,82,0.753,2
R003504,W047,P006,A06,03-06-2026,Day,10.6,2.6,14,Critical,55,91,0.608,3
R003505,W047,P006,A03,04-06-2026,Day,10.1,2.1,39,Medium,45,61,0.73,4
R003506,W047,P006,A03,05-06-2026,Day,11,3,38,Medium,66,95,0.696,5
R003507,W047,P006,A01,08-06-2026,Day,8.8,0.8,40,Low,64,97,0.662,1
R003508,W047,P006,A04,09-06-2026,Day,9.5,1.5,25,Low,79,98,0.802,2
R003509,W047,P006,A07,10-06-2026,Day,10.4,2.4,23,Medium,46,62,0.745,3
R003510,W047,P006,A05,11-06-2026,Day,9.9,1.9,57,High,71,97,0.733,4
R003511,W047,P006,A02,12-06-2026,Night,10.6,2.6,35,High,48,62,0.771,5
R003512,W047,P006,A03,13-06-2026,Day,9.5,1.5,30,Medium,44,72,0.616,6
R003513,W047,P006,A02,14-06-2026,Day,10.7,2.7,43,High,47,71,0.658,7
R003514,W047,P006,A02,15-06-2026,Day,9.9,1.9,32,Medium,52,76,0.685,8
R003515,W047,P006,A01,16-06-2026,Day,9.7,1.7,40,High,43,68,0.628,9
R003516,W047,P006,A04,17-06-2026,Night,11.7,3.7,33,Medium,42,70,0.606,10
R003517,W047,P006,A01,18-06-2026,Day,9.8,1.8,25,Low,56,84,0.672,11
R003518,W047,P006,A03,19-06-2026,Day,11.8,3.8,42,Low,68,93,0.733,12
R003519,W047,P006,A05,20-06-2026,Day,9.3,1.3,25,High,50,81,0.622,13
R003520,W047,P006,A06,22-06-2026,Day,11,3,33,Medium,68,98,0.69,1
R003521,W047,P006,A09,23-06-2026,Day,11.4,3.4,35,Medium,62,82,0.757,2
R003522,W047,P006,A02,24-06-2026,Day,11.3,3.3,37,Critical,55,84,0.652,3
R003523,W047,P006,A09,25-06-2026,Day,10.1,2.1,26,Low,54,79,0.682,4
R003524,W047,P006,A09,26-06-2026,Day,11.8,3.8,36,Medium,47,72,0.657,5
R003525,W047,P006,A05,27-06-2026,Day,11.4,3.4,44,Medium,56,93,0.599,6
R003526,W047,P006,A02,29-06-2026,Day,8,0,22,Medium,64,88,0.729,1
R003527,W047,P006,A06,30-06-2026,Day,12,4,33,High,46,71,0.645,2
R003528,W047,P006,A08,01-07-2026,Day,9.8,1.8,48,Low,70,99,0.707,3
R003529,W047,P006,A08,02-07-2026,Day,10.4,2.4,36,High,54,76,0.705,4
R003530,W047,P006,A09,03-07-2026,Day,10.4,2.4,40,High,38,61,0.619,5
R003531,W047,P006,A05,04-07-2026,Day,9.7,1.7,9,Medium,67,93,0.716,6
R003532,W047,P006,A07,06-07-2026,Day,9,1,36,Medium,52,63,0.826,1
R003533,W047,P006,A02,07-07-2026,Day,8.9,0.9,36,Medium,56,78,0.722,2
R003534,W047,P006,A07,08-07-2026,Day,9.7,1.7,31,Medium,50,70,0.712,3
R003535,W047,P006,A09,09-07-2026,Day,9.4,1.4,18,Critical,55,85,0.65,4
R003536,W047,P006,A07,10-07-2026,Day,10.6,2.6,40,Low,40,67,0.602,5
R003537,W047,P006,A06,13-07-2026,Night,9.4,1.4,39,Medium,61,77,0.798,1
R003538,W047,P006,A03,15-07-2026,Day,9.6,1.6,38,Low,42,60,0.692,1
R003539,W047,P006,A08,16-07-2026,Day,9.8,1.8,49,Medium,64,93,0.684,2
R003540,W047,P006,A03,17-07-2026,Day,10.7,2.7,33,Medium,55,75,0.729,3
R003541,W047,P006,A02,18-07-2026,Day,10.8,2.8,32,Low,56,84,0.673,4
R003542,W047,P006,A08,20-07-2026,Day,9.7,1.7,39,Medium,73,97,0.757,1
R003543,W047,P006,A05,21-07-2026,Night,11.1,3.1,28,Medium,58,72,0.805,2
R003544,W047,P006,A05,23-07-2026,Day,10.6,2.6,34,Medium,62,84,0.743,1
R003545,W047,P006,A05,24-07-2026,Day,10.3,2.3,40,Medium,77,95,0.81,2
R003546,W047,P006,A06,25-07-2026,Day,11.5,3.5,21,High,54,79,0.688,3
R003547,W047,P006,A08,28-07-2026,Day,10.1,2.1,36,Low,57,81,0.699,1
R003548,W047,P006,A09,29-07-2026,Day,11,3,51,Low,73,98,0.74,2
R003549,W047,P006,A03,30-07-2026,Day,10.1,2.1,45,Medium,58,79,0.729,3
R003550,W047,P006,A09,31-07-2026,Day,9.8,1.8,30,Medium,60,85,0.707,4
R003551,W047,P006,A05,01-08-2026,Day,10.6,2.6,41,Medium,60,82,0.727,5
R003552,W047,P006,A05,03-08-2026,Day,8.7,0.7,38,Low,53,67,0.794,1
R003553,W047,P006,A01,04-08-2026,Day,10.8,2.8,32,Medium,64,98,0.658,2
R003554,W047,P006,A01,05-08-2026,Day,12.3,4.3,20,Medium,48,70,0.691,3
R003555,W047,P006,A07,06-08-2026,Day,11.8,3.8,37,Medium,41,60,0.69,4
R003556,W047,P006,A07,07-08-2026,Day,8.4,0.4,38,High,44,61,0.716,5
R003557,W047,P006,A02,08-08-2026,Day,10.5,2.5,13,High,56,90,0.62,6
R003558,W047,P006,A03,10-08-2026,Day,10.8,2.8,48,Low,71,92,0.77,1
R003559,W047,P006,A01,11-08-2026,Day,11.2,3.2,60,High,56,82,0.687,2
R003560,W047,P006,A03,12-08-2026,Day,9.3,1.3,33,Low,60,75,0.794,3
R003561,W047,P006,A07,13-08-2026,Day,9.9,1.9,20,Low,45,62,0.727,4
R003562,W047,P006,A08,14-08-2026,Night,9.3,1.3,28,High,51,86,0.593,5
R003563,W047,P006,A03,15-08-2026,Night,11.9,3.9,34,Low,48,80,0.602,6
R003564,W047,P006,A08,17-08-2026,Day,8.8,0.8,30,Low,55,74,0.749,1
R003565,W047,P006,A07,18-08-2026,Day,10.3,2.3,34,Medium,65,92,0.704,2
R003566,W047,P006,A08,19-08-2026,Day,12.5,4.5,33,Medium,54,83,0.651,3
R003567,W047,P006,A09,20-08-2026,Day,10.3,2.3,26,High,48,72,0.66,4
R003568,W047,P006,A05,21-08-2026,Day,9.8,1.8,40,Low,52,65,0.801,5
R003569,W047,P006,A03,22-08-2026,Day,10.8,2.8,47,Medium,60,91,0.656,6
R003570,W047,P006,A08,23-08-2026,Day,11.6,3.6,51,High,54,78,0.689,7
R003571,W047,P006,A03,24-08-2026,Day,12.4,4.4,29,Low,36,60,0.603,8
R003572,W047,P006,A04,25-08-2026,Day,10.4,2.4,34,Medium,52,89,0.581,9
R003573,W047,P006,A09,26-08-2026,Day,10.7,2.7,42,Medium,68,98,0.698,10
R003574,W047,P006,A02,27-08-2026,Day,8.8,0.8,41,High,45,76,0.588,11
R003575,W047,P006,A03,28-08-2026,Day,9,1,50,Medium,66,96,0.692,12
R003576,W047,P006,A04,29-08-2026,Day,10.5,2.5,37,High,35,68,0.518,13
R003577,W048,P002,A04,01-06-2026,Day,10,2,33,Medium,60,82,0.736,1
R003578,W048,P002,A04,02-06-2026,Day,10.7,2.7,24,Medium,58,82,0.705,2
R003579,W048,P002,A06,03-06-2026,Day,10.7,2.7,30,High,46,68,0.68,3
R003580,W048,P002,A07,04-06-2026,Day,10.7,2.7,34,Low,39,63,0.62,4
R003581,W048,P002,A09,05-06-2026,Day,11.8,3.8,20,Medium,46,79,0.581,5
R003582,W048,P002,A07,06-06-2026,Day,12.4,4.4,26,Critical,39,73,0.532,6
R003583,W048,P002,A01,08-06-2026,Night,10.8,2.8,28,High,65,96,0.675,1
R003584,W048,P002,A04,09-06-2026,Day,9.6,1.6,20,Medium,68,97,0.704,2
R003585,W048,P002,A07,10-06-2026,Day,11,3,35,Medium,60,95,0.627,3
R003586,W048,P002,A05,11-06-2026,Day,11.7,3.7,26,High,48,85,0.571,4
R003587,W048,P002,A01,12-06-2026,Day,10.4,2.4,28,Medium,42,73,0.577,5
R003588,W048,P002,A01,13-06-2026,Night,10.4,2.4,23,High,62,93,0.667,6
R003589,W048,P002,A09,15-06-2026,Day,10.9,2.9,32,Medium,42,66,0.644,1
R003590,W048,P002,A07,16-06-2026,Day,10.3,2.3,24,Critical,59,91,0.644,2
R003591,W048,P002,A03,17-06-2026,Day,9.9,1.9,31,Medium,53,90,0.592,3
R003592,W048,P002,A03,18-06-2026,Day,9.8,1.8,32,High,52,83,0.631,4
R003593,W048,P002,A03,19-06-2026,Day,10.9,2.9,32,High,45,67,0.672,5
R003594,W048,P002,A01,20-06-2026,Day,11.2,3.2,25,Low,51,75,0.678,6
R003595,W048,P002,A07,23-06-2026,Day,11.9,3.9,37,Low,49,74,0.665,1
R003596,W048,P002,A04,24-06-2026,Day,11.6,3.6,21,Medium,39,65,0.593,2
R003597,W048,P002,A06,25-06-2026,Day,11.8,3.8,32,Medium,50,73,0.683,3
R003598,W048,P002,A02,26-06-2026,Night,9.9,1.9,25,Critical,56,76,0.732,4
R003599,W048,P002,A06,27-06-2026,Night,9.8,1.8,23,Critical,46,65,0.706,5
R003600,W048,P002,A07,29-06-2026,Day,11.1,3.1,27,Low,52,77,0.671,1
R003601,W048,P002,A06,30-06-2026,Day,13.5,5.5,34,Medium,36,62,0.574,2
R003602,W048,P002,A05,01-07-2026,Day,10.5,2.5,38,Low,52,76,0.69,3
R003603,W048,P002,A04,02-07-2026,Day,9.4,1.4,27,High,60,91,0.664,4
R003604,W048,P002,A05,03-07-2026,Day,11.2,3.2,21,Medium,49,78,0.628,5
R003605,W048,P002,A08,04-07-2026,Day,10.9,2.9,17,Medium,50,78,0.639,6
R003606,W048,P002,A01,05-07-2026,Day,11.6,3.6,29,Medium,55,92,0.593,7
R003607,W048,P002,A06,06-07-2026,Day,10.7,2.7,43,Medium,66,99,0.67,8
R003608,W048,P002,A05,07-07-2026,Day,10.2,2.2,24,Medium,57,91,0.63,9
R003609,W048,P002,A06,08-07-2026,Day,10.3,2.3,35,Low,59,92,0.637,10
R003610,W048,P002,A05,09-07-2026,Night,12.6,4.6,17,Low,59,99,0.597,11
R003611,W048,P002,A07,10-07-2026,Day,10.9,2.9,39,Medium,50,92,0.548,12
R003612,W048,P002,A08,11-07-2026,Day,10.9,2.9,35,Medium,40,65,0.614,13
R003613,W048,P002,A04,13-07-2026,Night,10.3,2.3,43,Low,67,95,0.7,1
R003614,W048,P002,A01,14-07-2026,Day,10.3,2.3,46,High,43,69,0.62,2
R003615,W048,P002,A05,15-07-2026,Day,9.9,1.9,32,Low,69,87,0.799,3
R003616,W048,P002,A04,16-07-2026,Day,12,4,42,Medium,60,96,0.625,4
R003617,W048,P002,A02,17-07-2026,Day,8.5,0.5,28,Low,65,92,0.708,5
R003618,W048,P002,A05,18-07-2026,Day,11.8,3.8,30,Medium,58,94,0.614,6
R003619,W048,P002,A07,20-07-2026,Day,10.3,2.3,40,High,49,79,0.627,1
R003620,W048,P002,A03,21-07-2026,Day,10,2,27,Medium,59,88,0.668,2
R003621,W048,P002,A01,24-07-2026,Day,9.5,1.5,28,Medium,44,63,0.691,1
R003622,W048,P002,A05,25-07-2026,Night,10.3,2.3,40,High,44,67,0.65,2
R003623,W048,P002,A06,27-07-2026,Day,10.9,2.9,42,Medium,41,64,0.639,1
R003624,W048,P002,A08,28-07-2026,Day,11.6,3.6,25,High,34,67,0.511,2
R003625,W048,P002,A05,29-07-2026,Night,10.1,2.1,31,Medium,60,92,0.654,3
R003626,W048,P002,A07,30-07-2026,Day,11.7,3.7,40,High,44,66,0.674,4
R003627,W048,P002,A07,31-07-2026,Day,9.5,1.5,32,High,45,67,0.667,5
R003628,W048,P002,A03,01-08-2026,Day,12.1,4.1,51,Critical,45,76,0.587,6
R003629,W048,P002,A03,03-08-2026,Day,10.7,2.7,28,Low,58,91,0.636,1
R003630,W048,P002,A02,04-08-2026,Day,10.9,2.9,25,Medium,63,92,0.681,2
R003631,W048,P002,A07,05-08-2026,Day,10.4,2.4,36,Low,53,72,0.732,3
R003632,W048,P002,A06,06-08-2026,Day,10.7,2.7,22,Low,43,64,0.676,4
R003633,W048,P002,A01,07-08-2026,Day,11.4,3.4,30,Critical,39,67,0.584,5
R003634,W048,P002,A04,08-08-2026,Day,10.3,2.3,30,Medium,41,68,0.601,6
R003635,W048,P002,A05,10-08-2026,Night,9.3,1.3,16,High,49,76,0.646,1
R003636,W048,P002,A01,12-08-2026,Day,11.1,3.1,21,High,47,71,0.655,1
R003637,W048,P002,A04,13-08-2026,Day,13.3,5.3,17,High,44,80,0.553,2
R003638,W048,P002,A07,14-08-2026,Night,10.8,2.8,29,Medium,39,65,0.603,3
R003639,W048,P002,A04,15-08-2026,Day,10.7,2.7,41,Medium,60,86,0.692,4
R003640,W048,P002,A09,17-08-2026,Day,11.3,3.3,40,High,57,91,0.626,1
R003641,W048,P002,A02,18-08-2026,Day,12.8,4.8,43,High,46,75,0.612,2
R003642,W048,P002,A02,20-08-2026,Day,10.9,2.9,25,Medium,42,63,0.666,1
R003643,W048,P002,A08,21-08-2026,Day,12.8,4.8,28,High,63,95,0.66,2
R003644,W048,P002,A01,22-08-2026,Day,8.8,0.8,17,Low,58,78,0.744,3
R003645,W048,P002,A01,24-08-2026,Day,10.3,2.3,36,Low,60,90,0.661,1
R003646,W048,P002,A07,25-08-2026,Night,11.7,3.7,31,Medium,48,74,0.654,2
R003647,W048,P002,A06,26-08-2026,Night,12.8,4.8,30,Medium,59,96,0.618,3
R003648,W048,P002,A04,27-08-2026,Day,10,2,20,Critical,35,68,0.514,4
R003649,W048,P002,A05,28-08-2026,Day,12.5,4.5,26,Medium,33,60,0.545,5
R003650,W048,P002,A04,29-08-2026,Day,10.6,2.6,24,Medium,52,76,0.681,6
R003651,W049,P001,A07,01-06-2026,Day,9.4,1.4,39,Medium,57,74,0.773,1
R003652,W049,P001,A05,02-06-2026,Day,9.9,1.9,58,High,64,82,0.776,2
R003653,W049,P001,A08,03-06-2026,Day,9.3,1.3,52,Medium,47,60,0.78,3
R003654,W049,P001,A05,04-06-2026,Day,8.1,0.1,45,Low,64,79,0.809,4
R003655,W049,P001,A08,05-06-2026,Day,8.8,0.8,36,Low,70,83,0.838,5
R003656,W049,P001,A02,06-06-2026,Day,10,2,48,Low,56,64,0.873,6
R003657,W049,P001,A07,08-06-2026,Day,10.8,2.8,47,High,80,91,0.878,1
R003658,W049,P001,A02,09-06-2026,Day,9.1,1.1,41,Medium,53,67,0.798,2
R003659,W049,P001,A01,10-06-2026,Day,8.7,0.7,32,Critical,59,67,0.876,3
R003660,W049,P001,A01,11-06-2026,Day,9.9,1.9,36,Medium,49,71,0.697,4
R003661,W049,P001,A02,12-06-2026,Day,9.6,1.6,42,High,45,61,0.731,5
R003662,W049,P001,A04,13-06-2026,Day,10.5,2.5,53,Medium,72,91,0.796,6
R003663,W049,P001,A08,15-06-2026,Night,9.1,1.1,47,Low,64,85,0.751,1
R003664,W049,P001,A04,16-06-2026,Day,8.6,0.6,53,Medium,61,81,0.756,2
R003665,W049,P001,A02,17-06-2026,Day,11,3,53,Low,53,74,0.722,3
R003666,W049,P001,A06,18-06-2026,Day,10.2,2.2,40,Medium,51,65,0.791,4
R003667,W049,P001,A09,19-06-2026,Day,8,0,44,High,50,66,0.764,5
R003668,W049,P001,A06,20-06-2026,Day,9.7,1.7,36,Medium,53,77,0.693,6
R003669,W049,P001,A04,22-06-2026,Day,9.2,1.2,49,Medium,65,81,0.807,1
R003670,W049,P001,A06,23-06-2026,Day,9.5,1.5,33,Low,57,79,0.718,2
R003671,W049,P001,A04,24-06-2026,Day,10.5,2.5,41,Medium,61,79,0.774,3
R003672,W049,P001,A01,25-06-2026,Day,9,1,37,Low,82,99,0.824,4
R003673,W049,P001,A04,26-06-2026,Night,10.2,2.2,60,Critical,53,73,0.721,5
R003674,W049,P001,A05,27-06-2026,Day,9.9,1.9,44,Critical,46,67,0.689,6
R003675,W049,P001,A07,29-06-2026,Day,10.2,2.2,43,Medium,74,86,0.859,1
R003676,W049,P001,A02,30-06-2026,Day,10.1,2.1,40,High,48,65,0.741,2
R003677,W049,P001,A06,01-07-2026,Day,9.8,1.8,39,Low,77,97,0.796,3
R003678,W049,P001,A02,02-07-2026,Day,10,2,49,Low,49,60,0.818,4
R003679,W049,P001,A07,03-07-2026,Day,9,1,52,Medium,71,91,0.779,5
R003680,W049,P001,A09,04-07-2026,Night,8.9,0.9,50,Medium,55,70,0.789,6
R003681,W049,P001,A05,06-07-2026,Night,9.7,1.7,42,Critical,78,91,0.859,1
R003682,W049,P001,A08,07-07-2026,Day,9.1,1.1,45,Medium,74,92,0.806,2
R003683,W049,P001,A06,08-07-2026,Day,9.2,1.2,37,Medium,42,61,0.692,3
R003684,W049,P001,A07,09-07-2026,Day,11.2,3.2,49,High,53,64,0.823,4
R003685,W049,P001,A01,10-07-2026,Day,8.7,0.7,32,High,45,61,0.74,5
R003686,W049,P001,A03,11-07-2026,Day,9.1,1.1,51,Low,53,68,0.773,6
R003687,W049,P001,A08,13-07-2026,Day,8.9,0.9,35,Medium,69,82,0.846,1
R003688,W049,P001,A04,14-07-2026,Day,8.9,0.9,49,Low,54,64,0.85,2
R003689,W049,P001,A05,15-07-2026,Night,9.6,1.6,44,Medium,48,66,0.731,3
R003690,W049,P001,A03,16-07-2026,Day,10.1,2.1,60,High,75,81,0.92,4
R003691,W049,P001,A08,17-07-2026,Day,9.1,1.1,33,Medium,74,94,0.79,5
R003692,W049,P001,A08,18-07-2026,Day,8,0,47,Low,65,76,0.859,6
R003693,W049,P001,A02,20-07-2026,Day,10.7,2.7,43,Low,50,61,0.814,1
R003694,W049,P001,A07,21-07-2026,Night,9.1,1.1,36,Medium,65,94,0.691,2
R003695,W049,P001,A06,22-07-2026,Day,9.8,1.8,31,Medium,49,65,0.757,3
R003696,W049,P001,A03,23-07-2026,Day,8.7,0.7,49,Critical,73,98,0.746,4
R003697,W049,P001,A02,24-07-2026,Day,9.7,1.7,48,Low,72,88,0.82,5
R003698,W049,P001,A09,25-07-2026,Day,10.4,2.4,33,High,40,62,0.65,6
R003699,W049,P001,A03,27-07-2026,Day,9.6,1.6,42,Medium,71,84,0.843,1
R003700,W049,P001,A03,28-07-2026,Day,8,0,47,Low,58,71,0.822,2
R003701,W049,P001,A02,29-07-2026,Night,9,1,28,High,58,91,0.638,3
R003702,W049,P001,A03,30-07-2026,Day,10.5,2.5,51,Medium,67,87,0.773,4
R003703,W049,P001,A03,31-07-2026,Day,10.2,2.2,46,High,53,75,0.707,5
R003704,W049,P001,A04,01-08-2026,Day,9.5,1.5,57,Low,49,64,0.771,6
R003705,W049,P001,A09,03-08-2026,Day,9.3,1.3,46,Medium,58,74,0.778,1
R003706,W049,P001,A07,04-08-2026,Day,10.3,2.3,51,High,67,99,0.679,2
R003707,W049,P001,A02,05-08-2026,Day,9.1,1.1,51,Medium,75,87,0.862,3
R003708,W049,P001,A03,06-08-2026,Night,9.5,1.5,40,High,60,84,0.709,4
R003709,W049,P001,A04,07-08-2026,Day,9.2,1.2,53,Medium,55,69,0.792,5
R003710,W049,P001,A04,08-08-2026,Day,11,3,37,High,59,85,0.699,6
R003711,W049,P001,A07,10-08-2026,Day,9.4,1.4,45,Low,53,64,0.832,1
R003712,W049,P001,A04,11-08-2026,Day,11.6,3.6,44,Low,70,85,0.821,2
R003713,W049,P001,A09,12-08-2026,Night,9.7,1.7,46,Low,64,75,0.858,3
R003714,W049,P001,A02,13-08-2026,Day,9.2,1.2,43,Medium,70,87,0.809,4
R003715,W049,P001,A06,14-08-2026,Day,10.9,2.9,55,Low,74,96,0.772,5
R003716,W049,P001,A03,15-08-2026,Night,8.7,0.7,58,Low,83,95,0.873,6
R003717,W049,P001,A08,17-08-2026,Day,10.1,2.1,33,High,72,94,0.766,1
R003718,W049,P001,A05,18-08-2026,Day,8,0,43,Medium,56,76,0.741,2
R003719,W049,P001,A09,19-08-2026,Day,8.8,0.8,49,Low,77,93,0.825,3
R003720,W049,P001,A03,20-08-2026,Day,9,1,51,High,50,72,0.697,4
R003721,W049,P001,A09,21-08-2026,Day,9.8,1.8,31,Medium,67,90,0.744,5
R003722,W049,P001,A05,22-08-2026,Day,8.9,0.9,38,Low,59,78,0.76,6
R003723,W049,P001,A07,23-08-2026,Day,8.1,0.1,43,Low,68,80,0.851,7
R003724,W049,P001,A01,24-08-2026,Day,8.5,0.5,44,Medium,47,62,0.754,8
R003725,W049,P001,A05,25-08-2026,Day,10,2,38,High,41,61,0.679,9
R003726,W049,P001,A04,26-08-2026,Day,9.8,1.8,30,Medium,52,69,0.751,10
R003727,W049,P001,A07,27-08-2026,Day,9.2,1.2,52,High,49,65,0.752,11
R003728,W049,P001,A02,28-08-2026,Night,8,0,40,Medium,84,99,0.848,12
R003729,W050,P002,A02,01-06-2026,Day,9.2,1.2,31,Critical,59,82,0.717,1
R003730,W050,P002,A04,02-06-2026,Day,10.1,2.1,28,Low,56,66,0.842,2
R003731,W050,P002,A05,03-06-2026,Day,12.3,4.3,35,Low,50,69,0.72,3
R003732,W050,P002,A09,04-06-2026,Day,11.1,3.1,39,High,46,61,0.75,4
R003733,W050,P002,A09,05-06-2026,Day,8.8,0.8,48,High,69,93,0.741,5
R003734,W050,P002,A04,06-06-2026,Day,9.7,1.7,57,Medium,71,94,0.758,6
R003735,W050,P002,A07,08-06-2026,Day,10.2,2.2,31,Low,66,86,0.768,1
R003736,W050,P002,A05,09-06-2026,Day,10.6,2.6,47,High,58,79,0.734,2
R003737,W050,P002,A08,10-06-2026,Day,10.8,2.8,27,High,51,76,0.665,3
R003738,W050,P002,A06,11-06-2026,Day,9.5,1.5,39,Low,44,61,0.725,4
R003739,W050,P002,A03,12-06-2026,Day,8.8,0.8,42,Low,48,65,0.735,5
R003740,W050,P002,A08,13-06-2026,Day,10.2,2.2,39,High,69,99,0.694,6
R003741,W050,P002,A03,15-06-2026,Day,10.4,2.4,51,Medium,47,62,0.754,1
R003742,W050,P002,A06,16-06-2026,Day,10,2,41,Low,65,86,0.76,2
R003743,W050,P002,A05,17-06-2026,Day,8.7,0.7,50,Low,80,95,0.84,3
R003744,W050,P002,A06,18-06-2026,Day,10.5,2.5,36,Medium,51,66,0.776,4
R003745,W050,P002,A09,19-06-2026,Day,8.2,0.2,47,High,54,72,0.744,5
R003746,W050,P002,A09,20-06-2026,Day,10.3,2.3,43,Medium,53,94,0.561,6
R003747,W050,P002,A06,22-06-2026,Night,10.9,2.9,39,Medium,74,94,0.792,1
R003748,W050,P002,A01,23-06-2026,Day,8,0,36,High,66,87,0.755,2
R003749,W050,P002,A04,24-06-2026,Day,8.7,0.7,41,Medium,52,73,0.709,3
R003750,W050,P002,A01,25-06-2026,Day,8.9,0.9,43,Critical,57,88,0.649,4
R003751,W050,P002,A06,26-06-2026,Night,10.4,2.4,33,Medium,62,88,0.709,5
R003752,W050,P002,A05,27-06-2026,Day,11.3,3.3,35,Medium,64,99,0.643,6
R003753,W050,P002,A03,29-06-2026,Day,8,0,48,Low,84,98,0.857,1
R003754,W050,P002,A07,30-06-2026,Day,9.9,1.9,40,Medium,80,97,0.823,2
R003755,W050,P002,A09,01-07-2026,Day,9.4,1.4,44,Low,53,66,0.806,3
R003756,W050,P002,A09,02-07-2026,Day,8.6,0.6,39,Medium,73,92,0.792,4
R003757,W050,P002,A02,03-07-2026,Day,9.4,1.4,45,High,66,89,0.736,5
R003758,W050,P002,A02,04-07-2026,Day,9,1,45,Low,71,93,0.759,6
R003759,W050,P002,A02,06-07-2026,Day,9.4,1.4,38,Medium,48,64,0.757,1
R003760,W050,P002,A06,07-07-2026,Day,11.2,3.2,40,Medium,58,79,0.739,2
R003761,W050,P002,A08,08-07-2026,Day,10.7,2.7,23,Low,72,96,0.751,3
R003762,W050,P002,A04,10-07-2026,Night,8.6,0.6,36,Medium,71,90,0.784,1
R003763,W050,P002,A07,11-07-2026,Day,10.4,2.4,46,Low,72,85,0.852,2
R003764,W050,P002,A07,13-07-2026,Day,8,0,42,High,77,92,0.84,1
R003765,W050,P002,A04,14-07-2026,Day,9.4,1.4,35,Low,73,99,0.741,2
R003766,W050,P002,A04,15-07-2026,Day,10.4,2.4,31,Low,65,87,0.751,3
R003767,W050,P002,A01,16-07-2026,Day,9.8,1.8,46,Medium,73,99,0.74,4
R003768,W050,P002,A01,17-07-2026,Day,9.2,1.2,45,High,52,78,0.673,5
R003769,W050,P002,A08,18-07-2026,Day,10.2,2.2,37,Low,49,66,0.739,6
R003770,W050,P002,A08,21-07-2026,Day,10.6,2.6,42,Low,47,61,0.775,1
R003771,W050,P002,A02,22-07-2026,Night,10.3,2.3,37,High,44,70,0.635,2
R003772,W050,P002,A07,23-07-2026,Day,10.8,2.8,36,Critical,60,83,0.726,3
R003773,W050,P002,A06,24-07-2026,Day,8.7,0.7,45,Low,60,84,0.714,4
R003774,W050,P002,A05,25-07-2026,Day,8.3,0.3,32,Low,71,90,0.784,5
R003775,W050,P002,A09,27-07-2026,Night,10.4,2.4,29,Critical,40,61,0.649,1
R003776,W050,P002,A01,28-07-2026,Day,9.9,1.9,44,Medium,77,99,0.775,2
R003777,W050,P002,A05,29-07-2026,Night,11,3,47,Low,57,78,0.734,3
R003778,W050,P002,A06,30-07-2026,Night,9.1,1.1,27,Low,51,70,0.732,4
R003779,W050,P002,A05,31-07-2026,Day,10.6,2.6,41,Medium,47,70,0.668,5
R003780,W050,P002,A08,01-08-2026,Day,10.6,2.6,42,Low,48,63,0.763,6
R003781,W050,P002,A08,03-08-2026,Day,10.4,2.4,41,Low,61,71,0.861,1
R003782,W050,P002,A04,04-08-2026,Day,10.3,2.3,43,Critical,59,79,0.751,2
R003783,W050,P002,A03,05-08-2026,Day,8.4,0.4,57,High,52,72,0.726,3
R003784,W050,P002,A02,06-08-2026,Day,12,4,36,Low,67,94,0.714,4
R003785,W050,P002,A06,07-08-2026,Day,9.6,1.6,42,Low,76,95,0.805,5
R003786,W050,P002,A03,08-08-2026,Day,9.4,1.4,60,Low,78,94,0.833,6
R003787,W050,P002,A09,10-08-2026,Day,10.9,2.9,32,Medium,65,92,0.709,1
R003788,W050,P002,A08,11-08-2026,Day,8.5,0.5,37,High,70,96,0.732,2
R003789,W050,P002,A02,12-08-2026,Day,9.7,1.7,49,Low,53,70,0.76,3
R003790,W050,P002,A09,13-08-2026,Day,9.1,1.1,36,High,46,60,0.773,4
R003791,W050,P002,A01,14-08-2026,Day,8.3,0.3,39,Medium,51,70,0.726,5
R003792,W050,P002,A08,15-08-2026,Day,9.7,1.7,43,High,49,75,0.648,6
R003793,W050,P002,A04,17-08-2026,Day,9,1,46,High,56,76,0.742,1
R003794,W050,P002,A03,18-08-2026,Day,10.4,2.4,46,Medium,58,73,0.789,2
R003795,W050,P002,A01,19-08-2026,Day,8.8,0.8,48,High,75,95,0.794,3
R003796,W050,P002,A05,20-08-2026,Day,9.6,1.6,50,Low,67,84,0.794,4
R003797,W050,P002,A08,21-08-2026,Day,8.8,0.8,36,Low,63,84,0.746,5
R003798,W050,P002,A08,22-08-2026,Day,9.4,1.4,41,Critical,61,86,0.713,6
R003799,W050,P002,A02,24-08-2026,Day,8,0,31,Low,57,67,0.845,1
R003800,W050,P002,A09,25-08-2026,Night,9,1,45,Medium,60,73,0.817,2
R003801,W050,P002,A07,26-08-2026,Day,8.8,0.8,38,Medium,54,69,0.786,3
R003802,W050,P002,A09,27-08-2026,Day,9.6,1.6,36,Medium,68,83,0.815,4
R003803,W050,P002,A05,28-08-2026,Day,10.5,2.5,35,Critical,63,97,0.647,5
R003804,W050,P002,A03,29-08-2026,Day,9.3,1.3,37,Medium,67,82,0.817,6
R003805,W051,P004,A03,01-06-2026,Day,9.6,1.6,33,Low,59,89,0.661,1
R003806,W051,P004,A05,02-06-2026,Day,10.4,2.4,37,Critical,57,69,0.826,2
R003807,W051,P004,A07,03-06-2026,Day,11.3,3.3,43,Medium,59,80,0.742,3
R003808,W051,P004,A01,04-06-2026,Day,10.3,2.3,50,High,56,88,0.641,4
R003809,W051,P004,A06,05-06-2026,Day,9.9,1.9,46,High,67,98,0.688,5
R003810,W051,P004,A08,06-06-2026,Night,9.9,1.9,36,Medium,50,67,0.751,6
R003811,W051,P004,A06,08-06-2026,Day,9.4,1.4,44,High,42,60,0.704,1
R003812,W051,P004,A08,09-06-2026,Day,10.6,2.6,32,High,64,79,0.81,2
R003813,W051,P004,A03,10-06-2026,Night,8.7,0.7,47,Critical,47,61,0.778,3
R003814,W051,P004,A07,11-06-2026,Night,9.8,1.8,39,Low,75,97,0.774,4
R003815,W051,P004,A01,12-06-2026,Day,10.6,2.6,52,Low,67,85,0.786,5
R003816,W051,P004,A08,13-06-2026,Day,10.9,2.9,38,High,69,91,0.756,6
R003817,W051,P004,A08,15-06-2026,Day,9.8,1.8,32,Low,50,68,0.741,1
R003818,W051,P004,A06,16-06-2026,Day,11.7,3.7,32,Critical,48,66,0.721,2
R003819,W051,P004,A05,17-06-2026,Day,10.5,2.5,40,Low,54,77,0.706,3
R003820,W051,P004,A01,19-06-2026,Day,8.1,0.1,43,Medium,68,95,0.719,1
R003821,W051,P004,A09,20-06-2026,Day,8.4,0.4,37,Medium,57,75,0.762,2
R003822,W051,P004,A08,22-06-2026,Day,8.1,0.1,44,Low,71,83,0.854,1
R003823,W051,P004,A02,23-06-2026,Day,9.5,1.5,37,Medium,49,65,0.757,2
R003824,W051,P004,A09,24-06-2026,Night,9.5,1.5,45,Medium,81,96,0.842,3
R003825,W051,P004,A06,25-06-2026,Day,10.3,2.3,41,Low,62,82,0.751,4
R003826,W051,P004,A09,26-06-2026,Day,11,3,45,Critical,60,80,0.755,5
R003827,W051,P004,A04,27-06-2026,Day,8.5,0.5,34,Low,67,85,0.782,6
R003828,W051,P004,A05,29-06-2026,Day,8,0,41,Low,65,76,0.856,1
R003829,W051,P004,A08,30-06-2026,Day,10.2,2.2,44,Low,69,95,0.73,2
R003830,W051,P004,A05,01-07-2026,Day,9.5,1.5,45,Low,50,71,0.707,3
R003831,W051,P004,A03,02-07-2026,Night,8.5,0.5,43,Low,69,88,0.788,4
R003832,W051,P004,A08,03-07-2026,Day,9.2,1.2,39,Medium,52,74,0.702,5
R003833,W051,P004,A08,04-07-2026,Day,9,1,49,Low,56,75,0.753,6
R003834,W051,P004,A08,06-07-2026,Night,11.3,3.3,46,Low,78,96,0.812,1
R003835,W051,P004,A05,07-07-2026,Day,9.3,1.3,38,Medium,56,77,0.727,2
R003836,W051,P004,A07,08-07-2026,Day,9.5,1.5,31,Low,45,66,0.676,3
R003837,W051,P004,A08,09-07-2026,Day,10.8,2.8,40,High,65,88,0.744,4
R003838,W051,P004,A08,10-07-2026,Night,10.3,2.3,34,Low,44,64,0.692,5
R003839,W051,P004,A01,11-07-2026,Day,10.4,2.4,40,High,55,66,0.839,6
R003840,W051,P004,A04,13-07-2026,Day,10.4,2.4,38,Low,78,97,0.804,1
R003841,W051,P004,A09,14-07-2026,Day,9.3,1.3,43,Low,53,65,0.816,2
R003842,W051,P004,A06,15-07-2026,Day,8.8,0.8,49,Medium,44,60,0.74,3
R003843,W051,P004,A04,16-07-2026,Night,8.1,0.1,41,Medium,57,67,0.848,4
R003844,W051,P004,A05,17-07-2026,Day,9.2,1.2,36,Low,65,81,0.804,5
R003845,W051,P004,A05,18-07-2026,Day,8.5,0.5,42,High,64,76,0.838,6
R003846,W051,P004,A06,20-07-2026,Night,9.3,1.3,43,Medium,49,78,0.634,1
R003847,W051,P004,A05,21-07-2026,Day,8.9,0.9,47,High,55,63,0.872,2
R003848,W051,P004,A02,22-07-2026,Night,9.3,1.3,48,Medium,58,71,0.82,3
R003849,W051,P004,A09,23-07-2026,Day,10.1,2.1,45,High,63,86,0.736,4
R003850,W051,P004,A07,24-07-2026,Day,10,2,60,High,69,91,0.764,5
R003851,W051,P004,A03,25-07-2026,Day,9.4,1.4,36,Low,69,93,0.739,6
R003852,W051,P004,A06,27-07-2026,Day,8.9,0.9,32,Critical,44,61,0.725,1
R003853,W051,P004,A04,28-07-2026,Day,8.2,0.2,42,Low,50,67,0.748,2
R003854,W051,P004,A04,29-07-2026,Day,8,0,24,Medium,70,82,0.854,3
R003855,W051,P004,A08,30-07-2026,Day,8.8,0.8,45,Low,82,99,0.828,4
R003856,W051,P004,A09,31-07-2026,Day,9.4,1.4,34,Medium,54,73,0.742,5
R003857,W051,P004,A02,01-08-2026,Day,8.6,0.6,52,Medium,70,85,0.829,6
R003858,W051,P004,A05,03-08-2026,Day,9.6,1.6,41,High,53,70,0.751,1
R003859,W051,P004,A03,04-08-2026,Day,8.9,0.9,54,Medium,72,87,0.827,2
R003860,W051,P004,A08,05-08-2026,Day,11.3,3.3,31,High,45,65,0.688,3
R003861,W051,P004,A03,06-08-2026,Night,9.3,1.3,34,Critical,49,76,0.643,4
R003862,W051,P004,A08,07-08-2026,Day,9,1,40,Medium,73,97,0.75,5
R003863,W051,P004,A09,08-08-2026,Day,8,0,49,Medium,62,75,0.826,6
R003864,W051,P004,A07,10-08-2026,Day,10,2,52,High,64,94,0.677,1
R003865,W051,P004,A09,11-08-2026,Day,9.6,1.6,54,High,73,88,0.825,2
R003866,W051,P004,A09,12-08-2026,Day,9.7,1.7,40,High,67,99,0.674,3
R003867,W051,P004,A07,13-08-2026,Day,8,0,47,Medium,48,62,0.776,4
R003868,W051,P004,A08,14-08-2026,Day,10,2,35,Low,74,92,0.8,5
R003869,W051,P004,A05,15-08-2026,Day,8.8,0.8,36,Low,72,90,0.799,6
R003870,W051,P004,A02,17-08-2026,Day,9.7,1.7,42,High,78,87,0.9,1
R003871,W051,P004,A08,18-08-2026,Day,9.5,1.5,52,Medium,78,99,0.783,2
R003872,W051,P004,A06,19-08-2026,Night,10.7,2.7,57,Low,68,95,0.718,3
R003873,W051,P004,A06,20-08-2026,Day,9.1,1.1,50,High,46,62,0.746,4
R003874,W051,P004,A09,21-08-2026,Day,10.3,2.3,32,Medium,69,95,0.725,5
R003875,W051,P004,A04,22-08-2026,Day,9.2,1.2,51,High,63,85,0.742,6
R003876,W051,P004,A08,24-08-2026,Day,9.4,1.4,42,High,75,89,0.842,1
R003877,W051,P004,A01,25-08-2026,Day,8.5,0.5,54,High,64,85,0.755,2
R003878,W051,P004,A03,26-08-2026,Day,9,1,32,High,62,91,0.683,3
R003879,W051,P004,A01,27-08-2026,Night,10.2,2.2,47,Low,68,78,0.87,4
R003880,W051,P004,A05,28-08-2026,Day,10.4,2.4,47,Low,43,60,0.723,5
R003881,W051,P004,A06,29-08-2026,Day,8.8,0.8,38,Low,67,79,0.844,6
R003882,W052,P004,A02,01-06-2026,Day,9.8,1.8,38,Low,63,77,0.82,1
R003883,W052,P004,A09,02-06-2026,Day,10.4,2.4,36,High,64,95,0.672,2
R003884,W052,P004,A01,04-06-2026,Night,8.2,0.2,46,Critical,73,97,0.749,1
R003885,W052,P004,A04,05-06-2026,Night,9.1,1.1,33,Low,48,62,0.777,2
R003886,W052,P004,A06,06-06-2026,Day,9.5,1.5,46,Low,67,91,0.731,3
R003887,W052,P004,A08,07-06-2026,Day,9.3,1.3,40,Medium,64,88,0.729,4
R003888,W052,P004,A06,08-06-2026,Night,8.8,0.8,38,Medium,73,91,0.804,5
R003889,W052,P004,A08,09-06-2026,Day,9.2,1.2,35,High,43,74,0.579,6
R003890,W052,P004,A06,10-06-2026,Night,8.5,0.5,37,Critical,47,65,0.729,7
R003891,W052,P004,A06,11-06-2026,Day,8.7,0.7,43,Critical,60,75,0.795,8
R003892,W052,P004,A08,12-06-2026,Day,8.7,0.7,50,Low,75,99,0.762,9
R003893,W052,P004,A09,13-06-2026,Day,9.9,1.9,41,Medium,51,75,0.675,10
R003894,W052,P004,A06,15-06-2026,Day,10.2,2.2,43,Critical,55,83,0.659,1
R003895,W052,P004,A01,16-06-2026,Day,8.5,0.5,55,High,49,65,0.748,2
R003896,W052,P004,A03,17-06-2026,Day,8.7,0.7,36,Low,52,62,0.835,3
R003897,W052,P004,A03,18-06-2026,Day,8.4,0.4,46,Medium,65,79,0.827,4
R003898,W052,P004,A05,19-06-2026,Day,10.4,2.4,42,High,65,83,0.782,5
R003899,W052,P004,A08,20-06-2026,Day,11.3,3.3,37,Medium,49,67,0.729,6
R003900,W052,P004,A04,22-06-2026,Night,9.4,1.4,47,High,73,95,0.769,1
R003901,W052,P004,A06,23-06-2026,Day,9.8,1.8,33,High,56,70,0.796,2
R003902,W052,P004,A01,24-06-2026,Day,10.7,2.7,39,Medium,44,63,0.701,3
R003903,W052,P004,A05,25-06-2026,Day,8.9,0.9,43,Medium,63,98,0.648,4
R003904,W052,P004,A09,26-06-2026,Night,8.5,0.5,45,Low,81,97,0.837,5
R003905,W052,P004,A06,27-06-2026,Day,11,3,25,Low,57,75,0.753,6
R003906,W052,P004,A02,29-06-2026,Day,9.2,1.2,42,High,55,71,0.777,1
R003907,W052,P004,A07,30-06-2026,Day,8.4,0.4,48,Medium,68,83,0.822,2
R003908,W052,P004,A04,01-07-2026,Day,8,0,52,High,59,70,0.837,3
R003909,W052,P004,A02,02-07-2026,Day,9.1,1.1,41,Low,51,73,0.694,4
R003910,W052,P004,A05,04-07-2026,Day,9.5,1.5,38,Medium,76,95,0.799,1
R003911,W052,P004,A09,06-07-2026,Day,8,0,47,Medium,56,65,0.868,1
R003912,W052,P004,A02,07-07-2026,Day,10,2,56,Medium,72,97,0.738,2
R003913,W052,P004,A08,08-07-2026,Day,8,0,29,Low,51,62,0.826,3
R003914,W052,P004,A02,09-07-2026,Day,10,2,50,Medium,50,61,0.822,4
R003915,W052,P004,A01,10-07-2026,Night,10.3,2.3,29,High,72,86,0.837,5
R003916,W052,P004,A02,11-07-2026,Day,8.6,0.6,36,Medium,67,81,0.832,6
R003917,W052,P004,A02,12-07-2026,Day,9.2,1.2,35,Medium,64,92,0.691,7
R003918,W052,P004,A01,13-07-2026,Day,9.1,1.1,35,High,52,76,0.683,8
R003919,W052,P004,A07,15-07-2026,Day,9.9,1.9,29,High,42,62,0.68,1
R003920,W052,P004,A06,16-07-2026,Day,10.1,2.1,50,High,69,97,0.708,2
R003921,W052,P004,A07,17-07-2026,Day,10.3,2.3,43,High,63,80,0.792,3
R003922,W052,P004,A02,18-07-2026,Night,10,2,38,Low,80,97,0.821,4
R003923,W052,P004,A05,20-07-2026,Day,8.5,0.5,29,High,61,81,0.753,1
R003924,W052,P004,A07,21-07-2026,Day,10.2,2.2,45,Critical,48,75,0.644,2
R003925,W052,P004,A03,22-07-2026,Day,9.6,1.6,43,High,51,65,0.78,3
R003926,W052,P004,A03,23-07-2026,Day,9.8,1.8,49,Critical,49,63,0.773,4
R003927,W052,P004,A04,24-07-2026,Day,9.4,1.4,43,Medium,55,75,0.733,5
R003928,W052,P004,A03,25-07-2026,Day,9.4,1.4,38,High,69,91,0.754,6
R003929,W052,P004,A02,27-07-2026,Day,8,0,58,Low,83,99,0.838,1
R003930,W052,P004,A02,28-07-2026,Day,8.2,0.2,47,Low,72,83,0.868,2
R003931,W052,P004,A07,29-07-2026,Day,10,2,34,Medium,68,94,0.724,3
R003932,W052,P004,A09,30-07-2026,Night,9.1,1.1,28,High,75,99,0.756,4
R003933,W052,P004,A02,31-07-2026,Day,9.1,1.1,38,Medium,74,93,0.791,5
R003934,W052,P004,A07,01-08-2026,Day,10.3,2.3,48,Medium,71,84,0.843,6
R003935,W052,P004,A04,03-08-2026,Day,9.7,1.7,40,Medium,64,88,0.73,1
R003936,W052,P004,A04,04-08-2026,Day,10.7,2.7,49,Medium,68,85,0.795,2
R003937,W052,P004,A07,05-08-2026,Day,9.1,1.1,35,Low,53,75,0.713,3
R003938,W052,P004,A09,06-08-2026,Day,9.5,1.5,30,Low,63,81,0.775,4
R003939,W052,P004,A04,08-08-2026,Day,8.6,0.6,31,Low,66,82,0.807,1
R003940,W052,P004,A08,10-08-2026,Day,10.6,2.6,43,Medium,51,80,0.634,1
R003941,W052,P004,A04,11-08-2026,Day,9.4,1.4,37,Low,60,74,0.812,2
R003942,W052,P004,A03,12-08-2026,Night,10.6,2.6,48,High,49,64,0.758,3
R003943,W052,P004,A04,13-08-2026,Day,9.2,1.2,34,Medium,68,89,0.76,4
R003944,W052,P004,A03,15-08-2026,Day,11.1,3.1,27,High,47,72,0.652,1
R003945,W052,P004,A08,17-08-2026,Day,10,2,40,Low,77,94,0.817,1
R003946,W052,P004,A03,18-08-2026,Night,8.4,0.4,41,Low,63,83,0.756,2
R003947,W052,P004,A09,19-08-2026,Day,9.1,1.1,42,Low,74,95,0.778,3
R003948,W052,P004,A02,20-08-2026,Night,9.8,1.8,33,Low,59,78,0.758,4
R003949,W052,P004,A06,21-08-2026,Day,9.5,1.5,36,Medium,61,85,0.719,5
R003950,W052,P004,A07,22-08-2026,Day,9.7,1.7,56,Low,82,98,0.835,6
R003951,W052,P004,A07,24-08-2026,Day,9.3,1.3,56,Critical,68,89,0.763,1
R003952,W052,P004,A06,25-08-2026,Day,9.4,1.4,51,Medium,51,62,0.819,2
R003953,W052,P004,A08,26-08-2026,Day,11.4,3.4,35,High,46,69,0.661,3
R003954,W052,P004,A04,27-08-2026,Day,9.9,1.9,40,Medium,71,93,0.762,4
R003955,W052,P004,A01,28-08-2026,Day,10.9,2.9,45,Low,56,71,0.789,5
R003956,W052,P004,A01,29-08-2026,Day,10.2,2.2,44,Medium,61,79,0.772,6
R003957,W053,P006,A05,01-06-2026,Night,8.2,0.2,47,High,66,97,0.679,1
R003958,W053,P006,A01,02-06-2026,Day,10.8,2.8,50,Medium,75,94,0.794,2
R003959,W053,P006,A03,03-06-2026,Day,9.6,1.6,43,Medium,48,63,0.76,3
R003960,W053,P006,A04,04-06-2026,Day,8.8,0.8,37,Medium,53,67,0.791,4
R003961,W053,P006,A02,05-06-2026,Day,8,0,50,Low,76,90,0.845,5
R003962,W053,P006,A03,06-06-2026,Day,10.1,2.1,52,High,51,87,0.582,6
R003963,W053,P006,A06,08-06-2026,Day,10.7,2.7,40,High,49,65,0.753,1
R003964,W053,P006,A09,09-06-2026,Day,10.4,2.4,52,High,54,73,0.744,2
R003965,W053,P006,A04,10-06-2026,Day,9.5,1.5,42,Low,67,82,0.816,3
R003966,W053,P006,A04,11-06-2026,Day,12.4,4.4,43,High,70,91,0.773,4
R003967,W053,P006,A04,12-06-2026,Night,10.4,2.4,43,Low,55,77,0.717,5
R003968,W053,P006,A01,13-06-2026,Day,9.1,1.1,41,Medium,44,60,0.728,6
R003969,W053,P006,A02,15-06-2026,Day,10.5,2.5,40,High,70,98,0.718,1
R003970,W053,P006,A02,16-06-2026,Day,9.4,1.4,53,High,70,93,0.753,2
R003971,W053,P006,A06,17-06-2026,Day,10.9,2.9,46,Low,49,60,0.81,3
R003972,W053,P006,A07,18-06-2026,Day,10,2,35,Low,59,76,0.781,4
R003973,W053,P006,A04,19-06-2026,Day,10.8,2.8,37,High,64,80,0.796,5
R003974,W053,P006,A03,20-06-2026,Day,11.9,3.9,34,Medium,53,75,0.709,6
R003975,W053,P006,A01,23-06-2026,Day,10.4,2.4,59,Low,62,79,0.785,1
R003976,W053,P006,A01,24-06-2026,Day,12,4,30,Low,58,84,0.695,2
R003977,W053,P006,A04,25-06-2026,Night,9,1,60,Medium,63,79,0.792,3
R003978,W053,P006,A03,26-06-2026,Day,10.5,2.5,25,High,64,99,0.649,4
R003979,W053,P006,A02,29-06-2026,Day,9.2,1.2,35,Low,53,67,0.786,1
R003980,W053,P006,A07,30-06-2026,Day,9.3,1.3,52,Low,68,90,0.751,2
R003981,W053,P006,A05,01-07-2026,Night,9.9,1.9,29,High,59,80,0.744,3
R003982,W053,P006,A05,02-07-2026,Day,9.6,1.6,42,Medium,71,86,0.825,4
R003983,W053,P006,A03,03-07-2026,Night,8.3,0.3,53,Low,64,79,0.805,5
R003984,W053,P006,A03,04-07-2026,Day,9.1,1.1,28,High,49,80,0.609,6
R003985,W053,P006,A03,06-07-2026,Day,10.4,2.4,34,High,42,61,0.688,1
R003986,W053,P006,A04,07-07-2026,Day,8.5,0.5,40,Medium,68,86,0.787,2
R003987,W053,P006,A04,08-07-2026,Day,9.4,1.4,23,High,74,91,0.81,3
R003988,W053,P006,A02,09-07-2026,Day,8.9,0.9,47,Medium,70,92,0.758,4
R003989,W053,P006,A07,10-07-2026,Day,9.8,1.8,44,Low,57,69,0.833,5
R003990,W053,P006,A02,11-07-2026,Day,9.7,1.7,44,Low,75,97,0.771,6
R003991,W053,P006,A09,12-07-2026,Day,9.2,1.2,36,Critical,65,91,0.712,7
R003992,W053,P006,A01,13-07-2026,Day,9.2,1.2,50,Critical,68,99,0.691,8
R003993,W053,P006,A06,14-07-2026,Night,8.1,0.1,29,Medium,47,68,0.697,9
R003994,W053,P006,A02,15-07-2026,Day,11.1,3.1,31,High,65,92,0.705,10
R003995,W053,P006,A04,16-07-2026,Night,11.6,3.6,35,High,60,94,0.641,11
R003996,W053,P006,A04,17-07-2026,Day,9.8,1.8,39,Critical,55,83,0.664,12
R003997,W053,P006,A05,18-07-2026,Day,10.2,2.2,52,High,58,92,0.63,13
R003998,W053,P006,A02,20-07-2026,Day,10.1,2.1,51,Medium,68,84,0.815,1
R003999,W053,P006,A08,21-07-2026,Day,11.6,3.6,50,Low,68,83,0.821,2
R004000,W053,P006,A05,22-07-2026,Day,9.1,1.1,46,Medium,59,89,0.661,3
R004001,W053,P006,A06,23-07-2026,Day,9.5,1.5,60,Medium,65,77,0.848,4
R004002,W053,P006,A01,24-07-2026,Day,9.8,1.8,44,High,64,88,0.729,5
R004003,W053,P006,A04,27-07-2026,Day,9.6,1.6,34,High,48,62,0.775,1
R004004,W053,P006,A02,28-07-2026,Day,9.4,1.4,47,Medium,56,77,0.731,2
R004005,W053,P006,A07,29-07-2026,Day,10.1,2.1,27,Medium,74,99,0.749,3
R004006,W053,P006,A02,30-07-2026,Day,10.3,2.3,41,Low,73,97,0.753,4
R004007,W053,P006,A01,31-07-2026,Day,8.1,0.1,40,Medium,59,85,0.698,5
R004008,W053,P006,A05,01-08-2026,Night,9.7,1.7,30,Medium,44,68,0.647,6
R004009,W053,P006,A07,02-08-2026,Day,11.4,3.4,53,Low,52,72,0.716,7
R004010,W053,P006,A03,03-08-2026,Day,9.3,1.3,43,Low,42,67,0.627,8
R004011,W053,P006,A04,04-08-2026,Day,9.6,1.6,36,Low,66,82,0.803,9
R004012,W053,P006,A06,05-08-2026,Day,8.3,0.3,51,High,49,68,0.716,10
R004013,W053,P006,A02,06-08-2026,Day,9.8,1.8,40,Low,63,93,0.679,11
R004014,W053,P006,A09,07-08-2026,Day,10.1,2.1,36,Medium,43,72,0.597,12
R004015,W053,P006,A07,08-08-2026,Day,10.4,2.4,42,Low,53,75,0.711,13
R004016,W053,P006,A02,10-08-2026,Day,10.7,2.7,50,Medium,50,69,0.726,1
R004017,W053,P006,A04,11-08-2026,Night,9.1,1.1,51,Low,72,92,0.783,2
R004018,W053,P006,A03,12-08-2026,Day,10.1,2.1,31,Low,65,92,0.711,3
R004019,W053,P006,A02,13-08-2026,Day,9.5,1.5,40,Medium,53,63,0.84,4
R004020,W053,P006,A01,14-08-2026,Day,9.7,1.7,32,High,60,92,0.647,5
R004021,W053,P006,A07,16-08-2026,Day,12.8,4.8,53,Critical,50,71,0.698,1
R004022,W053,P006,A09,17-08-2026,Day,11,3,46,Medium,67,98,0.688,2
R004023,W053,P006,A09,18-08-2026,Day,10.2,2.2,39,Medium,60,83,0.728,3
R004024,W053,P006,A05,19-08-2026,Day,8.2,0.2,31,Medium,59,71,0.83,4
R004025,W053,P006,A07,20-08-2026,Day,10.5,2.5,35,Medium,61,89,0.681,5
R004026,W053,P006,A01,21-08-2026,Day,10.6,2.6,41,High,49,76,0.647,6
R004027,W053,P006,A08,22-08-2026,Day,9.8,1.8,30,Low,69,90,0.771,7
R004028,W053,P006,A03,24-08-2026,Day,8.8,0.8,54,High,56,77,0.724,1
R004029,W053,P006,A06,25-08-2026,Day,8,0,29,High,51,72,0.714,2
R004030,W053,P006,A05,26-08-2026,Night,10.5,2.5,40,Low,62,79,0.779,3
R004031,W053,P006,A03,27-08-2026,Day,8.9,0.9,53,Critical,59,79,0.745,4
R004032,W053,P006,A03,28-08-2026,Day,11.2,3.2,43,Medium,53,72,0.743,5
R004033,W053,P006,A02,29-08-2026,Day,11.9,3.9,33,High,69,99,0.692,6
R004034,W054,P005,A07,02-06-2026,Day,9.7,1.7,41,Low,59,75,0.786,1
R004035,W054,P005,A01,03-06-2026,Day,8.1,0.1,39,Low,50,64,0.777,2
R004036,W054,P005,A09,04-06-2026,Day,10.2,2.2,43,Medium,73,98,0.744,3
R004037,W054,P005,A09,05-06-2026,Day,11.1,3.1,50,Medium,58,80,0.72,4
R004038,W054,P005,A02,06-06-2026,Day,9.2,1.2,33,Critical,56,86,0.657,5
R004039,W054,P005,A07,08-06-2026,Day,10.5,2.5,29,Low,61,86,0.71,1
R004040,W054,P005,A05,09-06-2026,Day,9.2,1.2,40,Medium,42,69,0.606,2
R004041,W054,P005,A04,10-06-2026,Night,12.1,4.1,33,High,50,75,0.671,3
R004042,W054,P005,A06,11-06-2026,Day,8.9,0.9,21,Critical,55,84,0.659,4
R004043,W054,P005,A09,12-06-2026,Day,9.6,1.6,41,Low,49,63,0.782,5
R004044,W054,P005,A06,13-06-2026,Day,9.9,1.9,36,High,42,71,0.596,6
R004045,W054,P005,A07,15-06-2026,Day,11,3,26,Low,46,70,0.66,1
R004046,W054,P005,A02,16-06-2026,Day,10.7,2.7,40,Medium,43,67,0.648,2
R004047,W054,P005,A07,17-06-2026,Day,9.9,1.9,41,Medium,46,68,0.671,3
R004048,W054,P005,A03,18-06-2026,Night,10.9,2.9,19,Low,57,88,0.644,4
R004049,W054,P005,A09,19-06-2026,Day,10.6,2.6,30,Low,60,84,0.709,5
R004050,W054,P005,A07,20-06-2026,Day,8.9,0.9,38,High,49,74,0.659,6
R004051,W054,P005,A03,22-06-2026,Day,10.3,2.3,30,Medium,55,78,0.708,1
R004052,W054,P005,A07,23-06-2026,Night,11.1,3.1,37,Medium,45,64,0.705,2
R004053,W054,P005,A01,24-06-2026,Day,9.8,1.8,45,Medium,51,71,0.715,3
R004054,W054,P005,A05,25-06-2026,Day,10.9,2.9,29,Low,68,95,0.719,4
R004055,W054,P005,A01,26-06-2026,Day,9.4,1.4,44,Low,55,68,0.802,5
R004056,W054,P005,A01,27-06-2026,Day,9,1,21,High,47,76,0.62,6
R004057,W054,P005,A07,29-06-2026,Day,10.9,2.9,30,Low,61,77,0.789,1
R004058,W054,P005,A01,30-06-2026,Day,10.1,2.1,19,Medium,51,79,0.647,2
R004059,W054,P005,A02,01-07-2026,Day,9.7,1.7,36,Low,72,98,0.734,3
R004060,W054,P005,A07,02-07-2026,Day,10.3,2.3,48,Low,69,98,0.701,4
R004061,W054,P005,A09,03-07-2026,Day,10,2,32,High,47,68,0.691,5
R004062,W054,P005,A02,04-07-2026,Day,12.3,4.3,30,High,46,77,0.6,6
R004063,W054,P005,A06,05-07-2026,Night,9.8,1.8,41,Low,47,63,0.754,7
R004064,W054,P005,A04,06-07-2026,Day,10.3,2.3,41,Medium,60,88,0.686,8
R004065,W054,P005,A05,07-07-2026,Day,9.8,1.8,28,High,60,80,0.749,9
R004066,W054,P005,A02,08-07-2026,Day,11,3,44,High,47,69,0.68,10
R004067,W054,P005,A09,09-07-2026,Day,9.9,1.9,39,Medium,55,94,0.583,11
R004068,W054,P005,A04,10-07-2026,Night,9.3,1.3,28,Low,63,93,0.675,12
R004069,W054,P005,A02,11-07-2026,Day,11.2,3.2,42,Low,61,91,0.674,13
R004070,W054,P005,A09,13-07-2026,Day,11,3,42,High,70,96,0.729,1
R004071,W054,P005,A05,14-07-2026,Day,9.2,1.2,33,Low,45,61,0.733,2
R004072,W054,P005,A01,15-07-2026,Day,9.3,1.3,37,High,60,76,0.784,3
R004073,W054,P005,A04,16-07-2026,Day,10.1,2.1,44,Low,60,86,0.696,4
R004074,W054,P005,A02,17-07-2026,Day,9.5,1.5,36,Medium,63,89,0.704,5
R004075,W054,P005,A07,18-07-2026,Day,10.5,2.5,31,Low,50,73,0.688,6
R004076,W054,P005,A05,20-07-2026,Day,8.8,0.8,29,High,65,89,0.732,1
R004077,W054,P005,A02,21-07-2026,Day,9.1,1.1,47,High,52,74,0.706,2
R004078,W054,P005,A02,22-07-2026,Day,9.4,1.4,35,Low,71,91,0.776,3
R004079,W054,P005,A03,24-07-2026,Day,9.6,1.6,37,Medium,64,90,0.714,1
R004080,W054,P005,A03,25-07-2026,Day,10.3,2.3,36,High,41,64,0.642,2
R004081,W054,P005,A01,27-07-2026,Day,9.3,1.3,42,Low,53,75,0.705,1
R004082,W054,P005,A05,28-07-2026,Day,10.7,2.7,38,Critical,42,70,0.596,2
R004083,W054,P005,A08,29-07-2026,Day,10.9,2.9,43,Low,49,73,0.677,3
R004084,W054,P005,A06,30-07-2026,Day,11.3,3.3,37,Medium,60,86,0.7,4
R004085,W054,P005,A04,31-07-2026,Day,10.4,2.4,47,Medium,54,76,0.716,5
R004086,W054,P005,A05,01-08-2026,Day,9.3,1.3,18,High,54,88,0.612,6
R004087,W054,P005,A01,03-08-2026,Day,8.3,0.3,52,Critical,57,90,0.629,1
R004088,W054,P005,A02,04-08-2026,Day,10.6,2.6,36,Medium,62,84,0.742,2
R004089,W054,P005,A04,05-08-2026,Day,10.8,2.8,41,Low,75,86,0.867,3
R004090,W054,P005,A07,06-08-2026,Day,9,1,30,Medium,64,90,0.706,4
R004091,W054,P005,A03,07-08-2026,Night,9.8,1.8,39,Low,59,85,0.693,5
R004092,W054,P005,A01,08-08-2026,Day,9.6,1.6,37,Medium,61,84,0.726,6
R004093,W054,P005,A05,09-08-2026,Day,10.7,2.7,25,Low,54,69,0.784,7
R004094,W054,P005,A03,10-08-2026,Day,10.2,2.2,20,Medium,61,90,0.677,8
R004095,W054,P005,A04,11-08-2026,Day,11.4,3.4,33,Critical,52,91,0.575,9
R004096,W054,P005,A02,12-08-2026,Day,9.2,1.2,31,Low,38,63,0.608,10
R004097,W054,P005,A09,13-08-2026,Night,9.7,1.7,36,High,36,60,0.604,11
R004098,W054,P005,A05,14-08-2026,Day,11.2,3.2,46,Medium,47,64,0.736,12
R004099,W054,P005,A07,15-08-2026,Day,9.8,1.8,35,High,43,69,0.617,13
R004100,W054,P005,A01,16-08-2026,Day,10.1,2.1,34,Low,41,72,0.563,14
R004101,W054,P005,A03,17-08-2026,Day,10.1,2.1,46,Low,41,65,0.629,15
R004102,W054,P005,A03,18-08-2026,Day,10.9,2.9,40,Low,40,69,0.583,16
R004103,W054,P005,A06,19-08-2026,Day,9.6,1.6,48,Medium,49,70,0.697,17
R004104,W054,P005,A06,20-08-2026,Day,9,1,37,High,52,85,0.61,18
R004105,W054,P005,A08,21-08-2026,Day,12.4,4.4,50,Medium,54,88,0.616,19
R004106,W054,P005,A01,22-08-2026,Night,9.2,1.2,51,Medium,42,72,0.583,20
R004107,W054,P005,A06,24-08-2026,Day,11.3,3.3,24,Low,62,86,0.721,1
R004108,W054,P005,A01,25-08-2026,Day,11.4,3.4,25,Medium,68,97,0.698,2
R004109,W054,P005,A05,26-08-2026,Day,12,4,36,High,52,73,0.71,3
R004110,W054,P005,A08,27-08-2026,Day,9.3,1.3,27,Medium,74,97,0.764,4
R004111,W054,P005,A06,29-08-2026,Day,10.8,2.8,18,Low,58,90,0.647,1
R004112,W055,P005,A04,01-06-2026,Day,8.6,0.6,32,High,72,88,0.82,1
R004113,W055,P005,A01,02-06-2026,Day,9.1,1.1,50,Low,67,80,0.835,2
R004114,W055,P005,A07,03-06-2026,Day,10.2,2.2,45,Low,75,88,0.849,3
R004115,W055,P005,A03,04-06-2026,Day,10.1,2.1,41,Medium,77,97,0.791,4
R004116,W055,P005,A08,05-06-2026,Day,8,0,44,Medium,65,88,0.739,5
R004117,W055,P005,A03,06-06-2026,Day,11,3,43,High,64,97,0.663,6
R004118,W055,P005,A07,08-06-2026,Day,8,0,30,Medium,57,72,0.789,1
R004119,W055,P005,A08,09-06-2026,Day,9.1,1.1,48,High,68,86,0.788,2
R004120,W055,P005,A06,11-06-2026,Day,9.6,1.6,45,Medium,77,92,0.835,1
R004121,W055,P005,A04,12-06-2026,Day,10.7,2.7,58,High,66,90,0.733,2
R004122,W055,P005,A03,13-06-2026,Day,10.1,2.1,40,High,49,70,0.693,3
R004123,W055,P005,A04,15-06-2026,Day,9.4,1.4,49,Low,75,95,0.788,1
R004124,W055,P005,A03,16-06-2026,Day,8.8,0.8,32,Low,70,89,0.788,2
R004125,W055,P005,A03,17-06-2026,Day,8.3,0.3,39,High,79,94,0.841,3
R004126,W055,P005,A04,18-06-2026,Day,8.8,0.8,51,Medium,52,64,0.818,4
R004127,W055,P005,A05,19-06-2026,Day,9.5,1.5,37,Low,67,89,0.758,5
R004128,W055,P005,A03,20-06-2026,Day,9.2,1.2,38,Medium,50,65,0.766,6
R004129,W055,P005,A01,22-06-2026,Day,8,0,52,High,59,67,0.886,1
R004130,W055,P005,A07,23-06-2026,Day,10.5,2.5,48,Medium,62,81,0.762,2
R004131,W055,P005,A09,24-06-2026,Night,8.8,0.8,39,Low,64,82,0.784,3
R004132,W055,P005,A08,25-06-2026,Day,8.1,0.1,40,Medium,60,72,0.834,4
R004133,W055,P005,A04,26-06-2026,Day,8.8,0.8,47,High,81,97,0.831,5
R004134,W055,P005,A05,27-06-2026,Day,10.8,2.8,46,High,49,61,0.802,6
R004135,W055,P005,A04,29-06-2026,Day,8.3,0.3,41,High,67,80,0.835,1
R004136,W055,P005,A04,30-06-2026,Day,9.7,1.7,46,Medium,53,64,0.821,2
R004137,W055,P005,A07,01-07-2026,Day,8.1,0.1,39,Low,68,87,0.779,3
R004138,W055,P005,A04,02-07-2026,Night,11.3,3.3,29,High,49,71,0.693,4
R004139,W055,P005,A03,03-07-2026,Day,10.2,2.2,60,Medium,68,83,0.816,5
R004140,W055,P005,A05,04-07-2026,Day,8.2,0.2,48,Low,66,80,0.823,6
R004141,W055,P005,A06,06-07-2026,Day,9.9,1.9,38,Low,53,63,0.846,1
R004142,W055,P005,A06,07-07-2026,Day,9.9,1.9,36,Medium,55,73,0.749,2
R004143,W055,P005,A08,08-07-2026,Night,8.7,0.7,45,Medium,79,99,0.8,3
R004144,W055,P005,A04,09-07-2026,Day,10,2,45,High,59,94,0.628,4
R004145,W055,P005,A03,10-07-2026,Night,10.6,2.6,44,Low,73,91,0.802,5
R004146,W055,P005,A09,11-07-2026,Day,10.1,2.1,60,Medium,69,80,0.864,6
R004147,W055,P005,A07,13-07-2026,Day,10.8,2.8,36,Low,61,79,0.776,1
R004148,W055,P005,A05,15-07-2026,Day,8.3,0.3,51,Medium,54,63,0.863,1
R004149,W055,P005,A03,16-07-2026,Day,8,0,49,Low,50,64,0.782,2
R004150,W055,P005,A04,17-07-2026,Day,9.6,1.6,36,Critical,47,64,0.735,3
R004151,W055,P005,A07,18-07-2026,Day,9.5,1.5,38,Medium,60,82,0.736,4
R004152,W055,P005,A04,20-07-2026,Day,8,0,51,High,68,82,0.828,1
R004153,W055,P005,A04,21-07-2026,Day,10.7,2.7,53,High,66,99,0.666,2
R004154,W055,P005,A03,22-07-2026,Night,10,2,36,Medium,65,91,0.715,3
R004155,W055,P005,A09,23-07-2026,Day,10.3,2.3,44,Medium,67,86,0.78,4
R004156,W055,P005,A01,24-07-2026,Day,10.3,2.3,52,Low,53,71,0.747,5
R004157,W055,P005,A01,25-07-2026,Day,9.4,1.4,33,High,59,80,0.737,6
R004158,W055,P005,A03,27-07-2026,Night,8.7,0.7,46,Medium,85,99,0.863,1
R004159,W055,P005,A06,28-07-2026,Day,8.4,0.4,52,Medium,73,92,0.796,2
R004160,W055,P005,A02,29-07-2026,Day,9.4,1.4,46,Medium,56,75,0.743,3
R004161,W055,P005,A09,30-07-2026,Day,9.8,1.8,54,Critical,41,68,0.606,4
R004162,W055,P005,A02,31-07-2026,Day,10.1,2.1,35,Medium,74,93,0.795,5
R004163,W055,P005,A08,01-08-2026,Day,8.7,0.7,49,High,50,62,0.805,6
R004164,W055,P005,A02,03-08-2026,Night,12,4,43,Low,75,98,0.762,1
R004165,W055,P005,A06,04-08-2026,Day,10.7,2.7,46,High,55,70,0.779,2
R004166,W055,P005,A05,05-08-2026,Day,8.7,0.7,60,Medium,63,77,0.824,3
R004167,W055,P005,A05,06-08-2026,Day,8.2,0.2,43,High,77,96,0.797,4
R004168,W055,P005,A06,07-08-2026,Day,10.7,2.7,37,High,64,91,0.709,5
R004169,W055,P005,A03,08-08-2026,Day,10.5,2.5,46,Low,68,93,0.735,6
R004170,W055,P005,A03,09-08-2026,Day,8.5,0.5,41,Medium,56,78,0.723,7
R004171,W055,P005,A01,10-08-2026,Night,9.1,1.1,49,Critical,65,90,0.722,8
R004172,W055,P005,A09,11-08-2026,Day,8.5,0.5,45,Critical,45,73,0.613,9
R004173,W055,P005,A05,12-08-2026,Day,8.8,0.8,50,Medium,71,96,0.737,10
R004174,W055,P005,A05,13-08-2026,Day,11,3,37,Medium,51,79,0.645,11
R004175,W055,P005,A07,14-08-2026,Day,10.6,2.6,54,Medium,58,75,0.78,12
R004176,W055,P005,A04,15-08-2026,Day,9.1,1.1,38,Medium,64,86,0.745,13
R004177,W055,P005,A08,17-08-2026,Day,9.7,1.7,40,High,54,62,0.872,1
R004178,W055,P005,A02,18-08-2026,Day,9.1,1.1,49,Critical,61,77,0.793,2
R004179,W055,P005,A03,19-08-2026,Day,11,3,37,Medium,61,81,0.752,3
R004180,W055,P005,A06,20-08-2026,Night,8.8,0.8,36,Low,67,80,0.832,4
R004181,W055,P005,A04,21-08-2026,Day,9.3,1.3,32,High,59,79,0.748,5
R004182,W055,P005,A04,22-08-2026,Day,8.7,0.7,38,Low,63,85,0.74,6
R004183,W055,P005,A01,24-08-2026,Day,8.3,0.3,41,Low,51,69,0.738,1
R004184,W055,P005,A09,25-08-2026,Day,8.4,0.4,30,Low,72,84,0.861,2
R004185,W055,P005,A04,26-08-2026,Day,9.2,1.2,42,Low,51,64,0.805,3
R004186,W055,P005,A05,27-08-2026,Day,8.6,0.6,45,Low,84,94,0.891,4
R004187,W055,P005,A05,28-08-2026,Day,9,1,45,Low,70,82,0.859,5
R004188,W055,P005,A05,29-08-2026,Day,8.2,0.2,38,Low,50,66,0.753,6
R004189,W056,P006,A03,01-06-2026,Day,9.6,1.6,38,Medium,67,80,0.838,1
R004190,W056,P006,A09,02-06-2026,Night,10,2,21,Low,46,62,0.748,2
R004191,W056,P006,A08,03-06-2026,Day,10.3,2.3,35,High,44,63,0.697,3
R004192,W056,P006,A06,04-06-2026,Night,9.4,1.4,44,Medium,71,99,0.714,4
R004193,W056,P006,A03,05-06-2026,Day,8.3,0.3,43,Low,70,94,0.748,5
R004194,W056,P006,A09,06-06-2026,Day,8.6,0.6,36,High,61,84,0.723,6
R004195,W056,P006,A06,08-06-2026,Day,9,1,33,High,62,85,0.73,1
R004196,W056,P006,A04,09-06-2026,Night,9,1,45,Medium,84,93,0.899,2
R004197,W056,P006,A08,10-06-2026,Day,8.2,0.2,36,High,53,71,0.748,3
R004198,W056,P006,A08,11-06-2026,Day,8.3,0.3,32,Medium,63,88,0.717,4
R004199,W056,P006,A04,12-06-2026,Night,9.9,1.9,23,Medium,57,81,0.699,5
R004200,W056,P006,A06,13-06-2026,Day,8.1,0.1,38,High,56,73,0.763,6
R004201,W056,P006,A03,15-06-2026,Night,11.5,3.5,48,Low,64,85,0.753,1
R004202,W056,P006,A07,16-06-2026,Night,9.6,1.6,30,High,67,98,0.683,2
R004203,W056,P006,A01,17-06-2026,Day,10.3,2.3,40,High,67,90,0.742,3
R004204,W056,P006,A05,18-06-2026,Day,9.8,1.8,44,High,55,88,0.624,4
R004205,W056,P006,A07,19-06-2026,Day,9.2,1.2,35,Low,76,95,0.805,5
R004206,W056,P006,A03,20-06-2026,Night,10,2,42,Medium,47,67,0.698,6
R004207,W056,P006,A08,22-06-2026,Night,10.3,2.3,32,Medium,59,85,0.695,1
R004208,W056,P006,A06,23-06-2026,Day,11,3,39,Medium,43,62,0.694,2
R004209,W056,P006,A08,24-06-2026,Day,10.9,2.9,34,Medium,47,71,0.669,3
R004210,W056,P006,A06,25-06-2026,Day,8.4,0.4,43,High,67,79,0.848,4
R004211,W056,P006,A07,26-06-2026,Day,11,3,45,High,56,75,0.744,5
R004212,W056,P006,A07,27-06-2026,Day,9.7,1.7,38,High,45,62,0.73,6
R004213,W056,P006,A05,29-06-2026,Day,9.3,1.3,38,Medium,57,77,0.743,1
R004214,W056,P006,A04,30-06-2026,Day,9.1,1.1,53,Medium,50,63,0.801,2
R004215,W056,P006,A01,01-07-2026,Day,10.7,2.7,28,High,54,85,0.637,3
R004216,W056,P006,A09,02-07-2026,Day,12.2,4.2,52,Medium,54,71,0.758,4
R004217,W056,P006,A02,03-07-2026,Day,8,0,46,Medium,69,92,0.749,5
R004218,W056,P006,A05,04-07-2026,Day,10.8,2.8,49,Medium,52,68,0.764,6
R004219,W056,P006,A06,05-07-2026,Day,9.6,1.6,38,Medium,64,84,0.767,7
R004220,W056,P006,A02,06-07-2026,Day,9.5,1.5,43,Medium,61,78,0.781,8
R004221,W056,P006,A03,07-07-2026,Day,10.5,2.5,45,Low,67,92,0.733,9
R004222,W056,P006,A08,09-07-2026,Night,9.9,1.9,45,Low,59,69,0.857,1
R004223,W056,P006,A02,10-07-2026,Day,8,0,39,Low,63,81,0.773,2
R004224,W056,P006,A02,11-07-2026,Day,10.1,2.1,43,High,60,97,0.62,3
R004225,W056,P006,A08,13-07-2026,Night,8.5,0.5,45,Medium,65,83,0.778,1
R004226,W056,P006,A06,14-07-2026,Day,8.2,0.2,54,Critical,69,91,0.753,2
R004227,W056,P006,A07,15-07-2026,Day,11,3,37,Medium,63,94,0.672,3
R004228,W056,P006,A09,16-07-2026,Night,10.1,2.1,31,Medium,64,79,0.804,4
R004229,W056,P006,A09,18-07-2026,Day,11.4,3.4,29,Medium,63,83,0.763,1
R004230,W056,P006,A01,20-07-2026,Day,9.1,1.1,31,Medium,75,98,0.763,1
R004231,W056,P006,A06,21-07-2026,Day,9.8,1.8,54,Low,63,80,0.781,2
R004232,W056,P006,A07,22-07-2026,Day,9.1,1.1,32,Low,59,75,0.791,3
R004233,W056,P006,A09,23-07-2026,Day,8.9,0.9,22,Medium,58,79,0.737,4
R004234,W056,P006,A01,24-07-2026,Day,11.4,3.4,41,High,52,82,0.632,5
R004235,W056,P006,A08,25-07-2026,Day,10.6,2.6,41,Low,63,81,0.779,6
R004236,W056,P006,A03,27-07-2026,Day,11.4,3.4,41,Low,69,99,0.702,1
R004237,W056,P006,A09,28-07-2026,Day,11.8,3.8,42,Low,66,94,0.706,2
R004238,W056,P006,A08,29-07-2026,Day,8.5,0.5,32,Low,54,74,0.734,3
R004239,W056,P006,A02,30-07-2026,Day,8.5,0.5,34,Low,65,86,0.754,4
R004240,W056,P006,A04,31-07-2026,Day,9.5,1.5,40,High,51,74,0.688,5
R004241,W056,P006,A08,01-08-2026,Night,10.5,2.5,44,High,62,88,0.709,6
R004242,W056,P006,A07,03-08-2026,Day,10.5,2.5,34,High,76,99,0.77,1
R004243,W056,P006,A01,04-08-2026,Day,10.7,2.7,44,High,49,71,0.686,2
R004244,W056,P006,A08,05-08-2026,Night,9.7,1.7,44,Critical,47,77,0.617,3
R004245,W056,P006,A07,06-08-2026,Night,10.1,2.1,50,Medium,57,67,0.849,4
R004246,W056,P006,A05,07-08-2026,Day,11,3,42,Low,63,76,0.828,5
R004247,W056,P006,A05,08-08-2026,Day,10.2,2.2,33,Critical,70,99,0.704,6
R004248,W056,P006,A06,10-08-2026,Day,9.8,1.8,51,Medium,73,97,0.757,1
R004249,W056,P006,A06,11-08-2026,Day,10.9,2.9,23,High,59,84,0.704,2
R004250,W056,P006,A06,12-08-2026,Day,9.9,1.9,28,Medium,46,61,0.75,3
R004251,W056,P006,A09,13-08-2026,Day,8,0,37,Medium,62,70,0.893,4
R004252,W056,P006,A03,14-08-2026,Night,8.3,0.3,42,Medium,66,89,0.745,5
R004253,W056,P006,A06,15-08-2026,Day,10.8,2.8,39,Medium,62,93,0.664,6
R004254,W056,P006,A03,16-08-2026,Day,10.3,2.3,40,Medium,42,60,0.697,7
R004255,W056,P006,A05,17-08-2026,Day,10.4,2.4,51,Low,47,70,0.667,8
R004256,W056,P006,A09,18-08-2026,Day,10.5,2.5,40,High,53,77,0.689,9
R004257,W056,P006,A05,19-08-2026,Night,9.6,1.6,41,Medium,61,88,0.694,10
R004258,W056,P006,A09,20-08-2026,Day,10.4,2.4,44,Low,51,71,0.716,11
R004259,W056,P006,A04,21-08-2026,Day,9.4,1.4,33,High,63,91,0.695,12
R004260,W056,P006,A08,22-08-2026,Day,9.7,1.7,51,Low,62,90,0.692,13
R004261,W056,P006,A07,24-08-2026,Day,9.2,1.2,37,Medium,59,78,0.756,1
R004262,W056,P006,A05,25-08-2026,Day,11.6,3.6,39,High,49,73,0.671,2
R004263,W056,P006,A05,26-08-2026,Day,9.3,1.3,34,Low,60,75,0.801,3
R004264,W056,P006,A02,27-08-2026,Day,11.2,3.2,46,High,68,89,0.765,4
R004265,W056,P006,A04,28-08-2026,Night,10,2,32,High,54,76,0.711,5
R004266,W056,P006,A02,29-08-2026,Day,11.3,3.3,28,Medium,41,62,0.657,6
R004267,W057,P004,A06,01-06-2026,Day,8.8,0.8,37,Medium,72,91,0.786,1
R004268,W057,P004,A07,02-06-2026,Day,11.2,3.2,40,Medium,51,75,0.681,2
R004269,W057,P004,A04,03-06-2026,Day,9.9,1.9,37,High,41,64,0.639,3
R004270,W057,P004,A03,04-06-2026,Day,11.4,3.4,38,High,55,93,0.591,4
R004271,W057,P004,A07,05-06-2026,Day,11,3,28,High,47,83,0.572,5
R004272,W057,P004,A05,06-06-2026,Day,10.7,2.7,36,Medium,55,86,0.644,6
R004273,W057,P004,A04,08-06-2026,Night,8.7,0.7,28,Low,67,92,0.731,1
R004274,W057,P004,A03,09-06-2026,Day,9.9,1.9,33,Medium,55,67,0.816,2
R004275,W057,P004,A03,10-06-2026,Day,12.7,4.7,30,High,54,81,0.673,3
R004276,W057,P004,A06,11-06-2026,Night,10.1,2.1,18,High,56,78,0.718,4
R004277,W057,P004,A09,15-06-2026,Night,11,3,35,Medium,46,72,0.641,1
R004278,W057,P004,A08,16-06-2026,Day,11.1,3.1,36,Low,72,92,0.786,2
R004279,W057,P004,A06,17-06-2026,Day,9.7,1.7,35,Medium,58,81,0.711,3
R004280,W057,P004,A04,18-06-2026,Day,9,1,38,High,42,62,0.684,4
R004281,W057,P004,A03,19-06-2026,Day,10.2,2.2,27,Low,61,89,0.688,5
R004282,W057,P004,A01,20-06-2026,Day,11.2,3.2,43,Low,62,89,0.692,6
R004283,W057,P004,A02,21-06-2026,Day,8.9,0.9,29,Low,56,78,0.719,7
R004284,W057,P004,A01,22-06-2026,Day,11.1,3.1,40,Low,55,75,0.727,8
R004285,W057,P004,A04,24-06-2026,Day,11.7,3.7,27,Medium,74,95,0.781,1
R004286,W057,P004,A02,25-06-2026,Day,10.7,2.7,43,Critical,57,90,0.638,2
R004287,W057,P004,A03,26-06-2026,Day,10.1,2.1,27,High,66,96,0.692,3
R004288,W057,P004,A07,29-06-2026,Day,11.2,3.2,33,Low,46,67,0.685,1
R004289,W057,P004,A08,30-06-2026,Day,10.9,2.9,35,High,62,89,0.692,2
R004290,W057,P004,A02,01-07-2026,Day,10,2,39,Low,47,63,0.743,3
R004291,W057,P004,A07,02-07-2026,Day,11.8,3.8,32,Low,42,61,0.692,4
R004292,W057,P004,A08,03-07-2026,Day,11,3,40,Low,55,84,0.649,5
R004293,W057,P004,A01,04-07-2026,Day,11,3,44,Medium,44,70,0.626,6
R004294,W057,P004,A07,06-07-2026,Day,9.7,1.7,30,High,56,78,0.713,1
R004295,W057,P004,A05,07-07-2026,Day,10.5,2.5,36,Medium,64,97,0.662,2
R004296,W057,P004,A02,08-07-2026,Day,10.9,2.9,27,High,57,90,0.628,3
R004297,W057,P004,A01,09-07-2026,Night,11.3,3.3,35,High,55,78,0.708,4
R004298,W057,P004,A04,10-07-2026,Day,9.8,1.8,35,High,49,80,0.617,5
R004299,W057,P004,A02,11-07-2026,Day,8.7,0.7,33,High,60,98,0.612,6
R004300,W057,P004,A07,13-07-2026,Day,8.9,0.9,39,Critical,46,67,0.689,1
R004301,W057,P004,A03,14-07-2026,Day,10,2,49,High,38,63,0.609,2
R004302,W057,P004,A03,15-07-2026,Day,11.5,3.5,48,Low,50,67,0.744,3
R004303,W057,P004,A02,16-07-2026,Day,10.5,2.5,42,Medium,46,64,0.716,4
R004304,W057,P004,A09,17-07-2026,Day,10.9,2.9,28,Medium,51,90,0.572,5
R004305,W057,P004,A01,18-07-2026,Day,9.8,1.8,35,Medium,58,93,0.624,6
R004306,W057,P004,A07,20-07-2026,Day,9.6,1.6,40,Critical,59,92,0.639,1
R004307,W057,P004,A09,21-07-2026,Day,9.5,1.5,43,Medium,48,63,0.755,2
R004308,W057,P004,A04,22-07-2026,Day,11.2,3.2,22,Medium,38,66,0.582,3
R004309,W057,P004,A07,23-07-2026,Day,10.8,2.8,20,Low,63,97,0.646,4
R004310,W057,P004,A09,24-07-2026,Day,9.5,1.5,39,Medium,51,72,0.71,5
R004311,W057,P004,A04,25-07-2026,Day,11.1,3.1,49,Medium,55,93,0.591,6
R004312,W057,P004,A04,27-07-2026,Night,9.6,1.6,27,Medium,44,65,0.684,1
R004313,W057,P004,A05,28-07-2026,Day,10.1,2.1,43,Low,60,75,0.793,2
R004314,W057,P004,A01,29-07-2026,Day,11.7,3.7,37,Low,57,76,0.751,3
R004315,W057,P004,A03,30-07-2026,Day,11.8,3.8,36,Medium,44,66,0.664,4
R004316,W057,P004,A07,31-07-2026,Day,10.3,2.3,34,Medium,66,95,0.691,5
R004317,W057,P004,A03,01-08-2026,Day,11,3,31,Critical,53,74,0.711,6
R004318,W057,P004,A04,03-08-2026,Day,10,2,39,Low,56,80,0.702,1
R004319,W057,P004,A01,04-08-2026,Night,8,0,36,Medium,69,93,0.747,2
R004320,W057,P004,A04,05-08-2026,Day,9,1,26,Medium,40,63,0.64,3
R004321,W057,P004,A07,06-08-2026,Day,10,2,40,High,66,96,0.683,4
R004322,W057,P004,A09,07-08-2026,Day,11.3,3.3,39,Low,43,68,0.625,5
R004323,W057,P004,A09,08-08-2026,Day,8.4,0.4,19,Medium,69,92,0.75,6
R004324,W057,P004,A03,10-08-2026,Day,12.5,4.5,28,Medium,43,71,0.612,1
R004325,W057,P004,A07,11-08-2026,Night,11.9,3.9,41,High,55,85,0.641,2
R004326,W057,P004,A02,12-08-2026,Night,9.5,1.5,27,Critical,64,92,0.698,3
R004327,W057,P004,A09,13-08-2026,Day,11.1,3.1,22,Medium,53,96,0.553,4
R004328,W057,P004,A02,14-08-2026,Day,10.1,2.1,42,High,60,95,0.629,5
R004329,W057,P004,A07,15-08-2026,Day,9.5,1.5,34,Medium,54,82,0.663,6
R004330,W057,P004,A06,17-08-2026,Day,9.8,1.8,31,Medium,58,83,0.704,1
R004331,W057,P004,A06,18-08-2026,Day,12,4,38,Medium,41,60,0.685,2
R004332,W057,P004,A08,19-08-2026,Day,8,0,35,Low,53,68,0.783,3
R004333,W057,P004,A01,20-08-2026,Day,11.3,3.3,33,Low,52,74,0.697,4
R004334,W057,P004,A05,21-08-2026,Day,10.8,2.8,37,High,64,83,0.768,5
R004335,W057,P004,A04,22-08-2026,Day,10.2,2.2,28,Low,51,79,0.649,6
R004336,W057,P004,A05,24-08-2026,Day,10.3,2.3,33,Medium,63,79,0.793,1
R004337,W057,P004,A03,26-08-2026,Day,10.5,2.5,34,Medium,55,80,0.682,1
R004338,W057,P004,A06,27-08-2026,Night,10.9,2.9,32,High,61,99,0.621,2
R004339,W057,P004,A01,28-08-2026,Night,8.8,0.8,33,Medium,61,79,0.77,3
R004340,W057,P004,A08,29-08-2026,Day,9.2,1.2,46,Critical,47,72,0.647,4
R004341,W058,P004,A08,01-06-2026,Day,8.9,0.9,32,Critical,49,76,0.649,1
R004342,W058,P004,A04,02-06-2026,Night,8.6,0.6,37,Medium,51,69,0.746,2
R004343,W058,P004,A02,03-06-2026,Day,11.1,3.1,40,Low,59,82,0.724,3
R004344,W058,P004,A02,04-06-2026,Day,9.8,1.8,46,High,53,78,0.675,4
R004345,W058,P004,A07,05-06-2026,Day,8.7,0.7,39,Low,63,72,0.876,5
R004346,W058,P004,A07,06-06-2026,Day,10.5,2.5,41,Medium,47,68,0.698,6
R004347,W058,P004,A02,08-06-2026,Day,9.5,1.5,52,High,61,90,0.681,1
R004348,W058,P004,A07,09-06-2026,Day,9.6,1.6,43,High,40,67,0.601,2
R004349,W058,P004,A03,10-06-2026,Day,9.1,1.1,50,Medium,53,64,0.823,3
R004350,W058,P004,A04,11-06-2026,Day,10.2,2.2,38,Low,59,79,0.749,4
R004351,W058,P004,A05,12-06-2026,Day,9.8,1.8,38,Medium,61,78,0.782,5
R004352,W058,P004,A03,13-06-2026,Day,11.4,3.4,42,Medium,46,63,0.737,6
R004353,W058,P004,A02,15-06-2026,Day,10.3,2.3,41,Low,63,78,0.804,1
R004354,W058,P004,A06,16-06-2026,Day,10.4,2.4,39,High,57,78,0.732,2
R004355,W058,P004,A02,17-06-2026,Day,10.6,2.6,42,High,46,66,0.692,3
R004356,W058,P004,A02,18-06-2026,Day,10.1,2.1,13,Medium,44,68,0.654,4
R004357,W058,P004,A03,19-06-2026,Day,9.1,1.1,18,Medium,61,90,0.681,5
R004358,W058,P004,A07,20-06-2026,Day,10,2,31,Low,63,90,0.699,6
R004359,W058,P004,A03,22-06-2026,Day,8,0,37,High,42,60,0.708,1
R004360,W058,P004,A05,23-06-2026,Day,9.1,1.1,38,Medium,67,89,0.752,2
R004361,W058,P004,A05,24-06-2026,Day,8.7,0.7,32,Low,52,74,0.699,3
R004362,W058,P004,A02,26-06-2026,Day,9.3,1.3,34,Critical,60,79,0.759,1
R004363,W058,P004,A08,27-06-2026,Night,10.3,2.3,41,High,64,87,0.73,2
R004364,W058,P004,A01,28-06-2026,Day,9.1,1.1,38,Medium,68,99,0.687,3
R004365,W058,P004,A03,29-06-2026,Day,10.4,2.4,41,Low,65,79,0.822,4
R004366,W058,P004,A04,30-06-2026,Day,8,0,40,Medium,72,92,0.787,5
R004367,W058,P004,A09,01-07-2026,Day,9.4,1.4,42,Medium,45,60,0.752,6
R004368,W058,P004,A03,02-07-2026,Day,9.8,1.8,34,High,56,80,0.705,7
R004369,W058,P004,A05,03-07-2026,Day,10.8,2.8,51,Low,46,63,0.728,8
R004370,W058,P004,A01,04-07-2026,Night,9,1,38,Medium,59,83,0.709,9
R004371,W058,P004,A07,06-07-2026,Day,10.6,2.6,51,Low,71,92,0.768,1
R004372,W058,P004,A01,07-07-2026,Night,8,0,41,Low,67,84,0.8,2
R004373,W058,P004,A02,08-07-2026,Day,10.2,2.2,29,High,61,92,0.665,3
R004374,W058,P004,A01,09-07-2026,Day,9.5,1.5,37,Low,60,75,0.795,4
R004375,W058,P004,A06,10-07-2026,Day,10.1,2.1,41,High,68,90,0.754,5
R004376,W058,P004,A01,11-07-2026,Day,9.5,1.5,39,Low,48,67,0.716,6
R004377,W058,P004,A08,13-07-2026,Day,10.2,2.2,29,Medium,71,95,0.742,1
R004378,W058,P004,A03,14-07-2026,Day,10.6,2.6,45,High,53,67,0.791,2
R004379,W058,P004,A05,15-07-2026,Night,10.4,2.4,41,Medium,70,88,0.794,3
R004380,W058,P004,A06,16-07-2026,Night,10.1,2.1,29,Critical,55,88,0.63,4
R004381,W058,P004,A09,17-07-2026,Night,9.6,1.6,51,High,57,82,0.695,5
R004382,W058,P004,A02,18-07-2026,Day,9.4,1.4,28,Low,61,95,0.642,6
R004383,W058,P004,A04,20-07-2026,Day,9.6,1.6,14,Medium,72,89,0.808,1
R004384,W058,P004,A04,21-07-2026,Day,10.3,2.3,31,Medium,66,95,0.692,2
R004385,W058,P004,A03,22-07-2026,Night,9.3,1.3,45,High,42,60,0.708,3
R004386,W058,P004,A04,23-07-2026,Day,10.4,2.4,34,High,54,80,0.672,4
R004387,W058,P004,A07,24-07-2026,Day,9.3,1.3,38,Critical,50,72,0.698,5
R004388,W058,P004,A04,25-07-2026,Day,10,2,30,High,49,68,0.716,6
R004389,W058,P004,A05,27-07-2026,Day,10.3,2.3,38,High,55,74,0.75,1
R004390,W058,P004,A01,28-07-2026,Night,9.3,1.3,42,Critical,46,71,0.645,2
R004391,W058,P004,A01,29-07-2026,Day,8.3,0.3,29,Medium,47,66,0.708,3
R004392,W058,P004,A04,30-07-2026,Night,10,2,38,Medium,51,77,0.661,4
R004393,W058,P004,A04,31-07-2026,Day,9.8,1.8,44,Low,59,78,0.758,5
R004394,W058,P004,A06,01-08-2026,Day,8.6,0.6,30,High,50,69,0.727,6
R004395,W058,P004,A09,03-08-2026,Day,9.3,1.3,27,High,52,71,0.739,1
R004396,W058,P004,A08,04-08-2026,Night,10.1,2.1,36,High,59,86,0.684,2
R004397,W058,P004,A05,05-08-2026,Day,9.3,1.3,45,Critical,51,74,0.687,3
R004398,W058,P004,A03,06-08-2026,Day,9.4,1.4,28,Medium,61,81,0.756,4
R004399,W058,P004,A05,07-08-2026,Day,8.7,0.7,35,Medium,42,60,0.705,5
R004400,W058,P004,A04,08-08-2026,Day,10.1,2.1,40,Medium,52,74,0.696,6
R004401,W058,P004,A09,09-08-2026,Day,8,0,39,Critical,64,91,0.708,7
R004402,W058,P004,A01,10-08-2026,Day,9.9,1.9,43,High,56,84,0.665,8
R004403,W058,P004,A08,11-08-2026,Day,8.3,0.3,37,Medium,63,88,0.719,9
R004404,W058,P004,A06,12-08-2026,Night,11.2,3.2,42,Medium,55,92,0.597,10
R004405,W058,P004,A01,13-08-2026,Day,11.2,3.2,57,Low,43,63,0.68,11
R004406,W058,P004,A02,14-08-2026,Day,8.1,0.1,37,Low,56,73,0.767,12
R004407,W058,P004,A08,15-08-2026,Day,10.2,2.2,39,Medium,48,76,0.631,13
R004408,W058,P004,A01,17-08-2026,Day,8.8,0.8,34,Low,63,89,0.707,1
R004409,W058,P004,A09,18-08-2026,Day,10.3,2.3,36,High,58,82,0.705,2
R004410,W058,P004,A02,19-08-2026,Day,10.4,2.4,44,High,45,60,0.744,3
R004411,W058,P004,A09,20-08-2026,Day,10.1,2.1,42,Critical,70,97,0.725,4
R004412,W058,P004,A05,21-08-2026,Day,10.2,2.2,24,Medium,66,84,0.789,5
R004413,W058,P004,A08,22-08-2026,Day,9.4,1.4,37,Medium,58,75,0.78,6
R004414,W058,P004,A05,24-08-2026,Day,8.9,0.9,46,Medium,82,90,0.906,1
R004415,W058,P004,A08,25-08-2026,Day,8,0,46,Low,66,76,0.869,2
R004416,W058,P004,A03,26-08-2026,Day,8.5,0.5,40,Medium,47,64,0.734,3
R004417,W058,P004,A02,28-08-2026,Day,9.5,1.5,40,High,61,88,0.689,1
R004418,W058,P004,A08,29-08-2026,Day,11.2,3.2,36,Medium,71,96,0.738,2
R004419,W059,P004,A04,01-06-2026,Day,9.3,1.3,29,Medium,69,93,0.743,1
R004420,W059,P004,A04,02-06-2026,Night,9.5,1.5,43,Critical,67,96,0.701,2
R004421,W059,P004,A04,03-06-2026,Day,10.1,2.1,28,Critical,42,66,0.633,3
R004422,W059,P004,A02,04-06-2026,Day,10.7,2.7,34,Medium,46,70,0.664,4
R004423,W059,P004,A07,05-06-2026,Day,10.7,2.7,33,High,45,67,0.667,5
R004424,W059,P004,A07,06-06-2026,Night,10.5,2.5,37,Low,48,75,0.642,6
R004425,W059,P004,A06,08-06-2026,Day,9.3,1.3,47,High,42,62,0.685,1
R004426,W059,P004,A07,09-06-2026,Day,8,0,39,High,59,80,0.743,2
R004427,W059,P004,A02,10-06-2026,Day,11.2,3.2,30,Low,55,83,0.66,3
R004428,W059,P004,A01,11-06-2026,Day,10.3,2.3,29,High,66,95,0.697,4
R004429,W059,P004,A09,12-06-2026,Day,9.3,1.3,36,Medium,57,78,0.725,5
R004430,W059,P004,A06,13-06-2026,Day,9.8,1.8,40,Low,59,80,0.74,6
R004431,W059,P004,A09,15-06-2026,Day,9.1,1.1,48,Critical,70,98,0.71,1
R004432,W059,P004,A08,16-06-2026,Night,10.2,2.2,36,Medium,60,80,0.748,2
R004433,W059,P004,A04,17-06-2026,Day,10,2,30,Critical,65,94,0.693,3
R004434,W059,P004,A07,18-06-2026,Day,10.4,2.4,34,Low,59,79,0.744,4
R004435,W059,P004,A05,19-06-2026,Day,11.1,3.1,49,Medium,56,75,0.741,5
R004436,W059,P004,A01,20-06-2026,Day,11.1,3.1,36,Medium,55,77,0.712,6
R004437,W059,P004,A06,22-06-2026,Night,9.5,1.5,43,Low,54,72,0.745,1
R004438,W059,P004,A01,23-06-2026,Day,9.4,1.4,39,Critical,58,80,0.727,2
R004439,W059,P004,A02,24-06-2026,Day,10.1,2.1,29,Critical,48,76,0.625,3
R004440,W059,P004,A04,25-06-2026,Day,10.3,2.3,40,Medium,60,77,0.78,4
R004441,W059,P004,A05,26-06-2026,Day,11.5,3.5,40,Critical,39,65,0.594,5
R004442,W059,P004,A07,27-06-2026,Day,12,4,19,High,55,85,0.647,6
R004443,W059,P004,A04,29-06-2026,Day,11,3,49,Low,78,90,0.862,1
R004444,W059,P004,A07,30-06-2026,Night,9.1,1.1,35,Medium,61,84,0.73,2
R004445,W059,P004,A05,01-07-2026,Day,9.3,1.3,38,Low,70,90,0.782,3
R004446,W059,P004,A06,02-07-2026,Day,10,2,39,Medium,59,82,0.721,4
R004447,W059,P004,A02,03-07-2026,Day,10.6,2.6,52,Low,50,72,0.692,5
R004448,W059,P004,A03,04-07-2026,Night,10.5,2.5,37,Medium,47,68,0.695,6
R004449,W059,P004,A08,06-07-2026,Day,10.4,2.4,38,Low,47,61,0.763,1
R004450,W059,P004,A01,07-07-2026,Day,11.3,3.3,20,High,47,74,0.639,2
R004451,W059,P004,A09,08-07-2026,Day,10,2,44,High,67,90,0.742,3
R004452,W059,P004,A07,09-07-2026,Night,11.3,3.3,44,Critical,59,96,0.616,4
R004453,W059,P004,A09,10-07-2026,Day,9.8,1.8,31,High,52,82,0.63,5
R004454,W059,P004,A05,11-07-2026,Day,10.6,2.6,31,Critical,45,66,0.68,6
R004455,W059,P004,A02,13-07-2026,Day,9,1,56,Critical,62,75,0.824,1
R004456,W059,P004,A02,14-07-2026,Day,9.5,1.5,30,High,49,76,0.644,2
R004457,W059,P004,A03,15-07-2026,Day,11.2,3.2,45,Medium,68,96,0.71,3
R004458,W059,P004,A07,16-07-2026,Day,9.6,1.6,33,Medium,57,86,0.664,4
R004459,W059,P004,A07,17-07-2026,Night,8.6,0.6,40,High,58,79,0.735,5
R004460,W059,P004,A01,18-07-2026,Day,11,3,51,Low,63,91,0.692,6
R004461,W059,P004,A02,21-07-2026,Day,10.2,2.2,41,Medium,70,97,0.725,1
R004462,W059,P004,A08,22-07-2026,Day,11.4,3.4,38,Low,65,89,0.735,2
R004463,W059,P004,A03,23-07-2026,Night,9.6,1.6,21,Medium,67,97,0.692,3
R004464,W059,P004,A09,24-07-2026,Day,10.7,2.7,38,Medium,47,60,0.778,4
R004465,W059,P004,A01,25-07-2026,Day,10.7,2.7,40,Medium,67,99,0.681,5
R004466,W059,P004,A08,27-07-2026,Day,10.7,2.7,27,High,47,73,0.643,1
R004467,W059,P004,A04,28-07-2026,Day,9.1,1.1,38,Medium,50,72,0.696,2
R004468,W059,P004,A08,29-07-2026,Day,11.1,3.1,36,Medium,56,74,0.76,3
R004469,W059,P004,A09,30-07-2026,Day,9.3,1.3,45,High,56,78,0.712,4
R004470,W059,P004,A06,31-07-2026,Day,9.1,1.1,29,High,46,73,0.625,5
R004471,W059,P004,A06,01-08-2026,Day,9.4,1.4,34,High,56,79,0.707,6
R004472,W059,P004,A08,03-08-2026,Day,10.7,2.7,54,Medium,64,88,0.733,1
R004473,W059,P004,A01,04-08-2026,Day,11.2,3.2,19,Critical,44,64,0.681,2
R004474,W059,P004,A04,05-08-2026,Night,10.1,2.1,49,High,70,88,0.801,3
R004475,W059,P004,A08,06-08-2026,Day,9.5,1.5,38,High,41,74,0.555,4
R004476,W059,P004,A02,07-08-2026,Day,11.9,3.9,48,Medium,50,82,0.611,5
R004477,W059,P004,A07,08-08-2026,Day,11.8,3.8,42,Medium,55,85,0.649,6
R004478,W059,P004,A05,10-08-2026,Day,10.8,2.8,32,Critical,46,69,0.663,1
R004479,W059,P004,A05,11-08-2026,Day,11.3,3.3,35,High,62,94,0.664,2
R004480,W059,P004,A07,12-08-2026,Day,9.6,1.6,40,High,60,89,0.672,3
R004481,W059,P004,A01,13-08-2026,Day,9.3,1.3,40,Low,61,87,0.696,4
R004482,W059,P004,A09,14-08-2026,Day,12.2,4.2,36,High,44,68,0.643,5
R004483,W059,P004,A04,15-08-2026,Day,10,2,29,Medium,43,73,0.594,6
R004484,W059,P004,A05,17-08-2026,Day,9.3,1.3,40,Low,48,61,0.79,1
R004485,W059,P004,A07,18-08-2026,Day,10.7,2.7,19,High,55,80,0.694,2
R004486,W059,P004,A05,19-08-2026,Day,10,2,26,Low,45,63,0.715,3
R004487,W059,P004,A06,20-08-2026,Day,8,0,49,Medium,60,81,0.743,4
R004488,W059,P004,A03,21-08-2026,Day,9,1,24,High,42,63,0.663,5
R004489,W059,P004,A04,22-08-2026,Day,11.3,3.3,37,Low,70,97,0.718,6
R004490,W059,P004,A05,23-08-2026,Day,10.6,2.6,42,Medium,44,65,0.684,7
R004491,W059,P004,A07,24-08-2026,Day,11.3,3.3,35,Low,57,83,0.69,8
R004492,W059,P004,A07,25-08-2026,Day,10.9,2.9,27,High,46,77,0.6,9
R004493,W059,P004,A02,26-08-2026,Day,10.6,2.6,34,Medium,43,72,0.597,10
R004494,W059,P004,A02,27-08-2026,Day,8.6,0.6,32,High,42,68,0.623,11
R004495,W059,P004,A02,28-08-2026,Day,10.5,2.5,43,High,47,82,0.573,12
R004496,W060,P002,A06,01-06-2026,Day,9.9,1.9,60,Low,52,61,0.855,1
R004497,W060,P002,A02,02-06-2026,Day,8.6,0.6,37,Medium,70,90,0.781,2
R004498,W060,P002,A02,03-06-2026,Night,10.1,2.1,40,High,70,85,0.825,3
R004499,W060,P002,A04,04-06-2026,Day,10.9,2.9,30,Low,50,69,0.729,4
R004500,W060,P002,A02,05-06-2026,Day,10.1,2.1,50,Medium,67,87,0.77,5
R004501,W060,P002,A07,06-06-2026,Day,8.2,0.2,42,High,57,71,0.804,6
R004502,W060,P002,A02,09-06-2026,Day,9.4,1.4,43,Low,57,74,0.769,1
R004503,W060,P002,A02,10-06-2026,Day,9.2,1.2,28,Medium,48,65,0.742,2
R004504,W060,P002,A06,11-06-2026,Night,10.1,2.1,42,High,49,73,0.675,3
R004505,W060,P002,A08,12-06-2026,Day,8.3,0.3,54,Medium,62,75,0.821,4
R004506,W060,P002,A02,13-06-2026,Day,8.9,0.9,41,Medium,45,60,0.757,5
R004507,W060,P002,A06,15-06-2026,Day,9.6,1.6,41,Low,73,97,0.757,1
R004508,W060,P002,A07,16-06-2026,Day,9.7,1.7,57,High,53,67,0.798,2
R004509,W060,P002,A03,17-06-2026,Day,8.3,0.3,29,Low,61,77,0.798,3
R004510,W060,P002,A09,18-06-2026,Day,10,2,37,Low,76,91,0.836,4
R004511,W060,P002,A01,19-06-2026,Night,9.5,1.5,46,Medium,53,69,0.763,5
R004512,W060,P002,A02,20-06-2026,Day,10,2,42,Low,57,71,0.807,6
R004513,W060,P002,A05,22-06-2026,Day,8.8,0.8,50,High,51,69,0.739,1
R004514,W060,P002,A02,23-06-2026,Day,9.4,1.4,45,Low,54,62,0.87,2
R004515,W060,P002,A09,25-06-2026,Day,8.7,0.7,32,Low,80,94,0.856,1
R004516,W060,P002,A01,26-06-2026,Day,9.2,1.2,51,Low,59,64,0.915,2
R004517,W060,P002,A05,27-06-2026,Night,8.8,0.8,43,Medium,52,60,0.864,3
R004518,W060,P002,A09,29-06-2026,Day,10.4,2.4,36,Medium,47,60,0.779,1
R004519,W060,P002,A07,30-06-2026,Day,8.8,0.8,36,High,76,99,0.771,2
R004520,W060,P002,A06,01-07-2026,Day,10.6,2.6,42,Medium,49,70,0.7,3
R004521,W060,P002,A07,02-07-2026,Day,8,0,34,High,63,87,0.723,4
R004522,W060,P002,A04,03-07-2026,Night,9.2,1.2,44,Medium,61,76,0.799,5
R004523,W060,P002,A01,04-07-2026,Day,8.6,0.6,43,Medium,66,85,0.776,6
R004524,W060,P002,A08,06-07-2026,Night,11.3,3.3,45,High,63,87,0.721,1
R004525,W060,P002,A02,07-07-2026,Day,8,0,55,High,72,95,0.763,2
R004526,W060,P002,A09,08-07-2026,Day,9.7,1.7,57,Medium,75,94,0.797,3
R004527,W060,P002,A02,09-07-2026,Day,9.5,1.5,56,High,57,85,0.673,4
R004528,W060,P002,A04,10-07-2026,Day,10.5,2.5,45,Low,68,91,0.75,5
R004529,W060,P002,A06,11-07-2026,Day,8.8,0.8,49,Low,71,90,0.787,6
R004530,W060,P002,A04,13-07-2026,Day,9,1,37,Low,72,84,0.854,1
R004531,W060,P002,A01,14-07-2026,Day,10.7,2.7,59,Medium,79,97,0.813,2
R004532,W060,P002,A07,15-07-2026,Day,8.1,0.1,42,Medium,61,79,0.767,3
R004533,W060,P002,A08,16-07-2026,Day,12.4,4.4,59,High,57,88,0.653,4
R004534,W060,P002,A02,17-07-2026,Day,8.5,0.5,40,High,71,90,0.786,5
R004535,W060,P002,A08,18-07-2026,Day,8,0,30,Medium,52,64,0.809,6
R004536,W060,P002,A04,20-07-2026,Day,8.3,0.3,33,Low,47,60,0.779,1
R004537,W060,P002,A05,21-07-2026,Day,8,0,45,Critical,47,63,0.752,2
R004538,W060,P002,A01,22-07-2026,Day,9.5,1.5,44,Low,52,65,0.806,3
R004539,W060,P002,A05,23-07-2026,Day,8.1,0.1,54,Medium,68,81,0.843,4
R004540,W060,P002,A02,24-07-2026,Day,8.8,0.8,53,Medium,66,74,0.889,5
R004541,W060,P002,A09,25-07-2026,Night,9.8,1.8,43,Low,78,95,0.826,6
R004542,W060,P002,A02,27-07-2026,Day,10,2,43,Low,68,87,0.783,1
R004543,W060,P002,A06,28-07-2026,Day,8,0,48,High,72,87,0.833,2
R004544,W060,P002,A01,29-07-2026,Day,9.3,1.3,52,Medium,69,88,0.781,3
R004545,W060,P002,A07,30-07-2026,Day,8.3,0.3,41,Medium,65,78,0.832,4
R004546,W060,P002,A05,31-07-2026,Day,9.6,1.6,46,Medium,73,99,0.74,5
R004547,W060,P002,A03,01-08-2026,Night,8.7,0.7,47,Medium,85,97,0.879,6
R004548,W060,P002,A01,03-08-2026,Day,9.5,1.5,37,Low,66,87,0.753,1
R004549,W060,P002,A09,04-08-2026,Night,9.7,1.7,59,Low,71,83,0.851,2
R004550,W060,P002,A06,05-08-2026,Day,8.6,0.6,40,Medium,66,85,0.781,3
R004551,W060,P002,A03,06-08-2026,Day,8,0,41,Medium,78,98,0.799,4
R004552,W060,P002,A06,07-08-2026,Night,11.3,3.3,26,Medium,45,67,0.674,5
R004553,W060,P002,A05,08-08-2026,Day,8.8,0.8,43,Low,47,63,0.738,6
R004554,W060,P002,A01,10-08-2026,Day,8.8,0.8,42,Critical,58,70,0.832,1
R004555,W060,P002,A06,11-08-2026,Night,8,0,34,Low,79,93,0.851,2
R004556,W060,P002,A01,12-08-2026,Day,8.2,0.2,43,Medium,59,75,0.785,3
R004557,W060,P002,A09,13-08-2026,Day,10.8,2.8,35,Low,55,83,0.664,4
R004558,W060,P002,A01,14-08-2026,Day,8,0,43,Low,74,84,0.879,5
R004559,W060,P002,A02,15-08-2026,Day,8,0,45,Low,55,62,0.893,6
R004560,W060,P002,A04,17-08-2026,Day,11.2,3.2,56,High,67,90,0.748,1
R004561,W060,P002,A03,18-08-2026,Day,10.4,2.4,35,Low,72,82,0.876,2
R004562,W060,P002,A05,19-08-2026,Day,8.9,0.9,35,Medium,66,93,0.71,3
R004563,W060,P002,A05,20-08-2026,Day,8.8,0.8,46,Low,56,68,0.828,4
R004564,W060,P002,A04,21-08-2026,Day,9.7,1.7,39,Low,65,79,0.823,5
R004565,W060,P002,A09,22-08-2026,Day,8.4,0.4,48,Low,81,97,0.833,6
R004566,W060,P002,A02,24-08-2026,Day,9,1,38,Medium,51,60,0.848,1
R004567,W060,P002,A03,25-08-2026,Day,8.7,0.7,47,Low,86,99,0.871,2
R004568,W060,P002,A09,26-08-2026,Day,8,0,56,Low,76,96,0.793,3
R004569,W060,P002,A05,27-08-2026,Day,9,1,44,High,69,92,0.751,4
R004570,W060,P002,A09,28-08-2026,Day,10.4,2.4,35,Medium,56,80,0.702,5
R004571,W060,P002,A01,29-08-2026,Day,10.2,2.2,29,High,54,82,0.661,6
R004572,W061,P004,A07,01-06-2026,Day,8.8,0.8,48,Medium,56,65,0.864,1
R004573,W061,P004,A01,02-06-2026,Day,10.2,2.2,38,Medium,51,63,0.804,2
R004574,W061,P004,A04,03-06-2026,Night,11.5,3.5,40,Medium,46,75,0.611,3
R004575,W061,P004,A08,04-06-2026,Night,9.2,1.2,30,Low,53,66,0.807,4
R004576,W061,P004,A01,05-06-2026,Day,9.8,1.8,41,High,48,66,0.72,5
R004577,W061,P004,A06,06-06-2026,Day,8.8,0.8,32,Medium,57,82,0.692,6
R004578,W061,P004,A05,08-06-2026,Day,10.1,2.1,44,Low,48,68,0.71,1
R004579,W061,P004,A04,09-06-2026,Day,10.3,2.3,44,Medium,52,70,0.749,2
R004580,W061,P004,A09,10-06-2026,Day,11.5,3.5,44,Medium,56,88,0.64,3
R004581,W061,P004,A06,11-06-2026,Day,9,1,54,Medium,79,92,0.863,4
R004582,W061,P004,A06,12-06-2026,Night,9.5,1.5,42,Medium,58,79,0.74,5
R004583,W061,P004,A09,13-06-2026,Day,10.7,2.7,58,High,66,82,0.81,6
R004584,W061,P004,A01,15-06-2026,Night,9.4,1.4,53,Medium,51,61,0.83,1
R004585,W061,P004,A07,16-06-2026,Day,9.5,1.5,39,Low,70,96,0.734,2
R004586,W061,P004,A02,18-06-2026,Day,9.7,1.7,32,High,72,97,0.746,1
R004587,W061,P004,A04,19-06-2026,Night,8.3,0.3,40,Low,57,60,0.95,2
R004588,W061,P004,A01,20-06-2026,Day,8,0,50,High,58,92,0.629,3
R004589,W061,P004,A08,22-06-2026,Day,9.2,1.2,38,Low,59,76,0.782,1
R004590,W061,P004,A06,23-06-2026,Day,9.7,1.7,43,Medium,67,85,0.793,2
R004591,W061,P004,A06,24-06-2026,Day,11.4,3.4,43,Medium,58,96,0.602,3
R004592,W061,P004,A03,25-06-2026,Day,10.7,2.7,32,Low,61,90,0.674,4
R004593,W061,P004,A04,26-06-2026,Night,10,2,32,Low,61,73,0.837,5
R004594,W061,P004,A08,27-06-2026,Day,9,1,24,Medium,69,97,0.71,6
R004595,W061,P004,A06,29-06-2026,Day,9.7,1.7,40,Low,50,65,0.762,1
R004596,W061,P004,A09,30-06-2026,Day,9.6,1.6,46,Low,61,79,0.767,2
R004597,W061,P004,A01,01-07-2026,Day,9.7,1.7,39,Medium,75,96,0.778,3
R004598,W061,P004,A02,02-07-2026,Day,10.9,2.9,43,Medium,53,70,0.762,4
R004599,W061,P004,A06,03-07-2026,Day,10.6,2.6,24,High,45,65,0.691,5
R004600,W061,P004,A02,04-07-2026,Day,8.6,0.6,52,Low,56,70,0.806,6
R004601,W061,P004,A05,06-07-2026,Day,9.1,1.1,33,Medium,53,71,0.742,1
R004602,W061,P004,A07,07-07-2026,Day,10.6,2.6,35,Medium,77,98,0.781,2
R004603,W061,P004,A05,08-07-2026,Night,9.4,1.4,48,Low,65,87,0.75,3
R004604,W061,P004,A06,09-07-2026,Day,8,0,41,Low,46,62,0.736,4
R004605,W061,P004,A02,10-07-2026,Day,8.1,0.1,55,Medium,49,78,0.632,5
R004606,W061,P004,A04,11-07-2026,Day,11.4,3.4,49,High,58,77,0.752,6
R004607,W061,P004,A09,12-07-2026,Day,8.6,0.6,18,High,62,92,0.675,7
R004608,W061,P004,A04,14-07-2026,Day,8.7,0.7,24,Medium,90,99,0.905,1
R004609,W061,P004,A03,15-07-2026,Day,9,1,44,High,62,89,0.701,2
R004610,W061,P004,A04,16-07-2026,Day,8.4,0.4,41,Medium,47,60,0.789,3
R004611,W061,P004,A02,17-07-2026,Day,9.8,1.8,27,Medium,67,88,0.766,4
R004612,W061,P004,A08,18-07-2026,Day,10.5,2.5,31,Medium,64,98,0.655,5
R004613,W061,P004,A04,20-07-2026,Day,8,0,47,Medium,53,74,0.713,1
R004614,W061,P004,A06,21-07-2026,Day,8.4,0.4,53,Medium,86,99,0.867,2
R004615,W061,P004,A05,22-07-2026,Night,10.1,2.1,49,High,56,74,0.757,3
R004616,W061,P004,A01,23-07-2026,Day,9.1,1.1,44,Low,75,87,0.861,4
R004617,W061,P004,A06,24-07-2026,Day,8.8,0.8,39,Medium,70,90,0.781,5
R004618,W061,P004,A06,25-07-2026,Day,9.3,1.3,31,Medium,55,77,0.709,6
R004619,W061,P004,A07,27-07-2026,Day,11.2,3.2,47,Low,61,78,0.78,1
R004620,W061,P004,A07,28-07-2026,Day,9.3,1.3,58,High,71,86,0.823,2
R004621,W061,P004,A02,29-07-2026,Day,9.1,1.1,50,High,50,68,0.729,3
R004622,W061,P004,A09,30-07-2026,Day,8.6,0.6,45,Medium,67,83,0.811,4
R004623,W061,P004,A05,31-07-2026,Day,9.3,1.3,47,Critical,46,64,0.724,5
R004624,W061,P004,A04,01-08-2026,Day,10.6,2.6,42,Low,49,71,0.695,6
R004625,W061,P004,A03,03-08-2026,Night,8,0,35,High,44,68,0.643,1
R004626,W061,P004,A04,04-08-2026,Day,10.9,2.9,56,High,67,97,0.691,2
R004627,W061,P004,A08,05-08-2026,Day,10.5,2.5,33,Medium,52,85,0.614,3
R004628,W061,P004,A03,06-08-2026,Day,9.4,1.4,39,Low,45,64,0.706,4
R004629,W061,P004,A05,07-08-2026,Day,10,2,32,Low,72,95,0.762,5
R004630,W061,P004,A07,08-08-2026,Night,10.8,2.8,42,High,64,96,0.664,6
R004631,W061,P004,A02,10-08-2026,Night,9,1,40,Low,62,75,0.822,1
R004632,W061,P004,A02,11-08-2026,Day,8.8,0.8,22,High,76,99,0.767,2
R004633,W061,P004,A04,12-08-2026,Day,8.8,0.8,51,Critical,68,99,0.689,3
R004634,W061,P004,A01,13-08-2026,Day,12.5,4.5,39,Medium,46,67,0.691,4
R004635,W061,P004,A05,14-08-2026,Day,8.9,0.9,37,High,51,62,0.82,5
R004636,W061,P004,A04,15-08-2026,Day,9.5,1.5,60,High,64,72,0.888,6
R004637,W061,P004,A07,17-08-2026,Day,10.2,2.2,38,Medium,62,84,0.736,1
R004638,W061,P004,A02,18-08-2026,Day,11,3,31,Low,42,62,0.671,2
R004639,W061,P004,A09,19-08-2026,Day,10.8,2.8,43,Medium,58,75,0.772,3
R004640,W061,P004,A07,20-08-2026,Day,10.4,2.4,41,Low,60,76,0.791,4
R004641,W061,P004,A04,21-08-2026,Night,10.3,2.3,60,Low,49,64,0.772,5
R004642,W061,P004,A07,24-08-2026,Day,8.5,0.5,55,Low,53,62,0.858,1
R004643,W061,P004,A08,25-08-2026,Day,8.6,0.6,29,Low,57,66,0.865,2
R004644,W061,P004,A01,26-08-2026,Day,9.6,1.6,28,Low,73,95,0.768,3
R004645,W061,P004,A09,27-08-2026,Day,9.5,1.5,49,Medium,51,70,0.725,4
R004646,W061,P004,A01,28-08-2026,Day,10.4,2.4,45,Low,44,60,0.74,5
R004647,W061,P004,A03,29-08-2026,Day,10.5,2.5,51,Critical,54,75,0.718,6
R004648,W062,P003,A02,02-06-2026,Day,10.4,2.4,17,Low,55,86,0.636,1
R004649,W062,P003,A01,03-06-2026,Day,12.2,4.2,32,Medium,39,63,0.621,2
R004650,W062,P003,A09,04-06-2026,Day,11.1,3.1,22,High,44,63,0.701,3
R004651,W062,P003,A06,06-06-2026,Night,11.3,3.3,26,Low,43,67,0.64,1
R004652,W062,P003,A03,07-06-2026,Day,9.7,1.7,34,Medium,64,93,0.683,2
R004653,W062,P003,A09,08-06-2026,Day,10.8,2.8,44,Medium,38,60,0.64,3
R004654,W062,P003,A06,09-06-2026,Day,11.3,3.3,29,Medium,42,61,0.682,4
R004655,W062,P003,A05,10-06-2026,Day,10.8,2.8,28,High,64,97,0.657,5
R004656,W062,P003,A04,11-06-2026,Day,11.1,3.1,26,Medium,48,72,0.661,6
R004657,W062,P003,A02,12-06-2026,Day,11.8,3.8,37,Low,51,66,0.774,7
R004658,W062,P003,A04,13-06-2026,Day,12.8,4.8,43,Critical,41,65,0.625,8
R004659,W062,P003,A04,15-06-2026,Day,10.6,2.6,31,Low,61,91,0.67,1
R004660,W062,P003,A07,16-06-2026,Day,9,1,35,High,39,61,0.636,2
R004661,W062,P003,A06,17-06-2026,Day,9.2,1.2,25,Medium,49,77,0.636,3
R004662,W062,P003,A05,18-06-2026,Day,9.1,1.1,27,Medium,65,98,0.666,4
R004663,W062,P003,A06,19-06-2026,Night,9,1,16,Critical,55,94,0.582,5
R004664,W062,P003,A06,20-06-2026,Day,11.4,3.4,38,Medium,52,81,0.643,6
R004665,W062,P003,A03,22-06-2026,Day,11.6,3.6,36,High,63,97,0.652,1
R004666,W062,P003,A04,23-06-2026,Night,10.9,2.9,35,Low,53,70,0.761,2
R004667,W062,P003,A09,24-06-2026,Day,9,1,43,High,60,92,0.649,3
R004668,W062,P003,A01,25-06-2026,Day,11.4,3.4,31,High,38,61,0.629,4
R004669,W062,P003,A08,26-06-2026,Day,10,2,34,Medium,43,63,0.681,5
R004670,W062,P003,A01,27-06-2026,Day,12.2,4.2,25,High,51,98,0.521,6
R004671,W062,P003,A07,28-06-2026,Day,11.1,3.1,38,High,52,78,0.664,7
R004672,W062,P003,A02,30-06-2026,Night,11.7,3.7,35,High,48,72,0.672,1
R004673,W062,P003,A01,01-07-2026,Day,10.2,2.2,36,High,62,87,0.708,2
R004674,W062,P003,A02,02-07-2026,Day,11.6,3.6,22,Low,52,86,0.606,3
R004675,W062,P003,A05,03-07-2026,Day,13,5,35,Medium,40,60,0.673,4
R004676,W062,P003,A04,04-07-2026,Day,10.7,2.7,31,Low,49,85,0.579,5
R004677,W062,P003,A03,06-07-2026,Day,11.6,3.6,49,High,54,73,0.74,1
R004678,W062,P003,A06,07-07-2026,Day,11.8,3.8,36,Low,67,92,0.732,2
R004679,W062,P003,A02,08-07-2026,Day,10.7,2.7,41,High,50,69,0.718,3
R004680,W062,P003,A06,09-07-2026,Day,10.4,2.4,24,Low,44,60,0.726,4
R004681,W062,P003,A03,11-07-2026,Day,10.5,2.5,26,High,41,61,0.676,1
R004682,W062,P003,A08,13-07-2026,Night,9.6,1.6,29,High,66,98,0.673,1
R004683,W062,P003,A03,14-07-2026,Day,11.1,3.1,25,Low,54,86,0.625,2
R004684,W062,P003,A04,15-07-2026,Day,9.1,1.1,42,Critical,70,90,0.781,3
R004685,W062,P003,A06,16-07-2026,Night,10.6,2.6,18,High,63,94,0.669,4
R004686,W062,P003,A01,17-07-2026,Night,10.5,2.5,42,Low,55,79,0.702,5
R004687,W062,P003,A05,18-07-2026,Day,11.2,3.2,32,Low,42,63,0.663,6
R004688,W062,P003,A05,20-07-2026,Day,10.4,2.4,42,Medium,47,71,0.662,1
R004689,W062,P003,A05,21-07-2026,Day,9.4,1.4,50,High,56,81,0.697,2
R004690,W062,P003,A04,22-07-2026,Day,9.7,1.7,32,Critical,43,67,0.64,3
R004691,W062,P003,A05,23-07-2026,Day,11.3,3.3,36,High,53,97,0.547,4
R004692,W062,P003,A08,24-07-2026,Day,9.3,1.3,36,High,67,90,0.739,5
R004693,W062,P003,A03,25-07-2026,Day,9.8,1.8,43,Medium,47,70,0.668,6
R004694,W062,P003,A04,28-07-2026,Night,10.3,2.3,25,High,64,92,0.696,1
R004695,W062,P003,A02,29-07-2026,Day,10.6,2.6,31,Critical,55,89,0.621,2
R004696,W062,P003,A09,30-07-2026,Day,12.3,4.3,30,Medium,61,85,0.721,3
R004697,W062,P003,A01,31-07-2026,Day,10.3,2.3,34,Medium,52,71,0.738,4
R004698,W062,P003,A09,01-08-2026,Day,9,1,44,High,59,89,0.665,5
R004699,W062,P003,A04,02-08-2026,Day,9.8,1.8,31,Medium,42,62,0.679,6
R004700,W062,P003,A07,03-08-2026,Day,11.1,3.1,38,Low,53,72,0.731,7
R004701,W062,P003,A04,04-08-2026,Day,11.6,3.6,49,Medium,51,73,0.703,8
R004702,W062,P003,A04,05-08-2026,Night,10.6,2.6,27,High,47,75,0.624,9
R004703,W062,P003,A09,06-08-2026,Day,11.8,3.8,22,High,45,69,0.645,10
R004704,W062,P003,A02,07-08-2026,Day,10,2,32,High,58,98,0.593,11
R004705,W062,P003,A04,08-08-2026,Day,10.5,2.5,26,Low,55,73,0.755,12
R004706,W062,P003,A01,09-08-2026,Day,9.9,1.9,45,Medium,39,65,0.596,13
R004707,W062,P003,A08,10-08-2026,Day,10.7,2.7,36,High,36,63,0.57,14
R004708,W062,P003,A08,11-08-2026,Day,10.6,2.6,30,Low,57,83,0.682,15
R004709,W062,P003,A05,12-08-2026,Day,9.5,1.5,33,Low,66,93,0.711,16
R004710,W062,P003,A04,13-08-2026,Day,10.6,2.6,37,Medium,37,68,0.541,17
R004711,W062,P003,A07,14-08-2026,Day,9.9,1.9,28,Medium,61,97,0.626,18
R004712,W062,P003,A01,15-08-2026,Day,8.2,0.2,36,Medium,49,65,0.761,19
R004713,W062,P003,A02,16-08-2026,Night,10.9,2.9,48,Medium,37,62,0.59,20
R004714,W062,P003,A09,17-08-2026,Day,9.2,1.2,59,Medium,43,70,0.621,21
R004715,W062,P003,A01,18-08-2026,Night,9.7,1.7,25,High,44,71,0.615,22
R004716,W062,P003,A02,19-08-2026,Day,9.5,1.5,42,Medium,37,63,0.586,23
R004717,W062,P003,A05,20-08-2026,Day,10.6,2.6,34,Low,41,68,0.601,24
R004718,W062,P003,A03,21-08-2026,Day,11.3,3.3,14,High,45,84,0.539,25
R004719,W062,P003,A03,22-08-2026,Day,9.8,1.8,53,Low,57,81,0.705,26
R004720,W062,P003,A06,24-08-2026,Day,9.1,1.1,25,Medium,47,65,0.716,1
R004721,W062,P003,A06,26-08-2026,Day,10.5,2.5,38,Low,48,67,0.711,1
R004722,W062,P003,A04,27-08-2026,Day,10,2,29,High,63,99,0.638,2
R004723,W062,P003,A05,28-08-2026,Day,10.5,2.5,33,Low,44,65,0.682,3
R004724,W062,P003,A07,29-08-2026,Day,9.4,1.4,35,High,63,99,0.636,4
R004725,W063,P001,A09,01-06-2026,Day,11.3,3.3,35,Low,55,72,0.761,1
R004726,W063,P001,A01,02-06-2026,Day,10.4,2.4,37,Medium,47,69,0.688,2
R004727,W063,P001,A03,03-06-2026,Day,8,0,23,Low,52,66,0.78,3
R004728,W063,P001,A01,04-06-2026,Day,8,0,32,High,66,92,0.719,4
R004729,W063,P001,A07,05-06-2026,Day,9.8,1.8,44,High,70,94,0.744,5
R004730,W063,P001,A09,06-06-2026,Day,9.9,1.9,34,Critical,49,71,0.692,6
R004731,W063,P001,A02,07-06-2026,Day,9.4,1.4,25,Low,71,97,0.73,7
R004732,W063,P001,A03,08-06-2026,Day,9.8,1.8,36,Low,55,79,0.696,8
R004733,W063,P001,A09,09-06-2026,Day,11.9,3.9,36,Medium,54,90,0.605,9
R004734,W063,P001,A04,11-06-2026,Day,11.5,3.5,44,Medium,62,91,0.681,1
R004735,W063,P001,A07,12-06-2026,Day,9.9,1.9,38,Critical,64,90,0.712,2
R004736,W063,P001,A08,13-06-2026,Night,9.6,1.6,35,High,60,92,0.654,3
R004737,W063,P001,A01,15-06-2026,Day,9.7,1.7,54,Low,70,91,0.765,1
R004738,W063,P001,A04,16-06-2026,Day,10.5,2.5,37,Medium,58,78,0.742,2
R004739,W063,P001,A09,18-06-2026,Night,12,4,27,Critical,59,94,0.628,1
R004740,W063,P001,A09,19-06-2026,Day,12.1,4.1,35,High,60,82,0.732,2
R004741,W063,P001,A02,20-06-2026,Day,10.8,2.8,43,Medium,53,68,0.781,3
R004742,W063,P001,A01,22-06-2026,Day,8.4,0.4,29,High,62,86,0.718,1
R004743,W063,P001,A05,23-06-2026,Day,8.6,0.6,38,Critical,72,90,0.798,2
R004744,W063,P001,A04,24-06-2026,Day,9.9,1.9,26,Medium,43,64,0.673,3
R004745,W063,P001,A07,25-06-2026,Day,11.6,3.6,44,Low,57,96,0.59,4
R004746,W063,P001,A05,26-06-2026,Day,9.8,1.8,26,Medium,53,78,0.683,5
R004747,W063,P001,A06,27-06-2026,Day,11.2,3.2,24,Medium,60,74,0.808,6
R004748,W063,P001,A08,29-06-2026,Day,10.5,2.5,52,Low,49,66,0.737,1
R004749,W063,P001,A04,30-06-2026,Day,9.7,1.7,28,High,48,71,0.676,2
R004750,W063,P001,A09,01-07-2026,Night,8.4,0.4,31,Medium,63,81,0.774,3
R004751,W063,P001,A03,02-07-2026,Day,11.2,3.2,42,High,53,75,0.707,4
R004752,W063,P001,A04,03-07-2026,Day,8,0,49,High,59,80,0.736,5
R004753,W063,P001,A05,04-07-2026,Night,9.8,1.8,34,Low,61,92,0.665,6
R004754,W063,P001,A07,05-07-2026,Day,9,1,42,Critical,65,96,0.676,7
R004755,W063,P001,A04,06-07-2026,Day,10.5,2.5,39,Medium,49,67,0.729,8
R004756,W063,P001,A05,07-07-2026,Night,11.7,3.7,16,Medium,41,71,0.579,9
R004757,W063,P001,A02,08-07-2026,Day,8.8,0.8,17,Low,71,91,0.776,10
R004758,W063,P001,A04,09-07-2026,Day,10.2,2.2,34,Low,54,85,0.634,11
R004759,W063,P001,A05,10-07-2026,Day,10.9,2.9,31,Medium,53,78,0.673,12
R004760,W063,P001,A09,11-07-2026,Day,8.5,0.5,33,Medium,48,69,0.691,13
R004761,W063,P001,A09,13-07-2026,Day,9.3,1.3,27,Low,78,96,0.814,1
R004762,W063,P001,A03,14-07-2026,Day,10.2,2.2,50,Medium,69,90,0.768,2
R004763,W063,P001,A09,15-07-2026,Day,9.2,1.2,19,Critical,62,97,0.637,3
R004764,W063,P001,A02,16-07-2026,Day,8.5,0.5,51,High,43,62,0.694,4
R004765,W063,P001,A08,17-07-2026,Day,10.6,2.6,49,High,53,72,0.739,5
R004766,W063,P001,A03,18-07-2026,Day,10,2,56,Medium,61,80,0.762,6
R004767,W063,P001,A01,20-07-2026,Day,10,2,25,Medium,48,74,0.654,1
R004768,W063,P001,A02,21-07-2026,Night,8.8,0.8,37,Low,75,94,0.794,2
R004769,W063,P001,A04,22-07-2026,Night,11.1,3.1,50,Critical,71,96,0.744,3
R004770,W063,P001,A01,23-07-2026,Day,12.9,4.9,46,Critical,53,89,0.596,4
R004771,W063,P001,A05,24-07-2026,Night,9.9,1.9,38,Low,61,80,0.761,5
R004772,W063,P001,A09,25-07-2026,Day,10.9,2.9,32,High,39,69,0.572,6
R004773,W063,P001,A06,27-07-2026,Day,8.5,0.5,35,Critical,65,96,0.676,1
R004774,W063,P001,A08,28-07-2026,Day,10.9,2.9,27,High,61,94,0.654,2
R004775,W063,P001,A06,29-07-2026,Day,11.3,3.3,32,Low,52,73,0.715,3
R004776,W063,P001,A04,30-07-2026,Day,9.1,1.1,45,High,53,71,0.745,4
R004777,W063,P001,A02,31-07-2026,Day,11,3,47,Medium,74,98,0.751,5
R004778,W063,P001,A05,01-08-2026,Day,10.7,2.7,44,Low,43,65,0.657,6
R004779,W063,P001,A09,03-08-2026,Day,9.6,1.6,44,Medium,46,63,0.729,1
R004780,W063,P001,A02,04-08-2026,Day,9.3,1.3,29,Medium,62,97,0.635,2
R004781,W063,P001,A06,06-08-2026,Night,10,2,44,High,50,76,0.663,1
R004782,W063,P001,A03,07-08-2026,Night,10.2,2.2,34,Low,46,63,0.725,2
R004783,W063,P001,A09,08-08-2026,Day,10.1,2.1,46,High,56,75,0.746,3
R004784,W063,P001,A04,09-08-2026,Day,10.7,2.7,40,High,41,61,0.67,4
R004785,W063,P001,A09,10-08-2026,Day,11,3,33,Medium,51,69,0.734,5
R004786,W063,P001,A02,11-08-2026,Night,9.3,1.3,31,Medium,43,63,0.69,6
R004787,W063,P001,A06,12-08-2026,Day,8.9,0.9,30,High,50,70,0.718,7
R004788,W063,P001,A01,13-08-2026,Day,10.4,2.4,37,Medium,49,86,0.565,8
R004789,W063,P001,A08,14-08-2026,Day,11.6,3.6,56,High,52,77,0.68,9
R004790,W063,P001,A02,15-08-2026,Day,10.5,2.5,36,Medium,47,75,0.625,10
R004791,W063,P001,A05,17-08-2026,Day,10.5,2.5,39,Critical,60,90,0.667,1
R004792,W063,P001,A08,18-08-2026,Day,10.7,2.7,34,Low,59,80,0.733,2
R004793,W063,P001,A06,19-08-2026,Day,9.8,1.8,33,High,49,70,0.698,3
R004794,W063,P001,A06,20-08-2026,Day,10.4,2.4,35,Medium,49,71,0.691,4
R004795,W063,P001,A03,21-08-2026,Day,10.5,2.5,28,Low,53,65,0.814,5
R004796,W063,P001,A03,22-08-2026,Day,10.3,2.3,30,Medium,57,94,0.605,6
R004797,W063,P001,A01,23-08-2026,Night,11.4,3.4,41,Low,59,81,0.729,7
R004798,W063,P001,A04,24-08-2026,Day,10.2,2.2,32,Medium,53,76,0.696,8
R004799,W063,P001,A08,25-08-2026,Day,9.9,1.9,19,High,48,88,0.55,9
R004800,W063,P001,A08,26-08-2026,Day,10.1,2.1,35,Low,63,86,0.737,10
R004801,W063,P001,A07,27-08-2026,Day,9.1,1.1,32,High,37,73,0.505,11
R004802,W063,P001,A09,28-08-2026,Day,10,2,36,High,49,74,0.665,12
R004803,W063,P001,A03,29-08-2026,Night,10.3,2.3,31,Low,41,60,0.687,13
R004804,W064,P004,A08,01-06-2026,Day,8.7,0.7,25,High,62,79,0.785,1
R004805,W064,P004,A04,02-06-2026,Day,8.6,0.6,39,Low,59,70,0.848,2
R004806,W064,P004,A05,03-06-2026,Day,11.3,3.3,36,Low,47,61,0.763,3
R004807,W064,P004,A06,04-06-2026,Night,9.9,1.9,44,Medium,57,67,0.853,4
R004808,W064,P004,A02,05-06-2026,Day,10.3,2.3,35,Low,51,77,0.656,5
R004809,W064,P004,A09,08-06-2026,Day,10,2,40,Low,76,90,0.844,1
R004810,W064,P004,A01,09-06-2026,Day,8.7,0.7,41,Medium,47,68,0.689,2
R004811,W064,P004,A04,10-06-2026,Day,9.5,1.5,57,Low,77,91,0.845,3
R004812,W064,P004,A06,11-06-2026,Day,8.9,0.9,44,Medium,52,68,0.769,4
R004813,W064,P004,A04,12-06-2026,Day,10.7,2.7,27,Medium,61,83,0.74,5
R004814,W064,P004,A06,15-06-2026,Day,9.8,1.8,40,Low,82,95,0.866,1
R004815,W064,P004,A05,16-06-2026,Day,8.2,0.2,29,Low,51,60,0.848,2
R004816,W064,P004,A01,18-06-2026,Day,9.8,1.8,30,Medium,68,99,0.683,1
R004817,W064,P004,A04,19-06-2026,Day,9.3,1.3,41,Medium,77,93,0.829,2
R004818,W064,P004,A09,20-06-2026,Day,10.8,2.8,43,Medium,59,81,0.723,3
R004819,W064,P004,A07,22-06-2026,Day,8.1,0.1,39,Medium,62,77,0.811,1
R004820,W064,P004,A06,23-06-2026,Day,9.4,1.4,34,Medium,44,68,0.653,2
R004821,W064,P004,A09,24-06-2026,Night,9.4,1.4,36,High,48,74,0.644,3
R004822,W064,P004,A02,26-06-2026,Day,9.1,1.1,31,Medium,46,61,0.755,1
R004823,W064,P004,A08,27-06-2026,Day,8.1,0.1,49,Medium,55,62,0.89,2
R004824,W064,P004,A08,29-06-2026,Day,8,0,36,Low,68,90,0.755,1
R004825,W064,P004,A03,30-06-2026,Day,10,2,38,High,54,74,0.731,2
R004826,W064,P004,A03,01-07-2026,Day,10.4,2.4,35,Low,54,76,0.716,3
R004827,W064,P004,A01,02-07-2026,Night,8.7,0.7,48,Medium,62,78,0.794,4
R004828,W064,P004,A05,03-07-2026,Day,9.3,1.3,40,High,65,86,0.757,5
R004829,W064,P004,A08,04-07-2026,Day,11.9,3.9,37,Medium,48,64,0.752,6
R004830,W064,P004,A02,06-07-2026,Day,10.2,2.2,44,High,58,80,0.725,1
R004831,W064,P004,A05,07-07-2026,Day,10,2,54,Low,70,83,0.847,2
R004832,W064,P004,A08,08-07-2026,Day,8.8,0.8,48,Critical,78,95,0.818,3
R004833,W064,P004,A09,09-07-2026,Night,9.7,1.7,51,High,64,75,0.852,4
R004834,W064,P004,A02,10-07-2026,Day,11.2,3.2,43,Low,68,89,0.766,5
R004835,W064,P004,A02,11-07-2026,Day,10.2,2.2,48,Medium,76,96,0.79,6
R004836,W064,P004,A05,13-07-2026,Day,10.1,2.1,41,High,57,78,0.731,1
R004837,W064,P004,A05,14-07-2026,Day,9.5,1.5,45,High,49,66,0.735,2
R004838,W064,P004,A09,15-07-2026,Day,8.2,0.2,39,High,51,67,0.765,3
R004839,W064,P004,A02,16-07-2026,Day,10.4,2.4,47,High,59,84,0.704,4
R004840,W064,P004,A02,17-07-2026,Day,9.8,1.8,42,Medium,62,81,0.767,5
R004841,W064,P004,A05,18-07-2026,Day,10.7,2.7,41,High,48,79,0.614,6
R004842,W064,P004,A04,20-07-2026,Day,9.7,1.7,31,Medium,54,69,0.783,1
R004843,W064,P004,A05,21-07-2026,Day,8.5,0.5,41,High,71,86,0.828,2
R004844,W064,P004,A06,22-07-2026,Day,10.1,2.1,33,Low,54,68,0.791,3
R004845,W064,P004,A09,23-07-2026,Night,11.8,3.8,36,Medium,47,78,0.598,4
R004846,W064,P004,A03,24-07-2026,Day,9.4,1.4,47,Low,55,70,0.784,5
R004847,W064,P004,A04,25-07-2026,Day,8.7,0.7,36,Low,49,62,0.794,6
R004848,W064,P004,A05,26-07-2026,Day,8.8,0.8,34,Low,64,90,0.712,7
R004849,W064,P004,A02,27-07-2026,Day,8,0,34,High,45,62,0.724,8
R004850,W064,P004,A02,28-07-2026,Day,10.2,2.2,29,Medium,43,73,0.59,9
R004851,W064,P004,A04,30-07-2026,Day,9.6,1.6,52,Low,67,83,0.808,1
R004852,W064,P004,A01,31-07-2026,Day,9.1,1.1,38,Low,67,85,0.783,2
R004853,W064,P004,A04,01-08-2026,Day,9,1,32,Medium,45,64,0.703,3
R004854,W064,P004,A09,03-08-2026,Day,9.7,1.7,33,Low,82,92,0.888,1
R004855,W064,P004,A02,04-08-2026,Day,8.4,0.4,41,High,65,85,0.76,2
R004856,W064,P004,A06,05-08-2026,Night,9.7,1.7,37,Low,58,80,0.731,3
R004857,W064,P004,A07,07-08-2026,Day,9.6,1.6,34,Low,74,90,0.824,1
R004858,W064,P004,A06,08-08-2026,Day,10.1,2.1,36,Low,57,77,0.738,2
R004859,W064,P004,A06,10-08-2026,Night,9.4,1.4,57,Low,72,88,0.817,1
R004860,W064,P004,A05,11-08-2026,Night,9.6,1.6,43,High,56,71,0.786,2
R004861,W064,P004,A09,12-08-2026,Day,8.5,0.5,43,Low,59,79,0.745,3
R004862,W064,P004,A02,13-08-2026,Day,9,1,40,Low,61,76,0.799,4
R004863,W064,P004,A04,14-08-2026,Day,9.7,1.7,40,Medium,59,79,0.752,5
R004864,W064,P004,A07,15-08-2026,Night,10.3,2.3,35,Low,66,95,0.694,6
R004865,W064,P004,A02,17-08-2026,Day,8.6,0.6,41,Medium,64,74,0.858,1
R004866,W064,P004,A04,18-08-2026,Day,10.1,2.1,50,Medium,65,88,0.738,2
R004867,W064,P004,A02,19-08-2026,Day,9,1,35,Medium,69,96,0.721,3
R004868,W064,P004,A04,20-08-2026,Day,9.2,1.2,39,Medium,65,84,0.774,4
R004869,W064,P004,A05,21-08-2026,Day,9.1,1.1,33,Medium,58,84,0.686,5
R004870,W064,P004,A07,22-08-2026,Day,8.2,0.2,36,High,60,76,0.789,6
R004871,W064,P004,A03,24-08-2026,Day,8.8,0.8,35,Medium,65,88,0.734,1
R004872,W064,P004,A09,25-08-2026,Day,8.9,0.9,34,Medium,61,79,0.766,2
R004873,W064,P004,A02,26-08-2026,Day,9.9,1.9,53,Medium,55,70,0.785,3
R004874,W064,P004,A06,27-08-2026,Night,8.3,0.3,44,High,67,95,0.709,4
R004875,W064,P004,A05,28-08-2026,Day,10.8,2.8,38,Low,52,62,0.833,5
R004876,W064,P004,A07,29-08-2026,Day,10,2,36,Critical,61,89,0.688,6
R004877,W065,P006,A06,01-06-2026,Day,10.8,2.8,32,Medium,74,97,0.764,1
R004878,W065,P006,A06,02-06-2026,Night,10.1,2.1,39,High,55,81,0.68,2
R004879,W065,P006,A07,03-06-2026,Day,9.7,1.7,44,Medium,53,74,0.715,3
R004880,W065,P006,A01,04-06-2026,Day,10.5,2.5,37,High,52,72,0.724,4
R004881,W065,P006,A08,05-06-2026,Day,10.8,2.8,37,Low,54,85,0.64,5
R004882,W065,P006,A04,06-06-2026,Day,8.9,0.9,27,Low,60,86,0.699,6
R004883,W065,P006,A06,08-06-2026,Day,8.8,0.8,33,Medium,46,63,0.726,1
R004884,W065,P006,A05,09-06-2026,Day,9.5,1.5,44,Low,47,70,0.676,2
R004885,W065,P006,A03,10-06-2026,Night,11.7,3.7,19,High,52,83,0.622,3
R004886,W065,P006,A05,11-06-2026,Day,11.6,3.6,17,High,38,65,0.583,4
R004887,W065,P006,A09,12-06-2026,Night,9.6,1.6,44,Critical,46,64,0.721,5
R004888,W065,P006,A07,13-06-2026,Day,11.2,3.2,32,Medium,46,68,0.677,6
R004889,W065,P006,A08,15-06-2026,Day,10.6,2.6,35,Medium,56,82,0.68,1
R004890,W065,P006,A08,16-06-2026,Day,10.9,2.9,37,Medium,61,80,0.759,2
R004891,W065,P006,A06,17-06-2026,Day,10.4,2.4,36,Medium,67,96,0.695,3
R004892,W065,P006,A08,18-06-2026,Day,9.6,1.6,42,Low,58,83,0.701,4
R004893,W065,P006,A05,19-06-2026,Day,10.2,2.2,38,Low,44,61,0.713,5
R004894,W065,P006,A03,20-06-2026,Day,8,0,41,High,53,71,0.748,6
R004895,W065,P006,A07,22-06-2026,Night,11.2,3.2,37,High,39,63,0.616,1
R004896,W065,P006,A09,23-06-2026,Day,9.4,1.4,36,High,73,99,0.739,2
R004897,W065,P006,A02,25-06-2026,Day,11.6,3.6,41,Medium,57,86,0.66,1
R004898,W065,P006,A08,26-06-2026,Day,9.2,1.2,45,Medium,66,96,0.683,2
R004899,W065,P006,A05,27-06-2026,Day,10,2,33,Medium,60,80,0.751,3
R004900,W065,P006,A05,29-06-2026,Day,11.2,3.2,31,Low,54,74,0.729,1
R004901,W065,P006,A07,30-06-2026,Day,9.5,1.5,30,Medium,61,94,0.647,2
R004902,W065,P006,A01,01-07-2026,Day,11.1,3.1,43,High,57,80,0.714,3
R004903,W065,P006,A05,02-07-2026,Day,8.2,0.2,38,Medium,54,78,0.691,4
R004904,W065,P006,A01,03-07-2026,Day,9.7,1.7,31,Low,58,82,0.707,5
R004905,W065,P006,A03,04-07-2026,Night,9.7,1.7,16,Critical,59,87,0.677,6
R004906,W065,P006,A06,05-07-2026,Day,10.4,2.4,43,Low,46,72,0.638,7
R004907,W065,P006,A07,06-07-2026,Day,10.9,2.9,30,Medium,57,93,0.612,8
R004908,W065,P006,A09,07-07-2026,Day,10,2,37,Low,49,72,0.686,9
R004909,W065,P006,A09,08-07-2026,Night,9.2,1.2,33,Medium,51,72,0.708,10
R004910,W065,P006,A05,10-07-2026,Day,10.1,2.1,39,High,42,61,0.696,1
R004911,W065,P006,A04,11-07-2026,Day,8,0,38,Low,43,63,0.681,2
R004912,W065,P006,A07,13-07-2026,Day,10.5,2.5,22,High,44,67,0.654,1
R004913,W065,P006,A07,14-07-2026,Day,9.7,1.7,38,Medium,48,67,0.711,2
R004914,W065,P006,A06,16-07-2026,Day,8.6,0.6,51,High,66,96,0.69,1
R004915,W065,P006,A02,17-07-2026,Day,9.2,1.2,30,Critical,51,77,0.668,2
R004916,W065,P006,A03,18-07-2026,Day,10.6,2.6,36,Medium,68,98,0.697,3
R004917,W065,P006,A05,20-07-2026,Day,10.7,2.7,31,Medium,52,71,0.735,1
R004918,W065,P006,A04,21-07-2026,Day,10,2,49,Medium,60,87,0.684,2
R004919,W065,P006,A08,22-07-2026,Night,10.3,2.3,38,High,56,85,0.664,3
R004920,W065,P006,A02,23-07-2026,Day,9,1,40,High,43,63,0.682,4
R004921,W065,P006,A03,24-07-2026,Day,9.9,1.9,45,Low,49,62,0.798,5
R004922,W065,P006,A02,25-07-2026,Day,10.5,2.5,20,Critical,37,63,0.585,6
R004923,W065,P006,A08,27-07-2026,Day,11.4,3.4,38,High,72,97,0.745,1
R004924,W065,P006,A06,28-07-2026,Day,10.2,2.2,34,Low,67,90,0.743,2
R004925,W065,P006,A06,29-07-2026,Day,10.9,2.9,35,Critical,46,77,0.601,3
R004926,W065,P006,A03,30-07-2026,Day,9.4,1.4,46,Medium,75,96,0.782,4
R004927,W065,P006,A08,31-07-2026,Day,11.6,3.6,37,Medium,46,65,0.707,5
R004928,W065,P006,A04,01-08-2026,Night,9.9,1.9,30,Medium,48,65,0.745,6
R004929,W065,P006,A06,02-08-2026,Day,9.6,1.6,30,Low,63,94,0.674,7
R004930,W065,P006,A04,03-08-2026,Day,10.1,2.1,45,Medium,42,66,0.642,8
R004931,W065,P006,A08,04-08-2026,Day,9.5,1.5,45,Low,59,82,0.725,9
R004932,W065,P006,A01,05-08-2026,Day,10.3,2.3,23,Medium,60,90,0.666,10
R004933,W065,P006,A04,06-08-2026,Day,9.6,1.6,39,High,66,89,0.737,11
R004934,W065,P006,A05,07-08-2026,Day,10.5,2.5,32,Medium,62,98,0.628,12
R004935,W065,P006,A04,08-08-2026,Night,10.8,2.8,28,Low,59,96,0.616,13
R004936,W065,P006,A01,11-08-2026,Day,8,0,47,High,68,87,0.786,1
R004937,W065,P006,A02,12-08-2026,Day,11,3,36,High,61,86,0.71,2
R004938,W065,P006,A07,13-08-2026,Day,8.1,0.1,36,Medium,71,92,0.776,3
R004939,W065,P006,A03,14-08-2026,Day,8.1,0.1,38,Medium,50,70,0.72,4
R004940,W065,P006,A07,15-08-2026,Day,11.7,3.7,33,Medium,57,92,0.623,5
R004941,W065,P006,A03,17-08-2026,Day,10.7,2.7,35,High,48,69,0.692,1
R004942,W065,P006,A02,18-08-2026,Day,9.8,1.8,27,High,68,91,0.744,2
R004943,W065,P006,A03,19-08-2026,Day,8,0,27,High,58,87,0.663,3
R004944,W065,P006,A06,20-08-2026,Day,8.8,0.8,35,Medium,44,61,0.714,4
R004945,W065,P006,A07,21-08-2026,Day,9.6,1.6,24,Medium,60,87,0.692,5
R004946,W065,P006,A07,22-08-2026,Day,10,2,30,Low,53,80,0.665,6
R004947,W065,P006,A07,24-08-2026,Day,9.4,1.4,46,Medium,43,60,0.71,1
R004948,W065,P006,A04,25-08-2026,Day,10.3,2.3,21,Low,50,78,0.644,2
R004949,W065,P006,A09,26-08-2026,Night,9.3,1.3,33,Low,48,66,0.727,3
R004950,W065,P006,A01,27-08-2026,Day,11,3,45,Medium,48,62,0.776,4
R004951,W065,P006,A03,29-08-2026,Day,9.4,1.4,33,Medium,66,98,0.673,1
R004952,W066,P001,A08,01-06-2026,Day,8.3,0.3,44,Medium,67,79,0.844,1
R004953,W066,P001,A08,02-06-2026,Day,9.9,1.9,45,High,71,97,0.728,2
R004954,W066,P001,A05,03-06-2026,Day,8.7,0.7,40,High,84,99,0.845,3
R004955,W066,P001,A01,04-06-2026,Day,10.6,2.6,41,Low,65,82,0.798,4
R004956,W066,P001,A08,05-06-2026,Day,10.2,2.2,51,Low,60,77,0.773,5
R004957,W066,P001,A03,06-06-2026,Day,10.2,2.2,30,Medium,57,74,0.766,6
R004958,W066,P001,A01,08-06-2026,Day,8.7,0.7,39,High,42,61,0.684,1
R004959,W066,P001,A04,09-06-2026,Day,10.1,2.1,40,Low,58,71,0.819,2
R004960,W066,P001,A01,10-06-2026,Day,9,1,41,High,48,63,0.763,3
R004961,W066,P001,A06,11-06-2026,Day,9.7,1.7,41,Medium,71,86,0.828,4
R004962,W066,P001,A05,12-06-2026,Day,9.4,1.4,51,Low,62,72,0.857,5
R004963,W066,P001,A03,13-06-2026,Day,8.8,0.8,42,Medium,64,96,0.668,6
R004964,W066,P001,A08,15-06-2026,Day,9.3,1.3,48,Low,78,95,0.818,1
R004965,W066,P001,A09,16-06-2026,Day,8,0,34,Low,84,89,0.948,2
R004966,W066,P001,A03,17-06-2026,Day,8.7,0.7,39,Low,70,89,0.792,3
R004967,W066,P001,A02,18-06-2026,Day,8.9,0.9,43,High,65,86,0.761,4
R004968,W066,P001,A05,19-06-2026,Day,8.2,0.2,54,Low,67,78,0.855,5
R004969,W066,P001,A02,20-06-2026,Day,8,0,52,High,55,74,0.739,6
R004970,W066,P001,A02,21-06-2026,Day,8.4,0.4,45,Low,50,60,0.827,7
R004971,W066,P001,A02,22-06-2026,Day,8,0,56,Low,75,92,0.82,8
R004972,W066,P001,A07,23-06-2026,Night,10.8,2.8,34,High,56,82,0.683,9
R004973,W066,P001,A09,24-06-2026,Day,10.2,2.2,52,Medium,52,77,0.674,10
R004974,W066,P001,A01,25-06-2026,Day,8.9,0.9,38,Low,72,98,0.737,11
R004975,W066,P001,A05,26-06-2026,Day,10.3,2.3,49,Medium,44,61,0.715,12
R004976,W066,P001,A07,27-06-2026,Night,9.6,1.6,46,Medium,65,99,0.657,13
R004977,W066,P001,A01,29-06-2026,Day,8.6,0.6,32,Low,67,90,0.75,1
R004978,W066,P001,A06,30-06-2026,Day,8.3,0.3,39,Medium,56,73,0.767,2
R004979,W066,P001,A04,01-07-2026,Night,9.4,1.4,47,Low,54,68,0.794,3
R004980,W066,P001,A02,02-07-2026,Day,8.6,0.6,43,Medium,77,97,0.794,4
R004981,W066,P001,A08,03-07-2026,Day,8.7,0.7,35,High,59,85,0.694,5
R004982,W066,P001,A07,04-07-2026,Night,8,0,29,High,71,94,0.757,6
R004983,W066,P001,A07,06-07-2026,Day,8,0,40,High,71,85,0.837,1
R004984,W066,P001,A09,07-07-2026,Night,11.2,3.2,40,Critical,50,69,0.728,2
R004985,W066,P001,A09,08-07-2026,Day,8.9,0.9,43,Low,68,83,0.817,3
R004986,W066,P001,A02,09-07-2026,Day,9.1,1.1,30,Low,66,95,0.697,4
R004987,W066,P001,A06,10-07-2026,Night,9.3,1.3,40,Low,75,84,0.888,5
R004988,W066,P001,A07,11-07-2026,Day,9.8,1.8,43,Low,70,93,0.756,6
R004989,W066,P001,A06,12-07-2026,Day,9.2,1.2,34,Medium,59,83,0.715,7
R004990,W066,P001,A09,13-07-2026,Night,9.7,1.7,31,Low,43,63,0.679,8
R004991,W066,P001,A08,14-07-2026,Day,10.3,2.3,36,High,68,96,0.713,9
R004992,W066,P001,A02,15-07-2026,Day,11.1,3.1,38,High,47,78,0.604,10
R004993,W066,P001,A07,16-07-2026,Day,8,0,37,Low,53,69,0.773,11
R004994,W066,P001,A08,17-07-2026,Day,9,1,40,Medium,61,80,0.762,12
R004995,W066,P001,A06,18-07-2026,Day,9.8,1.8,53,Low,50,73,0.691,13
R004996,W066,P001,A08,20-07-2026,Day,9,1,40,Medium,70,85,0.828,1
R004997,W066,P001,A08,21-07-2026,Night,8.3,0.3,40,Low,78,96,0.817,2
R004998,W066,P001,A05,22-07-2026,Night,11.1,3.1,41,Low,49,62,0.793,3
R004999,W066,P001,A07,23-07-2026,Day,9.4,1.4,31,Low,61,83,0.737,4
R005000,W066,P001,A07,24-07-2026,Night,8.3,0.3,51,Low,61,76,0.797,5
R005001,W066,P001,A07,25-07-2026,Day,9.1,1.1,56,Low,53,67,0.786,6
R005002,W066,P001,A09,27-07-2026,Night,9.7,1.7,28,Critical,48,71,0.674,1
R005003,W066,P001,A05,28-07-2026,Day,9.8,1.8,39,High,65,84,0.773,2
R005004,W066,P001,A04,29-07-2026,Day,11.3,3.3,35,Low,70,95,0.736,3
R005005,W066,P001,A04,30-07-2026,Day,9.7,1.7,40,Low,58,83,0.698,4
R005006,W066,P001,A06,31-07-2026,Day,8.3,0.3,26,Medium,48,67,0.71,5
R005007,W066,P001,A06,01-08-2026,Day,9.5,1.5,50,Critical,43,60,0.718,6
R005008,W066,P001,A01,03-08-2026,Day,9.1,1.1,60,High,76,90,0.847,1
R005009,W066,P001,A04,04-08-2026,Day,8.8,0.8,33,Medium,62,89,0.696,2
R005010,W066,P001,A07,05-08-2026,Day,8.9,0.9,49,Low,56,71,0.786,3
R005011,W066,P001,A03,06-08-2026,Day,8.6,0.6,47,High,59,76,0.777,4
R005012,W066,P001,A02,07-08-2026,Day,9.2,1.2,24,Medium,56,73,0.764,5
R005013,W066,P001,A03,08-08-2026,Day,8.8,0.8,39,High,72,91,0.79,6
R005014,W066,P001,A06,10-08-2026,Day,8,0,42,Low,50,67,0.753,1
R005015,W066,P001,A09,11-08-2026,Day,8,0,36,Low,63,72,0.876,2
R005016,W066,P001,A08,12-08-2026,Day,8,0,39,Low,59,74,0.801,3
R005017,W066,P001,A06,13-08-2026,Day,8.7,0.7,50,Low,56,66,0.851,4
R005018,W066,P001,A08,14-08-2026,Day,9.9,1.9,41,Critical,48,67,0.72,5
R005019,W066,P001,A07,15-08-2026,Day,8,0,52,Medium,66,82,0.804,6
R005020,W066,P001,A08,17-08-2026,Day,9.2,1.2,43,Critical,66,91,0.73,1
R005021,W066,P001,A07,18-08-2026,Night,9.5,1.5,48,Medium,71,91,0.782,2
R005022,W066,P001,A09,19-08-2026,Day,9.2,1.2,42,Medium,68,86,0.787,3
R005023,W066,P001,A01,20-08-2026,Day,8.4,0.4,43,Low,60,79,0.761,4
R005024,W066,P001,A08,21-08-2026,Day,8.4,0.4,36,High,64,88,0.728,5
R005025,W066,P001,A06,22-08-2026,Night,9.9,1.9,23,Low,75,94,0.796,6
R005026,W066,P001,A05,24-08-2026,Day,9.7,1.7,44,Low,46,61,0.755,1
R005027,W066,P001,A05,25-08-2026,Night,10.4,2.4,37,Low,54,69,0.783,2
R005028,W066,P001,A03,26-08-2026,Day,9.3,1.3,51,Low,70,84,0.837,3
R005029,W066,P001,A02,27-08-2026,Day,9.9,1.9,38,Critical,72,91,0.789,4
R005030,W066,P001,A08,28-08-2026,Day,8.8,0.8,56,High,75,97,0.777,5
R005031,W066,P001,A03,29-08-2026,Day,10.5,2.5,36,Low,42,61,0.696,6
R005032,W067,P002,A03,01-06-2026,Day,11.6,3.6,38,High,40,66,0.6,1
R005033,W067,P002,A02,02-06-2026,Day,9.9,1.9,36,Medium,66,98,0.675,2
R005034,W067,P002,A09,04-06-2026,Day,12.6,4.6,37,Low,46,68,0.67,1
R005035,W067,P002,A01,05-06-2026,Day,11,3,25,High,58,96,0.608,2
R005036,W067,P002,A07,06-06-2026,Day,11.1,3.1,22,High,56,90,0.621,3
R005037,W067,P002,A09,07-06-2026,Day,11.7,3.7,31,High,41,64,0.636,4
R005038,W067,P002,A05,08-06-2026,Night,11,3,35,High,58,85,0.688,5
R005039,W067,P002,A09,09-06-2026,Day,10.4,2.4,24,Medium,51,83,0.613,6
R005040,W067,P002,A04,10-06-2026,Day,9.9,1.9,41,Medium,43,66,0.648,7
R005041,W067,P002,A09,11-06-2026,Day,11.6,3.6,36,High,57,92,0.614,8
R005042,W067,P002,A05,12-06-2026,Night,10.3,2.3,29,Medium,50,85,0.588,9
R005043,W067,P002,A08,13-06-2026,Day,9.6,1.6,24,High,45,71,0.628,10
R005044,W067,P002,A05,14-06-2026,Day,10,2,28,Medium,45,68,0.655,11
R005045,W067,P002,A03,15-06-2026,Day,10.3,2.3,24,Low,48,68,0.701,12
R005046,W067,P002,A05,16-06-2026,Day,11.3,3.3,36,Medium,42,68,0.616,13
R005047,W067,P002,A06,17-06-2026,Day,12.6,4.6,35,Medium,39,72,0.538,14
R005048,W067,P002,A09,18-06-2026,Day,8.4,0.4,43,Critical,50,90,0.56,15
R005049,W067,P002,A02,19-06-2026,Day,12.9,4.9,38,High,50,96,0.517,16
R005050,W067,P002,A03,20-06-2026,Day,11.4,3.4,37,Medium,57,86,0.668,17
R005051,W067,P002,A08,22-06-2026,Night,10.4,2.4,43,Medium,49,70,0.696,1
R005052,W067,P002,A01,23-06-2026,Day,11.7,3.7,44,Medium,41,60,0.685,2
R005053,W067,P002,A05,24-06-2026,Day,10.2,2.2,50,Low,50,62,0.809,3
R005054,W067,P002,A09,25-06-2026,Day,9.2,1.2,36,High,43,68,0.63,4
R005055,W067,P002,A08,26-06-2026,Day,10.9,2.9,36,Low,46,70,0.66,5
R005056,W067,P002,A06,27-06-2026,Night,11,3,31,Medium,46,78,0.594,6
R005057,W067,P002,A06,29-06-2026,Day,9.6,1.6,33,Critical,41,68,0.604,1
R005058,W067,P002,A08,30-06-2026,Day,9.7,1.7,31,Medium,52,77,0.677,2
R005059,W067,P002,A02,01-07-2026,Day,10.1,2.1,31,Low,62,89,0.695,3
R005060,W067,P002,A06,02-07-2026,Day,11,3,30,Medium,46,74,0.622,4
R005061,W067,P002,A06,03-07-2026,Day,10.7,2.7,26,Medium,57,97,0.585,5
R005062,W067,P002,A03,04-07-2026,Day,11.1,3.1,47,Medium,44,67,0.655,6
R005063,W067,P002,A02,06-07-2026,Day,11.1,3.1,43,High,58,88,0.656,1
R005064,W067,P002,A05,07-07-2026,Night,11.7,3.7,35,High,51,80,0.64,2
R005065,W067,P002,A04,09-07-2026,Day,11.4,3.4,26,Low,63,88,0.717,1
R005066,W067,P002,A03,10-07-2026,Day,11.9,3.9,34,Medium,59,90,0.656,2
R005067,W067,P002,A02,11-07-2026,Day,9.2,1.2,39,Medium,40,62,0.642,3
R005068,W067,P002,A02,13-07-2026,Day,9.8,1.8,45,High,58,97,0.593,1
R005069,W067,P002,A08,14-07-2026,Day,9.4,1.4,32,Medium,71,95,0.746,2
R005070,W067,P002,A03,15-07-2026,Day,11.2,3.2,35,Medium,39,64,0.616,3
R005071,W067,P002,A01,16-07-2026,Day,12.6,4.6,32,Low,54,87,0.62,4
R005072,W067,P002,A01,17-07-2026,Day,9,1,34,Medium,65,90,0.723,5
R005073,W067,P002,A04,18-07-2026,Day,9.9,1.9,31,High,64,96,0.668,6
R005074,W067,P002,A07,20-07-2026,Night,10.5,2.5,46,Low,66,83,0.79,1
R005075,W067,P002,A08,22-07-2026,Day,11.3,3.3,25,Low,51,77,0.668,1
R005076,W067,P002,A07,23-07-2026,Day,10.5,2.5,38,Medium,60,80,0.756,2
R005077,W067,P002,A09,24-07-2026,Day,11.2,3.2,28,Medium,58,84,0.685,3
R005078,W067,P002,A05,25-07-2026,Day,10.5,2.5,37,Medium,59,83,0.716,4
R005079,W067,P002,A02,27-07-2026,Day,10.5,2.5,38,Medium,59,81,0.73,1
R005080,W067,P002,A09,28-07-2026,Day,10.1,2.1,44,Critical,68,88,0.771,2
R005081,W067,P002,A01,29-07-2026,Night,9.3,1.3,40,Medium,54,78,0.694,3
R005082,W067,P002,A07,30-07-2026,Day,10.8,2.8,29,Medium,55,74,0.741,4
R005083,W067,P002,A08,31-07-2026,Day,10.4,2.4,28,Medium,49,78,0.624,5
R005084,W067,P002,A06,01-08-2026,Day,11,3,47,Medium,53,79,0.676,6
R005085,W067,P002,A05,03-08-2026,Day,9.3,1.3,40,Low,51,71,0.717,1
R005086,W067,P002,A04,04-08-2026,Day,10.1,2.1,22,Low,64,83,0.766,2
R005087,W067,P002,A02,05-08-2026,Day,10.9,2.9,18,Low,52,69,0.75,3
R005088,W067,P002,A06,06-08-2026,Day,10.8,2.8,43,High,56,86,0.649,4
R005089,W067,P002,A01,07-08-2026,Day,10.4,2.4,35,Medium,44,64,0.683,5
R005090,W067,P002,A07,08-08-2026,Day,12.5,4.5,42,Medium,43,63,0.677,6
R005091,W067,P002,A03,09-08-2026,Day,9.7,1.7,29,Medium,47,67,0.705,7
R005092,W067,P002,A05,10-08-2026,Day,9.9,1.9,47,High,60,86,0.698,8
R005093,W067,P002,A08,11-08-2026,Day,10.2,2.2,49,Medium,47,75,0.628,9
R005094,W067,P002,A01,12-08-2026,Day,12.6,4.6,33,Medium,48,83,0.581,10
R005095,W067,P002,A05,13-08-2026,Day,10,2,39,Low,49,70,0.697,11
R005096,W067,P002,A03,14-08-2026,Day,11.5,3.5,23,Medium,43,76,0.571,12
R005097,W067,P002,A04,15-08-2026,Day,9.2,1.2,34,High,44,73,0.606,13
R005098,W067,P002,A07,17-08-2026,Day,9.8,1.8,32,High,51,72,0.703,1
R005099,W067,P002,A01,18-08-2026,Day,8,0,30,Medium,64,84,0.764,2
R005100,W067,P002,A03,19-08-2026,Day,8.4,0.4,24,Low,44,69,0.641,3
R005101,W067,P002,A07,20-08-2026,Day,10.9,2.9,42,Medium,50,79,0.634,4
R005102,W067,P002,A07,21-08-2026,Day,12.3,4.3,41,Medium,52,73,0.716,5
R005103,W067,P002,A07,22-08-2026,Day,9.5,1.5,44,High,62,93,0.665,6
R005104,W067,P002,A05,23-08-2026,Day,9.6,1.6,33,High,62,90,0.687,7
R005105,W067,P002,A08,25-08-2026,Day,10.1,2.1,26,High,65,98,0.667,1
R005106,W067,P002,A04,26-08-2026,Day,9.4,1.4,33,Medium,61,86,0.704,2
R005107,W067,P002,A05,27-08-2026,Day,11.1,3.1,23,Medium,63,90,0.705,3
R005108,W067,P002,A01,28-08-2026,Day,10.7,2.7,45,High,55,83,0.664,4
R005109,W067,P002,A07,29-08-2026,Day,11.4,3.4,37,Critical,56,94,0.596,5
R005110,W068,P006,A05,01-06-2026,Day,10.8,2.8,38,Medium,84,99,0.853,1
R005111,W068,P006,A09,02-06-2026,Day,10.6,2.6,44,Low,67,84,0.8,2
R005112,W068,P006,A06,03-06-2026,Day,10.4,2.4,56,High,64,87,0.733,3
R005113,W068,P006,A08,04-06-2026,Day,8.6,0.6,43,Low,65,84,0.768,4
R005114,W068,P006,A09,05-06-2026,Day,9.9,1.9,47,Medium,55,75,0.738,5
R005115,W068,P006,A07,06-06-2026,Day,9.2,1.2,21,High,48,70,0.681,6
R005116,W068,P006,A03,08-06-2026,Day,8.2,0.2,46,Medium,54,76,0.709,1
R005117,W068,P006,A08,09-06-2026,Day,9.7,1.7,41,Low,55,71,0.769,2
R005118,W068,P006,A09,10-06-2026,Day,9.5,1.5,40,Medium,47,71,0.663,3
R005119,W068,P006,A09,11-06-2026,Day,10.5,2.5,33,Medium,58,83,0.7,4
R005120,W068,P006,A08,12-06-2026,Day,11.6,3.6,33,Medium,46,79,0.585,5
R005121,W068,P006,A05,13-06-2026,Day,10.3,2.3,52,Medium,61,84,0.729,6
R005122,W068,P006,A08,15-06-2026,Day,8.4,0.4,45,Low,57,73,0.785,1
R005123,W068,P006,A02,16-06-2026,Day,9.5,1.5,36,Medium,70,96,0.724,2
R005124,W068,P006,A09,17-06-2026,Day,8,0,37,Medium,56,77,0.729,3
R005125,W068,P006,A03,18-06-2026,Day,10.1,2.1,39,Low,50,69,0.721,4
R005126,W068,P006,A06,19-06-2026,Day,10.8,2.8,30,Medium,48,66,0.727,5
R005127,W068,P006,A06,20-06-2026,Day,10.1,2.1,40,High,54,87,0.625,6
R005128,W068,P006,A09,22-06-2026,Night,8,0,56,Low,71,85,0.839,1
R005129,W068,P006,A08,23-06-2026,Day,9.1,1.1,46,High,47,64,0.737,2
R005130,W068,P006,A07,24-06-2026,Day,8,0,31,Low,65,84,0.774,3
R005131,W068,P006,A03,25-06-2026,Day,8.4,0.4,48,High,79,96,0.82,4
R005132,W068,P006,A07,26-06-2026,Day,9.4,1.4,40,Low,47,61,0.766,5
R005133,W068,P006,A06,27-06-2026,Day,9.6,1.6,45,Low,72,92,0.782,6
R005134,W068,P006,A04,29-06-2026,Night,10.4,2.4,32,Medium,76,97,0.779,1
R005135,W068,P006,A05,30-06-2026,Night,10,2,37,Critical,45,63,0.712,2
R005136,W068,P006,A02,01-07-2026,Night,8.5,0.5,41,Low,61,73,0.842,3
R005137,W068,P006,A01,02-07-2026,Day,10,2,40,Medium,56,68,0.829,4
R005138,W068,P006,A01,03-07-2026,Day,8.7,0.7,39,Medium,53,70,0.75,5
R005139,W068,P006,A04,04-07-2026,Night,8,0,31,Medium,73,92,0.795,6
R005140,W068,P006,A07,06-07-2026,Day,9.5,1.5,47,Medium,75,87,0.865,1
R005141,W068,P006,A04,08-07-2026,Day,11.6,3.6,35,Low,57,75,0.758,1
R005142,W068,P006,A06,11-07-2026,Day,11.2,3.2,19,Medium,70,95,0.739,1
R005143,W068,P006,A02,13-07-2026,Day,8,0,32,High,40,60,0.671,1
R005144,W068,P006,A06,14-07-2026,Day,10.4,2.4,44,Critical,51,76,0.673,2
R005145,W068,P006,A01,15-07-2026,Day,8.7,0.7,47,Critical,49,72,0.683,3
R005146,W068,P006,A04,17-07-2026,Day,10.5,2.5,34,Medium,54,70,0.771,1
R005147,W068,P006,A07,18-07-2026,Day,9.7,1.7,41,Low,73,90,0.806,2
R005148,W068,P006,A09,20-07-2026,Night,9.4,1.4,36,Medium,61,81,0.75,1
R005149,W068,P006,A06,21-07-2026,Day,10,2,30,Medium,61,85,0.717,2
R005150,W068,P006,A02,22-07-2026,Day,9.4,1.4,39,High,67,95,0.707,3
R005151,W068,P006,A07,24-07-2026,Day,11.3,3.3,39,Critical,47,69,0.683,1
R005152,W068,P006,A02,25-07-2026,Night,10.1,2.1,31,Medium,56,79,0.703,2
R005153,W068,P006,A05,27-07-2026,Day,9.2,1.2,31,High,50,76,0.663,1
R005154,W068,P006,A02,28-07-2026,Day,9.3,1.3,47,Medium,56,74,0.754,2
R005155,W068,P006,A09,29-07-2026,Day,8.8,0.8,32,Medium,54,67,0.799,3
R005156,W068,P006,A07,30-07-2026,Day,10.8,2.8,30,Low,53,72,0.74,4
R005157,W068,P006,A09,31-07-2026,Day,10.6,2.6,47,High,46,71,0.649,5
R005158,W068,P006,A04,01-08-2026,Day,9,1,33,Low,54,77,0.705,6
R005159,W068,P006,A07,03-08-2026,Day,8.8,0.8,31,High,74,94,0.79,1
R005160,W068,P006,A05,04-08-2026,Day,10.1,2.1,34,Low,53,71,0.743,2
R005161,W068,P006,A03,05-08-2026,Day,9.6,1.6,33,Medium,52,65,0.799,3
R005162,W068,P006,A09,06-08-2026,Day,11.1,3.1,44,High,58,84,0.696,4
R005163,W068,P006,A04,07-08-2026,Day,8.9,0.9,57,Medium,40,60,0.67,5
R005164,W068,P006,A04,08-08-2026,Day,9.5,1.5,46,Low,75,95,0.791,6
R005165,W068,P006,A08,10-08-2026,Day,10.3,2.3,32,Low,56,68,0.83,1
R005166,W068,P006,A07,11-08-2026,Day,8.3,0.3,46,Medium,50,63,0.795,2
R005167,W068,P006,A07,12-08-2026,Day,10.5,2.5,56,Medium,55,75,0.73,3
R005168,W068,P006,A02,13-08-2026,Day,9.3,1.3,29,Medium,48,67,0.71,4
R005169,W068,P006,A03,14-08-2026,Day,10.7,2.7,47,Medium,54,69,0.776,5
R005170,W068,P006,A09,15-08-2026,Night,10.9,2.9,35,Medium,43,60,0.71,6
R005171,W068,P006,A01,16-08-2026,Night,9.3,1.3,30,Medium,46,70,0.651,7
R005172,W068,P006,A02,17-08-2026,Day,8.7,0.7,42,Low,64,84,0.765,8
R005173,W068,P006,A02,18-08-2026,Night,10.7,2.7,44,Medium,51,76,0.672,9
R005174,W068,P006,A07,19-08-2026,Day,10.4,2.4,24,Low,42,66,0.638,10
R005175,W068,P006,A02,20-08-2026,Day,8.1,0.1,43,Low,56,68,0.819,11
R005176,W068,P006,A02,21-08-2026,Day,9.9,1.9,30,High,60,94,0.639,12
R005177,W068,P006,A04,22-08-2026,Day,9.6,1.6,45,Critical,46,71,0.648,13
R005178,W068,P006,A05,24-08-2026,Day,10.5,2.5,38,High,64,78,0.818,1
R005179,W068,P006,A05,25-08-2026,Day,8,0,45,High,65,82,0.793,2
R005180,W068,P006,A07,26-08-2026,Day,10,2,37,Low,53,73,0.723,3
R005181,W068,P006,A07,27-08-2026,Night,9.9,1.9,44,Low,75,99,0.761,4
R005182,W068,P006,A03,28-08-2026,Day,9.7,1.7,37,Medium,58,76,0.769,5
R005183,W068,P006,A02,29-08-2026,Night,9.1,1.1,41,Medium,65,77,0.84,6
R005184,W069,P001,A01,02-06-2026,Night,9.5,1.5,48,Low,80,93,0.857,1
R005185,W069,P001,A05,03-06-2026,Day,8.6,0.6,40,Medium,63,80,0.783,2
R005186,W069,P001,A03,04-06-2026,Day,9.3,1.3,40,High,66,92,0.714,3
R005187,W069,P001,A07,05-06-2026,Day,9.6,1.6,44,Low,46,61,0.75,4
R005188,W069,P001,A01,06-06-2026,Night,9.8,1.8,41,High,58,90,0.645,5
R005189,W069,P001,A07,07-06-2026,Day,10.3,2.3,48,Low,51,63,0.803,6
R005190,W069,P001,A02,08-06-2026,Day,11,3,56,Low,57,78,0.73,7
R005191,W069,P001,A03,09-06-2026,Day,11.7,3.7,29,Medium,46,60,0.772,8
R005192,W069,P001,A07,10-06-2026,Day,9.3,1.3,42,Low,51,60,0.852,9
R005193,W069,P001,A04,11-06-2026,Day,9.2,1.2,39,Medium,80,98,0.813,10
R005194,W069,P001,A03,12-06-2026,Night,8.8,0.8,50,Low,57,89,0.645,11
R005195,W069,P001,A06,13-06-2026,Day,11.2,3.2,36,Medium,64,96,0.666,12
R005196,W069,P001,A05,15-06-2026,Night,9.5,1.5,45,Medium,53,77,0.688,1
R005197,W069,P001,A09,16-06-2026,Day,9.1,1.1,31,Low,69,85,0.815,2
R005198,W069,P001,A09,17-06-2026,Day,9.6,1.6,51,Medium,61,83,0.731,3
R005199,W069,P001,A08,18-06-2026,Day,10.5,2.5,45,Low,48,60,0.808,4
R005200,W069,P001,A04,19-06-2026,Day,11.1,3.1,47,High,61,93,0.654,5
R005201,W069,P001,A05,20-06-2026,Day,10.7,2.7,45,Medium,60,83,0.718,6
R005202,W069,P001,A05,22-06-2026,Day,11.3,3.3,47,Low,62,81,0.763,1
R005203,W069,P001,A09,23-06-2026,Night,9.5,1.5,34,Low,67,86,0.779,2
R005204,W069,P001,A08,24-06-2026,Day,9.6,1.6,29,High,65,95,0.679,3
R005205,W069,P001,A04,25-06-2026,Day,9.3,1.3,28,High,64,85,0.752,4
R005206,W069,P001,A03,26-06-2026,Day,11.1,3.1,33,High,64,97,0.661,5
R005207,W069,P001,A06,27-06-2026,Day,10.5,2.5,43,Low,77,96,0.807,6
R005208,W069,P001,A01,29-06-2026,Day,11.2,3.2,41,High,63,86,0.729,1
R005209,W069,P001,A09,30-06-2026,Day,9.1,1.1,43,Medium,53,61,0.872,2
R005210,W069,P001,A02,01-07-2026,Day,10.1,2.1,35,High,46,66,0.695,3
R005211,W069,P001,A04,02-07-2026,Day,9,1,31,Medium,63,89,0.711,4
R005212,W069,P001,A07,03-07-2026,Day,11.8,3.8,44,Low,49,64,0.765,5
R005213,W069,P001,A02,04-07-2026,Day,10.8,2.8,42,Medium,56,78,0.713,6
R005214,W069,P001,A04,06-07-2026,Day,8.8,0.8,35,Critical,47,66,0.705,1
R005215,W069,P001,A06,07-07-2026,Day,10.7,2.7,34,Medium,72,91,0.791,2
R005216,W069,P001,A04,08-07-2026,Day,9.4,1.4,36,Low,46,69,0.672,3
R005217,W069,P001,A09,09-07-2026,Day,9.2,1.2,38,Low,71,85,0.832,4
R005218,W069,P001,A07,10-07-2026,Day,8.8,0.8,39,Low,76,98,0.78,5
R005219,W069,P001,A09,11-07-2026,Day,8.8,0.8,42,High,59,75,0.792,6
R005220,W069,P001,A07,13-07-2026,Day,9.3,1.3,28,Low,56,73,0.764,1
R005221,W069,P001,A03,14-07-2026,Day,9.9,1.9,43,Critical,60,85,0.707,2
R005222,W069,P001,A09,15-07-2026,Day,11,3,34,Low,58,69,0.84,3
R005223,W069,P001,A06,16-07-2026,Day,9.8,1.8,30,Low,70,99,0.712,4
R005224,W069,P001,A06,17-07-2026,Day,10.5,2.5,46,Low,71,95,0.744,5
R005225,W069,P001,A09,18-07-2026,Day,8.9,0.9,36,Medium,67,95,0.707,6
R005226,W069,P001,A01,20-07-2026,Day,8.5,0.5,33,Low,57,74,0.776,1
R005227,W069,P001,A03,21-07-2026,Night,9.3,1.3,53,Low,74,94,0.79,2
R005228,W069,P001,A09,22-07-2026,Day,10.6,2.6,22,Low,62,89,0.696,3
R005229,W069,P001,A08,23-07-2026,Day,10.3,2.3,34,High,67,98,0.686,4
R005230,W069,P001,A02,24-07-2026,Day,10.6,2.6,39,Medium,56,87,0.639,5
R005231,W069,P001,A05,25-07-2026,Day,10.7,2.7,43,Medium,43,66,0.656,6
R005232,W069,P001,A05,27-07-2026,Day,10,2,48,Low,51,65,0.779,1
R005233,W069,P001,A04,29-07-2026,Day,12,4,51,Critical,61,97,0.627,1
R005234,W069,P001,A04,30-07-2026,Day,9.2,1.2,42,Low,63,79,0.798,2
R005235,W069,P001,A02,31-07-2026,Day,10.3,2.3,34,Medium,66,95,0.692,3
R005236,W069,P001,A06,01-08-2026,Day,9,1,39,Low,58,70,0.827,4
R005237,W069,P001,A04,03-08-2026,Day,8.5,0.5,32,Critical,44,61,0.727,1
R005238,W069,P001,A03,04-08-2026,Day,10.1,2.1,39,Low,42,60,0.692,2
R005239,W069,P001,A01,05-08-2026,Day,10.7,2.7,54,Low,73,90,0.806,3
R005240,W069,P001,A02,06-08-2026,Day,10.9,2.9,44,Critical,65,95,0.686,4
R005241,W069,P001,A03,07-08-2026,Day,9.4,1.4,33,Low,63,91,0.697,5
R005242,W069,P001,A04,08-08-2026,Day,8.8,0.8,43,High,55,74,0.737,6
R005243,W069,P001,A05,09-08-2026,Day,11.7,3.7,36,Low,67,95,0.707,7
R005244,W069,P001,A09,10-08-2026,Day,9.6,1.6,48,Medium,67,85,0.786,8
R005245,W069,P001,A02,11-08-2026,Night,8.3,0.3,45,Medium,61,81,0.75,9
R005246,W069,P001,A08,12-08-2026,Day,9.7,1.7,42,Medium,53,74,0.712,10
R005247,W069,P001,A02,13-08-2026,Night,10.8,2.8,34,High,56,78,0.72,11
R005248,W069,P001,A05,14-08-2026,Day,11.1,3.1,39,Medium,39,61,0.634,12
R005249,W069,P001,A06,15-08-2026,Day,9.9,1.9,44,Low,52,67,0.78,13
R005250,W069,P001,A02,17-08-2026,Day,11.1,3.1,33,Medium,71,98,0.721,1
R005251,W069,P001,A06,18-08-2026,Day,11.1,3.1,31,Low,53,75,0.7,2
R005252,W069,P001,A03,19-08-2026,Day,8.4,0.4,34,Medium,58,79,0.737,3
R005253,W069,P001,A06,20-08-2026,Day,9.6,1.6,29,High,43,63,0.678,4
R005254,W069,P001,A01,21-08-2026,Day,11,3,46,Low,56,79,0.714,5
R005255,W069,P001,A07,22-08-2026,Day,10.2,2.2,31,Critical,60,99,0.61,6
R005256,W069,P001,A05,24-08-2026,Day,8.3,0.3,41,Medium,72,94,0.763,1
R005257,W069,P001,A01,25-08-2026,Day,11.6,3.6,38,Low,70,96,0.728,2
R005258,W069,P001,A02,26-08-2026,Day,10.2,2.2,31,Low,54,68,0.795,3
R005259,W069,P001,A06,27-08-2026,Day,10.9,2.9,37,Low,52,72,0.726,4
R005260,W069,P001,A05,28-08-2026,Day,9.1,1.1,41,Low,81,97,0.84,5
R005261,W069,P001,A04,29-08-2026,Day,10.3,2.3,34,Medium,46,70,0.657,6
R005262,W070,P006,A06,01-06-2026,Day,8.9,0.9,56,Medium,51,62,0.824,1
R005263,W070,P006,A06,02-06-2026,Day,8.7,0.7,44,Low,76,89,0.852,2
R005264,W070,P006,A08,03-06-2026,Day,9.5,1.5,44,Medium,71,81,0.877,3
R005265,W070,P006,A07,04-06-2026,Day,8.8,0.8,32,Low,77,93,0.832,4
R005266,W070,P006,A02,05-06-2026,Day,9.3,1.3,47,Medium,77,99,0.775,5
R005267,W070,P006,A09,06-06-2026,Day,10.5,2.5,44,Medium,51,63,0.804,6
R005268,W070,P006,A02,08-06-2026,Day,10.5,2.5,41,Critical,53,70,0.752,1
R005269,W070,P006,A05,10-06-2026,Night,9.8,1.8,41,High,67,83,0.808,1
R005270,W070,P006,A02,11-06-2026,Night,9.1,1.1,51,Low,49,60,0.815,2
R005271,W070,P006,A01,12-06-2026,Night,8.5,0.5,40,Low,51,62,0.823,3
R005272,W070,P006,A04,13-06-2026,Night,8.7,0.7,38,Low,51,66,0.779,4
R005273,W070,P006,A05,15-06-2026,Day,9.2,1.2,41,Medium,77,96,0.806,1
R005274,W070,P006,A04,16-06-2026,Day,10.6,2.6,40,High,52,75,0.697,2
R005275,W070,P006,A01,17-06-2026,Day,10.3,2.3,43,High,55,77,0.709,3
R005276,W070,P006,A02,18-06-2026,Day,9.2,1.2,43,Medium,57,73,0.776,4
R005277,W070,P006,A02,19-06-2026,Day,8.6,0.6,45,Medium,75,99,0.757,5
R005278,W070,P006,A09,20-06-2026,Day,9.5,1.5,52,Low,67,90,0.742,6
R005279,W070,P006,A03,22-06-2026,Day,8,0,40,Critical,62,82,0.754,1
R005280,W070,P006,A03,23-06-2026,Day,8,0,36,Low,73,84,0.864,2
R005281,W070,P006,A03,24-06-2026,Day,8.7,0.7,35,Low,46,60,0.768,3
R005282,W070,P006,A03,25-06-2026,Night,9.2,1.2,47,High,48,65,0.737,4
R005283,W070,P006,A04,26-06-2026,Day,8.8,0.8,42,High,54,70,0.775,5
R005284,W070,P006,A02,27-06-2026,Day,10.1,2.1,49,Low,47,60,0.787,6
R005285,W070,P006,A01,29-06-2026,Day,10.6,2.6,57,Medium,70,90,0.776,1
R005286,W070,P006,A09,30-06-2026,Day,8.8,0.8,38,Medium,71,90,0.794,2
R005287,W070,P006,A01,01-07-2026,Day,9.1,1.1,52,Medium,66,82,0.801,3
R005288,W070,P006,A01,02-07-2026,Day,9,1,33,Medium,46,69,0.661,4
R005289,W070,P006,A07,03-07-2026,Day,8.4,0.4,47,High,51,72,0.706,5
R005290,W070,P006,A07,04-07-2026,Day,9.1,1.1,37,Low,48,66,0.727,6
R005291,W070,P006,A02,06-07-2026,Day,9.8,1.8,40,Medium,53,72,0.742,1
R005292,W070,P006,A08,07-07-2026,Day,10.3,2.3,32,High,65,93,0.696,2
R005293,W070,P006,A03,08-07-2026,Day,9,1,31,Medium,49,66,0.736,3
R005294,W070,P006,A08,09-07-2026,Day,11,3,38,High,46,67,0.69,4
R005295,W070,P006,A04,10-07-2026,Day,10.6,2.6,30,Low,68,97,0.699,5
R005296,W070,P006,A08,11-07-2026,Day,9.2,1.2,47,Medium,55,72,0.761,6
R005297,W070,P006,A03,13-07-2026,Day,9.7,1.7,54,Medium,48,61,0.779,1
R005298,W070,P006,A09,14-07-2026,Day,8.5,0.5,51,Low,66,82,0.802,2
R005299,W070,P006,A05,15-07-2026,Day,9.8,1.8,49,Low,56,73,0.762,3
R005300,W070,P006,A07,16-07-2026,Day,8.9,0.9,42,Low,64,79,0.81,4
R005301,W070,P006,A01,17-07-2026,Day,10,2,37,Medium,43,62,0.696,5
R005302,W070,P006,A08,18-07-2026,Night,9.1,1.1,53,High,78,99,0.783,6
R005303,W070,P006,A01,20-07-2026,Day,8,0,37,Medium,50,66,0.759,1
R005304,W070,P006,A08,22-07-2026,Day,9.1,1.1,41,High,64,90,0.715,1
R005305,W070,P006,A05,23-07-2026,Day,9.2,1.2,43,High,49,64,0.771,2
R005306,W070,P006,A09,24-07-2026,Night,9.9,1.9,57,Medium,71,89,0.793,3
R005307,W070,P006,A03,25-07-2026,Day,8,0,46,Low,62,81,0.771,4
R005308,W070,P006,A06,27-07-2026,Day,9.8,1.8,40,Medium,47,66,0.717,1
R005309,W070,P006,A02,28-07-2026,Night,9.9,1.9,40,High,43,64,0.67,2
R005310,W070,P006,A04,29-07-2026,Day,8.2,0.2,47,Low,66,86,0.771,3
R005311,W070,P006,A06,30-07-2026,Day,8.7,0.7,38,Medium,62,72,0.857,4
R005312,W070,P006,A01,31-07-2026,Day,9.9,1.9,38,Medium,63,82,0.772,5
R005313,W070,P006,A06,01-08-2026,Day,8.5,0.5,43,Critical,60,76,0.794,6
R005314,W070,P006,A01,04-08-2026,Night,8.6,0.6,53,Medium,68,84,0.813,1
R005315,W070,P006,A01,05-08-2026,Day,8.4,0.4,35,Medium,56,80,0.703,2
R005316,W070,P006,A05,06-08-2026,Day,12,4,34,Medium,48,66,0.723,3
R005317,W070,P006,A03,07-08-2026,Day,8.7,0.7,45,Medium,52,70,0.746,4
R005318,W070,P006,A07,08-08-2026,Day,8,0,40,High,70,94,0.748,5
R005319,W070,P006,A04,10-08-2026,Day,10,2,54,High,70,86,0.815,1
R005320,W070,P006,A09,11-08-2026,Day,9.8,1.8,45,High,48,61,0.786,2
R005321,W070,P006,A07,12-08-2026,Day,10,2,43,Medium,60,73,0.82,3
R005322,W070,P006,A02,13-08-2026,Day,8.1,0.1,37,High,64,86,0.743,4
R005323,W070,P006,A05,14-08-2026,Day,10.3,2.3,59,Medium,77,97,0.79,5
R005324,W070,P006,A06,15-08-2026,Night,8,0,48,Critical,61,88,0.698,6
R005325,W070,P006,A01,17-08-2026,Night,10.3,2.3,36,Low,52,72,0.723,1
R005326,W070,P006,A05,18-08-2026,Day,9.6,1.6,38,Medium,63,78,0.811,2
R005327,W070,P006,A03,19-08-2026,Day,8.5,0.5,50,Low,61,71,0.855,3
R005328,W070,P006,A07,20-08-2026,Day,8,0,29,Medium,69,88,0.779,4
R005329,W070,P006,A02,21-08-2026,Day,11.1,3.1,38,High,73,99,0.74,5
R005330,W070,P006,A02,22-08-2026,Day,9.8,1.8,52,Medium,78,93,0.835,6
R005331,W070,P006,A03,24-08-2026,Day,9.2,1.2,29,Low,72,87,0.833,1
R005332,W070,P006,A08,25-08-2026,Day,10.7,2.7,26,Medium,61,96,0.636,2
R005333,W070,P006,A06,26-08-2026,Day,8.3,0.3,47,Critical,48,69,0.693,3
R005334,W070,P006,A02,27-08-2026,Day,8.7,0.7,42,Low,53,66,0.8,4
R005335,W070,P006,A09,28-08-2026,Day,8,0,54,Low,58,67,0.863,5
R005336,W070,P006,A01,29-08-2026,Night,9,1,53,Low,69,91,0.761,6
R005337,W071,P002,A08,01-06-2026,Day,9.9,1.9,54,Low,69,82,0.847,1
R005338,W071,P002,A09,02-06-2026,Day,9,1,38,Medium,55,67,0.82,2
R005339,W071,P002,A04,03-06-2026,Day,9.8,1.8,55,High,68,93,0.731,3
R005340,W071,P002,A08,04-06-2026,Day,8.9,0.9,46,Low,80,96,0.837,4
R005341,W071,P002,A07,05-06-2026,Day,8.6,0.6,41,Low,69,85,0.817,5
R005342,W071,P002,A06,06-06-2026,Day,9.4,1.4,53,High,68,99,0.689,6
R005343,W071,P002,A05,08-06-2026,Day,9.6,1.6,53,Low,61,78,0.778,1
R005344,W071,P002,A09,09-06-2026,Day,8.5,0.5,41,High,76,94,0.805,2
R005345,W071,P002,A03,10-06-2026,Night,9.9,1.9,48,Medium,57,69,0.825,3
R005346,W071,P002,A07,11-06-2026,Night,8.1,0.1,49,Low,87,97,0.893,4
R005347,W071,P002,A07,12-06-2026,Day,10.6,2.6,34,High,58,80,0.73,5
R005348,W071,P002,A05,15-06-2026,Day,8,0,32,Medium,81,93,0.87,1
R005349,W071,P002,A06,16-06-2026,Day,9.4,1.4,55,Medium,81,94,0.865,2
R005350,W071,P002,A07,17-06-2026,Day,8.6,0.6,48,Medium,56,69,0.81,3
R005351,W071,P002,A06,18-06-2026,Night,8.4,0.4,39,Low,63,82,0.769,4
R005352,W071,P002,A02,19-06-2026,Night,8.2,0.2,31,Medium,60,86,0.702,5
R005353,W071,P002,A05,20-06-2026,Day,9,1,59,Medium,51,70,0.732,6
R005354,W071,P002,A07,22-06-2026,Day,9.2,1.2,40,Low,45,60,0.755,1
R005355,W071,P002,A04,23-06-2026,Day,11.3,3.3,34,Low,83,95,0.875,2
R005356,W071,P002,A05,24-06-2026,Day,9.3,1.3,44,Medium,49,62,0.798,3
R005357,W071,P002,A01,25-06-2026,Day,8.5,0.5,32,Medium,82,99,0.829,4
R005358,W071,P002,A09,26-06-2026,Day,9.1,1.1,36,High,63,84,0.752,5
R005359,W071,P002,A05,27-06-2026,Day,10,2,43,High,55,81,0.685,6
R005360,W071,P002,A06,29-06-2026,Day,8,0,32,High,61,75,0.812,1
R005361,W071,P002,A08,30-06-2026,Night,9,1,42,Low,50,65,0.777,2
R005362,W071,P002,A08,01-07-2026,Day,9.2,1.2,45,Low,51,64,0.794,3
R005363,W071,P002,A05,02-07-2026,Day,10.4,2.4,51,Low,47,64,0.741,4
R005364,W071,P002,A06,03-07-2026,Day,9,1,35,Medium,56,80,0.703,5
R005365,W071,P002,A08,04-07-2026,Night,9.8,1.8,45,Medium,59,92,0.638,6
R005366,W071,P002,A07,06-07-2026,Night,11,3,60,Medium,68,89,0.763,1
R005367,W071,P002,A04,07-07-2026,Day,9.4,1.4,41,Low,50,63,0.801,2
R005368,W071,P002,A08,08-07-2026,Day,9.3,1.3,60,Low,75,95,0.791,3
R005369,W071,P002,A03,09-07-2026,Day,9,1,41,Low,48,62,0.772,4
R005370,W071,P002,A09,10-07-2026,Night,9,1,18,High,60,83,0.719,5
R005371,W071,P002,A04,11-07-2026,Day,9,1,40,Medium,56,76,0.737,6
R005372,W071,P002,A03,13-07-2026,Day,11.7,3.7,37,Medium,50,61,0.828,1
R005373,W071,P002,A03,14-07-2026,Day,9.9,1.9,36,Medium,57,75,0.755,2
R005374,W071,P002,A05,15-07-2026,Day,11.2,3.2,30,Medium,43,61,0.703,3
R005375,W071,P002,A08,16-07-2026,Day,9.3,1.3,48,Low,64,72,0.885,4
R005376,W071,P002,A04,17-07-2026,Night,9,1,51,Critical,50,64,0.779,5
R005377,W071,P002,A03,18-07-2026,Night,8,0,44,Medium,72,99,0.726,6
R005378,W071,P002,A07,20-07-2026,Day,9.8,1.8,40,Low,50,69,0.72,1
R005379,W071,P002,A05,21-07-2026,Day,9,1,42,Medium,49,66,0.747,2
R005380,W071,P002,A08,22-07-2026,Day,8.9,0.9,36,Medium,55,69,0.803,3
R005381,W071,P002,A06,23-07-2026,Day,8,0,52,High,60,71,0.845,4
R005382,W071,P002,A04,24-07-2026,Day,8.3,0.3,33,Medium,67,88,0.764,5
R005383,W071,P002,A07,25-07-2026,Day,8.5,0.5,50,Medium,64,86,0.75,6
R005384,W071,P002,A06,27-07-2026,Day,8,0,32,Low,68,85,0.795,1
R005385,W071,P002,A01,28-07-2026,Day,9.7,1.7,41,Medium,73,98,0.749,2
R005386,W071,P002,A06,30-07-2026,Day,9.7,1.7,51,Medium,75,85,0.882,1
R005387,W071,P002,A03,31-07-2026,Day,8.5,0.5,42,Medium,64,78,0.818,2
R005388,W071,P002,A06,01-08-2026,Day,8.4,0.4,51,Low,80,92,0.873,3
R005389,W071,P002,A05,03-08-2026,Day,8,0,55,Low,57,60,0.95,1
R005390,W071,P002,A07,04-08-2026,Day,11.9,3.9,42,High,44,69,0.637,2
R005391,W071,P002,A07,05-08-2026,Day,9.9,1.9,54,Medium,43,61,0.697,3
R005392,W071,P002,A06,06-08-2026,Day,8.7,0.7,46,High,51,68,0.746,4
R005393,W071,P002,A08,07-08-2026,Day,9.1,1.1,32,High,46,66,0.694,5
R005394,W071,P002,A07,08-08-2026,Day,10.9,2.9,43,Medium,56,70,0.799,6
R005395,W071,P002,A05,10-08-2026,Day,9.5,1.5,33,Medium,45,60,0.745,1
R005396,W071,P002,A04,11-08-2026,Night,9.2,1.2,43,Low,82,96,0.85,2
R005397,W071,P002,A07,12-08-2026,Day,8,0,33,Medium,83,99,0.837,3
R005398,W071,P002,A05,13-08-2026,Day,9.5,1.5,45,Low,63,82,0.764,4
R005399,W071,P002,A09,14-08-2026,Day,8.3,0.3,31,Medium,53,64,0.83,5
R005400,W071,P002,A02,15-08-2026,Day,10.4,2.4,45,Low,49,76,0.639,6
R005401,W071,P002,A04,16-08-2026,Day,10.3,2.3,44,Medium,53,66,0.805,7
R005402,W071,P002,A05,17-08-2026,Day,9.8,1.8,46,Low,80,95,0.839,8
R005403,W071,P002,A08,18-08-2026,Day,10.9,2.9,30,Medium,52,77,0.674,9
R005404,W071,P002,A05,19-08-2026,Night,8.2,0.2,43,Medium,66,89,0.738,10
R005405,W071,P002,A09,20-08-2026,Day,9,1,43,High,44,64,0.694,11
R005406,W071,P002,A08,21-08-2026,Night,9.4,1.4,28,Critical,40,62,0.651,12
R005407,W071,P002,A05,22-08-2026,Day,11.3,3.3,45,Critical,54,86,0.633,13
R005408,W071,P002,A08,24-08-2026,Day,9.1,1.1,27,High,72,90,0.798,1
R005409,W071,P002,A07,25-08-2026,Day,9.6,1.6,53,Low,80,99,0.804,2
R005410,W071,P002,A06,26-08-2026,Night,8,0,37,High,48,65,0.742,3
R005411,W071,P002,A07,27-08-2026,Day,10.4,2.4,43,High,54,72,0.745,4
R005412,W071,P002,A02,28-08-2026,Night,9.1,1.1,38,Low,59,70,0.847,5
R005413,W071,P002,A08,29-08-2026,Day,8.6,0.6,40,Medium,74,93,0.793,6
R005414,W072,P003,A08,01-06-2026,Night,9.8,1.8,35,High,76,95,0.798,1
R005415,W072,P003,A01,02-06-2026,Day,11.5,3.5,35,Medium,44,65,0.678,2
R005416,W072,P003,A08,03-06-2026,Day,10.5,2.5,43,Low,71,98,0.728,3
R005417,W072,P003,A04,04-06-2026,Day,9.8,1.8,37,Low,59,78,0.76,4
R005418,W072,P003,A01,05-06-2026,Day,10.9,2.9,32,Medium,33,61,0.537,5
R005419,W072,P003,A09,06-06-2026,Day,9.8,1.8,42,Medium,50,70,0.713,6
R005420,W072,P003,A01,07-06-2026,Day,10.3,2.3,47,Low,62,95,0.648,7
R005421,W072,P003,A05,08-06-2026,Day,9,1,44,Low,53,78,0.677,8
R005422,W072,P003,A07,09-06-2026,Day,9.1,1.1,41,Medium,57,70,0.808,9
R005423,W072,P003,A07,10-06-2026,Day,10.3,2.3,42,Medium,58,80,0.721,10
R005424,W072,P003,A01,11-06-2026,Day,9.9,1.9,42,Medium,66,98,0.671,11
R005425,W072,P003,A04,12-06-2026,Day,9.8,1.8,38,Low,53,78,0.678,12
R005426,W072,P003,A04,13-06-2026,Day,8.7,0.7,49,Critical,60,93,0.647,13
R005427,W072,P003,A05,15-06-2026,Day,10.3,2.3,27,High,45,65,0.691,1
R005428,W072,P003,A09,16-06-2026,Day,9.5,1.5,26,High,62,89,0.702,2
R005429,W072,P003,A06,17-06-2026,Day,10.6,2.6,24,Critical,45,77,0.588,3
R005430,W072,P003,A07,18-06-2026,Day,10.4,2.4,46,High,72,95,0.762,4
R005431,W072,P003,A01,19-06-2026,Day,11.4,3.4,33,High,46,74,0.615,5
R005432,W072,P003,A04,20-06-2026,Day,8.5,0.5,33,High,47,68,0.686,6
R005433,W072,P003,A04,23-06-2026,Day,9.3,1.3,28,Critical,55,79,0.694,1
R005434,W072,P003,A05,24-06-2026,Night,8.4,0.4,33,High,50,68,0.729,2
R005435,W072,P003,A09,25-06-2026,Day,9.8,1.8,37,Low,51,68,0.753,3
R005436,W072,P003,A02,26-06-2026,Day,8,0,46,High,49,64,0.773,4
R005437,W072,P003,A09,27-06-2026,Day,9.3,1.3,35,Medium,42,72,0.589,5
R005438,W072,P003,A03,29-06-2026,Night,8.8,0.8,41,High,48,63,0.767,1
R005439,W072,P003,A09,30-06-2026,Day,8.6,0.6,19,Low,55,75,0.731,2
R005440,W072,P003,A06,01-07-2026,Night,9.7,1.7,41,Critical,62,84,0.735,3
R005441,W072,P003,A05,02-07-2026,Day,10.3,2.3,43,Critical,47,69,0.682,4
R005442,W072,P003,A08,03-07-2026,Day,10.8,2.8,27,High,62,89,0.701,5
R005443,W072,P003,A07,04-07-2026,Day,11.8,3.8,18,Medium,56,77,0.731,6
R005444,W072,P003,A08,06-07-2026,Day,9,1,56,High,62,79,0.78,1
R005445,W072,P003,A06,07-07-2026,Day,9.6,1.6,30,High,49,68,0.726,2
R005446,W072,P003,A05,08-07-2026,Day,10.9,2.9,53,Low,75,93,0.807,3
R005447,W072,P003,A07,09-07-2026,Day,8.7,0.7,40,Medium,58,84,0.692,4
R005448,W072,P003,A08,10-07-2026,Day,10,2,27,High,52,78,0.661,5
R005449,W072,P003,A05,11-07-2026,Day,9.3,1.3,56,Medium,68,96,0.712,6
R005450,W072,P003,A07,13-07-2026,Day,9.1,1.1,32,Low,46,66,0.689,1
R005451,W072,P003,A01,14-07-2026,Day,8.2,0.2,38,Low,64,78,0.821,2
R005452,W072,P003,A04,15-07-2026,Day,10.1,2.1,34,Low,55,77,0.719,3
R005453,W072,P003,A04,16-07-2026,Day,9.4,1.4,39,Low,48,73,0.652,4
R005454,W072,P003,A02,17-07-2026,Night,9.1,1.1,27,High,53,74,0.712,5
R005455,W072,P003,A05,18-07-2026,Day,11.1,3.1,21,Low,62,88,0.703,6
R005456,W072,P003,A07,20-07-2026,Day,10.7,2.7,28,Low,44,68,0.642,1
R005457,W072,P003,A04,21-07-2026,Day,11.4,3.4,44,Medium,64,93,0.687,2
R005458,W072,P003,A02,22-07-2026,Night,10.1,2.1,43,High,60,88,0.683,3
R005459,W072,P003,A08,23-07-2026,Day,9.8,1.8,34,Medium,57,95,0.604,4
R005460,W072,P003,A02,24-07-2026,Day,10.2,2.2,41,Low,73,96,0.762,5
R005461,W072,P003,A03,25-07-2026,Day,10,2,32,Medium,65,91,0.713,6
R005462,W072,P003,A01,26-07-2026,Day,11.9,3.9,30,High,49,77,0.632,7
R005463,W072,P003,A07,27-07-2026,Day,11.7,3.7,30,Medium,69,96,0.716,8
R005464,W072,P003,A07,29-07-2026,Day,8.3,0.3,24,Low,62,83,0.751,1
R005465,W072,P003,A07,30-07-2026,Day,10.4,2.4,57,Medium,79,96,0.819,2
R005466,W072,P003,A04,31-07-2026,Day,9,1,44,Low,63,77,0.819,3
R005467,W072,P003,A07,01-08-2026,Day,10.1,2.1,35,High,64,87,0.735,4
R005468,W072,P003,A02,03-08-2026,Day,10.3,2.3,52,Low,55,67,0.827,1
R005469,W072,P003,A06,04-08-2026,Night,10.7,2.7,45,High,42,60,0.708,2
R005470,W072,P003,A08,05-08-2026,Day,8.8,0.8,19,Medium,48,66,0.733,3
R005471,W072,P003,A07,06-08-2026,Day,10.9,2.9,27,Medium,44,68,0.651,4
R005472,W072,P003,A03,07-08-2026,Day,10.1,2.1,46,Critical,61,90,0.677,5
R005473,W072,P003,A07,08-08-2026,Day,10.3,2.3,39,High,55,81,0.68,6
R005474,W072,P003,A07,10-08-2026,Day,10.9,2.9,53,High,67,87,0.77,1
R005475,W072,P003,A09,11-08-2026,Day,9.1,1.1,26,Medium,56,79,0.708,2
R005476,W072,P003,A06,12-08-2026,Day,10.6,2.6,36,Medium,63,90,0.698,3
R005477,W072,P003,A01,13-08-2026,Day,10.5,2.5,28,Critical,40,65,0.614,4
R005478,W072,P003,A02,14-08-2026,Day,9.7,1.7,30,Medium,60,82,0.736,5
R005479,W072,P003,A03,15-08-2026,Night,9.9,1.9,37,Critical,65,91,0.71,6
R005480,W072,P003,A03,16-08-2026,Day,9.6,1.6,30,High,53,80,0.661,7
R005481,W072,P003,A06,17-08-2026,Day,9.7,1.7,21,High,59,94,0.63,8
R005482,W072,P003,A05,18-08-2026,Day,9.4,1.4,45,High,56,77,0.73,9
R005483,W072,P003,A04,19-08-2026,Day,9.5,1.5,44,Low,50,62,0.808,10
R005484,W072,P003,A07,21-08-2026,Day,13.7,5.7,32,Low,62,91,0.686,1
R005485,W072,P003,A04,22-08-2026,Day,10.1,2.1,35,Low,65,87,0.751,2
R005486,W072,P003,A06,24-08-2026,Day,9.1,1.1,35,High,68,85,0.8,1
R005487,W072,P003,A04,25-08-2026,Day,10.5,2.5,31,Low,66,95,0.694,2
R005488,W072,P003,A06,26-08-2026,Day,11.7,3.7,27,Medium,49,82,0.597,3
R005489,W072,P003,A07,27-08-2026,Day,10.2,2.2,31,Medium,60,89,0.671,4
R005490,W072,P003,A09,28-08-2026,Day,10,2,56,Medium,53,71,0.744,5
R005491,W072,P003,A06,29-08-2026,Day,9.4,1.4,42,Medium,56,78,0.723,6
R005492,W073,P002,A09,01-06-2026,Day,10.7,2.7,44,Low,50,63,0.792,1
R005493,W073,P002,A04,02-06-2026,Night,9.1,1.1,31,Medium,52,69,0.753,2
R005494,W073,P002,A09,03-06-2026,Day,8.6,0.6,28,Low,79,95,0.834,3
R005495,W073,P002,A06,04-06-2026,Day,9.5,1.5,34,Medium,46,61,0.756,4
R005496,W073,P002,A09,05-06-2026,Day,9.9,1.9,40,Critical,54,77,0.697,5
R005497,W073,P002,A03,06-06-2026,Night,8.8,0.8,32,High,61,78,0.785,6
R005498,W073,P002,A02,08-06-2026,Day,10.8,2.8,49,High,77,93,0.826,1
R005499,W073,P002,A02,09-06-2026,Day,8.7,0.7,31,Low,74,97,0.765,2
R005500,W073,P002,A01,10-06-2026,Day,8.8,0.8,41,Medium,73,87,0.84,3
R005501,W073,P002,A03,11-06-2026,Day,8.2,0.2,24,Medium,59,74,0.801,4
R005502,W073,P002,A05,12-06-2026,Day,10.9,2.9,44,High,50,68,0.728,5
R005503,W073,P002,A02,13-06-2026,Day,8.1,0.1,41,Medium,56,93,0.601,6
R005504,W073,P002,A08,15-06-2026,Day,9.3,1.3,34,Low,67,83,0.807,1
R005505,W073,P002,A08,16-06-2026,Night,9.6,1.6,51,Medium,66,84,0.785,2
R005506,W073,P002,A03,17-06-2026,Day,9.3,1.3,39,Low,56,66,0.849,3
R005507,W073,P002,A09,18-06-2026,Day,8.6,0.6,40,High,75,99,0.762,4
R005508,W073,P002,A01,19-06-2026,Day,9.4,1.4,52,Medium,48,60,0.799,5
R005509,W073,P002,A01,20-06-2026,Day,9,1,26,Low,50,65,0.774,6
R005510,W073,P002,A03,22-06-2026,Day,11.1,3.1,40,Low,56,76,0.736,1
R005511,W073,P002,A07,23-06-2026,Day,9.7,1.7,48,Critical,51,74,0.688,2
R005512,W073,P002,A01,24-06-2026,Day,9.7,1.7,47,High,59,82,0.725,3
R005513,W073,P002,A01,25-06-2026,Day,9.2,1.2,31,Medium,48,66,0.728,4
R005514,W073,P002,A08,26-06-2026,Day,8,0,36,Medium,81,97,0.839,5
R005515,W073,P002,A09,27-06-2026,Day,9.9,1.9,39,Critical,55,76,0.729,6
R005516,W073,P002,A06,29-06-2026,Day,10.1,2.1,44,Low,55,70,0.779,1
R005517,W073,P002,A06,30-06-2026,Day,8.8,0.8,40,Low,59,72,0.813,2
R005518,W073,P002,A08,01-07-2026,Day,9.3,1.3,38,High,54,75,0.715,3
R005519,W073,P002,A05,02-07-2026,Day,8.9,0.9,51,Critical,65,96,0.675,4
R005520,W073,P002,A06,03-07-2026,Day,8.3,0.3,32,Medium,50,64,0.776,5
R005521,W073,P002,A01,04-07-2026,Day,10.1,2.1,48,Medium,68,94,0.72,6
R005522,W073,P002,A05,06-07-2026,Day,8.9,0.9,44,Medium,67,77,0.874,1
R005523,W073,P002,A09,07-07-2026,Night,8,0,35,Medium,77,95,0.813,2
R005524,W073,P002,A06,09-07-2026,Day,9.7,1.7,35,High,57,70,0.81,1
R005525,W073,P002,A02,10-07-2026,Day,9.1,1.1,48,Medium,79,89,0.884,2
R005526,W073,P002,A07,11-07-2026,Day,8.6,0.6,35,Low,57,67,0.847,3
R005527,W073,P002,A03,13-07-2026,Day,9.4,1.4,28,Medium,64,79,0.808,1
R005528,W073,P002,A03,14-07-2026,Night,9.9,1.9,50,Medium,76,93,0.814,2
R005529,W073,P002,A02,15-07-2026,Night,11.3,3.3,33,High,39,62,0.634,3
R005530,W073,P002,A07,16-07-2026,Day,10.2,2.2,41,Low,77,93,0.823,4
R005531,W073,P002,A08,17-07-2026,Day,8.6,0.6,38,Critical,78,99,0.79,5
R005532,W073,P002,A07,18-07-2026,Night,9.9,1.9,46,Low,58,71,0.817,6
R005533,W073,P002,A05,20-07-2026,Night,8,0,38,Low,67,82,0.817,1
R005534,W073,P002,A01,21-07-2026,Day,8.8,0.8,41,High,71,89,0.796,2
R005535,W073,P002,A06,22-07-2026,Day,10.3,2.3,27,Low,57,75,0.762,3
R005536,W073,P002,A07,23-07-2026,Day,8.9,0.9,45,High,55,71,0.775,4
R005537,W073,P002,A06,24-07-2026,Night,8.6,0.6,39,High,46,71,0.651,5
R005538,W073,P002,A03,25-07-2026,Day,9.8,1.8,39,Medium,60,85,0.706,6
R005539,W073,P002,A02,27-07-2026,Day,8.9,0.9,46,Medium,80,95,0.843,1
R005540,W073,P002,A08,28-07-2026,Day,8.4,0.4,53,Low,79,98,0.809,2
R005541,W073,P002,A05,29-07-2026,Day,9.3,1.3,44,Critical,78,97,0.805,3
R005542,W073,P002,A08,30-07-2026,Day,10.3,2.3,36,High,67,89,0.758,4
R005543,W073,P002,A08,31-07-2026,Day,9.4,1.4,42,High,63,87,0.721,5
R005544,W073,P002,A03,01-08-2026,Day,9.1,1.1,39,Medium,65,82,0.792,6
R005545,W073,P002,A09,03-08-2026,Day,10.4,2.4,51,High,52,62,0.838,1
R005546,W073,P002,A05,04-08-2026,Night,8.9,0.9,39,Medium,69,85,0.816,2
R005547,W073,P002,A06,05-08-2026,Day,10.7,2.7,60,Low,75,94,0.794,3
R005548,W073,P002,A09,06-08-2026,Day,11.1,3.1,26,Low,74,93,0.796,4
R005549,W073,P002,A04,07-08-2026,Day,10.6,2.6,42,Critical,60,80,0.753,5
R005550,W073,P002,A02,08-08-2026,Night,9.9,1.9,48,Low,62,79,0.79,6
R005551,W073,P002,A04,10-08-2026,Day,9.2,1.2,46,Medium,84,94,0.899,1
R005552,W073,P002,A04,11-08-2026,Night,9.2,1.2,58,High,44,60,0.728,2
R005553,W073,P002,A09,12-08-2026,Day,9.6,1.6,37,Low,58,80,0.723,3
R005554,W073,P002,A01,13-08-2026,Day,10.5,2.5,38,Low,71,92,0.772,4
R005555,W073,P002,A05,14-08-2026,Day,8.4,0.4,41,Low,49,63,0.781,5
R005556,W073,P002,A03,15-08-2026,Day,8,0,41,High,76,94,0.81,6
R005557,W073,P002,A09,17-08-2026,Day,10.7,2.7,56,Medium,54,75,0.721,1
R005558,W073,P002,A05,18-08-2026,Night,10.3,2.3,56,High,63,86,0.736,2
R005559,W073,P002,A03,19-08-2026,Day,9.9,1.9,59,High,74,99,0.752,3
R005560,W073,P002,A05,20-08-2026,Night,8,0,36,Medium,67,85,0.787,4
R005561,W073,P002,A04,21-08-2026,Day,8.5,0.5,31,High,69,98,0.709,5
R005562,W073,P002,A06,22-08-2026,Day,10.3,2.3,37,Medium,57,84,0.673,6
R005563,W073,P002,A05,24-08-2026,Day,11,3,37,Medium,67,88,0.76,1
R005564,W073,P002,A03,25-08-2026,Day,8.4,0.4,55,Low,85,99,0.863,2
R005565,W073,P002,A05,26-08-2026,Day,9.1,1.1,45,Medium,56,75,0.742,3
R005566,W073,P002,A03,27-08-2026,Day,8.6,0.6,58,Medium,68,90,0.758,4
R005567,W073,P002,A08,28-08-2026,Day,8.7,0.7,41,High,58,72,0.805,5
R005568,W073,P002,A01,29-08-2026,Day,9.9,1.9,37,High,69,97,0.715,6
R005569,W074,P002,A07,02-06-2026,Night,8.2,0.2,44,Low,70,87,0.803,1
R005570,W074,P002,A02,03-06-2026,Night,10.1,2.1,30,High,65,97,0.675,2
R005571,W074,P002,A01,04-06-2026,Day,9.6,1.6,45,Medium,52,72,0.725,3
R005572,W074,P002,A03,05-06-2026,Day,10.6,2.6,38,High,56,69,0.818,4
R005573,W074,P002,A02,06-06-2026,Day,9.3,1.3,45,Medium,59,78,0.756,5
R005574,W074,P002,A05,08-06-2026,Night,8,0,42,Critical,52,68,0.765,1
R005575,W074,P002,A08,09-06-2026,Day,10,2,36,Medium,55,69,0.803,2
R005576,W074,P002,A09,10-06-2026,Day,8.9,0.9,33,Critical,45,65,0.697,3
R005577,W074,P002,A07,11-06-2026,Day,10.7,2.7,39,Medium,43,64,0.677,4
R005578,W074,P002,A03,13-06-2026,Day,10.8,2.8,35,Low,59,76,0.78,1
R005579,W074,P002,A08,15-06-2026,Day,10.1,2.1,37,Low,48,60,0.797,1
R005580,W074,P002,A04,16-06-2026,Day,10.8,2.8,41,Low,54,68,0.791,2
R005581,W074,P002,A03,18-06-2026,Night,8,0,34,Critical,57,72,0.789,1
R005582,W074,P002,A02,19-06-2026,Day,10.1,2.1,54,Medium,59,77,0.771,2
R005583,W074,P002,A02,20-06-2026,Night,9.8,1.8,37,High,49,68,0.718,3
R005584,W074,P002,A02,22-06-2026,Day,9,1,56,High,72,95,0.755,1
R005585,W074,P002,A05,23-06-2026,Day,10.5,2.5,41,Low,63,87,0.727,2
R005586,W074,P002,A01,24-06-2026,Day,10.1,2.1,27,High,53,73,0.72,3
R005587,W074,P002,A02,26-06-2026,Day,8.3,0.3,29,High,59,79,0.751,1
R005588,W074,P002,A01,27-06-2026,Day,10.1,2.1,53,Critical,50,68,0.733,2
R005589,W074,P002,A05,28-06-2026,Day,10.5,2.5,47,Medium,51,73,0.701,3
R005590,W074,P002,A06,29-06-2026,Day,11.2,3.2,45,Low,73,90,0.808,4
R005591,W074,P002,A07,30-06-2026,Day,10.5,2.5,45,Low,67,86,0.781,5
R005592,W074,P002,A07,01-07-2026,Day,10.4,2.4,55,High,65,90,0.724,6
R005593,W074,P002,A05,02-07-2026,Day,9.9,1.9,39,Critical,38,61,0.62,7
R005594,W074,P002,A08,03-07-2026,Day,10.1,2.1,44,Low,44,63,0.699,8
R005595,W074,P002,A01,04-07-2026,Day,9.8,1.8,40,High,72,96,0.754,9
R005596,W074,P002,A01,06-07-2026,Day,11.2,3.2,29,High,66,98,0.672,1
R005597,W074,P002,A06,07-07-2026,Day,9,1,39,Medium,70,89,0.784,2
R005598,W074,P002,A09,08-07-2026,Day,9.1,1.1,40,Medium,61,76,0.798,3
R005599,W074,P002,A04,09-07-2026,Day,10.1,2.1,26,Medium,55,91,0.603,4
R005600,W074,P002,A03,10-07-2026,Day,9.9,1.9,33,High,50,70,0.718,5
R005601,W074,P002,A03,11-07-2026,Night,9.4,1.4,49,Medium,49,72,0.679,6
R005602,W074,P002,A03,13-07-2026,Day,11.2,3.2,36,Critical,44,65,0.679,1
R005603,W074,P002,A09,14-07-2026,Day,10,2,18,High,57,86,0.664,2
R005604,W074,P002,A07,15-07-2026,Day,8.9,0.9,33,Medium,49,64,0.765,3
R005605,W074,P002,A04,16-07-2026,Day,11.1,3.1,46,Medium,60,82,0.726,4
R005606,W074,P002,A08,17-07-2026,Day,8.8,0.8,53,Medium,61,81,0.749,5
R005607,W074,P002,A07,18-07-2026,Day,10.2,2.2,39,Medium,50,66,0.751,6
R005608,W074,P002,A01,20-07-2026,Night,9.2,1.2,38,Low,65,90,0.724,1
R005609,W074,P002,A04,21-07-2026,Day,11.1,3.1,56,Medium,59,71,0.831,2
R005610,W074,P002,A06,22-07-2026,Day,8.9,0.9,35,Medium,55,76,0.726,3
R005611,W074,P002,A04,23-07-2026,Day,10.3,2.3,40,Low,68,89,0.765,4
R005612,W074,P002,A02,24-07-2026,Day,9.5,1.5,48,Medium,64,82,0.777,5
R005613,W074,P002,A03,25-07-2026,Day,10.8,2.8,39,Medium,68,88,0.769,6
R005614,W074,P002,A04,27-07-2026,Day,11.1,3.1,45,High,71,96,0.74,1
R005615,W074,P002,A06,28-07-2026,Day,8.4,0.4,46,High,76,92,0.831,2
R005616,W074,P002,A07,29-07-2026,Day,10,2,36,High,63,83,0.755,3
R005617,W074,P002,A03,30-07-2026,Day,8.6,0.6,32,Medium,66,92,0.712,4
R005618,W074,P002,A07,31-07-2026,Day,10.9,2.9,41,Low,60,81,0.74,5
R005619,W074,P002,A05,01-08-2026,Day,10,2,36,Medium,73,97,0.754,6
R005620,W074,P002,A09,03-08-2026,Day,8.2,0.2,38,Critical,63,77,0.812,1
R005621,W074,P002,A07,04-08-2026,Day,8.9,0.9,57,High,54,66,0.822,2
R005622,W074,P002,A04,05-08-2026,Day,8.8,0.8,49,Low,44,65,0.681,3
R005623,W074,P002,A07,06-08-2026,Day,10.9,2.9,32,High,55,99,0.561,4
R005624,W074,P002,A02,07-08-2026,Day,9.6,1.6,47,Medium,45,65,0.696,5
R005625,W074,P002,A01,08-08-2026,Day,9,1,49,Medium,53,81,0.656,6
R005626,W074,P002,A05,10-08-2026,Day,9.8,1.8,44,Low,71,86,0.823,1
R005627,W074,P002,A03,11-08-2026,Day,9.1,1.1,34,Low,59,71,0.831,2
R005628,W074,P002,A09,12-08-2026,Day,9.5,1.5,26,High,46,64,0.714,3
R005629,W074,P002,A06,13-08-2026,Day,10,2,28,Medium,69,91,0.754,4
R005630,W074,P002,A02,14-08-2026,Day,11.6,3.6,36,Low,56,77,0.722,5
R005631,W074,P002,A09,15-08-2026,Day,11.1,3.1,36,Low,78,99,0.787,6
R005632,W074,P002,A05,17-08-2026,Day,9.3,1.3,43,Medium,66,84,0.79,1
R005633,W074,P002,A04,18-08-2026,Day,9.1,1.1,38,Medium,74,97,0.759,2
R005634,W074,P002,A03,19-08-2026,Day,11.4,3.4,45,Low,61,78,0.783,3
R005635,W074,P002,A03,20-08-2026,Day,10.5,2.5,42,Low,46,69,0.674,4
R005636,W074,P002,A08,21-08-2026,Day,8.2,0.2,29,Low,71,94,0.758,5
R005637,W074,P002,A02,22-08-2026,Day,9.6,1.6,21,Medium,48,67,0.712,6
R005638,W074,P002,A09,24-08-2026,Day,11.2,3.2,37,Medium,49,61,0.805,1
R005639,W074,P002,A07,25-08-2026,Day,9.9,1.9,56,High,72,95,0.76,2
R005640,W074,P002,A08,26-08-2026,Day,10,2,27,Critical,67,93,0.722,3
R005641,W074,P002,A07,27-08-2026,Day,9.4,1.4,37,High,73,92,0.791,4
R005642,W074,P002,A07,28-08-2026,Night,8.4,0.4,19,Critical,50,66,0.753,5
R005643,W074,P002,A01,29-08-2026,Day,8.4,0.4,43,High,76,93,0.82,6
R005644,W075,P006,A06,01-06-2026,Day,10.7,2.7,37,Medium,59,84,0.701,1
R005645,W075,P006,A02,02-06-2026,Day,9.1,1.1,45,High,59,72,0.813,2
R005646,W075,P006,A07,03-06-2026,Night,10.9,2.9,48,Medium,73,85,0.861,3
R005647,W075,P006,A08,04-06-2026,Day,9.3,1.3,47,Low,61,77,0.786,4
R005648,W075,P006,A07,05-06-2026,Day,9.1,1.1,54,High,69,87,0.794,5
R005649,W075,P006,A01,06-06-2026,Day,10,2,49,Low,45,61,0.731,6
R005650,W075,P006,A03,08-06-2026,Day,8.6,0.6,57,Low,56,65,0.864,1
R005651,W075,P006,A07,09-06-2026,Day,9.5,1.5,33,Medium,60,72,0.836,2
R005652,W075,P006,A01,10-06-2026,Day,9.7,1.7,51,Critical,52,74,0.702,3
R005653,W075,P006,A03,11-06-2026,Night,9.6,1.6,34,Critical,46,66,0.7,4
R005654,W075,P006,A04,12-06-2026,Day,10.8,2.8,42,Low,67,95,0.707,5
R005655,W075,P006,A07,13-06-2026,Day,9,1,59,Medium,69,88,0.78,6
R005656,W075,P006,A03,15-06-2026,Night,9.9,1.9,34,Low,53,66,0.803,1
R005657,W075,P006,A03,16-06-2026,Day,9.6,1.6,49,Low,79,95,0.832,2
R005658,W075,P006,A02,17-06-2026,Night,12.9,4.9,45,Medium,62,82,0.757,3
R005659,W075,P006,A05,18-06-2026,Day,11.3,3.3,38,Medium,61,88,0.693,4
R005660,W075,P006,A03,19-06-2026,Day,8.3,0.3,27,High,68,87,0.783,5
R005661,W075,P006,A02,20-06-2026,Night,8.5,0.5,46,Low,62,87,0.717,6
R005662,W075,P006,A04,22-06-2026,Day,8,0,40,Low,78,87,0.895,1
R005663,W075,P006,A05,23-06-2026,Day,8,0,36,Medium,56,73,0.766,2
R005664,W075,P006,A05,24-06-2026,Day,9.2,1.2,59,Medium,86,95,0.902,3
R005665,W075,P006,A03,25-06-2026,Day,8,0,43,Low,56,71,0.782,4
R005666,W075,P006,A07,26-06-2026,Night,8.5,0.5,24,Low,63,80,0.783,5
R005667,W075,P006,A03,27-06-2026,Day,8.8,0.8,41,Critical,50,68,0.732,6
R005668,W075,P006,A03,30-06-2026,Day,8,0,51,Low,51,62,0.821,1
R005669,W075,P006,A07,01-07-2026,Day,9.1,1.1,38,Low,65,74,0.873,2
R005670,W075,P006,A07,02-07-2026,Day,9.7,1.7,54,Medium,53,71,0.751,3
R005671,W075,P006,A06,04-07-2026,Day,8,0,40,Medium,74,88,0.843,1
R005672,W075,P006,A03,06-07-2026,Day,9.2,1.2,31,High,61,75,0.811,1
R005673,W075,P006,A08,07-07-2026,Day,9.8,1.8,50,Medium,71,83,0.85,2
R005674,W075,P006,A04,08-07-2026,Day,8.1,0.1,43,High,64,80,0.801,3
R005675,W075,P006,A05,09-07-2026,Day,8.6,0.6,34,Medium,53,64,0.829,4
R005676,W075,P006,A08,10-07-2026,Day,9.7,1.7,52,Medium,48,63,0.755,5
R005677,W075,P006,A09,11-07-2026,Day,9.7,1.7,60,Low,65,81,0.797,6
R005678,W075,P006,A09,13-07-2026,Day,10.9,2.9,35,Low,53,73,0.72,1
R005679,W075,P006,A01,14-07-2026,Day,8.8,0.8,40,Low,53,65,0.808,2
R005680,W075,P006,A07,15-07-2026,Day,10.4,2.4,28,Low,58,71,0.818,3
R005681,W075,P006,A01,16-07-2026,Day,8.1,0.1,51,High,72,91,0.792,4
R005682,W075,P006,A02,17-07-2026,Night,8.9,0.9,36,Medium,76,98,0.78,5
R005683,W075,P006,A08,18-07-2026,Day,10,2,34,Low,59,77,0.772,6
R005684,W075,P006,A08,20-07-2026,Day,9.6,1.6,47,Low,53,67,0.786,1
R005685,W075,P006,A05,21-07-2026,Day,8.1,0.1,47,Medium,50,60,0.827,2
R005686,W075,P006,A08,22-07-2026,Day,10.2,2.2,39,Low,52,72,0.726,3
R005687,W075,P006,A01,23-07-2026,Day,9.6,1.6,45,Low,71,97,0.729,4
R005688,W075,P006,A01,24-07-2026,Day,8,0,44,High,53,73,0.732,5
R005689,W075,P006,A06,25-07-2026,Night,9.4,1.4,36,Medium,48,67,0.716,6
R005690,W075,P006,A06,27-07-2026,Day,8.2,0.2,39,High,50,67,0.749,1
R005691,W075,P006,A06,28-07-2026,Day,8.9,0.9,45,Low,77,97,0.795,2
R005692,W075,P006,A02,29-07-2026,Day,9,1,35,Medium,46,61,0.747,3
R005693,W075,P006,A08,30-07-2026,Day,9.3,1.3,36,Medium,57,81,0.7,4
R005694,W075,P006,A04,31-07-2026,Day,9.4,1.4,42,Medium,56,75,0.744,5
R005695,W075,P006,A02,01-08-2026,Day,8,0,40,High,74,96,0.768,6
R005696,W075,P006,A04,03-08-2026,Day,9.1,1.1,37,Medium,68,87,0.783,1
R005697,W075,P006,A01,04-08-2026,Day,9.1,1.1,37,Low,50,67,0.748,2
R005698,W075,P006,A02,05-08-2026,Day,8,0,46,Low,47,60,0.777,3
R005699,W075,P006,A08,06-08-2026,Day,8.9,0.9,48,Low,66,79,0.829,4
R005700,W075,P006,A03,07-08-2026,Day,9.2,1.2,49,Low,92,99,0.931,5
R005701,W075,P006,A07,08-08-2026,Day,11.3,3.3,54,Medium,63,80,0.79,6
R005702,W075,P006,A03,10-08-2026,Day,9.1,1.1,50,High,59,74,0.799,1
R005703,W075,P006,A02,11-08-2026,Day,10.6,2.6,54,Medium,52,68,0.764,2
R005704,W075,P006,A02,12-08-2026,Day,8.8,0.8,39,Medium,68,94,0.723,3
R005705,W075,P006,A08,13-08-2026,Day,9.1,1.1,40,High,50,67,0.75,4
R005706,W075,P006,A03,14-08-2026,Day,9.4,1.4,44,Low,55,73,0.748,5
R005707,W075,P006,A03,15-08-2026,Day,9,1,41,Low,72,85,0.845,6
R005708,W075,P006,A02,18-08-2026,Day,8,0,48,Low,62,73,0.852,1
R005709,W075,P006,A03,19-08-2026,Day,9,1,42,Critical,47,64,0.73,2
R005710,W075,P006,A01,20-08-2026,Day,8.7,0.7,57,High,59,71,0.835,3
R005711,W075,P006,A03,21-08-2026,Day,9.9,1.9,33,Low,64,73,0.883,4
R005712,W075,P006,A01,22-08-2026,Night,9.6,1.6,44,Low,66,78,0.847,5
R005713,W075,P006,A08,24-08-2026,Day,8.5,0.5,41,Critical,55,68,0.803,1
R005714,W075,P006,A09,25-08-2026,Day,9,1,35,High,59,81,0.73,2
R005715,W075,P006,A08,26-08-2026,Day,8.9,0.9,49,Low,68,87,0.779,3
R005716,W075,P006,A02,27-08-2026,Day,8,0,47,Medium,55,61,0.902,4
R005717,W075,P006,A09,28-08-2026,Night,9.1,1.1,38,Low,72,84,0.854,5
R005718,W075,P006,A01,29-08-2026,Day,9.6,1.6,46,Medium,49,63,0.772,6
R005719,W076,P005,A04,01-06-2026,Night,9.7,1.7,37,High,63,87,0.72,1
R005720,W076,P005,A02,02-06-2026,Day,11.6,3.6,35,High,57,78,0.736,2
R005721,W076,P005,A08,03-06-2026,Day,8,0,44,Medium,71,89,0.799,3
R005722,W076,P005,A05,04-06-2026,Day,10.8,2.8,40,Low,46,64,0.72,4
R005723,W076,P005,A04,06-06-2026,Day,10.1,2.1,37,Medium,58,79,0.731,1
R005724,W076,P005,A07,07-06-2026,Night,10.2,2.2,30,High,63,92,0.684,2
R005725,W076,P005,A08,08-06-2026,Day,10.9,2.9,57,Low,59,85,0.69,3
R005726,W076,P005,A07,09-06-2026,Day,9,1,41,Critical,62,84,0.737,4
R005727,W076,P005,A05,10-06-2026,Day,10.4,2.4,32,Low,69,98,0.7,5
R005728,W076,P005,A06,11-06-2026,Day,10.5,2.5,22,Medium,58,95,0.609,6
R005729,W076,P005,A03,12-06-2026,Day,11,3,39,Medium,59,90,0.65,7
R005730,W076,P005,A06,13-06-2026,Day,10.3,2.3,37,Low,79,96,0.82,8
R005731,W076,P005,A08,15-06-2026,Day,10.3,2.3,42,Low,72,93,0.776,1
R005732,W076,P005,A08,16-06-2026,Day,12.2,4.2,39,Low,57,88,0.65,2
R005733,W076,P005,A04,17-06-2026,Day,11,3,27,Medium,66,97,0.679,3
R005734,W076,P005,A06,18-06-2026,Day,10.2,2.2,26,Medium,70,92,0.759,4
R005735,W076,P005,A06,19-06-2026,Day,11.3,3.3,53,High,46,72,0.642,5
R005736,W076,P005,A08,20-06-2026,Day,10.7,2.7,43,Medium,38,61,0.63,6
R005737,W076,P005,A03,21-06-2026,Day,8.3,0.3,29,Low,52,78,0.669,7
R005738,W076,P005,A02,22-06-2026,Day,9.9,1.9,39,Medium,54,75,0.726,8
R005739,W076,P005,A04,23-06-2026,Night,10.9,2.9,39,Low,58,93,0.626,9
R005740,W076,P005,A03,24-06-2026,Day,10.6,2.6,24,Medium,48,70,0.688,10
R005741,W076,P005,A06,25-06-2026,Day,8.4,0.4,34,Low,61,85,0.719,11
R005742,W076,P005,A05,26-06-2026,Night,11.6,3.6,29,Low,42,65,0.642,12
R005743,W076,P005,A08,27-06-2026,Day,9.6,1.6,34,Critical,56,96,0.585,13
R005744,W076,P005,A04,28-06-2026,Day,9.3,1.3,39,Low,51,77,0.66,14
R005745,W076,P005,A01,29-06-2026,Day,8,0,36,Low,65,99,0.656,15
R005746,W076,P005,A03,30-06-2026,Day,8.8,0.8,38,Medium,58,98,0.595,16
R005747,W076,P005,A02,01-07-2026,Day,9,1,36,Medium,58,90,0.64,17
R005748,W076,P005,A07,02-07-2026,Night,10.3,2.3,36,High,65,98,0.664,18
R005749,W076,P005,A05,04-07-2026,Night,9.3,1.3,32,High,73,96,0.759,1
R005750,W076,P005,A04,06-07-2026,Day,9.9,1.9,45,Medium,67,85,0.79,1
R005751,W076,P005,A04,07-07-2026,Day,9.6,1.6,46,Low,75,89,0.844,2
R005752,W076,P005,A05,08-07-2026,Day,9.1,1.1,32,Critical,64,88,0.725,3
R005753,W076,P005,A01,09-07-2026,Day,9.5,1.5,40,High,35,61,0.572,4
R005754,W076,P005,A04,10-07-2026,Day,11.8,3.8,34,Medium,64,91,0.704,5
R005755,W076,P005,A01,11-07-2026,Day,11.8,3.8,36,Medium,66,98,0.672,6
R005756,W076,P005,A03,13-07-2026,Day,9.4,1.4,38,Low,76,99,0.772,1
R005757,W076,P005,A04,14-07-2026,Day,11.1,3.1,26,Medium,47,66,0.707,2
R005758,W076,P005,A03,15-07-2026,Day,9.8,1.8,32,Medium,60,82,0.729,3
R005759,W076,P005,A09,16-07-2026,Day,9.9,1.9,35,Low,53,73,0.731,4
R005760,W076,P005,A06,17-07-2026,Day,10.6,2.6,39,Low,67,87,0.769,5
R005761,W076,P005,A05,18-07-2026,Day,9.8,1.8,37,Medium,48,63,0.757,6
R005762,W076,P005,A07,20-07-2026,Day,10.4,2.4,30,Medium,69,94,0.737,1
R005763,W076,P005,A09,21-07-2026,Night,10.2,2.2,34,Low,42,60,0.708,2
R005764,W076,P005,A05,22-07-2026,Day,10.4,2.4,40,High,63,92,0.682,3
R005765,W076,P005,A02,23-07-2026,Day,10.8,2.8,56,High,57,84,0.682,4
R005766,W076,P005,A02,24-07-2026,Night,10.5,2.5,31,High,58,87,0.668,5
R005767,W076,P005,A07,25-07-2026,Day,8.4,0.4,37,Critical,53,67,0.798,6
R005768,W076,P005,A07,27-07-2026,Day,12.2,4.2,34,Medium,50,88,0.565,1
R005769,W076,P005,A09,28-07-2026,Day,11.5,3.5,21,High,59,92,0.646,2
R005770,W076,P005,A01,30-07-2026,Day,9.3,1.3,38,Low,52,67,0.77,1
R005771,W076,P005,A05,31-07-2026,Day,11.9,3.9,35,Medium,46,70,0.656,2
R005772,W076,P005,A07,01-08-2026,Day,8.7,0.7,42,Medium,64,88,0.728,3
R005773,W076,P005,A04,03-08-2026,Day,10.6,2.6,36,Medium,56,77,0.725,1
R005774,W076,P005,A08,04-08-2026,Night,10.3,2.3,35,Medium,51,65,0.785,2
R005775,W076,P005,A02,05-08-2026,Day,10.7,2.7,39,Medium,64,97,0.66,3
R005776,W076,P005,A08,06-08-2026,Day,9.3,1.3,24,Low,55,77,0.719,4
R005777,W076,P005,A09,07-08-2026,Day,8.1,0.1,37,Medium,65,89,0.725,5
R005778,W076,P005,A08,08-08-2026,Day,9.2,1.2,29,Low,64,79,0.807,6
R005779,W076,P005,A05,10-08-2026,Day,8.1,0.1,31,High,56,69,0.815,1
R005780,W076,P005,A03,11-08-2026,Day,10.3,2.3,25,Medium,64,96,0.662,2
R005781,W076,P005,A04,12-08-2026,Night,11.8,3.8,31,High,38,60,0.638,3
R005782,W076,P005,A07,13-08-2026,Day,11.6,3.6,34,High,50,74,0.676,4
R005783,W076,P005,A01,14-08-2026,Day,11,3,34,Medium,56,91,0.61,5
R005784,W076,P005,A04,15-08-2026,Day,8.8,0.8,50,Low,53,67,0.788,6
R005785,W076,P005,A05,17-08-2026,Night,10.4,2.4,26,Critical,41,61,0.671,1
R005786,W076,P005,A03,18-08-2026,Day,10.5,2.5,51,High,53,78,0.675,2
R005787,W076,P005,A08,19-08-2026,Day,10.9,2.9,51,Medium,52,76,0.679,3
R005788,W076,P005,A08,20-08-2026,Day,10.9,2.9,49,Medium,68,96,0.708,4
R005789,W076,P005,A02,21-08-2026,Night,10.9,2.9,39,Low,54,80,0.673,5
R005790,W076,P005,A01,22-08-2026,Day,12,4,41,Medium,58,83,0.696,6
R005791,W076,P005,A01,24-08-2026,Day,10,2,36,Medium,72,91,0.795,1
R005792,W076,P005,A04,25-08-2026,Day,10.4,2.4,40,Critical,59,85,0.699,2
R005793,W076,P005,A05,26-08-2026,Day,10.6,2.6,36,Medium,69,94,0.733,3
R005794,W076,P005,A04,27-08-2026,Day,10.2,2.2,53,Medium,50,69,0.727,4
R005795,W076,P005,A04,28-08-2026,Day,9.3,1.3,43,High,53,68,0.773,5
R005796,W076,P005,A03,29-08-2026,Day,8,0,32,Medium,61,85,0.723,6
R005797,W077,P004,A03,01-06-2026,Day,8,0,35,Critical,56,79,0.711,1
R005798,W077,P004,A02,02-06-2026,Day,10.3,2.3,31,Medium,59,85,0.696,2
R005799,W077,P004,A03,03-06-2026,Day,11.3,3.3,30,Critical,51,76,0.677,3
R005800,W077,P004,A06,04-06-2026,Night,9.5,1.5,49,Medium,57,68,0.839,4
R005801,W077,P004,A01,05-06-2026,Day,9.3,1.3,42,Medium,48,63,0.763,5
R005802,W077,P004,A05,06-06-2026,Night,10.4,2.4,47,Medium,44,65,0.671,6
R005803,W077,P004,A04,08-06-2026,Day,9.6,1.6,34,Low,58,77,0.748,1
R005804,W077,P004,A05,09-06-2026,Day,8.8,0.8,40,High,69,85,0.812,2
R005805,W077,P004,A06,10-06-2026,Day,8.5,0.5,47,Low,61,83,0.735,3
R005806,W077,P004,A02,11-06-2026,Night,8.4,0.4,40,Low,70,95,0.735,4
R005807,W077,P004,A03,12-06-2026,Day,8.8,0.8,48,Medium,51,70,0.724,5
R005808,W077,P004,A06,16-06-2026,Day,9.8,1.8,42,High,65,82,0.79,1
R005809,W077,P004,A09,17-06-2026,Day,9.5,1.5,31,Low,70,83,0.842,2
R005810,W077,P004,A01,18-06-2026,Day,9.8,1.8,54,Low,52,64,0.818,3
R005811,W077,P004,A01,19-06-2026,Day,11.2,3.2,51,High,67,95,0.705,4
R005812,W077,P004,A06,20-06-2026,Day,9.2,1.2,39,High,46,67,0.693,5
R005813,W077,P004,A09,23-06-2026,Day,9.2,1.2,35,Medium,51,68,0.749,1
R005814,W077,P004,A02,24-06-2026,Night,9.9,1.9,35,Medium,70,92,0.756,2
R005815,W077,P004,A02,25-06-2026,Day,10.1,2.1,53,Low,46,61,0.748,3
R005816,W077,P004,A09,26-06-2026,Day,8.7,0.7,49,Medium,87,99,0.876,4
R005817,W077,P004,A02,27-06-2026,Day,9,1,30,Medium,48,68,0.709,5
R005818,W077,P004,A09,29-06-2026,Day,8.2,0.2,32,Medium,49,62,0.794,1
R005819,W077,P004,A05,30-06-2026,Night,8.9,0.9,38,High,44,64,0.683,2
R005820,W077,P004,A09,01-07-2026,Night,11.1,3.1,42,Medium,51,67,0.768,3
R005821,W077,P004,A06,02-07-2026,Night,10.2,2.2,36,Low,60,88,0.68,4
R005822,W077,P004,A02,03-07-2026,Day,8.3,0.3,48,Low,68,85,0.801,5
R005823,W077,P004,A08,04-07-2026,Day,8.5,0.5,52,Low,77,93,0.833,6
R005824,W077,P004,A04,05-07-2026,Day,9.4,1.4,37,High,54,84,0.646,7
R005825,W077,P004,A04,06-07-2026,Day,8.8,0.8,40,Medium,55,78,0.7,8
R005826,W077,P004,A08,07-07-2026,Day,8,0,39,High,70,99,0.704,9
R005827,W077,P004,A02,08-07-2026,Day,8.3,0.3,48,Low,57,71,0.804,10
R005828,W077,P004,A09,09-07-2026,Day,9.5,1.5,48,Critical,63,85,0.738,11
R005829,W077,P004,A02,10-07-2026,Day,9.6,1.6,38,Medium,40,60,0.659,12
R005830,W077,P004,A04,11-07-2026,Day,8,0,42,High,70,99,0.709,13
R005831,W077,P004,A05,12-07-2026,Day,10,2,39,Low,46,62,0.743,14
R005832,W077,P004,A06,13-07-2026,Day,9.3,1.3,42,High,41,63,0.644,15
R005833,W077,P004,A06,14-07-2026,Day,11.3,3.3,40,Medium,54,95,0.566,16
R005834,W077,P004,A03,15-07-2026,Day,10.5,2.5,44,Low,52,74,0.699,17
R005835,W077,P004,A02,16-07-2026,Night,9.3,1.3,21,Medium,57,88,0.643,18
R005836,W077,P004,A01,17-07-2026,Day,8.1,0.1,33,Low,53,80,0.657,19
R005837,W077,P004,A06,18-07-2026,Day,8.4,0.4,36,Low,49,64,0.761,20
R005838,W077,P004,A04,20-07-2026,Night,10.1,2.1,37,Critical,50,63,0.793,1
R005839,W077,P004,A08,21-07-2026,Day,9,1,32,Low,78,98,0.8,2
R005840,W077,P004,A08,22-07-2026,Day,10.6,2.6,48,Low,57,75,0.762,3
R005841,W077,P004,A04,23-07-2026,Day,9.9,1.9,43,Medium,62,79,0.785,4
R005842,W077,P004,A05,24-07-2026,Night,8,0,48,Medium,46,64,0.722,5
R005843,W077,P004,A08,25-07-2026,Day,8.9,0.9,47,Low,51,60,0.855,6
R005844,W077,P004,A07,27-07-2026,Night,9.8,1.8,33,High,52,68,0.763,1
R005845,W077,P004,A02,28-07-2026,Night,9.8,1.8,30,Medium,56,91,0.61,2
R005846,W077,P004,A07,29-07-2026,Day,8.7,0.7,46,Medium,53,62,0.848,3
R005847,W077,P004,A05,30-07-2026,Day,8,0,48,Low,64,78,0.821,4
R005848,W077,P004,A03,01-08-2026,Night,8.2,0.2,37,Medium,54,64,0.841,1
R005849,W077,P004,A07,03-08-2026,Day,11.1,3.1,51,Medium,59,74,0.801,1
R005850,W077,P004,A08,04-08-2026,Day,11.6,3.6,47,High,69,90,0.771,2
R005851,W077,P004,A02,05-08-2026,Day,10.2,2.2,39,Low,53,71,0.753,3
R005852,W077,P004,A02,06-08-2026,Day,9.2,1.2,29,High,53,74,0.718,4
R005853,W077,P004,A05,07-08-2026,Day,9.1,1.1,48,Medium,62,74,0.833,5
R005854,W077,P004,A04,08-08-2026,Day,10.5,2.5,37,Medium,68,97,0.702,6
R005855,W077,P004,A07,11-08-2026,Day,8,0,39,Medium,71,91,0.785,1
R005856,W077,P004,A09,12-08-2026,Day,8.1,0.1,33,Medium,66,81,0.814,2
R005857,W077,P004,A09,13-08-2026,Day,10,2,35,High,46,61,0.753,3
R005858,W077,P004,A03,14-08-2026,Day,9,1,23,High,49,83,0.594,4
R005859,W077,P004,A07,15-08-2026,Day,10.7,2.7,26,Medium,60,82,0.727,5
R005860,W077,P004,A06,17-08-2026,Day,8.4,0.4,34,Low,53,62,0.851,1
R005861,W077,P004,A04,18-08-2026,Night,8.4,0.4,38,High,48,63,0.764,2
R005862,W077,P004,A09,19-08-2026,Day,8.9,0.9,50,Medium,60,82,0.729,3
R005863,W077,P004,A02,20-08-2026,Day,8.9,0.9,44,Medium,73,91,0.801,4
R005864,W077,P004,A03,21-08-2026,Day,8,0,25,Low,73,93,0.788,5
R005865,W077,P004,A08,22-08-2026,Night,8.7,0.7,48,Critical,62,90,0.693,6
R005866,W077,P004,A06,24-08-2026,Night,9.7,1.7,42,High,51,63,0.805,1
R005867,W077,P004,A09,25-08-2026,Day,10.7,2.7,38,Low,68,88,0.775,2
R005868,W077,P004,A01,26-08-2026,Night,11.1,3.1,29,Low,53,67,0.793,3
R005869,W077,P004,A02,27-08-2026,Day,8.6,0.6,38,Medium,75,97,0.769,4
R005870,W077,P004,A07,28-08-2026,Day,8.6,0.6,45,Critical,44,64,0.694,5
R005871,W077,P004,A01,29-08-2026,Day,9.7,1.7,45,Low,74,99,0.749,6
R005872,W078,P004,A05,01-06-2026,Day,9.7,1.7,50,Low,57,71,0.802,1
R005873,W078,P004,A04,02-06-2026,Night,11.2,3.2,31,High,63,83,0.759,2
R005874,W078,P004,A05,03-06-2026,Day,9.3,1.3,34,Medium,64,87,0.738,3
R005875,W078,P004,A05,04-06-2026,Day,9.3,1.3,38,High,47,64,0.742,4
R005876,W078,P004,A09,05-06-2026,Day,8.3,0.3,32,Low,51,65,0.781,5
R005877,W078,P004,A08,06-06-2026,Day,9.2,1.2,57,High,70,96,0.725,6
R005878,W078,P004,A08,08-06-2026,Day,10.3,2.3,42,Low,81,91,0.891,1
R005879,W078,P004,A02,09-06-2026,Day,9.7,1.7,57,High,74,95,0.775,2
R005880,W078,P004,A02,10-06-2026,Day,9.8,1.8,53,Low,74,89,0.827,3
R005881,W078,P004,A06,11-06-2026,Day,9.2,1.2,43,High,45,61,0.737,4
R005882,W078,P004,A07,12-06-2026,Day,9.6,1.6,41,Critical,69,95,0.731,5
R005883,W078,P004,A07,13-06-2026,Day,9.5,1.5,39,Medium,73,89,0.822,6
R005884,W078,P004,A03,15-06-2026,Day,10.7,2.7,29,Low,67,90,0.748,1
R005885,W078,P004,A03,16-06-2026,Day,9.6,1.6,47,Low,54,73,0.742,2
R005886,W078,P004,A08,17-06-2026,Night,10.1,2.1,28,Low,64,85,0.755,3
R005887,W078,P004,A03,18-06-2026,Night,8,0,43,Medium,50,63,0.788,4
R005888,W078,P004,A06,19-06-2026,Day,10,2,31,Low,53,71,0.752,5
R005889,W078,P004,A02,23-06-2026,Day,10.3,2.3,31,Medium,56,77,0.729,1
R005890,W078,P004,A02,24-06-2026,Night,8.8,0.8,48,Low,70,93,0.758,2
R005891,W078,P004,A01,25-06-2026,Night,8.5,0.5,48,Low,62,73,0.845,3
R005892,W078,P004,A03,26-06-2026,Night,9.2,1.2,42,Low,49,64,0.766,4
R005893,W078,P004,A05,27-06-2026,Night,8.5,0.5,42,Medium,54,63,0.862,5
R005894,W078,P004,A01,29-06-2026,Day,9.6,1.6,35,High,73,96,0.761,1
R005895,W078,P004,A01,01-07-2026,Day,12.1,4.1,26,Critical,60,97,0.622,1
R005896,W078,P004,A08,02-07-2026,Day,8.8,0.8,41,Critical,59,85,0.698,2
R005897,W078,P004,A05,03-07-2026,Night,11.1,3.1,28,Medium,57,87,0.654,3
R005898,W078,P004,A05,04-07-2026,Day,9.5,1.5,50,Low,63,76,0.833,4
R005899,W078,P004,A07,06-07-2026,Day,10.3,2.3,45,Medium,54,69,0.784,1
R005900,W078,P004,A04,07-07-2026,Day,9.6,1.6,40,High,76,94,0.804,2
R005901,W078,P004,A05,08-07-2026,Day,8.7,0.7,31,Low,69,88,0.784,3
R005902,W078,P004,A07,09-07-2026,Day,10,2,37,Low,63,90,0.695,4
R005903,W078,P004,A01,10-07-2026,Day,9.6,1.6,44,High,50,71,0.703,5
R005904,W078,P004,A01,11-07-2026,Day,10.6,2.6,47,Medium,64,81,0.794,6
R005905,W078,P004,A08,13-07-2026,Day,9.9,1.9,42,Medium,52,63,0.822,1
R005906,W078,P004,A06,14-07-2026,Day,11.3,3.3,40,Medium,65,88,0.742,2
R005907,W078,P004,A09,15-07-2026,Day,10.4,2.4,48,Low,67,83,0.802,3
R005908,W078,P004,A06,16-07-2026,Night,11.1,3.1,41,High,67,97,0.689,4
R005909,W078,P004,A06,17-07-2026,Night,9.3,1.3,46,Low,54,69,0.775,5
R005910,W078,P004,A09,18-07-2026,Night,10.4,2.4,43,Low,52,68,0.759,6
R005911,W078,P004,A04,20-07-2026,Day,9.1,1.1,32,Medium,76,96,0.796,1
R005912,W078,P004,A03,21-07-2026,Day,9.7,1.7,55,Low,58,76,0.761,2
R005913,W078,P004,A02,22-07-2026,Day,8.7,0.7,50,Low,54,74,0.736,3
R005914,W078,P004,A07,23-07-2026,Day,10.3,2.3,45,Medium,83,96,0.862,4
R005915,W078,P004,A04,24-07-2026,Day,8.8,0.8,45,Medium,70,93,0.755,5
R005916,W078,P004,A02,25-07-2026,Day,8,0,38,Low,47,65,0.723,6
R005917,W078,P004,A02,27-07-2026,Day,8.4,0.4,39,Low,49,61,0.809,1
R005918,W078,P004,A02,28-07-2026,Day,10,2,41,High,58,84,0.688,2
R005919,W078,P004,A08,29-07-2026,Day,8,0,54,High,58,85,0.687,3
R005920,W078,P004,A02,30-07-2026,Day,10.4,2.4,57,Low,69,85,0.816,4
R005921,W078,P004,A06,31-07-2026,Day,9.7,1.7,36,Low,63,88,0.711,5
R005922,W078,P004,A09,01-08-2026,Day,10.7,2.7,42,Medium,74,87,0.848,6
R005923,W078,P004,A04,03-08-2026,Night,8.9,0.9,36,High,58,81,0.715,1
R005924,W078,P004,A09,04-08-2026,Day,10.5,2.5,28,Low,78,97,0.808,2
R005925,W078,P004,A05,05-08-2026,Day,9.4,1.4,32,Low,49,63,0.774,3
R005926,W078,P004,A09,06-08-2026,Day,10.8,2.8,47,High,49,71,0.685,4
R005927,W078,P004,A07,07-08-2026,Day,10.6,2.6,48,High,41,63,0.651,5
R005928,W078,P004,A02,08-08-2026,Day,9.8,1.8,47,Medium,61,77,0.795,6
R005929,W078,P004,A03,09-08-2026,Day,10.1,2.1,42,Medium,45,63,0.71,7
R005930,W078,P004,A03,10-08-2026,Day,10,2,42,High,43,64,0.673,8
R005931,W078,P004,A05,11-08-2026,Day,8,0,36,High,40,62,0.648,9
R005932,W078,P004,A06,12-08-2026,Day,8.9,0.9,40,Low,50,60,0.833,10
R005933,W078,P004,A05,13-08-2026,Day,9.9,1.9,42,Low,39,63,0.623,11
R005934,W078,P004,A09,14-08-2026,Night,9.4,1.4,29,Medium,48,77,0.629,12
R005935,W078,P004,A08,15-08-2026,Day,9.6,1.6,42,Low,64,77,0.83,13
R005936,W078,P004,A09,17-08-2026,Day,8.7,0.7,43,Low,75,97,0.776,1
R005937,W078,P004,A02,18-08-2026,Day,8,0,41,Low,70,87,0.801,2
R005938,W078,P004,A01,19-08-2026,Day,10.3,2.3,45,Medium,68,99,0.691,3
R005939,W078,P004,A02,20-08-2026,Night,10.7,2.7,45,High,73,97,0.757,4
R005940,W078,P004,A02,21-08-2026,Day,10.7,2.7,46,High,43,64,0.677,5
R005941,W078,P004,A04,22-08-2026,Day,9.1,1.1,60,Low,45,61,0.739,6
R005942,W078,P004,A03,24-08-2026,Day,11.3,3.3,51,High,59,73,0.812,1
R005943,W078,P004,A03,25-08-2026,Day,9.4,1.4,28,Critical,49,72,0.683,2
R005944,W078,P004,A04,26-08-2026,Day,10.7,2.7,48,Low,63,76,0.833,3
R005945,W078,P004,A03,27-08-2026,Day,9.5,1.5,31,Medium,56,84,0.668,4
R005946,W078,P004,A02,28-08-2026,Day,8.8,0.8,60,Medium,80,92,0.872,5
R005947,W078,P004,A07,29-08-2026,Day,9.3,1.3,43,High,48,64,0.745,6
R005948,W079,P003,A02,01-06-2026,Day,9.6,1.6,44,High,66,94,0.705,1
R005949,W079,P003,A09,02-06-2026,Day,8.3,0.3,33,Medium,56,77,0.722,2
R005950,W079,P003,A05,03-06-2026,Day,10.9,2.9,33,Low,73,94,0.777,3
R005951,W079,P003,A01,04-06-2026,Day,8,0,31,Medium,57,68,0.833,4
R005952,W079,P003,A01,06-06-2026,Day,11.3,3.3,36,Medium,70,95,0.74,1
R005953,W079,P003,A02,08-06-2026,Day,8.8,0.8,36,Critical,75,94,0.797,1
R005954,W079,P003,A02,10-06-2026,Day,9.8,1.8,36,Medium,56,74,0.762,1
R005955,W079,P003,A03,11-06-2026,Day,9.5,1.5,36,High,41,61,0.67,2
R005956,W079,P003,A05,12-06-2026,Night,10.3,2.3,43,Critical,68,99,0.692,3
R005957,W079,P003,A05,13-06-2026,Day,9.7,1.7,46,Medium,54,67,0.811,4
R005958,W079,P003,A07,15-06-2026,Day,11,3,40,Low,51,67,0.758,1
R005959,W079,P003,A01,16-06-2026,Day,10,2,29,Low,52,70,0.745,2
R005960,W079,P003,A01,17-06-2026,Day,8.4,0.4,48,Medium,69,86,0.8,3
R005961,W079,P003,A05,18-06-2026,Night,10.3,2.3,41,Medium,54,78,0.69,4
R005962,W079,P003,A09,19-06-2026,Day,9.5,1.5,35,Low,71,93,0.762,5
R005963,W079,P003,A06,20-06-2026,Day,8.3,0.3,33,Medium,45,63,0.718,6
R005964,W079,P003,A08,21-06-2026,Night,9.6,1.6,47,Medium,62,95,0.651,7
R005965,W079,P003,A09,22-06-2026,Day,8.9,0.9,30,Low,51,68,0.747,8
R005966,W079,P003,A06,23-06-2026,Day,10.5,2.5,28,Low,61,81,0.755,9
R005967,W079,P003,A02,25-06-2026,Night,9.2,1.2,36,High,61,87,0.698,1
R005968,W079,P003,A04,26-06-2026,Day,10.2,2.2,37,High,41,65,0.632,2
R005969,W079,P003,A06,27-06-2026,Day,8.7,0.7,37,Medium,63,87,0.727,3
R005970,W079,P003,A08,29-06-2026,Day,9.3,1.3,48,Medium,48,64,0.743,1
R005971,W079,P003,A06,30-06-2026,Night,10.8,2.8,33,Low,67,79,0.844,2
R005972,W079,P003,A08,01-07-2026,Day,10,2,40,Critical,79,98,0.805,3
R005973,W079,P003,A03,02-07-2026,Day,8.8,0.8,49,High,69,94,0.737,4
R005974,W079,P003,A04,03-07-2026,Day,10.2,2.2,49,High,56,86,0.654,5
R005975,W079,P003,A01,04-07-2026,Day,11.2,3.2,36,Medium,65,97,0.673,6
R005976,W079,P003,A02,06-07-2026,Day,9.9,1.9,27,Low,61,71,0.859,1
R005977,W079,P003,A02,07-07-2026,Day,11.1,3.1,46,Low,61,71,0.862,2
R005978,W079,P003,A03,08-07-2026,Day,10.8,2.8,34,High,41,62,0.669,3
R005979,W079,P003,A04,11-07-2026,Day,8.3,0.3,43,Low,76,95,0.805,1
R005980,W079,P003,A05,13-07-2026,Day,9.7,1.7,45,High,70,90,0.78,1
R005981,W079,P003,A04,14-07-2026,Day,8.5,0.5,50,Low,66,86,0.763,2
R005982,W079,P003,A08,15-07-2026,Day,9.9,1.9,36,Medium,45,67,0.671,3
R005983,W079,P003,A07,16-07-2026,Night,11,3,22,Low,43,66,0.658,4
R005984,W079,P003,A03,17-07-2026,Day,9.6,1.6,43,Low,65,86,0.76,5
R005985,W079,P003,A01,18-07-2026,Day,10.4,2.4,49,Low,46,68,0.679,6
R005986,W079,P003,A03,20-07-2026,Day,9.6,1.6,40,Low,68,83,0.818,1
R005987,W079,P003,A01,21-07-2026,Day,9.2,1.2,33,Medium,63,88,0.721,2
R005988,W079,P003,A03,22-07-2026,Day,9.8,1.8,60,Low,58,73,0.798,3
R005989,W079,P003,A01,23-07-2026,Day,11.7,3.7,37,Low,68,95,0.719,4
R005990,W079,P003,A02,24-07-2026,Day,10.1,2.1,32,High,59,88,0.671,5
R005991,W079,P003,A06,25-07-2026,Day,9.7,1.7,43,High,56,95,0.595,6
R005992,W079,P003,A09,26-07-2026,Day,10.9,2.9,49,Low,50,69,0.723,7
R005993,W079,P003,A06,27-07-2026,Night,9.8,1.8,31,High,65,87,0.742,8
R005994,W079,P003,A02,28-07-2026,Day,9.9,1.9,39,Low,51,77,0.666,9
R005995,W079,P003,A02,29-07-2026,Day,10.1,2.1,45,Low,54,92,0.59,10
R005996,W079,P003,A01,30-07-2026,Day,8,0,45,Low,74,89,0.828,11
R005997,W079,P003,A06,31-07-2026,Night,9.2,1.2,17,High,36,61,0.586,12
R005998,W079,P003,A03,01-08-2026,Day,9.3,1.3,29,High,63,84,0.748,13
R005999,W079,P003,A05,02-08-2026,Day,10.2,2.2,32,High,64,98,0.657,14
R006000,W079,P003,A04,03-08-2026,Day,9.5,1.5,37,High,61,94,0.65,15
R006001,W079,P003,A06,04-08-2026,Night,9.2,1.2,41,Critical,41,70,0.583,16
R006002,W079,P003,A02,05-08-2026,Day,10.1,2.1,38,Low,57,77,0.743,17
R006003,W079,P003,A04,06-08-2026,Day,8,0,35,High,46,61,0.76,18
R006004,W079,P003,A05,07-08-2026,Day,8.4,0.4,46,Medium,67,99,0.676,19
R006005,W079,P003,A05,08-08-2026,Day,9.7,1.7,41,Low,63,93,0.678,20
R006006,W079,P003,A06,10-08-2026,Day,8,0,27,High,73,96,0.764,1
R006007,W079,P003,A08,11-08-2026,Day,10.6,2.6,37,Low,58,75,0.779,2
R006008,W079,P003,A09,12-08-2026,Day,10.5,2.5,41,Medium,54,69,0.784,3
R006009,W079,P003,A03,13-08-2026,Day,8,0,40,High,52,73,0.706,4
R006010,W079,P003,A06,14-08-2026,Day,11.3,3.3,31,High,54,75,0.716,5
R006011,W079,P003,A01,15-08-2026,Day,10,2,53,Critical,68,94,0.719,6
R006012,W079,P003,A03,17-08-2026,Night,10.5,2.5,44,Low,51,63,0.814,1
R006013,W079,P003,A08,18-08-2026,Day,11.7,3.7,37,Low,64,92,0.695,2
R006014,W079,P003,A07,19-08-2026,Day,8.7,0.7,44,Low,71,95,0.745,3
R006015,W079,P003,A01,20-08-2026,Day,10.8,2.8,55,Low,57,76,0.751,4
R006016,W079,P003,A04,21-08-2026,Day,11.3,3.3,31,High,68,99,0.687,5
R006017,W079,P003,A08,22-08-2026,Day,9.1,1.1,50,Low,72,90,0.795,6
R006018,W079,P003,A04,24-08-2026,Day,12.6,4.6,43,High,55,95,0.579,1
R006019,W079,P003,A04,25-08-2026,Day,10.7,2.7,45,Medium,47,62,0.766,2
R006020,W079,P003,A09,26-08-2026,Day,8.4,0.4,42,Medium,63,85,0.738,3
R006021,W079,P003,A06,27-08-2026,Day,8,0,49,High,78,95,0.822,4
R006022,W079,P003,A03,28-08-2026,Day,8.9,0.9,35,High,51,78,0.652,5
R006023,W079,P003,A09,29-08-2026,Night,9.3,1.3,45,Medium,67,89,0.751,6
R006024,W080,P003,A09,01-06-2026,Day,10.3,2.3,43,High,50,68,0.736,1
R006025,W080,P003,A03,02-06-2026,Day,9.7,1.7,42,Low,47,60,0.776,2
R006026,W080,P003,A06,03-06-2026,Night,10.9,2.9,48,Low,53,84,0.627,3
R006027,W080,P003,A06,04-06-2026,Night,9.6,1.6,40,Low,64,81,0.79,4
R006028,W080,P003,A07,05-06-2026,Day,11,3,35,Low,60,86,0.697,5
R006029,W080,P003,A04,06-06-2026,Day,9.5,1.5,30,Medium,50,75,0.666,6
R006030,W080,P003,A04,08-06-2026,Day,12.5,4.5,37,High,57,79,0.722,1
R006031,W080,P003,A08,09-06-2026,Night,11.7,3.7,40,High,63,88,0.715,2
R006032,W080,P003,A02,10-06-2026,Day,10.1,2.1,25,Medium,53,72,0.731,3
R006033,W080,P003,A02,11-06-2026,Day,11.5,3.5,43,Critical,42,61,0.693,4
R006034,W080,P003,A07,12-06-2026,Day,9.9,1.9,40,High,59,93,0.631,5
R006035,W080,P003,A01,13-06-2026,Day,11.9,3.9,40,Medium,49,66,0.739,6
R006036,W080,P003,A01,15-06-2026,Day,8.8,0.8,39,High,51,71,0.72,1
R006037,W080,P003,A08,16-06-2026,Day,11.2,3.2,42,High,50,76,0.662,2
R006038,W080,P003,A03,17-06-2026,Day,10.4,2.4,31,Medium,46,71,0.646,3
R006039,W080,P003,A01,18-06-2026,Day,11.6,3.6,41,Medium,52,85,0.617,4
R006040,W080,P003,A05,19-06-2026,Day,9,1,38,Medium,48,60,0.797,5
R006041,W080,P003,A05,20-06-2026,Day,10.4,2.4,42,High,46,76,0.607,6
R006042,W080,P003,A09,21-06-2026,Day,11,3,36,Critical,59,96,0.616,7
R006043,W080,P003,A01,22-06-2026,Day,10.5,2.5,37,Critical,63,97,0.652,8
R006044,W080,P003,A07,23-06-2026,Day,10.5,2.5,34,High,55,92,0.598,9
R006045,W080,P003,A07,24-06-2026,Day,11.1,3.1,36,High,48,81,0.596,10
R006046,W080,P003,A03,25-06-2026,Day,12.1,4.1,40,Critical,38,65,0.591,11
R006047,W080,P003,A08,26-06-2026,Day,8.5,0.5,32,Medium,51,74,0.693,12
R006048,W080,P003,A01,27-06-2026,Day,11.8,3.8,37,Low,47,73,0.641,13
R006049,W080,P003,A02,29-06-2026,Day,11.2,3.2,22,Low,70,90,0.775,1
R006050,W080,P003,A03,30-06-2026,Day,10.9,2.9,30,Low,38,63,0.608,2
R006051,W080,P003,A07,01-07-2026,Day,9.6,1.6,38,High,61,81,0.753,3
R006052,W080,P003,A09,02-07-2026,Day,9.4,1.4,58,High,58,77,0.756,4
R006053,W080,P003,A05,03-07-2026,Day,10,2,42,Low,62,91,0.685,5
R006054,W080,P003,A01,04-07-2026,Day,12.6,4.6,41,Medium,46,68,0.669,6
R006055,W080,P003,A03,06-07-2026,Day,11.2,3.2,34,High,56,83,0.677,1
R006056,W080,P003,A06,07-07-2026,Day,10.2,2.2,41,Medium,58,72,0.805,2
R006057,W080,P003,A04,08-07-2026,Day,9.2,1.2,32,Low,69,84,0.817,3
R006058,W080,P003,A05,09-07-2026,Day,9.3,1.3,43,Medium,61,77,0.788,4
R006059,W080,P003,A04,10-07-2026,Day,10.7,2.7,21,High,62,85,0.727,5
R006060,W080,P003,A04,11-07-2026,Day,10.1,2.1,36,High,47,70,0.676,6
R006061,W080,P003,A06,13-07-2026,Day,10.3,2.3,34,Critical,42,73,0.573,1
R006062,W080,P003,A02,14-07-2026,Day,10.6,2.6,49,High,55,78,0.708,2
R006063,W080,P003,A01,15-07-2026,Day,10.7,2.7,42,Low,63,82,0.77,3
R006064,W080,P003,A01,16-07-2026,Day,9.2,1.2,56,Low,73,97,0.749,4
R006065,W080,P003,A09,17-07-2026,Night,12.7,4.7,26,High,45,73,0.613,5
R006066,W080,P003,A02,18-07-2026,Day,11.4,3.4,22,High,64,90,0.713,6
R006067,W080,P003,A05,20-07-2026,Day,11.1,3.1,41,Medium,49,73,0.671,1
R006068,W080,P003,A04,21-07-2026,Day,10.7,2.7,23,Medium,57,87,0.658,2
R006069,W080,P003,A07,22-07-2026,Day,11,3,42,Medium,43,61,0.703,3
R006070,W080,P003,A07,23-07-2026,Day,8.8,0.8,36,High,43,60,0.715,4
R006071,W080,P003,A04,24-07-2026,Day,8.8,0.8,39,Critical,60,83,0.727,5
R006072,W080,P003,A07,25-07-2026,Day,9.1,1.1,20,Low,52,69,0.756,6
R006073,W080,P003,A04,27-07-2026,Day,10.3,2.3,40,Low,78,97,0.8,1
R006074,W080,P003,A07,28-07-2026,Day,10.2,2.2,33,High,50,70,0.714,2
R006075,W080,P003,A04,29-07-2026,Day,8,0,31,Medium,68,98,0.693,3
R006076,W080,P003,A08,30-07-2026,Day,10.9,2.9,38,Medium,60,92,0.647,4
R006077,W080,P003,A02,31-07-2026,Day,10.4,2.4,25,Medium,60,95,0.634,5
R006078,W080,P003,A04,01-08-2026,Night,9.4,1.4,30,High,44,65,0.684,6
R006079,W080,P003,A08,03-08-2026,Day,9.2,1.2,30,Low,52,72,0.728,1
R006080,W080,P003,A08,04-08-2026,Day,11,3,50,Medium,58,82,0.711,2
R006081,W080,P003,A07,05-08-2026,Day,11.2,3.2,49,Medium,62,84,0.741,3
R006082,W080,P003,A08,06-08-2026,Day,10.6,2.6,30,High,51,70,0.732,4
R006083,W080,P003,A06,07-08-2026,Day,10.7,2.7,31,Low,66,79,0.833,5
R006084,W080,P003,A06,08-08-2026,Day,10.3,2.3,44,High,54,83,0.656,6
R006085,W080,P003,A07,10-08-2026,Day,10.2,2.2,37,Medium,41,62,0.654,1
R006086,W080,P003,A08,11-08-2026,Day,10.7,2.7,35,High,43,70,0.613,2
R006087,W080,P003,A08,12-08-2026,Day,10.4,2.4,37,Medium,67,94,0.709,3
R006088,W080,P003,A06,13-08-2026,Day,9.4,1.4,37,Low,63,87,0.73,4
R006089,W080,P003,A09,14-08-2026,Night,9.5,1.5,25,Medium,63,92,0.687,5
R006090,W080,P003,A02,15-08-2026,Day,12.4,4.4,35,Medium,71,98,0.729,6
R006091,W080,P003,A09,17-08-2026,Day,10.9,2.9,37,High,47,64,0.737,1
R006092,W080,P003,A05,18-08-2026,Day,9.7,1.7,38,Medium,68,84,0.804,2
R006093,W080,P003,A09,19-08-2026,Day,9.5,1.5,37,Medium,44,67,0.664,3
R006094,W080,P003,A08,20-08-2026,Night,9.4,1.4,39,High,60,78,0.763,4
R006095,W080,P003,A09,21-08-2026,Day,9.3,1.3,37,High,51,71,0.719,5
R006096,W080,P003,A02,23-08-2026,Night,10.1,2.1,15,Medium,55,73,0.748,1
R006097,W080,P003,A06,24-08-2026,Night,10,2,48,Low,57,68,0.839,2
R006098,W080,P003,A02,25-08-2026,Night,10.2,2.2,39,Low,54,79,0.683,3
R006099,W080,P003,A01,26-08-2026,Night,9.4,1.4,42,Low,60,84,0.712,4
R006100,W080,P003,A03,27-08-2026,Day,9.9,1.9,29,Medium,42,64,0.653,5
R006101,W080,P003,A06,28-08-2026,Day,9.6,1.6,30,High,43,80,0.534,6
R006102,W080,P003,A06,29-08-2026,Day,8.8,0.8,45,Low,68,95,0.711,7
R006103,W081,P004,A02,01-06-2026,Night,10.7,2.7,35,Low,59,78,0.761,1
R006104,W081,P004,A05,02-06-2026,Day,9,1,45,Low,64,80,0.794,2
R006105,W081,P004,A02,03-06-2026,Day,8,0,51,Low,65,82,0.796,3
R006106,W081,P004,A09,05-06-2026,Day,8,0,41,Medium,62,72,0.866,1
R006107,W081,P004,A01,06-06-2026,Day,10.1,2.1,40,Low,53,67,0.795,2
R006108,W081,P004,A02,08-06-2026,Night,10,2,38,Medium,61,77,0.796,1
R006109,W081,P004,A04,09-06-2026,Night,11.8,3.8,42,Low,62,96,0.646,2
R006110,W081,P004,A04,10-06-2026,Night,8.5,0.5,42,Medium,52,63,0.824,3
R006111,W081,P004,A08,11-06-2026,Day,11.5,3.5,52,Medium,73,94,0.778,4
R006112,W081,P004,A03,12-06-2026,Day,9.6,1.6,33,High,66,88,0.747,5
R006113,W081,P004,A05,13-06-2026,Day,8,0,41,Critical,65,81,0.798,6
R006114,W081,P004,A02,15-06-2026,Day,9.3,1.3,55,Medium,54,69,0.781,1
R006115,W081,P004,A04,16-06-2026,Day,8.3,0.3,40,Critical,62,76,0.817,2
R006116,W081,P004,A01,17-06-2026,Day,8,0,46,High,73,92,0.791,3
R006117,W081,P004,A05,18-06-2026,Day,8.8,0.8,47,Low,59,79,0.752,4
R006118,W081,P004,A07,19-06-2026,Day,9.2,1.2,50,High,58,83,0.698,5
R006119,W081,P004,A04,20-06-2026,Day,10,2,38,Low,53,75,0.706,6
R006120,W081,P004,A02,22-06-2026,Day,9.7,1.7,43,Low,74,86,0.862,1
R006121,W081,P004,A08,23-06-2026,Day,9.8,1.8,46,Low,62,83,0.752,2
R006122,W081,P004,A05,24-06-2026,Day,8,0,39,Low,74,97,0.763,3
R006123,W081,P004,A09,25-06-2026,Day,9.4,1.4,48,Low,69,82,0.847,4
R006124,W081,P004,A03,26-06-2026,Day,8.7,0.7,40,Medium,67,82,0.814,5
R006125,W081,P004,A08,27-06-2026,Day,9.6,1.6,39,Medium,60,82,0.732,6
R006126,W081,P004,A06,29-06-2026,Day,8,0,41,Medium,56,74,0.758,1
R006127,W081,P004,A08,30-06-2026,Day,10.6,2.6,43,Low,72,93,0.779,2
R006128,W081,P004,A04,01-07-2026,Day,8.8,0.8,46,High,52,69,0.757,3
R006129,W081,P004,A02,02-07-2026,Day,10,2,47,Medium,66,82,0.806,4
R006130,W081,P004,A09,03-07-2026,Night,10.1,2.1,45,Medium,74,92,0.799,5
R006131,W081,P004,A03,04-07-2026,Day,8,0,39,High,56,73,0.76,6
R006132,W081,P004,A04,06-07-2026,Day,9.6,1.6,42,High,55,69,0.799,1
R006133,W081,P004,A06,07-07-2026,Day,10.1,2.1,55,Medium,53,63,0.837,2
R006134,W081,P004,A07,08-07-2026,Day,10.6,2.6,28,Low,50,80,0.62,3
R006135,W081,P004,A03,09-07-2026,Day,8.1,0.1,43,Critical,48,68,0.709,4
R006136,W081,P004,A01,10-07-2026,Day,8.7,0.7,43,Low,66,86,0.762,5
R006137,W081,P004,A02,11-07-2026,Day,9,1,42,Low,56,66,0.843,6
R006138,W081,P004,A01,13-07-2026,Day,9.8,1.8,60,High,52,69,0.754,1
R006139,W081,P004,A02,14-07-2026,Day,8.9,0.9,50,Low,58,71,0.818,2
R006140,W081,P004,A08,15-07-2026,Night,8,0,49,Medium,58,70,0.827,3
R006141,W081,P004,A06,16-07-2026,Day,9.1,1.1,41,Medium,74,95,0.774,4
R006142,W081,P004,A03,17-07-2026,Day,9.6,1.6,33,Critical,49,65,0.752,5
R006143,W081,P004,A06,18-07-2026,Day,9.3,1.3,35,Low,54,70,0.768,6
R006144,W081,P004,A03,20-07-2026,Day,9.2,1.2,50,Medium,68,82,0.825,1
R006145,W081,P004,A06,21-07-2026,Day,9.9,1.9,50,Low,53,76,0.702,2
R006146,W081,P004,A08,22-07-2026,Day,10.1,2.1,47,Medium,74,96,0.775,3
R006147,W081,P004,A05,23-07-2026,Day,9.6,1.6,35,Low,59,69,0.859,4
R006148,W081,P004,A08,24-07-2026,Day,8.5,0.5,34,Critical,61,87,0.698,5
R006149,W081,P004,A09,25-07-2026,Day,8.6,0.6,41,Low,73,84,0.864,6
R006150,W081,P004,A04,27-07-2026,Day,9.2,1.2,51,Critical,64,85,0.748,1
R006151,W081,P004,A05,29-07-2026,Day,8.9,0.9,46,Low,52,62,0.836,1
R006152,W081,P004,A02,30-07-2026,Night,12.2,4.2,19,High,45,69,0.646,2
R006153,W081,P004,A03,31-07-2026,Day,8.2,0.2,38,Low,64,76,0.844,3
R006154,W081,P004,A06,03-08-2026,Night,11,3,48,Low,49,69,0.715,1
R006155,W081,P004,A05,04-08-2026,Day,10.9,2.9,47,High,52,70,0.74,2
R006156,W081,P004,A03,05-08-2026,Night,8.9,0.9,40,High,78,99,0.783,3
R006157,W081,P004,A05,06-08-2026,Day,10.3,2.3,47,Low,77,99,0.775,4
R006158,W081,P004,A07,07-08-2026,Day,10,2,54,Medium,44,61,0.72,5
R006159,W081,P004,A08,08-08-2026,Night,8.8,0.8,40,Low,74,95,0.776,6
R006160,W081,P004,A06,11-08-2026,Day,9.4,1.4,37,Low,61,81,0.754,1
R006161,W081,P004,A05,12-08-2026,Day,8.6,0.6,36,Medium,69,80,0.865,2
R006162,W081,P004,A08,13-08-2026,Day,9.1,1.1,28,Medium,56,70,0.804,3
R006163,W081,P004,A09,14-08-2026,Day,9.2,1.2,38,Critical,63,92,0.681,4
R006164,W081,P004,A04,15-08-2026,Night,9.3,1.3,59,Low,74,89,0.826,5
R006165,W081,P004,A05,17-08-2026,Night,8.4,0.4,53,Medium,77,99,0.776,1
R006166,W081,P004,A05,18-08-2026,Day,10.1,2.1,37,Low,45,63,0.715,2
R006167,W081,P004,A01,19-08-2026,Day,8,0,54,High,47,65,0.73,3
R006168,W081,P004,A06,20-08-2026,Day,8.4,0.4,48,Low,61,71,0.864,4
R006169,W081,P004,A06,22-08-2026,Day,9.7,1.7,39,Low,80,92,0.873,1
R006170,W081,P004,A06,24-08-2026,Day,8.7,0.7,37,Medium,62,74,0.835,1
R006171,W081,P004,A02,26-08-2026,Day,11.4,3.4,47,Medium,59,80,0.743,1
R006172,W081,P004,A02,27-08-2026,Day,8.4,0.4,42,Medium,62,79,0.783,2
R006173,W081,P004,A01,28-08-2026,Day,10,2,44,Low,58,73,0.797,3
R006174,W081,P004,A03,29-08-2026,Day,9,1,42,Medium,48,62,0.78,4
R006175,W082,P005,A03,01-06-2026,Day,10.1,2.1,44,Low,68,93,0.726,1
R006176,W082,P005,A01,02-06-2026,Day,10.3,2.3,44,Critical,57,78,0.732,2
R006177,W082,P005,A05,03-06-2026,Day,10.5,2.5,44,Medium,67,91,0.741,3
R006178,W082,P005,A07,04-06-2026,Day,11.8,3.8,39,High,47,69,0.683,4
R006179,W082,P005,A06,05-06-2026,Night,11.4,3.4,53,Low,71,96,0.737,5
R006180,W082,P005,A06,06-06-2026,Day,9.6,1.6,29,Critical,60,92,0.647,6
R006181,W082,P005,A07,07-06-2026,Day,9.6,1.6,31,High,48,77,0.619,7
R006182,W082,P005,A04,08-06-2026,Day,9.8,1.8,22,Medium,57,91,0.625,8
R006183,W082,P005,A08,09-06-2026,Day,10.7,2.7,39,Critical,35,63,0.559,9
R006184,W082,P005,A04,10-06-2026,Day,9.9,1.9,23,Medium,48,69,0.689,10
R006185,W082,P005,A03,11-06-2026,Night,11.4,3.4,36,Medium,68,96,0.71,11
R006186,W082,P005,A09,12-06-2026,Day,9.6,1.6,44,Low,54,73,0.736,12
R006187,W082,P005,A01,13-06-2026,Day,10.2,2.2,31,Low,47,73,0.641,13
R006188,W082,P005,A09,14-06-2026,Day,10.3,2.3,31,Low,50,96,0.522,14
R006189,W082,P005,A07,16-06-2026,Day,9.5,1.5,39,High,52,75,0.691,1
R006190,W082,P005,A09,17-06-2026,Night,10.1,2.1,43,Medium,67,87,0.772,2
R006191,W082,P005,A09,18-06-2026,Day,9.9,1.9,42,High,67,87,0.767,3
R006192,W082,P005,A04,19-06-2026,Day,10.8,2.8,44,Low,47,71,0.659,4
R006193,W082,P005,A07,20-06-2026,Day,9.9,1.9,39,High,57,87,0.66,5
R006194,W082,P005,A04,22-06-2026,Day,11.9,3.9,31,Medium,45,66,0.681,1
R006195,W082,P005,A06,23-06-2026,Day,8.9,0.9,35,Critical,48,68,0.71,2
R006196,W082,P005,A03,24-06-2026,Day,10.3,2.3,48,Critical,52,90,0.578,3
R006197,W082,P005,A09,25-06-2026,Day,11,3,29,Low,48,78,0.614,4
R006198,W082,P005,A03,26-06-2026,Day,9.5,1.5,37,High,52,80,0.655,5
R006199,W082,P005,A01,27-06-2026,Day,10.9,2.9,27,Low,48,67,0.718,6
R006200,W082,P005,A06,28-06-2026,Day,11.4,3.4,34,Low,66,93,0.705,7
R006201,W082,P005,A08,29-06-2026,Night,10.6,2.6,31,Medium,50,74,0.671,8
R006202,W082,P005,A02,30-06-2026,Day,9.4,1.4,31,High,62,93,0.664,9
R006203,W082,P005,A09,01-07-2026,Day,12.3,4.3,47,High,55,90,0.607,10
R006204,W082,P005,A04,02-07-2026,Day,10.4,2.4,21,Low,54,87,0.618,11
R006205,W082,P005,A09,03-07-2026,Day,12,4,38,Medium,47,75,0.623,12
R006206,W082,P005,A02,04-07-2026,Day,10.6,2.6,26,High,57,86,0.662,13
R006207,W082,P005,A01,06-07-2026,Day,11,3,46,Low,48,68,0.7,1
R006208,W082,P005,A03,07-07-2026,Day,9.5,1.5,46,Low,43,60,0.713,2
R006209,W082,P005,A07,08-07-2026,Night,11.8,3.8,35,High,57,95,0.602,3
R006210,W082,P005,A07,09-07-2026,Night,11.4,3.4,33,High,50,83,0.604,4
R006211,W082,P005,A05,10-07-2026,Day,12,4,26,Low,66,96,0.687,5
R006212,W082,P005,A05,11-07-2026,Day,10.2,2.2,37,Critical,63,99,0.634,6
R006213,W082,P005,A02,13-07-2026,Day,13.4,5.4,27,High,38,65,0.585,1
R006214,W082,P005,A06,14-07-2026,Night,10.2,2.2,27,Medium,49,74,0.668,2
R006215,W082,P005,A03,15-07-2026,Day,10.4,2.4,30,Low,51,72,0.704,3
R006216,W082,P005,A04,16-07-2026,Day,11.2,3.2,38,Medium,49,84,0.58,4
R006217,W082,P005,A07,17-07-2026,Day,9.3,1.3,36,High,46,68,0.683,5
R006218,W082,P005,A04,18-07-2026,Day,10.8,2.8,26,Low,43,66,0.654,6
R006219,W082,P005,A04,19-07-2026,Day,10.9,2.9,46,Medium,42,62,0.675,7
R006220,W082,P005,A03,21-07-2026,Day,10,2,33,Medium,61,85,0.712,1
R006221,W082,P005,A09,22-07-2026,Day,10.1,2.1,30,Medium,56,82,0.688,2
R006222,W082,P005,A05,23-07-2026,Day,11.2,3.2,28,Low,52,72,0.719,3
R006223,W082,P005,A03,24-07-2026,Day,8,0,41,Medium,66,92,0.721,4
R006224,W082,P005,A09,25-07-2026,Day,10.7,2.7,39,Low,44,66,0.668,5
R006225,W082,P005,A09,26-07-2026,Day,11.5,3.5,39,Critical,44,79,0.559,6
R006226,W082,P005,A05,27-07-2026,Day,11.1,3.1,35,Low,43,75,0.573,7
R006227,W082,P005,A09,28-07-2026,Day,9.5,1.5,43,Low,39,61,0.632,8
R006228,W082,P005,A09,29-07-2026,Day,10.4,2.4,16,Low,51,80,0.643,9
R006229,W082,P005,A02,30-07-2026,Day,10.1,2.1,37,Low,49,77,0.633,10
R006230,W082,P005,A06,31-07-2026,Day,8,0,29,High,41,62,0.667,11
R006231,W082,P005,A05,01-08-2026,Night,10.4,2.4,39,Medium,71,99,0.722,12
R006232,W082,P005,A04,03-08-2026,Night,11,3,31,Medium,49,69,0.712,1
R006233,W082,P005,A06,04-08-2026,Day,11,3,38,High,48,72,0.673,2
R006234,W082,P005,A07,05-08-2026,Day,10.9,2.9,21,High,62,98,0.632,3
R006235,W082,P005,A07,06-08-2026,Day,9.1,1.1,49,Low,53,64,0.832,4
R006236,W082,P005,A08,07-08-2026,Day,11.2,3.2,31,Low,47,64,0.734,5
R006237,W082,P005,A03,08-08-2026,Day,10.4,2.4,20,Low,58,86,0.674,6
R006238,W082,P005,A05,10-08-2026,Night,10.1,2.1,44,Low,52,70,0.744,1
R006239,W082,P005,A04,11-08-2026,Day,8.4,0.4,34,Low,48,63,0.767,2
R006240,W082,P005,A06,12-08-2026,Night,10.3,2.3,40,High,48,76,0.63,3
R006241,W082,P005,A05,13-08-2026,Day,12.1,4.1,29,Medium,57,89,0.639,4
R006242,W082,P005,A07,14-08-2026,Day,10.9,2.9,30,Low,48,68,0.706,5
R006243,W082,P005,A01,15-08-2026,Day,10.9,2.9,41,High,44,70,0.622,6
R006244,W082,P005,A01,16-08-2026,Day,10.3,2.3,21,Medium,59,95,0.617,7
R006245,W082,P005,A07,17-08-2026,Day,10.4,2.4,31,Medium,56,81,0.697,8
R006246,W082,P005,A04,18-08-2026,Day,12.2,4.2,42,High,64,97,0.664,9
R006247,W082,P005,A08,19-08-2026,Day,11.7,3.7,50,Medium,51,88,0.576,10
R006248,W082,P005,A07,20-08-2026,Day,10.1,2.1,39,High,60,96,0.621,11
R006249,W082,P005,A07,21-08-2026,Day,10.4,2.4,37,Low,51,85,0.602,12
R006250,W082,P005,A05,22-08-2026,Day,9.8,1.8,18,High,57,91,0.632,13
R006251,W082,P005,A03,24-08-2026,Day,8.5,0.5,26,Medium,46,68,0.676,1
R006252,W082,P005,A08,25-08-2026,Day,10.5,2.5,27,Low,52,74,0.707,2
R006253,W082,P005,A03,26-08-2026,Day,10.9,2.9,52,High,57,91,0.628,3
R006254,W082,P005,A09,27-08-2026,Day,11.4,3.4,26,High,50,75,0.673,4
R006255,W082,P005,A08,28-08-2026,Day,9.7,1.7,29,High,51,83,0.62,5
R006256,W082,P005,A04,29-08-2026,Day,9.1,1.1,25,Medium,48,68,0.699,6
R006257,W083,P004,A06,01-06-2026,Day,9.4,1.4,23,Low,71,98,0.72,1
R006258,W083,P004,A01,02-06-2026,Day,11.5,3.5,37,Critical,57,92,0.615,2
R006259,W083,P004,A07,03-06-2026,Day,12.1,4.1,49,Medium,44,76,0.576,3
R006260,W083,P004,A03,04-06-2026,Night,8.9,0.9,38,High,51,68,0.747,4
R006261,W083,P004,A09,05-06-2026,Day,9.5,1.5,31,Medium,62,85,0.724,5
R006262,W083,P004,A09,06-06-2026,Day,11.2,3.2,52,Low,59,78,0.754,6
R006263,W083,P004,A06,07-06-2026,Night,8.6,0.6,46,Medium,64,84,0.756,7
R006264,W083,P004,A05,08-06-2026,Day,10.1,2.1,53,High,49,68,0.715,8
R006265,W083,P004,A08,09-06-2026,Day,10.1,2.1,30,Low,59,81,0.734,9
R006266,W083,P004,A03,10-06-2026,Day,9.1,1.1,47,Low,76,90,0.845,10
R006267,W083,P004,A03,11-06-2026,Day,8.4,0.4,42,Low,55,72,0.765,11
R006268,W083,P004,A03,12-06-2026,Night,8.4,0.4,28,Low,62,87,0.716,12
R006269,W083,P004,A01,13-06-2026,Day,10.7,2.7,38,Critical,46,72,0.644,13
R006270,W083,P004,A08,15-06-2026,Day,9.1,1.1,56,High,51,68,0.747,1
R006271,W083,P004,A02,16-06-2026,Day,9.4,1.4,34,Medium,47,63,0.746,2
R006272,W083,P004,A08,17-06-2026,Day,10.7,2.7,15,Low,48,65,0.732,3
R006273,W083,P004,A07,18-06-2026,Day,9.4,1.4,44,Low,50,64,0.784,4
R006274,W083,P004,A03,19-06-2026,Day,8.4,0.4,30,Critical,50,78,0.638,5
R006275,W083,P004,A09,20-06-2026,Day,10,2,35,Medium,62,90,0.693,6
R006276,W083,P004,A09,22-06-2026,Day,9.1,1.1,30,High,74,86,0.862,1
R006277,W083,P004,A06,23-06-2026,Day,10,2,46,High,63,86,0.733,2
R006278,W083,P004,A03,24-06-2026,Day,9,1,41,Low,55,71,0.778,3
R006279,W083,P004,A01,25-06-2026,Night,9.9,1.9,36,Low,79,96,0.82,4
R006280,W083,P004,A08,26-06-2026,Day,8.4,0.4,26,Low,49,66,0.744,5
R006281,W083,P004,A06,27-06-2026,Night,10,2,34,Low,66,97,0.677,6
R006282,W083,P004,A09,29-06-2026,Night,10,2,42,Critical,44,62,0.707,1
R006283,W083,P004,A08,30-06-2026,Night,8,0,24,Critical,62,78,0.797,2
R006284,W083,P004,A03,01-07-2026,Day,10.3,2.3,47,Low,75,97,0.773,3
R006285,W083,P004,A04,02-07-2026,Night,10.5,2.5,43,Low,50,63,0.787,4
R006286,W083,P004,A07,03-07-2026,Night,10.1,2.1,36,Medium,78,97,0.807,5
R006287,W083,P004,A08,04-07-2026,Day,9,1,37,High,53,72,0.735,6
R006288,W083,P004,A08,06-07-2026,Day,10.5,2.5,31,Low,64,77,0.835,1
R006289,W083,P004,A06,07-07-2026,Day,9.8,1.8,51,Low,62,85,0.725,2
R006290,W083,P004,A08,08-07-2026,Day,11,3,40,High,49,70,0.7,3
R006291,W083,P004,A04,09-07-2026,Day,10,2,51,Medium,69,84,0.82,4
R006292,W083,P004,A01,10-07-2026,Day,8.3,0.3,44,Low,60,69,0.871,5
R006293,W083,P004,A05,11-07-2026,Day,10,2,50,Low,76,97,0.787,6
R006294,W083,P004,A06,13-07-2026,Night,10.7,2.7,54,High,55,71,0.771,1
R006295,W083,P004,A02,14-07-2026,Day,11.8,3.8,41,Medium,73,85,0.86,2
R006296,W083,P004,A01,15-07-2026,Day,11,3,49,Medium,63,78,0.805,3
R006297,W083,P004,A03,16-07-2026,Night,9.9,1.9,38,Medium,68,90,0.75,4
R006298,W083,P004,A07,17-07-2026,Day,8.4,0.4,36,Medium,57,84,0.683,5
R006299,W083,P004,A06,18-07-2026,Day,9.1,1.1,35,High,59,84,0.698,6
R006300,W083,P004,A09,20-07-2026,Day,9.2,1.2,25,Low,66,89,0.737,1
R006301,W083,P004,A06,21-07-2026,Day,10.4,2.4,31,Medium,61,75,0.817,2
R006302,W083,P004,A02,22-07-2026,Day,8.9,0.9,44,High,67,86,0.774,3
R006303,W083,P004,A02,23-07-2026,Day,11.3,3.3,42,Medium,45,62,0.729,4
R006304,W083,P004,A01,24-07-2026,Day,9.4,1.4,42,Critical,60,94,0.637,5
R006305,W083,P004,A09,25-07-2026,Day,9.3,1.3,50,Medium,69,91,0.76,6
R006306,W083,P004,A07,28-07-2026,Day,10.1,2.1,37,Medium,58,75,0.771,1
R006307,W083,P004,A03,29-07-2026,Day,10,2,42,Medium,73,90,0.806,2
R006308,W083,P004,A03,30-07-2026,Day,8.1,0.1,38,Medium,52,69,0.748,3
R006309,W083,P004,A04,31-07-2026,Day,10.4,2.4,44,Medium,45,68,0.667,4
R006310,W083,P004,A08,01-08-2026,Day,9.1,1.1,43,Low,47,62,0.763,5
R006311,W083,P004,A07,03-08-2026,Day,11,3,33,Medium,56,79,0.707,1
R006312,W083,P004,A02,04-08-2026,Day,9.5,1.5,28,Medium,70,92,0.763,2
R006313,W083,P004,A01,05-08-2026,Day,9.1,1.1,38,Low,52,70,0.745,3
R006314,W083,P004,A08,06-08-2026,Day,10.6,2.6,37,High,59,78,0.752,4
R006315,W083,P004,A03,07-08-2026,Day,10.7,2.7,40,Medium,63,84,0.749,5
R006316,W083,P004,A05,08-08-2026,Day,9.9,1.9,35,Medium,52,62,0.835,6
R006317,W083,P004,A02,10-08-2026,Day,10.1,2.1,50,High,65,84,0.77,1
R006318,W083,P004,A03,11-08-2026,Day,9,1,38,High,66,85,0.776,2
R006319,W083,P004,A09,12-08-2026,Day,8.8,0.8,35,Medium,51,69,0.738,3
R006320,W083,P004,A04,13-08-2026,Day,9.3,1.3,52,Low,69,89,0.78,4
R006321,W083,P004,A07,14-08-2026,Day,9.3,1.3,44,Medium,55,77,0.716,5
R006322,W083,P004,A05,15-08-2026,Night,8.6,0.6,38,Medium,70,96,0.731,6
R006323,W083,P004,A05,17-08-2026,Day,8,0,31,High,55,68,0.813,1
R006324,W083,P004,A07,18-08-2026,Day,10.7,2.7,42,Medium,54,74,0.729,2
R006325,W083,P004,A07,19-08-2026,Day,10,2,36,Medium,51,64,0.798,3
R006326,W083,P004,A07,20-08-2026,Day,10.1,2.1,33,Medium,51,67,0.765,4
R006327,W083,P004,A06,21-08-2026,Day,10.2,2.2,43,Medium,65,84,0.77,5
R006328,W083,P004,A06,22-08-2026,Day,11.1,3.1,35,Medium,75,97,0.77,6
R006329,W083,P004,A06,24-08-2026,Day,11.3,3.3,43,Medium,45,61,0.735,1
R006330,W083,P004,A05,25-08-2026,Day,9.4,1.4,40,Critical,56,77,0.727,2
R006331,W083,P004,A07,26-08-2026,Day,8.3,0.3,47,High,65,91,0.719,3
R006332,W083,P004,A03,27-08-2026,Day,9.7,1.7,27,Medium,60,78,0.766,4
R006333,W083,P004,A07,28-08-2026,Day,8.2,0.2,46,High,52,63,0.823,5
R006334,W083,P004,A03,29-08-2026,Day,8,0,35,High,60,85,0.703,6
R006335,W084,P005,A05,01-06-2026,Day,8.4,0.4,38,Critical,43,64,0.677,1
R006336,W084,P005,A05,02-06-2026,Day,10,2,39,Low,69,79,0.87,2
R006337,W084,P005,A05,03-06-2026,Day,9.4,1.4,48,Medium,48,66,0.731,3
R006338,W084,P005,A09,04-06-2026,Day,10,2,30,Low,57,70,0.812,4
R006339,W084,P005,A06,05-06-2026,Day,9.1,1.1,36,Medium,66,87,0.758,5
R006340,W084,P005,A01,06-06-2026,Day,10.4,2.4,31,Low,66,95,0.696,6
R006341,W084,P005,A03,08-06-2026,Day,13.3,5.3,57,Medium,56,80,0.701,1
R006342,W084,P005,A09,09-06-2026,Night,9.1,1.1,41,Medium,46,60,0.774,2
R006343,W084,P005,A09,10-06-2026,Day,10.4,2.4,42,Medium,72,96,0.747,3
R006344,W084,P005,A07,11-06-2026,Day,10.5,2.5,34,High,52,75,0.689,4
R006345,W084,P005,A07,12-06-2026,Day,11,3,54,Medium,59,84,0.703,5
R006346,W084,P005,A05,13-06-2026,Day,9.3,1.3,24,Low,61,82,0.748,6
R006347,W084,P005,A07,15-06-2026,Night,8,0,35,High,76,95,0.797,1
R006348,W084,P005,A03,16-06-2026,Day,10.8,2.8,37,High,66,87,0.759,2
R006349,W084,P005,A06,17-06-2026,Day,12.1,4.1,31,Medium,45,61,0.732,3
R006350,W084,P005,A09,18-06-2026,Day,9.7,1.7,46,Medium,66,92,0.717,4
R006351,W084,P005,A02,19-06-2026,Night,9,1,48,Low,58,75,0.773,5
R006352,W084,P005,A04,20-06-2026,Night,11,3,52,Low,60,79,0.754,6
R006353,W084,P005,A08,22-06-2026,Day,8,0,44,Medium,71,79,0.895,1
R006354,W084,P005,A01,23-06-2026,Night,8.1,0.1,48,Low,57,65,0.884,2
R006355,W084,P005,A07,24-06-2026,Day,8.6,0.6,25,Low,76,85,0.897,3
R006356,W084,P005,A08,25-06-2026,Day,9.6,1.6,37,Low,78,89,0.874,4
R006357,W084,P005,A04,26-06-2026,Day,8.5,0.5,39,High,66,97,0.685,5
R006358,W084,P005,A04,27-06-2026,Day,9.9,1.9,58,Medium,68,92,0.738,6
R006359,W084,P005,A04,29-06-2026,Night,10.5,2.5,39,High,48,68,0.712,1
R006360,W084,P005,A09,30-06-2026,Day,8.4,0.4,40,Medium,69,85,0.811,2
R006361,W084,P005,A03,01-07-2026,Day,8.9,0.9,49,Medium,69,86,0.807,3
R006362,W084,P005,A07,02-07-2026,Day,11,3,39,High,53,79,0.668,4
R006363,W084,P005,A05,03-07-2026,Day,11.9,3.9,27,Medium,61,95,0.646,5
R006364,W084,P005,A09,04-07-2026,Day,10.6,2.6,39,Medium,70,90,0.774,6
R006365,W084,P005,A06,06-07-2026,Day,9,1,56,Medium,75,95,0.79,1
R006366,W084,P005,A07,07-07-2026,Day,11.5,3.5,53,Medium,43,62,0.702,2
R006367,W084,P005,A06,08-07-2026,Day,9.3,1.3,24,Low,44,60,0.74,3
R006368,W084,P005,A08,09-07-2026,Night,9,1,36,Medium,62,82,0.758,4
R006369,W084,P005,A07,10-07-2026,Night,11.3,3.3,40,High,57,77,0.734,5
R006370,W084,P005,A02,11-07-2026,Day,9.4,1.4,34,Medium,45,64,0.702,6
R006371,W084,P005,A02,13-07-2026,Day,8.1,0.1,37,Low,76,92,0.83,1
R006372,W084,P005,A05,14-07-2026,Day,9.9,1.9,39,High,70,98,0.717,2
R006373,W084,P005,A05,15-07-2026,Day,10.6,2.6,29,Medium,55,90,0.615,3
R006374,W084,P005,A05,16-07-2026,Day,9.5,1.5,52,Medium,49,62,0.792,4
R006375,W084,P005,A06,17-07-2026,Day,10.7,2.7,48,Low,61,82,0.741,5
R006376,W084,P005,A01,18-07-2026,Day,9.3,1.3,47,Medium,54,68,0.789,6
R006377,W084,P005,A01,20-07-2026,Day,9.7,1.7,46,Medium,72,86,0.834,1
R006378,W084,P005,A01,21-07-2026,Day,8.2,0.2,55,High,76,97,0.787,2
R006379,W084,P005,A03,22-07-2026,Day,10.1,2.1,45,High,62,87,0.711,3
R006380,W084,P005,A02,23-07-2026,Night,10.6,2.6,39,Low,78,99,0.792,4
R006381,W084,P005,A04,24-07-2026,Night,8.6,0.6,29,Medium,65,91,0.716,5
R006382,W084,P005,A03,25-07-2026,Day,9.5,1.5,36,Medium,63,79,0.792,6
R006383,W084,P005,A01,27-07-2026,Day,8.9,0.9,45,High,51,72,0.709,1
R006384,W084,P005,A08,28-07-2026,Day,8,0,42,Medium,76,88,0.858,2
R006385,W084,P005,A02,29-07-2026,Day,9.4,1.4,39,High,71,94,0.752,3
R006386,W084,P005,A05,30-07-2026,Day,8.1,0.1,32,Medium,54,77,0.704,4
R006387,W084,P005,A04,01-08-2026,Day,8,0,32,Medium,55,65,0.839,1
R006388,W084,P005,A07,03-08-2026,Day,11.4,3.4,48,Low,57,74,0.769,1
R006389,W084,P005,A03,04-08-2026,Day,10.2,2.2,34,Medium,70,97,0.721,2
R006390,W084,P005,A02,05-08-2026,Day,11.1,3.1,45,Medium,68,90,0.751,3
R006391,W084,P005,A09,06-08-2026,Day,9.9,1.9,19,High,68,90,0.76,4
R006392,W084,P005,A08,07-08-2026,Day,10.9,2.9,32,Low,65,87,0.747,5
R006393,W084,P005,A06,08-08-2026,Night,8,0,49,Medium,53,70,0.752,6
R006394,W084,P005,A03,10-08-2026,Day,8.7,0.7,36,Low,50,61,0.815,1
R006395,W084,P005,A03,11-08-2026,Day,10,2,40,Low,72,93,0.774,2
R006396,W084,P005,A05,12-08-2026,Night,8,0,45,High,64,98,0.654,3
R006397,W084,P005,A05,13-08-2026,Day,10,2,42,Low,64,78,0.815,4
R006398,W084,P005,A01,14-08-2026,Day,10.2,2.2,43,Low,58,82,0.705,5
R006399,W084,P005,A02,15-08-2026,Day,8.1,0.1,38,Medium,46,60,0.77,6
R006400,W084,P005,A07,17-08-2026,Day,9.2,1.2,36,Medium,57,72,0.791,1
R006401,W084,P005,A06,18-08-2026,Day,9.4,1.4,55,Critical,48,62,0.773,2
R006402,W084,P005,A08,19-08-2026,Day,8.9,0.9,46,Medium,54,71,0.766,3
R006403,W084,P005,A02,20-08-2026,Day,10.4,2.4,48,High,56,73,0.77,4
R006404,W084,P005,A07,21-08-2026,Day,9.1,1.1,26,High,57,70,0.808,5
R006405,W084,P005,A09,22-08-2026,Day,8.3,0.3,29,Critical,49,73,0.675,6
R006406,W084,P005,A02,24-08-2026,Day,10.1,2.1,48,Medium,58,75,0.774,1
R006407,W084,P005,A04,25-08-2026,Day,11.5,3.5,43,Low,70,99,0.707,2
R006408,W084,P005,A08,27-08-2026,Day,9.1,1.1,36,Medium,45,61,0.741,1
R006409,W084,P005,A04,28-08-2026,Night,11.3,3.3,37,Low,61,84,0.726,2
R006410,W084,P005,A06,29-08-2026,Night,10.1,2.1,38,Medium,43,63,0.686,3
R006411,W085,P003,A05,01-06-2026,Day,8.5,0.5,54,Medium,44,65,0.671,1
R006412,W085,P003,A05,02-06-2026,Day,8.8,0.8,32,Medium,62,90,0.691,2
R006413,W085,P003,A09,03-06-2026,Day,9.5,1.5,29,Medium,50,62,0.799,3
R006414,W085,P003,A03,04-06-2026,Day,8.5,0.5,38,Critical,55,85,0.65,4
R006415,W085,P003,A06,05-06-2026,Day,10.2,2.2,27,Low,63,76,0.823,5
R006416,W085,P003,A05,06-06-2026,Day,10.4,2.4,24,Critical,53,87,0.609,6
R006417,W085,P003,A03,07-06-2026,Day,9.9,1.9,46,Low,50,65,0.771,7
R006418,W085,P003,A09,08-06-2026,Day,9.7,1.7,41,Critical,50,70,0.717,8
R006419,W085,P003,A05,09-06-2026,Day,10.6,2.6,45,Low,61,92,0.662,9
R006420,W085,P003,A03,10-06-2026,Night,10.7,2.7,51,Medium,43,72,0.592,10
R006421,W085,P003,A03,11-06-2026,Day,12,4,38,Medium,39,61,0.637,11
R006422,W085,P003,A07,12-06-2026,Day,9.9,1.9,36,Medium,50,74,0.673,12
R006423,W085,P003,A05,13-06-2026,Day,11,3,44,Medium,66,95,0.692,13
R006424,W085,P003,A06,15-06-2026,Day,11,3,50,High,53,75,0.705,1
R006425,W085,P003,A07,16-06-2026,Day,10.2,2.2,38,Critical,66,92,0.715,2
R006426,W085,P003,A01,17-06-2026,Day,10,2,19,Medium,72,92,0.779,3
R006427,W085,P003,A09,18-06-2026,Day,10.1,2.1,44,Low,57,80,0.707,4
R006428,W085,P003,A08,19-06-2026,Day,10.2,2.2,44,Low,55,76,0.721,5
R006429,W085,P003,A01,20-06-2026,Day,10.3,2.3,35,High,56,77,0.73,6
R006430,W085,P003,A05,22-06-2026,Day,8.8,0.8,48,Medium,47,62,0.766,1
R006431,W085,P003,A06,23-06-2026,Day,8.8,0.8,31,Low,46,60,0.762,2
R006432,W085,P003,A06,24-06-2026,Night,8.9,0.9,48,Critical,49,76,0.642,3
R006433,W085,P003,A08,25-06-2026,Day,9.7,1.7,49,Critical,60,82,0.728,4
R006434,W085,P003,A04,26-06-2026,Day,10.2,2.2,34,Medium,49,64,0.763,5
R006435,W085,P003,A02,27-06-2026,Day,10.8,2.8,33,Medium,70,92,0.756,6
R006436,W085,P003,A04,29-06-2026,Day,10.8,2.8,27,Medium,42,60,0.697,1
R006437,W085,P003,A04,30-06-2026,Day,9.2,1.2,30,Medium,47,65,0.725,2
R006438,W085,P003,A01,01-07-2026,Day,11.8,3.8,29,High,58,76,0.765,3
R006439,W085,P003,A05,02-07-2026,Day,8.9,0.9,42,Low,52,76,0.678,4
R006440,W085,P003,A08,03-07-2026,Day,8.7,0.7,36,Medium,61,70,0.866,5
R006441,W085,P003,A09,04-07-2026,Day,9.4,1.4,42,Low,74,96,0.767,6
R006442,W085,P003,A06,06-07-2026,Day,10,2,45,Medium,52,71,0.731,1
R006443,W085,P003,A07,07-07-2026,Day,8,0,36,Low,73,95,0.769,2
R006444,W085,P003,A06,08-07-2026,Day,9.1,1.1,38,Low,72,84,0.863,3
R006445,W085,P003,A02,09-07-2026,Day,9.7,1.7,44,High,67,88,0.757,4
R006446,W085,P003,A05,10-07-2026,Day,10.8,2.8,33,Low,38,67,0.572,5
R006447,W085,P003,A01,11-07-2026,Day,10.3,2.3,32,High,48,64,0.75,6
R006448,W085,P003,A06,13-07-2026,Day,8.4,0.4,28,Medium,77,96,0.805,1
R006449,W085,P003,A08,14-07-2026,Day,10.1,2.1,36,Low,65,90,0.717,2
R006450,W085,P003,A04,15-07-2026,Day,9.7,1.7,37,Low,38,61,0.618,3
R006451,W085,P003,A05,16-07-2026,Day,10.7,2.7,38,Low,46,63,0.725,4
R006452,W085,P003,A08,17-07-2026,Night,9.9,1.9,33,Medium,70,98,0.712,5
R006453,W085,P003,A05,18-07-2026,Day,10.3,2.3,37,Low,71,96,0.736,6
R006454,W085,P003,A07,20-07-2026,Day,10.2,2.2,30,Low,51,74,0.692,1
R006455,W085,P003,A06,21-07-2026,Day,10,2,28,Medium,40,63,0.642,2
R006456,W085,P003,A06,22-07-2026,Day,8.9,0.9,26,High,45,67,0.674,3
R006457,W085,P003,A07,23-07-2026,Day,10.9,2.9,38,Medium,72,94,0.77,4
R006458,W085,P003,A09,24-07-2026,Day,10,2,32,Critical,47,69,0.684,5
R006459,W085,P003,A05,25-07-2026,Day,11.5,3.5,27,Low,57,83,0.684,6
R006460,W085,P003,A09,27-07-2026,Day,11,3,28,Low,44,62,0.713,1
R006461,W085,P003,A02,28-07-2026,Night,9.3,1.3,33,Medium,65,82,0.799,2
R006462,W085,P003,A04,29-07-2026,Day,9.7,1.7,46,High,59,88,0.671,3
R006463,W085,P003,A03,30-07-2026,Day,9.8,1.8,26,Low,57,78,0.727,4
R006464,W085,P003,A01,31-07-2026,Day,12.2,4.2,24,Medium,51,67,0.766,5
R006465,W085,P003,A04,01-08-2026,Day,10.8,2.8,44,Medium,48,64,0.745,6
R006466,W085,P003,A03,03-08-2026,Day,10,2,37,High,50,71,0.709,1
R006467,W085,P003,A03,04-08-2026,Day,10.2,2.2,29,Low,69,86,0.802,2
R006468,W085,P003,A05,05-08-2026,Day,9.8,1.8,30,Critical,50,72,0.7,3
R006469,W085,P003,A04,06-08-2026,Day,11.5,3.5,41,Low,56,74,0.762,4
R006470,W085,P003,A02,07-08-2026,Day,8,0,41,Low,61,83,0.737,5
R006471,W085,P003,A03,08-08-2026,Day,9.1,1.1,28,Medium,78,99,0.789,6
R006472,W085,P003,A01,10-08-2026,Day,8,0,43,High,56,68,0.83,1
R006473,W085,P003,A02,11-08-2026,Day,9.1,1.1,48,Medium,74,97,0.766,2
R006474,W085,P003,A03,12-08-2026,Day,10.2,2.2,42,Low,55,76,0.721,3
R006475,W085,P003,A08,13-08-2026,Day,11,3,46,Medium,59,84,0.708,4
R006476,W085,P003,A04,14-08-2026,Day,9.3,1.3,46,Medium,51,63,0.812,5
R006477,W085,P003,A07,15-08-2026,Night,10.8,2.8,47,Medium,58,89,0.648,6
R006478,W085,P003,A06,17-08-2026,Night,8.3,0.3,40,Low,88,99,0.89,1
R006479,W085,P003,A06,18-08-2026,Day,9.5,1.5,35,Medium,55,68,0.802,2
R006480,W085,P003,A09,19-08-2026,Day,11.2,3.2,47,Low,47,62,0.765,3
R006481,W085,P003,A09,20-08-2026,Day,9.6,1.6,36,High,75,94,0.799,4
R006482,W085,P003,A04,21-08-2026,Day,8.7,0.7,22,High,58,86,0.671,5
R006483,W085,P003,A03,22-08-2026,Day,9.5,1.5,40,Medium,65,88,0.739,6
R006484,W085,P003,A03,24-08-2026,Day,9.3,1.3,26,Low,47,62,0.756,1
R006485,W085,P003,A07,25-08-2026,Day,8,0,41,Medium,73,95,0.767,2
R006486,W085,P003,A04,26-08-2026,Night,9.3,1.3,43,Low,69,88,0.786,3
R006487,W085,P003,A07,27-08-2026,Day,9.2,1.2,41,Critical,55,73,0.751,4
R006488,W085,P003,A08,28-08-2026,Night,10,2,30,Low,77,99,0.781,5
R006489,W085,P003,A08,29-08-2026,Day,8,0,48,Low,64,82,0.786,6
R006490,W086,P001,A03,02-06-2026,Day,11,3,31,Low,56,78,0.715,1
R006491,W086,P001,A04,03-06-2026,Day,11.4,3.4,32,High,46,70,0.656,2
R006492,W086,P001,A09,04-06-2026,Day,11.8,3.8,29,High,41,63,0.646,3
R006493,W086,P001,A03,05-06-2026,Day,8,0,33,Critical,46,63,0.732,4
R006494,W086,P001,A09,06-06-2026,Day,9.1,1.1,31,Medium,62,79,0.784,5
R006495,W086,P001,A07,08-06-2026,Day,9.2,1.2,48,High,60,76,0.789,1
R006496,W086,P001,A01,09-06-2026,Night,8.2,0.2,38,Medium,58,84,0.686,2
R006497,W086,P001,A03,10-06-2026,Day,9.8,1.8,27,High,55,79,0.696,3
R006498,W086,P001,A03,11-06-2026,Day,9.5,1.5,33,High,42,60,0.699,4
R006499,W086,P001,A05,12-06-2026,Day,10.3,2.3,34,High,63,85,0.737,5
R006500,W086,P001,A07,13-06-2026,Day,9.6,1.6,33,Low,45,65,0.697,6
R006501,W086,P001,A02,15-06-2026,Night,11,3,38,High,42,61,0.691,1
R006502,W086,P001,A07,16-06-2026,Day,10.4,2.4,45,Medium,65,93,0.695,2
R006503,W086,P001,A07,17-06-2026,Day,9.5,1.5,27,Medium,70,97,0.721,3
R006504,W086,P001,A04,18-06-2026,Day,9.3,1.3,48,Medium,54,73,0.738,4
R006505,W086,P001,A09,19-06-2026,Night,10.3,2.3,28,Low,62,94,0.664,5
R006506,W086,P001,A05,20-06-2026,Day,10.6,2.6,26,High,62,92,0.669,6
R006507,W086,P001,A02,22-06-2026,Day,11.8,3.8,20,Medium,48,64,0.756,1
R006508,W086,P001,A07,23-06-2026,Day,10.9,2.9,48,Medium,48,62,0.775,2
R006509,W086,P001,A07,24-06-2026,Night,9.4,1.4,39,Low,59,82,0.714,3
R006510,W086,P001,A07,25-06-2026,Day,8.4,0.4,47,Low,80,92,0.864,4
R006511,W086,P001,A01,26-06-2026,Day,9.4,1.4,19,Medium,54,92,0.584,5
R006512,W086,P001,A02,27-06-2026,Day,10.9,2.9,24,High,44,75,0.584,6
R006513,W086,P001,A03,29-06-2026,Day,10.6,2.6,20,High,43,66,0.65,1
R006514,W086,P001,A02,30-06-2026,Night,11.5,3.5,39,Low,49,79,0.626,2
R006515,W086,P001,A06,01-07-2026,Day,10.7,2.7,28,High,60,93,0.641,3
R006516,W086,P001,A03,02-07-2026,Day,9.9,1.9,25,Low,39,61,0.636,4
R006517,W086,P001,A07,03-07-2026,Day,10,2,50,Medium,65,88,0.739,5
R006518,W086,P001,A06,04-07-2026,Day,10.3,2.3,43,High,46,81,0.569,6
R006519,W086,P001,A04,06-07-2026,Day,10.6,2.6,52,Low,68,82,0.832,1
R006520,W086,P001,A09,07-07-2026,Night,11,3,43,Medium,45,65,0.691,2
R006521,W086,P001,A01,08-07-2026,Day,9,1,25,Medium,67,89,0.758,3
R006522,W086,P001,A08,09-07-2026,Day,11.9,3.9,27,Low,43,64,0.677,4
R006523,W086,P001,A01,10-07-2026,Day,8.4,0.4,34,High,50,65,0.763,5
R006524,W086,P001,A04,11-07-2026,Night,9.6,1.6,52,Low,67,83,0.803,6
R006525,W086,P001,A06,12-07-2026,Day,10.8,2.8,37,High,39,63,0.619,7
R006526,W086,P001,A07,13-07-2026,Night,9,1,43,High,53,74,0.722,8
R006527,W086,P001,A05,14-07-2026,Day,9.4,1.4,36,Medium,55,83,0.66,9
R006528,W086,P001,A01,15-07-2026,Day,11.5,3.5,28,Critical,33,66,0.506,10
R006529,W086,P001,A03,16-07-2026,Night,10.1,2.1,33,Low,60,86,0.695,11
R006530,W086,P001,A07,17-07-2026,Day,9.4,1.4,37,High,48,73,0.654,12
R006531,W086,P001,A09,18-07-2026,Day,11.9,3.9,33,High,58,91,0.635,13
R006532,W086,P001,A05,20-07-2026,Day,10.7,2.7,35,High,43,71,0.605,1
R006533,W086,P001,A05,22-07-2026,Day,11.1,3.1,27,High,42,68,0.621,1
R006534,W086,P001,A05,23-07-2026,Night,10.9,2.9,40,Medium,66,86,0.772,2
R006535,W086,P001,A04,24-07-2026,Day,10.2,2.2,28,Medium,53,77,0.687,3
R006536,W086,P001,A05,25-07-2026,Day,11.2,3.2,26,High,57,98,0.577,4
R006537,W086,P001,A04,27-07-2026,Day,11.7,3.7,48,High,65,99,0.654,1
R006538,W086,P001,A05,28-07-2026,Day,9.9,1.9,36,Medium,51,74,0.695,2
R006539,W086,P001,A03,29-07-2026,Night,11.6,3.6,31,High,49,76,0.639,3
R006540,W086,P001,A06,30-07-2026,Day,10.1,2.1,37,Low,52,85,0.609,4
R006541,W086,P001,A07,31-07-2026,Day,10.6,2.6,37,High,40,60,0.668,5
R006542,W086,P001,A02,01-08-2026,Day,9.1,1.1,31,Low,54,72,0.755,6
R006543,W086,P001,A03,03-08-2026,Day,10.4,2.4,43,Low,49,62,0.791,1
R006544,W086,P001,A06,04-08-2026,Day,10.9,2.9,48,High,50,75,0.664,2
R006545,W086,P001,A01,05-08-2026,Day,10.9,2.9,43,High,41,71,0.584,3
R006546,W086,P001,A03,06-08-2026,Day,9.6,1.6,33,Low,56,89,0.626,4
R006547,W086,P001,A08,08-08-2026,Day,10.7,2.7,26,Low,65,82,0.79,1
R006548,W086,P001,A08,10-08-2026,Day,11.1,3.1,37,Medium,58,76,0.767,1
R006549,W086,P001,A08,11-08-2026,Day,9.5,1.5,34,High,55,86,0.643,2
R006550,W086,P001,A08,12-08-2026,Day,9.8,1.8,27,High,65,98,0.666,3
R006551,W086,P001,A06,14-08-2026,Day,10.3,2.3,49,High,47,68,0.687,1
R006552,W086,P001,A06,15-08-2026,Night,10.6,2.6,33,Medium,42,60,0.697,2
R006553,W086,P001,A03,17-08-2026,Day,8.6,0.6,39,Critical,54,77,0.695,1
R006554,W086,P001,A03,18-08-2026,Day,10.6,2.6,40,Low,66,97,0.68,2
R006555,W086,P001,A05,19-08-2026,Night,11.6,3.6,40,Critical,67,98,0.688,3
R006556,W086,P001,A03,20-08-2026,Day,11.6,3.6,38,Medium,44,64,0.693,4
R006557,W086,P001,A06,21-08-2026,Day,10.9,2.9,40,Medium,41,63,0.654,5
R006558,W086,P001,A08,22-08-2026,Day,10.7,2.7,26,High,41,68,0.602,6
R006559,W086,P001,A01,24-08-2026,Day,9.4,1.4,34,High,49,67,0.725,1
R006560,W086,P001,A08,25-08-2026,Day,9.7,1.7,40,Critical,42,60,0.707,2
R006561,W086,P001,A09,26-08-2026,Night,12.5,4.5,37,High,44,77,0.566,3
R006562,W086,P001,A06,27-08-2026,Day,9.1,1.1,27,Medium,42,70,0.604,4
R006563,W086,P001,A06,28-08-2026,Day,10.6,2.6,26,Medium,45,77,0.59,5
R006564,W087,P006,A09,01-06-2026,Day,11.4,3.4,37,Low,52,83,0.632,1
R006565,W087,P006,A06,02-06-2026,Day,10.2,2.2,22,Medium,45,79,0.569,2
R006566,W087,P006,A05,03-06-2026,Day,10.5,2.5,16,Medium,46,69,0.664,3
R006567,W087,P006,A02,04-06-2026,Day,9,1,39,Low,57,70,0.821,4
R006568,W087,P006,A08,05-06-2026,Day,9.4,1.4,23,Low,38,69,0.552,5
R006569,W087,P006,A04,06-06-2026,Day,10.9,2.9,32,High,38,65,0.586,6
R006570,W087,P006,A03,08-06-2026,Day,11.4,3.4,41,Low,46,73,0.637,1
R006571,W087,P006,A08,09-06-2026,Day,12.4,4.4,34,High,52,90,0.581,2
R006572,W087,P006,A04,11-06-2026,Day,11.5,3.5,32,High,48,72,0.665,1
R006573,W087,P006,A06,12-06-2026,Day,10.7,2.7,30,Low,63,88,0.71,2
R006574,W087,P006,A07,13-06-2026,Day,9.8,1.8,33,Low,45,69,0.648,3
R006575,W087,P006,A09,15-06-2026,Day,9.7,1.7,30,Medium,74,97,0.768,1
R006576,W087,P006,A04,16-06-2026,Day,11,3,36,Medium,60,88,0.678,2
R006577,W087,P006,A02,17-06-2026,Day,10.9,2.9,33,High,61,81,0.749,3
R006578,W087,P006,A05,18-06-2026,Day,11.7,3.7,37,Low,43,70,0.619,4
R006579,W087,P006,A01,19-06-2026,Night,10.2,2.2,21,Medium,47,68,0.691,5
R006580,W087,P006,A08,20-06-2026,Day,10.9,2.9,31,Medium,50,67,0.748,6
R006581,W087,P006,A08,22-06-2026,Day,11,3,29,Low,58,76,0.764,1
R006582,W087,P006,A09,23-06-2026,Day,10,2,31,High,42,80,0.527,2
R006583,W087,P006,A04,26-06-2026,Day,10.3,2.3,43,Critical,50,79,0.629,1
R006584,W087,P006,A08,27-06-2026,Night,10.1,2.1,25,High,60,84,0.708,2
R006585,W087,P006,A04,28-06-2026,Day,12.4,4.4,15,High,56,99,0.569,3
R006586,W087,P006,A04,29-06-2026,Night,10.2,2.2,37,Medium,57,88,0.649,4
R006587,W087,P006,A02,02-07-2026,Day,12,4,19,Low,59,72,0.825,1
R006588,W087,P006,A05,03-07-2026,Day,10.2,2.2,30,High,52,75,0.69,2
R006589,W087,P006,A03,04-07-2026,Day,11,3,37,Critical,54,97,0.555,3
R006590,W087,P006,A05,06-07-2026,Day,10,2,24,Medium,57,90,0.634,1
R006591,W087,P006,A08,07-07-2026,Day,11.5,3.5,35,High,54,76,0.706,2
R006592,W087,P006,A06,08-07-2026,Day,12.6,4.6,34,Low,52,81,0.641,3
R006593,W087,P006,A01,09-07-2026,Day,12.3,4.3,40,Low,46,64,0.715,4
R006594,W087,P006,A01,10-07-2026,Day,10.2,2.2,32,Critical,58,95,0.614,5
R006595,W087,P006,A06,13-07-2026,Day,12.7,4.7,32,Low,45,63,0.706,1
R006596,W087,P006,A07,14-07-2026,Day,11.8,3.8,24,Medium,64,99,0.645,2
R006597,W087,P006,A04,16-07-2026,Night,9.8,1.8,28,Medium,58,74,0.784,1
R006598,W087,P006,A04,17-07-2026,Day,10.4,2.4,39,High,45,77,0.58,2
R006599,W087,P006,A06,18-07-2026,Day,9.4,1.4,32,Medium,58,89,0.648,3
R006600,W087,P006,A05,19-07-2026,Day,11.3,3.3,39,Medium,67,97,0.686,4
R006601,W087,P006,A01,20-07-2026,Day,9.8,1.8,33,Critical,62,89,0.692,5
R006602,W087,P006,A08,21-07-2026,Night,10.2,2.2,38,Medium,54,73,0.736,6
R006603,W087,P006,A07,22-07-2026,Day,10.2,2.2,36,Medium,54,81,0.667,7
R006604,W087,P006,A06,23-07-2026,Day,11,3,31,High,58,94,0.614,8
R006605,W087,P006,A02,24-07-2026,Day,9.9,1.9,39,Low,45,61,0.732,9
R006606,W087,P006,A08,25-07-2026,Day,11.1,3.1,20,Medium,51,85,0.606,10
R006607,W087,P006,A05,27-07-2026,Day,10.8,2.8,36,High,48,69,0.702,1
R006608,W087,P006,A09,28-07-2026,Day,10.2,2.2,58,High,67,99,0.674,2
R006609,W087,P006,A03,29-07-2026,Day,11.1,3.1,25,High,37,65,0.573,3
R006610,W087,P006,A07,30-07-2026,Day,11.9,3.9,20,Medium,45,76,0.589,4
R006611,W087,P006,A05,31-07-2026,Day,12.6,4.6,27,High,51,86,0.594,5
R006612,W087,P006,A09,01-08-2026,Day,10.1,2.1,30,High,51,91,0.561,6
R006613,W087,P006,A02,03-08-2026,Day,8.9,0.9,28,Low,70,95,0.736,1
R006614,W087,P006,A02,04-08-2026,Day,10.3,2.3,46,High,37,60,0.617,2
R006615,W087,P006,A04,06-08-2026,Day,10,2,25,Critical,48,84,0.575,1
R006616,W087,P006,A04,08-08-2026,Night,9.9,1.9,45,Low,72,92,0.785,1
R006617,W087,P006,A03,10-08-2026,Day,11.5,3.5,19,High,41,67,0.608,1
R006618,W087,P006,A03,11-08-2026,Day,11.4,3.4,29,Medium,60,86,0.702,2
R006619,W087,P006,A04,12-08-2026,Night,12.5,4.5,29,Medium,50,79,0.637,3
R006620,W087,P006,A08,13-08-2026,Day,10.7,2.7,44,Critical,48,65,0.74,4
R006621,W087,P006,A03,14-08-2026,Day,8.7,0.7,30,Medium,60,85,0.706,5
R006622,W087,P006,A05,15-08-2026,Night,12.2,4.2,35,Medium,36,75,0.483,6
R006623,W087,P006,A08,17-08-2026,Day,11.3,3.3,22,Low,66,98,0.671,1
R006624,W087,P006,A01,18-08-2026,Day,10.1,2.1,46,High,48,66,0.734,2
R006625,W087,P006,A04,19-08-2026,Day,11.9,3.9,31,Medium,48,75,0.639,3
R006626,W087,P006,A01,20-08-2026,Day,10.8,2.8,33,Medium,54,79,0.69,4
R006627,W087,P006,A05,21-08-2026,Night,10.8,2.8,24,Medium,51,91,0.562,5
R006628,W087,P006,A09,22-08-2026,Day,9.4,1.4,44,High,54,92,0.585,6
R006629,W087,P006,A09,24-08-2026,Day,12.1,4.1,34,Critical,43,73,0.593,1
R006630,W087,P006,A02,25-08-2026,Day,12.6,4.6,33,High,65,96,0.673,2
R006631,W087,P006,A02,26-08-2026,Day,8.3,0.3,39,High,54,78,0.69,3
R006632,W087,P006,A03,27-08-2026,Day,11,3,44,High,47,70,0.675,4
R006633,W087,P006,A05,28-08-2026,Day,11.8,3.8,34,Medium,46,69,0.667,5
R006634,W087,P006,A08,29-08-2026,Day,11.3,3.3,45,High,47,88,0.537,6
R006635,W088,P003,A08,01-06-2026,Day,10.9,2.9,41,Low,78,97,0.802,1
R006636,W088,P003,A07,02-06-2026,Day,9,1,55,High,92,99,0.933,2
R006637,W088,P003,A07,03-06-2026,Day,9.6,1.6,44,Critical,43,62,0.686,3
R006638,W088,P003,A06,04-06-2026,Day,8.2,0.2,50,High,69,86,0.8,4
R006639,W088,P003,A02,05-06-2026,Day,9,1,41,High,46,71,0.65,5
R006640,W088,P003,A02,06-06-2026,Day,9.5,1.5,31,High,43,62,0.691,6
R006641,W088,P003,A05,08-06-2026,Night,9.2,1.2,37,Medium,62,76,0.812,1
R006642,W088,P003,A07,10-06-2026,Day,9.6,1.6,33,Medium,54,78,0.695,1
R006643,W088,P003,A05,11-06-2026,Day,9,1,43,Medium,59,70,0.849,2
R006644,W088,P003,A02,12-06-2026,Night,10.3,2.3,37,Critical,49,70,0.706,3
R006645,W088,P003,A07,13-06-2026,Day,8.5,0.5,35,High,72,94,0.762,4
R006646,W088,P003,A04,15-06-2026,Night,10.2,2.2,36,Low,49,62,0.796,1
R006647,W088,P003,A08,16-06-2026,Day,10.6,2.6,48,High,59,82,0.725,2
R006648,W088,P003,A05,17-06-2026,Day,11.9,3.9,35,Medium,45,69,0.648,3
R006649,W088,P003,A09,18-06-2026,Night,8.7,0.7,44,Medium,52,76,0.679,4
R006650,W088,P003,A09,19-06-2026,Day,10.6,2.6,36,High,44,65,0.682,5
R006651,W088,P003,A04,20-06-2026,Day,9.9,1.9,45,Low,72,96,0.746,6
R006652,W088,P003,A05,22-06-2026,Day,9.6,1.6,42,High,65,87,0.749,1
R006653,W088,P003,A01,23-06-2026,Day,8,0,35,High,67,94,0.712,2
R006654,W088,P003,A08,24-06-2026,Night,8,0,48,Low,61,81,0.748,3
R006655,W088,P003,A07,25-06-2026,Day,9.6,1.6,42,Low,70,80,0.874,4
R006656,W088,P003,A09,26-06-2026,Day,8.7,0.7,48,High,51,69,0.74,5
R006657,W088,P003,A01,27-06-2026,Night,10.8,2.8,48,High,66,95,0.695,6
R006658,W088,P003,A03,29-06-2026,Night,9.7,1.7,31,Low,48,62,0.777,1
R006659,W088,P003,A03,30-06-2026,Day,8.9,0.9,36,Medium,75,92,0.811,2
R006660,W088,P003,A03,01-07-2026,Day,8,0,52,Medium,73,85,0.857,3
R006661,W088,P003,A06,02-07-2026,Night,8,0,43,Critical,58,77,0.756,4
R006662,W088,P003,A06,03-07-2026,Night,9.9,1.9,40,Medium,67,94,0.708,5
R006663,W088,P003,A03,04-07-2026,Day,8,0,42,Medium,58,72,0.805,6
R006664,W088,P003,A08,06-07-2026,Day,8,0,34,Low,91,95,0.957,1
R006665,W088,P003,A02,07-07-2026,Day,8,0,27,Medium,58,64,0.9,2
R006666,W088,P003,A02,08-07-2026,Day,9.1,1.1,32,Critical,58,78,0.742,3
R006667,W088,P003,A03,09-07-2026,Day,10.2,2.2,30,High,47,68,0.697,4
R006668,W088,P003,A06,10-07-2026,Day,9.7,1.7,47,Medium,50,62,0.805,5
R006669,W088,P003,A06,11-07-2026,Day,10.8,2.8,33,Medium,44,61,0.717,6
R006670,W088,P003,A01,12-07-2026,Day,9.4,1.4,36,Low,70,90,0.773,7
R006671,W088,P003,A09,13-07-2026,Day,8.6,0.6,60,Low,73,87,0.834,8
R006672,W088,P003,A04,14-07-2026,Day,12,4,54,Low,76,96,0.791,9
R006673,W088,P003,A01,15-07-2026,Day,9.6,1.6,34,Low,53,69,0.769,10
R006674,W088,P003,A06,16-07-2026,Day,9.9,1.9,40,Low,45,67,0.672,11
R006675,W088,P003,A09,17-07-2026,Night,9.3,1.3,50,Medium,51,78,0.66,12
R006676,W088,P003,A06,18-07-2026,Day,10.3,2.3,52,Low,46,65,0.714,13
R006677,W088,P003,A04,20-07-2026,Day,9.5,1.5,40,Medium,49,68,0.72,1
R006678,W088,P003,A02,21-07-2026,Day,9.5,1.5,60,Low,58,67,0.863,2
R006679,W088,P003,A08,22-07-2026,Day,9.3,1.3,33,Low,70,88,0.799,3
R006680,W088,P003,A01,23-07-2026,Night,9.5,1.5,42,Medium,62,87,0.718,4
R006681,W088,P003,A03,24-07-2026,Day,9.3,1.3,46,Critical,56,80,0.695,5
R006682,W088,P003,A05,25-07-2026,Day,9.8,1.8,30,High,50,77,0.648,6
R006683,W088,P003,A07,26-07-2026,Night,9.6,1.6,45,Low,75,93,0.808,7
R006684,W088,P003,A02,27-07-2026,Day,9.8,1.8,45,Critical,57,77,0.744,8
R006685,W088,P003,A07,28-07-2026,Day,8.6,0.6,40,Low,52,68,0.77,9
R006686,W088,P003,A08,29-07-2026,Day,9.9,1.9,51,Critical,54,85,0.636,10
R006687,W088,P003,A04,30-07-2026,Day,9.3,1.3,35,Critical,51,87,0.581,11
R006688,W088,P003,A08,31-07-2026,Day,9.3,1.3,42,Low,65,82,0.787,12
R006689,W088,P003,A05,01-08-2026,Day,10.8,2.8,29,Low,44,65,0.677,13
R006690,W088,P003,A03,03-08-2026,Night,10.6,2.6,42,Low,56,79,0.708,1
R006691,W088,P003,A05,04-08-2026,Day,9.9,1.9,49,Low,64,83,0.774,2
R006692,W088,P003,A04,05-08-2026,Night,9.7,1.7,49,Critical,52,69,0.76,3
R006693,W088,P003,A03,06-08-2026,Night,8.9,0.9,56,Medium,56,74,0.758,4
R006694,W088,P003,A07,07-08-2026,Day,8,0,32,Medium,42,62,0.671,5
R006695,W088,P003,A07,08-08-2026,Day,10.6,2.6,39,Low,69,98,0.705,6
R006696,W088,P003,A03,10-08-2026,Day,8,0,56,Medium,77,99,0.781,1
R006697,W088,P003,A08,11-08-2026,Day,9.3,1.3,29,Low,76,94,0.809,2
R006698,W088,P003,A05,12-08-2026,Night,10.1,2.1,33,Critical,47,62,0.766,3
R006699,W088,P003,A05,13-08-2026,Day,8,0,33,Medium,52,63,0.822,4
R006700,W088,P003,A04,14-08-2026,Day,10.2,2.2,32,High,61,87,0.701,5
R006701,W088,P003,A05,15-08-2026,Day,9.2,1.2,38,Medium,67,79,0.842,6
R006702,W088,P003,A02,17-08-2026,Day,8.7,0.7,41,Medium,68,86,0.786,1
R006703,W088,P003,A04,18-08-2026,Day,10.2,2.2,35,Low,66,84,0.784,2
R006704,W088,P003,A04,19-08-2026,Day,10.2,2.2,43,Medium,46,64,0.718,3
R006705,W088,P003,A07,20-08-2026,Day,8.8,0.8,39,Medium,58,72,0.807,4
R006706,W088,P003,A04,21-08-2026,Day,10.4,2.4,42,Low,65,89,0.729,5
R006707,W088,P003,A09,22-08-2026,Day,10,2,39,Medium,54,75,0.717,6
R006708,W088,P003,A05,23-08-2026,Night,10.2,2.2,40,Low,60,78,0.776,7
R006709,W088,P003,A07,24-08-2026,Day,10.3,2.3,36,Low,54,82,0.664,8
R006710,W088,P003,A02,25-08-2026,Day,11.9,3.9,42,Low,60,91,0.663,9
R006711,W088,P003,A01,26-08-2026,Day,8.3,0.3,27,Medium,51,76,0.675,10
R006712,W088,P003,A05,27-08-2026,Day,9.8,1.8,37,Medium,43,64,0.667,11
R006713,W088,P003,A06,28-08-2026,Day,10.3,2.3,27,Low,68,98,0.699,12
R006714,W088,P003,A06,29-08-2026,Day,9.8,1.8,40,Low,47,71,0.659,13
R006715,W089,P003,A09,01-06-2026,Day,10.6,2.6,35,Low,55,77,0.72,1
R006716,W089,P003,A08,02-06-2026,Day,9.2,1.2,38,Low,67,87,0.769,2
R006717,W089,P003,A03,03-06-2026,Day,8,0,34,Low,80,98,0.815,3
R006718,W089,P003,A06,04-06-2026,Night,10.7,2.7,40,Medium,61,88,0.694,4
R006719,W089,P003,A01,05-06-2026,Day,8.9,0.9,42,Low,78,96,0.817,5
R006720,W089,P003,A08,06-06-2026,Day,8,0,60,Medium,48,65,0.742,6
R006721,W089,P003,A09,08-06-2026,Day,10.6,2.6,39,Medium,52,68,0.769,1
R006722,W089,P003,A09,09-06-2026,Day,8,0,28,High,53,68,0.776,2
R006723,W089,P003,A05,10-06-2026,Day,10.8,2.8,41,Medium,69,95,0.728,3
R006724,W089,P003,A08,11-06-2026,Day,10.2,2.2,40,Low,56,71,0.787,4
R006725,W089,P003,A09,12-06-2026,Day,8,0,44,High,73,97,0.748,5
R006726,W089,P003,A05,13-06-2026,Day,9.9,1.9,40,High,49,65,0.75,6
R006727,W089,P003,A09,15-06-2026,Night,8.6,0.6,34,Low,65,83,0.78,1
R006728,W089,P003,A09,16-06-2026,Day,9.8,1.8,46,Low,74,91,0.813,2
R006729,W089,P003,A09,17-06-2026,Night,9.4,1.4,43,Critical,66,88,0.749,3
R006730,W089,P003,A02,18-06-2026,Day,11.7,3.7,54,High,52,70,0.741,4
R006731,W089,P003,A06,19-06-2026,Day,9.8,1.8,39,Low,73,89,0.816,5
R006732,W089,P003,A08,20-06-2026,Day,9,1,31,High,49,72,0.676,6
R006733,W089,P003,A02,23-06-2026,Day,8.8,0.8,31,Medium,52,63,0.824,1
R006734,W089,P003,A07,24-06-2026,Night,10.2,2.2,36,High,52,73,0.712,2
R006735,W089,P003,A01,25-06-2026,Day,9.3,1.3,58,High,48,66,0.72,3
R006736,W089,P003,A04,26-06-2026,Day,9.9,1.9,33,High,56,92,0.608,4
R006737,W089,P003,A05,27-06-2026,Day,9.8,1.8,32,Low,50,66,0.762,5
R006738,W089,P003,A02,29-06-2026,Day,9.5,1.5,34,Low,49,65,0.747,1
R006739,W089,P003,A04,30-06-2026,Night,9.4,1.4,48,Medium,71,91,0.779,2
R006740,W089,P003,A08,01-07-2026,Day,9.8,1.8,33,Medium,67,92,0.73,3
R006741,W089,P003,A07,02-07-2026,Night,8,0,42,High,59,75,0.793,4
R006742,W089,P003,A07,03-07-2026,Night,8.9,0.9,52,Medium,55,71,0.774,5
R006743,W089,P003,A01,04-07-2026,Day,10.1,2.1,52,Medium,49,67,0.724,6
R006744,W089,P003,A03,05-07-2026,Day,10,2,41,Medium,55,78,0.701,7
R006745,W089,P003,A05,07-07-2026,Day,10.1,2.1,47,Low,56,72,0.783,1
R006746,W089,P003,A05,08-07-2026,Day,8,0,30,Low,47,61,0.776,2
R006747,W089,P003,A08,09-07-2026,Day,8,0,51,Low,79,90,0.874,3
R006748,W089,P003,A06,10-07-2026,Day,8.3,0.3,36,Medium,51,62,0.817,4
R006749,W089,P003,A08,11-07-2026,Night,8.5,0.5,53,High,74,94,0.782,5
R006750,W089,P003,A05,13-07-2026,Day,9.3,1.3,43,Medium,50,62,0.801,1
R006751,W089,P003,A09,14-07-2026,Day,8.5,0.5,43,Low,67,80,0.842,2
R006752,W089,P003,A07,15-07-2026,Day,9.2,1.2,45,Medium,57,66,0.87,3
R006753,W089,P003,A03,16-07-2026,Day,8.9,0.9,44,Critical,46,60,0.759,4
R006754,W089,P003,A08,18-07-2026,Day,9.4,1.4,51,Low,66,83,0.794,1
R006755,W089,P003,A04,20-07-2026,Day,10.2,2.2,31,High,46,67,0.69,1
R006756,W089,P003,A06,21-07-2026,Day,8.9,0.9,38,High,55,81,0.677,2
R006757,W089,P003,A07,22-07-2026,Day,10.6,2.6,42,Medium,76,88,0.861,3
R006758,W089,P003,A03,23-07-2026,Day,8.4,0.4,47,Low,69,79,0.868,4
R006759,W089,P003,A02,24-07-2026,Day,9.8,1.8,60,High,55,83,0.667,5
R006760,W089,P003,A06,25-07-2026,Day,9.9,1.9,36,Low,58,80,0.728,6
R006761,W089,P003,A08,27-07-2026,Day,9.9,1.9,43,Low,51,63,0.816,1
R006762,W089,P003,A02,28-07-2026,Night,11.2,3.2,43,High,70,96,0.732,2
R006763,W089,P003,A05,29-07-2026,Day,9.4,1.4,48,High,53,65,0.81,3
R006764,W089,P003,A05,31-07-2026,Day,9.3,1.3,42,Medium,55,69,0.803,1
R006765,W089,P003,A07,01-08-2026,Day,8.9,0.9,38,Low,61,73,0.829,2
R006766,W089,P003,A02,03-08-2026,Day,8.9,0.9,42,Low,65,80,0.81,1
R006767,W089,P003,A08,04-08-2026,Day,10.9,2.9,35,High,59,81,0.73,2
R006768,W089,P003,A05,05-08-2026,Day,8.8,0.8,33,High,60,82,0.726,3
R006769,W089,P003,A08,06-08-2026,Day,8.3,0.3,37,Critical,63,96,0.661,4
R006770,W089,P003,A06,07-08-2026,Day,9.1,1.1,28,Medium,55,79,0.701,5
R006771,W089,P003,A04,08-08-2026,Day,9.3,1.3,43,High,76,99,0.77,6
R006772,W089,P003,A05,10-08-2026,Day,9.6,1.6,38,Low,71,83,0.859,1
R006773,W089,P003,A05,11-08-2026,Day,10,2,36,High,41,61,0.672,2
R006774,W089,P003,A05,12-08-2026,Day,8.3,0.3,37,Low,61,71,0.862,3
R006775,W089,P003,A06,13-08-2026,Day,8.7,0.7,55,Low,54,68,0.8,4
R006776,W089,P003,A01,14-08-2026,Day,8,0,51,Low,58,77,0.753,5
R006777,W089,P003,A07,15-08-2026,Day,9,1,49,High,51,64,0.79,6
R006778,W089,P003,A03,17-08-2026,Day,8.4,0.4,49,Critical,57,75,0.76,1
R006779,W089,P003,A07,18-08-2026,Day,8.4,0.4,34,High,69,81,0.853,2
R006780,W089,P003,A01,19-08-2026,Day,9.1,1.1,47,High,53,62,0.857,3
R006781,W089,P003,A03,20-08-2026,Day,10.3,2.3,31,High,63,85,0.74,4
R006782,W089,P003,A02,21-08-2026,Day,9.2,1.2,37,Low,63,91,0.696,5
R006783,W089,P003,A08,22-08-2026,Day,8,0,52,Medium,68,85,0.799,6
R006784,W089,P003,A06,24-08-2026,Day,9.1,1.1,37,High,69,81,0.847,1
R006785,W089,P003,A02,25-08-2026,Day,10.6,2.6,53,Medium,64,88,0.723,2
R006786,W089,P003,A04,26-08-2026,Day,9.6,1.6,55,Medium,55,68,0.812,3
R006787,W089,P003,A03,27-08-2026,Day,8.2,0.2,34,Medium,68,82,0.831,4
R006788,W089,P003,A07,28-08-2026,Day,8.4,0.4,42,Medium,60,81,0.743,5
R006789,W089,P003,A05,29-08-2026,Day,9.7,1.7,35,Medium,65,95,0.681,6
R006790,W090,P002,A06,01-06-2026,Day,10.5,2.5,36,High,73,94,0.776,1
R006791,W090,P002,A08,02-06-2026,Day,9.9,1.9,35,Medium,74,94,0.782,2
R006792,W090,P002,A05,03-06-2026,Day,9.7,1.7,41,Medium,52,70,0.744,3
R006793,W090,P002,A04,04-06-2026,Day,10.4,2.4,44,High,46,62,0.74,4
R006794,W090,P002,A04,05-06-2026,Day,10.1,2.1,41,Medium,64,83,0.77,5
R006795,W090,P002,A03,06-06-2026,Day,9.8,1.8,30,High,66,99,0.666,6
R006796,W090,P002,A05,07-06-2026,Day,9.5,1.5,41,Medium,68,97,0.703,7
R006797,W090,P002,A05,08-06-2026,Day,8.3,0.3,43,Critical,43,62,0.691,8
R006798,W090,P002,A05,09-06-2026,Day,10.7,2.7,42,Medium,54,71,0.767,9
R006799,W090,P002,A06,10-06-2026,Day,9.5,1.5,37,Critical,50,77,0.645,10
R006800,W090,P002,A04,11-06-2026,Day,8.9,0.9,41,Low,67,89,0.758,11
R006801,W090,P002,A08,12-06-2026,Night,10.4,2.4,23,Low,63,96,0.654,12
R006802,W090,P002,A06,13-06-2026,Day,9.3,1.3,50,Low,40,61,0.663,13
R006803,W090,P002,A01,15-06-2026,Day,8.6,0.6,45,Low,61,75,0.818,1
R006804,W090,P002,A07,16-06-2026,Day,9.1,1.1,40,High,58,76,0.766,2
R006805,W090,P002,A09,17-06-2026,Day,8,0,42,Critical,70,88,0.797,3
R006806,W090,P002,A04,18-06-2026,Day,10.8,2.8,41,Low,62,83,0.744,4
R006807,W090,P002,A06,19-06-2026,Day,8.6,0.6,36,Low,68,90,0.753,5
R006808,W090,P002,A05,20-06-2026,Day,9.2,1.2,53,Medium,73,93,0.783,6
R006809,W090,P002,A03,22-06-2026,Day,10.7,2.7,40,Medium,63,81,0.78,1
R006810,W090,P002,A01,23-06-2026,Day,8,0,34,Low,57,67,0.846,2
R006811,W090,P002,A09,24-06-2026,Day,8.9,0.9,29,Medium,54,71,0.759,3
R006812,W090,P002,A03,25-06-2026,Day,8.1,0.1,42,Medium,48,65,0.74,4
R006813,W090,P002,A07,26-06-2026,Day,10.1,2.1,49,Low,75,96,0.785,5
R006814,W090,P002,A08,27-06-2026,Day,9.1,1.1,38,Critical,41,60,0.687,6
R006815,W090,P002,A04,29-06-2026,Day,8.3,0.3,29,Low,77,99,0.779,1
R006816,W090,P002,A05,30-06-2026,Day,11.1,3.1,50,Medium,71,89,0.793,2
R006817,W090,P002,A05,01-07-2026,Day,10,2,29,Low,72,87,0.826,3
R006818,W090,P002,A01,02-07-2026,Day,11,3,32,Low,70,88,0.799,4
R006819,W090,P002,A04,03-07-2026,Day,9.3,1.3,60,Medium,65,85,0.767,5
R006820,W090,P002,A08,04-07-2026,Day,10.5,2.5,33,Medium,53,78,0.681,6
R006821,W090,P002,A08,06-07-2026,Day,10.8,2.8,38,Medium,47,64,0.734,1
R006822,W090,P002,A09,07-07-2026,Day,8.5,0.5,50,Low,53,64,0.823,2
R006823,W090,P002,A06,08-07-2026,Day,10.6,2.6,29,Medium,50,73,0.683,3
R006824,W090,P002,A06,09-07-2026,Day,11.2,3.2,32,Low,57,87,0.659,4
R006825,W090,P002,A05,10-07-2026,Day,9.1,1.1,29,Medium,53,73,0.729,5
R006826,W090,P002,A02,11-07-2026,Day,9.7,1.7,40,Medium,57,82,0.694,6
R006827,W090,P002,A05,13-07-2026,Day,9.5,1.5,55,Low,48,64,0.753,1
R006828,W090,P002,A09,14-07-2026,Day,9.9,1.9,43,Low,73,92,0.791,2
R006829,W090,P002,A07,15-07-2026,Day,9.9,1.9,31,Low,63,81,0.778,3
R006830,W090,P002,A06,16-07-2026,Day,10.8,2.8,45,High,58,81,0.715,4
R006831,W090,P002,A09,17-07-2026,Day,8,0,37,Medium,69,98,0.704,5
R006832,W090,P002,A04,18-07-2026,Day,11.1,3.1,47,High,72,99,0.727,6
R006833,W090,P002,A06,19-07-2026,Day,9,1,40,High,52,63,0.827,7
R006834,W090,P002,A07,20-07-2026,Night,9.1,1.1,38,Medium,52,68,0.76,8
R006835,W090,P002,A03,23-07-2026,Day,9.8,1.8,37,Low,62,79,0.781,1
R006836,W090,P002,A04,24-07-2026,Day,9.3,1.3,42,High,75,96,0.782,2
R006837,W090,P002,A01,25-07-2026,Day,8.1,0.1,32,Medium,62,81,0.761,3
R006838,W090,P002,A03,27-07-2026,Day,10.1,2.1,30,Low,53,70,0.751,1
R006839,W090,P002,A02,28-07-2026,Day,10.6,2.6,43,High,48,76,0.633,2
R006840,W090,P002,A09,29-07-2026,Night,11.5,3.5,59,Low,71,90,0.786,3
R006841,W090,P002,A03,30-07-2026,Day,11.6,3.6,44,Low,73,99,0.738,4
R006842,W090,P002,A07,31-07-2026,Day,10.4,2.4,38,Medium,66,97,0.679,5
R006843,W090,P002,A09,01-08-2026,Day,10.1,2.1,30,Low,53,75,0.701,6
R006844,W090,P002,A06,03-08-2026,Night,8.5,0.5,31,Medium,71,84,0.847,1
R006845,W090,P002,A04,04-08-2026,Day,11.6,3.6,48,High,48,71,0.68,2
R006846,W090,P002,A08,05-08-2026,Day,9.2,1.2,37,High,51,71,0.715,3
R006847,W090,P002,A03,06-08-2026,Day,10,2,55,Low,49,72,0.682,4
R006848,W090,P002,A02,07-08-2026,Day,10.1,2.1,37,Low,65,92,0.707,5
R006849,W090,P002,A01,08-08-2026,Day,8.8,0.8,49,Low,76,96,0.794,6
R006850,W090,P002,A08,10-08-2026,Day,10,2,33,Medium,65,82,0.794,1
R006851,W090,P002,A02,11-08-2026,Day,8.2,0.2,33,Medium,60,77,0.775,2
R006852,W090,P002,A08,12-08-2026,Day,9.5,1.5,47,Low,47,67,0.703,3
R006853,W090,P002,A03,13-08-2026,Day,9.2,1.2,47,High,59,96,0.613,4
R006854,W090,P002,A04,14-08-2026,Night,10.2,2.2,46,High,65,83,0.786,5
R006855,W090,P002,A08,15-08-2026,Day,10,2,34,Low,62,83,0.748,6
R006856,W090,P002,A02,17-08-2026,Night,10.5,2.5,39,Medium,52,72,0.724,1
R006857,W090,P002,A04,18-08-2026,Day,8,0,51,Medium,80,98,0.812,2
R006858,W090,P002,A02,19-08-2026,Day,9.3,1.3,24,Medium,49,65,0.758,3
R006859,W090,P002,A07,20-08-2026,Day,9.9,1.9,42,Medium,55,78,0.699,4
R006860,W090,P002,A03,21-08-2026,Day,8.6,0.6,45,Medium,74,93,0.8,5
R006861,W090,P002,A07,22-08-2026,Night,9.2,1.2,41,Low,68,89,0.763,6
R006862,W090,P002,A05,24-08-2026,Day,8.2,0.2,47,High,59,78,0.754,1
R006863,W090,P002,A04,25-08-2026,Day,9.9,1.9,33,Medium,40,60,0.665,2
R006864,W090,P002,A05,26-08-2026,Day,11,3,38,Low,56,77,0.726,3
R006865,W090,P002,A01,28-08-2026,Day,8.3,0.3,59,Medium,57,75,0.765,1
R006866,W090,P002,A02,29-08-2026,Night,8.1,0.1,44,Low,77,95,0.811,2
R006867,W091,P002,A05,01-06-2026,Day,8.9,0.9,28,High,66,94,0.705,1
R006868,W091,P002,A02,02-06-2026,Day,9.4,1.4,32,Low,51,63,0.802,2
R006869,W091,P002,A03,03-06-2026,Day,8.9,0.9,31,Medium,56,79,0.704,3
R006870,W091,P002,A03,05-06-2026,Day,9.6,1.6,37,Low,67,75,0.896,1
R006871,W091,P002,A05,06-06-2026,Day,8.6,0.6,49,Medium,52,64,0.813,2
R006872,W091,P002,A04,08-06-2026,Day,10.1,2.1,50,Medium,50,64,0.781,1
R006873,W091,P002,A05,09-06-2026,Day,10.7,2.7,26,Low,47,62,0.755,2
R006874,W091,P002,A03,10-06-2026,Day,9.2,1.2,38,Medium,56,74,0.76,3
R006875,W091,P002,A01,11-06-2026,Day,9.6,1.6,38,Low,59,85,0.693,4
R006876,W091,P002,A04,12-06-2026,Day,9.3,1.3,31,Medium,59,83,0.711,5
R006877,W091,P002,A09,13-06-2026,Day,10.3,2.3,35,High,59,81,0.727,6
R006878,W091,P002,A03,15-06-2026,Day,10.3,2.3,39,Medium,63,81,0.775,1
R006879,W091,P002,A07,16-06-2026,Day,8.7,0.7,45,Medium,86,99,0.87,2
R006880,W091,P002,A04,17-06-2026,Day,9.8,1.8,33,Medium,71,96,0.742,3
R006881,W091,P002,A03,18-06-2026,Night,8.7,0.7,39,Low,71,86,0.827,4
R006882,W091,P002,A07,19-06-2026,Day,10.7,2.7,48,Medium,47,63,0.742,5
R006883,W091,P002,A02,20-06-2026,Day,9.8,1.8,36,High,53,79,0.665,6
R006884,W091,P002,A05,21-06-2026,Day,9.4,1.4,46,Low,56,79,0.711,7
R006885,W091,P002,A03,22-06-2026,Day,10.1,2.1,43,High,60,91,0.662,8
R006886,W091,P002,A08,23-06-2026,Day,8,0,44,Low,70,95,0.734,9
R006887,W091,P002,A06,24-06-2026,Day,10.8,2.8,28,Low,46,67,0.683,10
R006888,W091,P002,A09,25-06-2026,Day,8.9,0.9,52,Low,65,87,0.753,11
R006889,W091,P002,A06,26-06-2026,Day,9.2,1.2,48,Critical,48,77,0.625,12
R006890,W091,P002,A02,27-06-2026,Day,10.2,2.2,31,High,61,98,0.627,13
R006891,W091,P002,A05,29-06-2026,Day,9.6,1.6,44,Low,55,80,0.682,1
R006892,W091,P002,A07,30-06-2026,Day,9.8,1.8,36,High,54,71,0.765,2
R006893,W091,P002,A04,01-07-2026,Day,8.2,0.2,21,Medium,48,76,0.633,3
R006894,W091,P002,A02,02-07-2026,Day,8.9,0.9,28,Low,84,96,0.876,4
R006895,W091,P002,A04,03-07-2026,Day,10.1,2.1,48,Medium,53,66,0.808,5
R006896,W091,P002,A02,04-07-2026,Day,9.8,1.8,40,Medium,54,90,0.6,6
R006897,W091,P002,A09,06-07-2026,Day,8.4,0.4,46,Low,79,99,0.801,1
R006898,W091,P002,A08,07-07-2026,Day,10.9,2.9,34,High,47,63,0.751,2
R006899,W091,P002,A01,08-07-2026,Day,9.9,1.9,38,Medium,78,98,0.794,3
R006900,W091,P002,A04,09-07-2026,Day,8.5,0.5,45,Low,57,71,0.798,4
R006901,W091,P002,A07,10-07-2026,Day,8.8,0.8,17,Medium,59,80,0.734,5
R006902,W091,P002,A03,11-07-2026,Day,10.3,2.3,35,High,50,73,0.685,6
R006903,W091,P002,A06,13-07-2026,Day,9.6,1.6,32,Low,57,75,0.757,1
R006904,W091,P002,A09,14-07-2026,Day,9.9,1.9,27,High,59,83,0.712,2
R006905,W091,P002,A02,15-07-2026,Day,10.1,2.1,45,Medium,59,79,0.75,3
R006906,W091,P002,A08,16-07-2026,Day,10.9,2.9,36,Medium,59,85,0.693,4
R006907,W091,P002,A01,17-07-2026,Night,11,3,49,Low,55,78,0.705,5
R006908,W091,P002,A07,18-07-2026,Night,9.8,1.8,41,Medium,55,73,0.751,6
R006909,W091,P002,A06,20-07-2026,Day,9.7,1.7,34,Low,49,64,0.766,1
R006910,W091,P002,A04,21-07-2026,Day,8.8,0.8,37,High,50,69,0.723,2
R006911,W091,P002,A02,22-07-2026,Day,8,0,42,Medium,74,88,0.837,3
R006912,W091,P002,A04,23-07-2026,Day,8.6,0.6,48,High,65,84,0.772,4
R006913,W091,P002,A04,24-07-2026,Day,9.5,1.5,39,High,60,92,0.65,5
R006914,W091,P002,A02,25-07-2026,Day,9.9,1.9,53,Medium,49,78,0.624,6
R006915,W091,P002,A01,28-07-2026,Day,8.3,0.3,60,High,71,90,0.786,1
R006916,W091,P002,A08,30-07-2026,Day,9.5,1.5,49,Critical,51,66,0.78,1
R006917,W091,P002,A05,31-07-2026,Day,8.3,0.3,34,Low,60,77,0.779,2
R006918,W091,P002,A03,01-08-2026,Day,10.3,2.3,54,Low,60,81,0.743,3
R006919,W091,P002,A08,03-08-2026,Day,9.8,1.8,51,Low,50,62,0.804,1
R006920,W091,P002,A01,04-08-2026,Day,8.4,0.4,34,Low,75,99,0.758,2
R006921,W091,P002,A06,05-08-2026,Day,11.4,3.4,37,High,67,90,0.741,3
R006922,W091,P002,A01,06-08-2026,Day,10.2,2.2,38,Medium,49,60,0.822,4
R006923,W091,P002,A09,07-08-2026,Day,9.4,1.4,38,Medium,49,65,0.761,5
R006924,W091,P002,A02,08-08-2026,Day,9.8,1.8,41,Medium,65,85,0.764,6
R006925,W091,P002,A05,10-08-2026,Night,9.6,1.6,49,High,48,62,0.767,1
R006926,W091,P002,A03,11-08-2026,Day,8.9,0.9,43,Low,62,75,0.828,2
R006927,W091,P002,A09,12-08-2026,Day,8.2,0.2,33,Medium,51,61,0.832,3
R006928,W091,P002,A04,13-08-2026,Day,9.9,1.9,41,Medium,63,86,0.736,4
R006929,W091,P002,A05,14-08-2026,Day,9.4,1.4,46,Medium,59,77,0.764,5
R006930,W091,P002,A05,15-08-2026,Day,9.6,1.6,36,Critical,50,63,0.794,6
R006931,W091,P002,A09,17-08-2026,Day,8.2,0.2,53,Low,75,92,0.812,1
R006932,W091,P002,A02,18-08-2026,Day,9.2,1.2,39,High,67,94,0.714,2
R006933,W091,P002,A08,19-08-2026,Day,10.7,2.7,43,Medium,56,83,0.673,3
R006934,W091,P002,A03,20-08-2026,Day,10.8,2.8,27,Medium,51,74,0.695,4
R006935,W091,P002,A06,21-08-2026,Night,10.1,2.1,37,Low,64,89,0.718,5
R006936,W091,P002,A06,22-08-2026,Day,9.7,1.7,33,Medium,69,94,0.735,6
R006937,W091,P002,A07,24-08-2026,Day,8,0,44,Medium,71,89,0.8,1
R006938,W091,P002,A09,26-08-2026,Day,10,2,42,Medium,67,86,0.783,1
R006939,W091,P002,A09,27-08-2026,Day,8.9,0.9,47,Medium,58,72,0.799,2
R006940,W091,P002,A06,28-08-2026,Day,8.7,0.7,27,Low,70,90,0.779,3
R006941,W091,P002,A04,29-08-2026,Day,10.6,2.6,38,Low,45,68,0.665,4
R006942,W092,P002,A03,01-06-2026,Day,10.7,2.7,35,Critical,55,84,0.653,1
R006943,W092,P002,A02,02-06-2026,Day,11,3,40,Low,46,70,0.659,2
R006944,W092,P002,A07,03-06-2026,Day,10.8,2.8,29,High,40,60,0.665,3
R006945,W092,P002,A05,04-06-2026,Day,9.8,1.8,23,High,54,71,0.76,4
R006946,W092,P002,A03,05-06-2026,Day,9.9,1.9,22,Low,64,90,0.714,5
R006947,W092,P002,A08,06-06-2026,Day,10.1,2.1,35,Medium,47,69,0.687,6
R006948,W092,P002,A05,08-06-2026,Day,13.1,5.1,53,Medium,52,80,0.649,1
R006949,W092,P002,A01,09-06-2026,Day,11,3,41,Low,60,81,0.738,2
R006950,W092,P002,A07,10-06-2026,Day,10.5,2.5,25,Low,59,86,0.685,3
R006951,W092,P002,A01,11-06-2026,Day,10.8,2.8,37,Medium,53,75,0.704,4
R006952,W092,P002,A03,12-06-2026,Night,10.3,2.3,25,Medium,41,74,0.558,5
R006953,W092,P002,A09,13-06-2026,Day,11.6,3.6,36,Medium,54,87,0.622,6
R006954,W092,P002,A06,15-06-2026,Day,9,1,20,Medium,49,65,0.756,1
R006955,W092,P002,A08,16-06-2026,Night,10,2,38,Low,66,98,0.675,2
R006956,W092,P002,A07,17-06-2026,Night,11.2,3.2,20,Low,45,73,0.61,3
R006957,W092,P002,A06,18-06-2026,Night,11,3,40,Medium,55,83,0.662,4
R006958,W092,P002,A01,19-06-2026,Day,9.7,1.7,46,Critical,53,77,0.69,5
R006959,W092,P002,A05,20-06-2026,Night,11.3,3.3,34,Medium,52,76,0.679,6
R006960,W092,P002,A06,22-06-2026,Day,12.2,4.2,47,Low,72,99,0.73,1
R006961,W092,P002,A06,23-06-2026,Day,10.7,2.7,34,Medium,54,85,0.634,2
R006962,W092,P002,A03,24-06-2026,Day,10.6,2.6,35,High,64,90,0.706,3
R006963,W092,P002,A01,25-06-2026,Night,9.9,1.9,26,Medium,54,78,0.693,4
R006964,W092,P002,A02,26-06-2026,Day,10.9,2.9,27,Critical,64,97,0.664,5
R006965,W092,P002,A08,27-06-2026,Day,8.8,0.8,40,High,45,66,0.683,6
R006966,W092,P002,A07,30-06-2026,Day,11.3,3.3,31,Low,51,66,0.771,1
R006967,W092,P002,A06,01-07-2026,Day,10.2,2.2,36,Medium,47,69,0.682,2
R006968,W092,P002,A03,02-07-2026,Day,10.6,2.6,33,High,46,66,0.694,3
R006969,W092,P002,A03,03-07-2026,Day,10.1,2.1,36,High,62,95,0.648,4
R006970,W092,P002,A04,04-07-2026,Night,10.3,2.3,41,Medium,45,61,0.736,5
R006971,W092,P002,A01,06-07-2026,Night,10.1,2.1,39,Low,59,78,0.752,1
R006972,W092,P002,A05,08-07-2026,Day,8.7,0.7,26,Medium,54,72,0.755,1
R006973,W092,P002,A01,09-07-2026,Day,9.5,1.5,39,High,59,87,0.673,2
R006974,W092,P002,A05,10-07-2026,Day,11.2,3.2,44,Medium,43,61,0.698,3
R006975,W092,P002,A06,11-07-2026,Day,12.3,4.3,38,Low,50,74,0.682,4
R006976,W092,P002,A03,13-07-2026,Night,9.9,1.9,39,High,46,63,0.724,1
R006977,W092,P002,A01,14-07-2026,Day,11.2,3.2,57,Critical,65,96,0.674,2
R006978,W092,P002,A08,15-07-2026,Night,10.1,2.1,28,Critical,62,84,0.74,3
R006979,W092,P002,A05,16-07-2026,Day,10.6,2.6,36,High,38,68,0.554,4
R006980,W092,P002,A04,17-07-2026,Day,9.8,1.8,28,Medium,45,73,0.617,5
R006981,W092,P002,A08,18-07-2026,Day,10.9,2.9,27,High,42,71,0.593,6
R006982,W092,P002,A04,20-07-2026,Day,11.3,3.3,22,Critical,46,72,0.633,1
R006983,W092,P002,A04,21-07-2026,Day,9.7,1.7,28,Low,58,85,0.681,2
R006984,W092,P002,A09,22-07-2026,Night,9.4,1.4,25,Critical,55,90,0.612,3
R006985,W092,P002,A08,23-07-2026,Night,9.6,1.6,32,Medium,55,85,0.642,4
R006986,W092,P002,A05,24-07-2026,Day,9.4,1.4,35,High,42,70,0.601,5
R006987,W092,P002,A04,25-07-2026,Day,10.7,2.7,43,Low,61,88,0.688,6
R006988,W092,P002,A03,27-07-2026,Day,11.2,3.2,30,Medium,51,74,0.691,1
R006989,W092,P002,A07,28-07-2026,Day,9.5,1.5,39,High,46,64,0.717,2
R006990,W092,P002,A01,29-07-2026,Day,11.3,3.3,37,High,52,81,0.639,3
R006991,W092,P002,A02,30-07-2026,Day,10.5,2.5,33,High,60,89,0.67,4
R006992,W092,P002,A06,31-07-2026,Day,10.8,2.8,37,Medium,74,96,0.77,5
R006993,W092,P002,A03,01-08-2026,Day,9.4,1.4,25,Low,72,99,0.723,6
R006994,W092,P002,A05,03-08-2026,Day,10.1,2.1,50,Medium,60,85,0.708,1
R006995,W092,P002,A09,04-08-2026,Night,9.8,1.8,52,Medium,54,79,0.685,2
R006996,W092,P002,A09,05-08-2026,Day,10.3,2.3,32,Medium,58,85,0.684,3
R006997,W092,P002,A03,06-08-2026,Day,9.9,1.9,35,Low,58,83,0.694,4
R006998,W092,P002,A05,07-08-2026,Night,8.6,0.6,33,High,44,62,0.704,5
R006999,W092,P002,A03,08-08-2026,Night,9.8,1.8,37,Critical,50,79,0.635,6
R007000,W092,P002,A08,10-08-2026,Day,10.2,2.2,35,Low,53,73,0.731,1
R007001,W092,P002,A07,12-08-2026,Day,12,4,36,High,59,88,0.667,1
R007002,W092,P002,A05,13-08-2026,Day,10.8,2.8,37,Medium,58,81,0.722,2
R007003,W092,P002,A03,14-08-2026,Night,10,2,43,Low,72,96,0.748,3
R007004,W092,P002,A01,15-08-2026,Day,8,0,33,Medium,66,92,0.714,4
R007005,W092,P002,A01,16-08-2026,Day,11.1,3.1,28,Low,54,84,0.645,5
R007006,W092,P002,A07,17-08-2026,Day,11.3,3.3,26,Medium,55,95,0.582,6
R007007,W092,P002,A04,18-08-2026,Day,9.2,1.2,31,Medium,53,82,0.646,7
R007008,W092,P002,A04,19-08-2026,Day,8.4,0.4,26,High,65,94,0.689,8
R007009,W092,P002,A07,20-08-2026,Day,11.2,3.2,37,Medium,47,82,0.574,9
R007010,W092,P002,A09,21-08-2026,Day,10.7,2.7,37,Medium,50,75,0.665,10
R007011,W092,P002,A01,22-08-2026,Day,10.8,2.8,36,Low,42,63,0.666,11
R007012,W092,P002,A05,24-08-2026,Day,11.5,3.5,37,Low,55,81,0.679,1
R007013,W092,P002,A06,25-08-2026,Day,11,3,28,Low,74,99,0.746,2
R007014,W092,P002,A08,26-08-2026,Day,10.3,2.3,24,Medium,51,80,0.637,3
R007015,W092,P002,A01,27-08-2026,Night,9.4,1.4,42,Medium,50,68,0.739,4
R007016,W092,P002,A03,28-08-2026,Day,11.5,3.5,37,High,55,89,0.622,5
R007017,W092,P002,A07,29-08-2026,Day,10.7,2.7,40,High,48,75,0.646,6
R007018,W093,P006,A08,01-06-2026,Day,8,0,55,Low,59,74,0.794,1
R007019,W093,P006,A05,02-06-2026,Day,9.2,1.2,38,Medium,68,72,0.938,2
R007020,W093,P006,A08,03-06-2026,Night,9.8,1.8,33,High,67,94,0.709,3
R007021,W093,P006,A06,04-06-2026,Day,8.2,0.2,47,Medium,63,78,0.812,4
R007022,W093,P006,A09,05-06-2026,Day,9,1,30,High,55,80,0.693,5
R007023,W093,P006,A08,06-06-2026,Day,8.2,0.2,45,Low,52,73,0.717,6
R007024,W093,P006,A01,08-06-2026,Day,9.1,1.1,30,Critical,34,62,0.541,1
R007025,W093,P006,A08,09-06-2026,Day,9.2,1.2,18,Medium,47,63,0.748,2
R007026,W093,P006,A07,10-06-2026,Day,10.9,2.9,40,Medium,45,67,0.666,3
R007027,W093,P006,A02,11-06-2026,Night,9.5,1.5,42,High,74,95,0.78,4
R007028,W093,P006,A08,12-06-2026,Day,9.5,1.5,47,Medium,60,73,0.817,5
R007029,W093,P006,A09,13-06-2026,Night,8.9,0.9,41,Medium,61,88,0.696,6
R007030,W093,P006,A04,15-06-2026,Day,10.3,2.3,40,High,69,89,0.774,1
R007031,W093,P006,A09,16-06-2026,Day,9.1,1.1,41,Medium,54,61,0.881,2
R007032,W093,P006,A02,17-06-2026,Night,8.6,0.6,51,Medium,52,67,0.773,3
R007033,W093,P006,A01,18-06-2026,Day,8.9,0.9,17,Low,61,72,0.846,4
R007034,W093,P006,A06,19-06-2026,Day,8.4,0.4,52,High,73,96,0.76,5
R007035,W093,P006,A01,20-06-2026,Day,10.2,2.2,47,Low,59,77,0.76,6
R007036,W093,P006,A01,22-06-2026,Day,8,0,39,Medium,70,84,0.83,1
R007037,W093,P006,A03,23-06-2026,Day,10.2,2.2,36,High,65,96,0.68,2
R007038,W093,P006,A01,24-06-2026,Day,9.6,1.6,48,Medium,71,83,0.853,3
R007039,W093,P006,A03,25-06-2026,Day,10.6,2.6,41,Low,48,63,0.757,4
R007040,W093,P006,A05,26-06-2026,Day,10.6,2.6,31,Medium,42,66,0.635,5
R007041,W093,P006,A09,27-06-2026,Day,8,0,49,Medium,49,64,0.769,6
R007042,W093,P006,A05,28-06-2026,Night,8,0,25,Low,66,84,0.786,7
R007043,W093,P006,A05,29-06-2026,Day,9.7,1.7,43,Low,68,91,0.748,8
R007044,W093,P006,A07,30-06-2026,Day,8.8,0.8,37,Low,59,77,0.768,9
R007045,W093,P006,A06,01-07-2026,Day,9.9,1.9,45,High,61,78,0.776,10
R007046,W093,P006,A03,02-07-2026,Day,8.8,0.8,49,High,54,83,0.656,11
R007047,W093,P006,A05,03-07-2026,Day,9.2,1.2,41,Low,52,68,0.772,12
R007048,W093,P006,A06,04-07-2026,Night,8,0,26,Low,74,96,0.771,13
R007049,W093,P006,A08,06-07-2026,Day,8,0,48,High,78,98,0.794,1
R007050,W093,P006,A09,07-07-2026,Day,10.4,2.4,38,Medium,79,99,0.795,2
R007051,W093,P006,A08,08-07-2026,Day,11.6,3.6,41,High,65,88,0.737,3
R007052,W093,P006,A09,09-07-2026,Day,9.3,1.3,43,High,65,90,0.727,4
R007053,W093,P006,A01,10-07-2026,Day,10.3,2.3,57,Low,48,60,0.793,5
R007054,W093,P006,A03,11-07-2026,Day,9.4,1.4,39,Medium,68,92,0.741,6
R007055,W093,P006,A07,13-07-2026,Day,8,0,40,High,54,68,0.789,1
R007056,W093,P006,A08,14-07-2026,Day,8.6,0.6,38,Low,59,74,0.792,2
R007057,W093,P006,A03,15-07-2026,Day,9.6,1.6,36,Low,55,69,0.799,3
R007058,W093,P006,A03,17-07-2026,Day,8,0,60,Low,79,95,0.837,1
R007059,W093,P006,A08,18-07-2026,Day,10.2,2.2,41,High,71,98,0.727,2
R007060,W093,P006,A04,20-07-2026,Day,8,0,51,Medium,59,77,0.764,1
R007061,W093,P006,A09,21-07-2026,Day,8,0,50,Low,73,89,0.815,2
R007062,W093,P006,A02,22-07-2026,Day,9,1,52,Medium,84,96,0.877,3
R007063,W093,P006,A08,23-07-2026,Day,9,1,44,Low,71,92,0.767,4
R007064,W093,P006,A05,24-07-2026,Day,9.2,1.2,40,Low,56,74,0.756,5
R007065,W093,P006,A06,25-07-2026,Day,10.4,2.4,33,Low,54,70,0.773,6
R007066,W093,P006,A07,26-07-2026,Day,8,0,46,Medium,54,71,0.766,7
R007067,W093,P006,A05,27-07-2026,Day,9.2,1.2,40,Medium,64,82,0.78,8
R007068,W093,P006,A04,28-07-2026,Day,10.3,2.3,47,High,62,74,0.833,9
R007069,W093,P006,A09,29-07-2026,Day,8.7,0.7,36,Medium,52,74,0.709,10
R007070,W093,P006,A03,30-07-2026,Day,10.6,2.6,41,Medium,46,67,0.692,11
R007071,W093,P006,A02,31-07-2026,Day,9.8,1.8,37,Medium,44,61,0.715,12
R007072,W093,P006,A07,01-08-2026,Day,8.7,0.7,38,Low,57,77,0.744,13
R007073,W093,P006,A05,03-08-2026,Night,10.4,2.4,42,Low,61,76,0.805,1
R007074,W093,P006,A04,04-08-2026,Day,9,1,43,Low,74,87,0.845,2
R007075,W093,P006,A05,05-08-2026,Night,10.1,2.1,44,Low,71,92,0.772,3
R007076,W093,P006,A05,06-08-2026,Day,8.8,0.8,28,Low,81,97,0.836,4
R007077,W093,P006,A07,07-08-2026,Day,9.4,1.4,38,Low,48,65,0.738,5
R007078,W093,P006,A01,08-08-2026,Day,9.3,1.3,58,Medium,65,79,0.828,6
R007079,W093,P006,A01,10-08-2026,Day,10.7,2.7,55,Medium,64,83,0.769,1
R007080,W093,P006,A02,11-08-2026,Day,10.9,2.9,37,Medium,59,82,0.72,2
R007081,W093,P006,A07,12-08-2026,Night,9.7,1.7,34,Medium,46,60,0.772,3
R007082,W093,P006,A04,13-08-2026,Night,9.5,1.5,47,Low,46,62,0.739,4
R007083,W093,P006,A08,14-08-2026,Day,9.8,1.8,54,High,69,89,0.772,5
R007084,W093,P006,A07,15-08-2026,Day,9.1,1.1,37,Medium,56,74,0.755,6
R007085,W093,P006,A06,17-08-2026,Day,9.5,1.5,45,High,83,98,0.85,1
R007086,W093,P006,A05,18-08-2026,Day,9.1,1.1,46,Low,68,89,0.764,2
R007087,W093,P006,A02,19-08-2026,Day,10.1,2.1,54,Medium,70,88,0.794,3
R007088,W093,P006,A07,20-08-2026,Day,9.8,1.8,51,Low,71,87,0.816,4
R007089,W093,P006,A03,21-08-2026,Day,10,2,39,Medium,67,84,0.797,5
R007090,W093,P006,A09,22-08-2026,Day,10.2,2.2,24,Medium,49,68,0.715,6
R007091,W093,P006,A05,24-08-2026,Day,10.3,2.3,42,Medium,55,72,0.767,1
R007092,W093,P006,A02,25-08-2026,Day,11.5,3.5,47,High,52,63,0.832,2
R007093,W093,P006,A01,26-08-2026,Day,9.7,1.7,50,Low,53,62,0.853,3
R007094,W093,P006,A09,28-08-2026,Day,10.7,2.7,37,Medium,72,88,0.818,1
R007095,W093,P006,A05,29-08-2026,Night,10.2,2.2,42,Critical,48,70,0.687,2
R007096,W094,P002,A03,01-06-2026,Day,11.4,3.4,31,High,43,62,0.699,1
R007097,W094,P002,A06,02-06-2026,Day,9.9,1.9,33,Medium,46,73,0.623,2
R007098,W094,P002,A04,03-06-2026,Day,9.7,1.7,41,Low,79,96,0.826,3
R007099,W094,P002,A09,04-06-2026,Night,11.9,3.9,44,High,51,75,0.686,4
R007100,W094,P002,A02,05-06-2026,Day,10,2,30,Low,54,80,0.68,5
R007101,W094,P002,A01,06-06-2026,Day,11.5,3.5,43,Low,52,82,0.635,6
R007102,W094,P002,A07,08-06-2026,Day,11.5,3.5,33,Low,73,94,0.777,1
R007103,W094,P002,A02,09-06-2026,Day,11,3,26,High,54,78,0.687,2
R007104,W094,P002,A05,10-06-2026,Day,11.2,3.2,34,Low,42,69,0.605,3
R007105,W094,P002,A01,12-06-2026,Day,11.5,3.5,33,Critical,61,92,0.665,1
R007106,W094,P002,A06,13-06-2026,Day,10.2,2.2,36,High,57,90,0.629,2
R007107,W094,P002,A03,15-06-2026,Day,10.2,2.2,36,Medium,66,86,0.763,1
R007108,W094,P002,A03,16-06-2026,Day,11.5,3.5,25,High,55,80,0.682,2
R007109,W094,P002,A08,17-06-2026,Day,11.2,3.2,24,Medium,67,96,0.701,3
R007110,W094,P002,A09,18-06-2026,Night,11.7,3.7,24,Medium,58,98,0.588,4
R007111,W094,P002,A04,19-06-2026,Day,10.1,2.1,21,High,52,83,0.623,5
R007112,W094,P002,A04,20-06-2026,Day,12,4,34,Medium,55,87,0.627,6
R007113,W094,P002,A08,23-06-2026,Day,9.9,1.9,26,High,47,78,0.606,1
R007114,W094,P002,A04,24-06-2026,Day,11.2,3.2,29,Low,61,88,0.698,2
R007115,W094,P002,A03,25-06-2026,Day,9.8,1.8,32,Medium,63,89,0.709,3
R007116,W094,P002,A03,26-06-2026,Day,9.2,1.2,28,High,48,70,0.692,4
R007117,W094,P002,A09,27-06-2026,Day,10.2,2.2,39,High,57,86,0.659,5
R007118,W094,P002,A04,28-06-2026,Day,9.5,1.5,25,Medium,51,67,0.754,6
R007119,W094,P002,A03,29-06-2026,Day,9.6,1.6,16,High,53,83,0.633,7
R007120,W094,P002,A03,30-06-2026,Day,10.9,2.9,33,High,61,95,0.647,8
R007121,W094,P002,A07,01-07-2026,Night,11.3,3.3,35,High,62,95,0.647,9
R007122,W094,P002,A07,02-07-2026,Day,10.6,2.6,40,Low,55,87,0.629,10
R007123,W094,P002,A02,04-07-2026,Night,10.7,2.7,28,Medium,64,97,0.663,1
R007124,W094,P002,A04,07-07-2026,Night,10.9,2.9,27,Critical,51,75,0.683,1
R007125,W094,P002,A05,08-07-2026,Night,11.2,3.2,23,Medium,49,74,0.662,2
R007126,W094,P002,A09,09-07-2026,Day,10.6,2.6,43,Low,51,73,0.695,3
R007127,W094,P002,A04,10-07-2026,Day,11.3,3.3,37,Low,44,64,0.691,4
R007128,W094,P002,A02,11-07-2026,Night,12.1,4.1,52,Medium,49,73,0.674,5
R007129,W094,P002,A09,13-07-2026,Day,10.8,2.8,29,Medium,64,89,0.721,1
R007130,W094,P002,A03,14-07-2026,Day,8,0,19,Low,57,75,0.761,2
R007131,W094,P002,A02,15-07-2026,Day,11.6,3.6,30,High,61,88,0.688,3
R007132,W094,P002,A06,16-07-2026,Day,9.9,1.9,47,Low,51,75,0.675,4
R007133,W094,P002,A07,17-07-2026,Day,9.5,1.5,41,Medium,43,69,0.621,5
R007134,W094,P002,A05,18-07-2026,Night,9.9,1.9,32,Critical,44,78,0.559,6
R007135,W094,P002,A09,20-07-2026,Day,9.3,1.3,40,High,64,99,0.643,1
R007136,W094,P002,A04,21-07-2026,Night,11.1,3.1,25,Critical,57,90,0.639,2
R007137,W094,P002,A07,22-07-2026,Day,11.8,3.8,46,Low,47,74,0.638,3
R007138,W094,P002,A09,23-07-2026,Night,11.2,3.2,39,Low,48,69,0.692,4
R007139,W094,P002,A03,24-07-2026,Day,9,1,35,Medium,54,77,0.704,5
R007140,W094,P002,A07,25-07-2026,Day,9.5,1.5,31,Low,42,62,0.679,6
R007141,W094,P002,A02,26-07-2026,Day,9.6,1.6,30,High,59,85,0.692,7
R007142,W094,P002,A08,27-07-2026,Night,12.6,4.6,31,Low,37,61,0.608,8
R007143,W094,P002,A02,28-07-2026,Day,10.9,2.9,33,Critical,56,92,0.61,9
R007144,W094,P002,A04,29-07-2026,Day,10.5,2.5,31,High,44,73,0.597,10
R007145,W094,P002,A02,30-07-2026,Day,9.8,1.8,33,Medium,46,79,0.582,11
R007146,W094,P002,A07,31-07-2026,Day,9.5,1.5,39,Low,64,96,0.666,12
R007147,W094,P002,A05,01-08-2026,Day,10.4,2.4,35,High,56,90,0.625,13
R007148,W094,P002,A05,03-08-2026,Day,9.9,1.9,41,Critical,61,93,0.655,1
R007149,W094,P002,A07,04-08-2026,Day,9.3,1.3,50,Medium,46,65,0.71,2
R007150,W094,P002,A07,05-08-2026,Night,11.2,3.2,18,High,38,61,0.629,3
R007151,W094,P002,A09,06-08-2026,Day,9.9,1.9,35,High,39,60,0.645,4
R007152,W094,P002,A08,07-08-2026,Day,9.6,1.6,24,Medium,72,99,0.731,5
R007153,W094,P002,A08,08-08-2026,Day,9.3,1.3,52,High,59,97,0.608,6
R007154,W094,P002,A09,09-08-2026,Day,10.9,2.9,36,High,36,62,0.588,7
R007155,W094,P002,A07,10-08-2026,Night,10.7,2.7,42,Medium,47,69,0.682,8
R007156,W094,P002,A08,11-08-2026,Day,10.2,2.2,41,Critical,53,74,0.72,9
R007157,W094,P002,A02,12-08-2026,Day,10.4,2.4,41,Medium,52,82,0.633,10
R007158,W094,P002,A05,13-08-2026,Day,9.8,1.8,45,Low,51,74,0.688,11
R007159,W094,P002,A02,14-08-2026,Day,10.1,2.1,30,High,34,60,0.573,12
R007160,W094,P002,A07,15-08-2026,Night,10.5,2.5,41,High,42,70,0.603,13
R007161,W094,P002,A04,17-08-2026,Night,11.9,3.9,41,Low,66,98,0.675,1
R007162,W094,P002,A07,18-08-2026,Day,10.4,2.4,29,Low,63,91,0.695,2
R007163,W094,P002,A05,19-08-2026,Day,10.5,2.5,34,High,57,86,0.665,3
R007164,W094,P002,A08,20-08-2026,Night,9.4,1.4,37,High,66,93,0.709,4
R007165,W094,P002,A02,21-08-2026,Day,9.4,1.4,38,Medium,58,83,0.699,5
R007166,W094,P002,A01,22-08-2026,Day,10,2,37,High,63,88,0.718,6
R007167,W094,P002,A09,23-08-2026,Day,10.6,2.6,30,Medium,58,85,0.682,7
R007168,W094,P002,A04,24-08-2026,Day,10.1,2.1,27,Medium,37,63,0.582,8
R007169,W094,P002,A08,25-08-2026,Night,10.5,2.5,32,High,64,92,0.697,9
R007170,W094,P002,A08,26-08-2026,Day,11.6,3.6,35,Medium,57,89,0.644,10
R007171,W094,P002,A01,27-08-2026,Day,12.6,4.6,19,High,58,98,0.596,11
R007172,W094,P002,A01,28-08-2026,Day,10.7,2.7,59,Medium,45,63,0.715,12
R007173,W094,P002,A05,29-08-2026,Day,9.5,1.5,31,Medium,44,66,0.664,13
R007174,W095,P005,A07,01-06-2026,Day,10.3,2.3,52,Medium,72,92,0.778,1
R007175,W095,P005,A08,02-06-2026,Night,9.9,1.9,44,High,77,92,0.842,2
R007176,W095,P005,A06,03-06-2026,Night,8.6,0.6,44,Medium,69,79,0.875,3
R007177,W095,P005,A05,04-06-2026,Day,8.3,0.3,31,Low,57,75,0.755,4
R007178,W095,P005,A09,05-06-2026,Day,8.9,0.9,38,Medium,55,85,0.651,5
R007179,W095,P005,A08,06-06-2026,Day,10.3,2.3,42,High,47,76,0.617,6
R007180,W095,P005,A05,08-06-2026,Day,8.7,0.7,50,Low,57,60,0.944,1
R007181,W095,P005,A09,09-06-2026,Day,8.3,0.3,49,Low,62,79,0.789,2
R007182,W095,P005,A03,10-06-2026,Day,8.7,0.7,45,Medium,59,76,0.773,3
R007183,W095,P005,A08,11-06-2026,Night,9.3,1.3,37,High,61,93,0.655,4
R007184,W095,P005,A09,12-06-2026,Day,9,1,50,Low,66,82,0.809,5
R007185,W095,P005,A03,13-06-2026,Night,9.1,1.1,43,High,52,79,0.659,6
R007186,W095,P005,A04,15-06-2026,Day,10.5,2.5,41,Medium,76,90,0.841,1
R007187,W095,P005,A01,16-06-2026,Night,9.2,1.2,34,Low,84,99,0.847,2
R007188,W095,P005,A04,17-06-2026,Day,9.4,1.4,42,Low,83,99,0.838,3
R007189,W095,P005,A04,18-06-2026,Day,10.5,2.5,30,Medium,64,89,0.717,4
R007190,W095,P005,A08,19-06-2026,Day,9,1,36,Medium,56,80,0.705,5
R007191,W095,P005,A09,20-06-2026,Night,8.9,0.9,48,Low,70,87,0.801,6
R007192,W095,P005,A07,22-06-2026,Day,11.2,3.2,36,Medium,46,61,0.748,1
R007193,W095,P005,A07,23-06-2026,Day,9.4,1.4,42,Low,70,95,0.738,2
R007194,W095,P005,A08,24-06-2026,Day,10.2,2.2,44,High,46,61,0.755,3
R007195,W095,P005,A03,25-06-2026,Day,10.6,2.6,45,Medium,74,92,0.799,4
R007196,W095,P005,A07,26-06-2026,Day,9,1,52,Medium,70,93,0.749,5
R007197,W095,P005,A08,27-06-2026,Day,8.5,0.5,54,Medium,67,80,0.84,6
R007198,W095,P005,A03,28-06-2026,Night,8.8,0.8,38,High,57,77,0.736,7
R007199,W095,P005,A05,29-06-2026,Day,8,0,46,High,59,77,0.768,8
R007200,W095,P005,A05,30-06-2026,Night,10,2,42,Medium,60,85,0.706,9
R007201,W095,P005,A08,01-07-2026,Day,10.6,2.6,37,Medium,62,86,0.724,10
R007202,W095,P005,A02,02-07-2026,Day,8.5,0.5,39,High,57,89,0.646,11
R007203,W095,P005,A09,03-07-2026,Day,8,0,34,Low,72,94,0.77,12
R007204,W095,P005,A06,04-07-2026,Day,8,0,57,Medium,47,73,0.643,13
R007205,W095,P005,A04,06-07-2026,Day,9.6,1.6,38,High,60,74,0.814,1
R007206,W095,P005,A06,07-07-2026,Day,9.4,1.4,36,High,78,95,0.825,2
R007207,W095,P005,A05,08-07-2026,Day,9.7,1.7,39,Low,66,85,0.771,3
R007208,W095,P005,A05,09-07-2026,Day,9.2,1.2,43,Low,77,88,0.876,4
R007209,W095,P005,A05,10-07-2026,Day,9.8,1.8,35,High,71,98,0.723,5
R007210,W095,P005,A06,11-07-2026,Day,9.9,1.9,33,Low,50,67,0.741,6
R007211,W095,P005,A03,13-07-2026,Night,10.1,2.1,36,Low,71,92,0.775,1
R007212,W095,P005,A02,14-07-2026,Day,9.6,1.6,46,Low,55,73,0.747,2
R007213,W095,P005,A04,15-07-2026,Day,10.1,2.1,22,Low,45,70,0.647,3
R007214,W095,P005,A05,16-07-2026,Day,9.7,1.7,44,Low,59,85,0.691,4
R007215,W095,P005,A06,17-07-2026,Day,9.5,1.5,44,Low,51,60,0.856,5
R007216,W095,P005,A01,18-07-2026,Day,10.5,2.5,49,Medium,53,69,0.767,6
R007217,W095,P005,A03,20-07-2026,Day,9,1,27,Medium,58,76,0.758,1
R007218,W095,P005,A06,21-07-2026,Day,9.1,1.1,54,High,57,73,0.775,2
R007219,W095,P005,A04,22-07-2026,Day,9.8,1.8,30,High,72,91,0.795,3
R007220,W095,P005,A03,23-07-2026,Day,9.6,1.6,49,Critical,52,71,0.727,4
R007221,W095,P005,A01,24-07-2026,Day,10.5,2.5,46,Medium,58,82,0.702,5
R007222,W095,P005,A04,25-07-2026,Day,10,2,43,Medium,51,65,0.779,6
R007223,W095,P005,A06,26-07-2026,Day,10.2,2.2,45,High,60,79,0.759,7
R007224,W095,P005,A09,27-07-2026,Day,9.7,1.7,43,Medium,53,72,0.731,8
R007225,W095,P005,A08,28-07-2026,Day,8.7,0.7,47,High,57,81,0.703,9
R007226,W095,P005,A06,29-07-2026,Night,8.5,0.5,41,Medium,48,60,0.804,10
R007227,W095,P005,A04,30-07-2026,Day,11.4,3.4,52,Low,40,61,0.653,11
R007228,W095,P005,A09,31-07-2026,Day,9.6,1.6,44,Low,46,63,0.737,12
R007229,W095,P005,A05,01-08-2026,Day,10.3,2.3,40,High,56,95,0.59,13
R007230,W095,P005,A03,03-08-2026,Day,10.7,2.7,31,Medium,49,61,0.798,1
R007231,W095,P005,A04,04-08-2026,Day,9.7,1.7,32,Critical,54,79,0.679,2
R007232,W095,P005,A04,05-08-2026,Night,9.3,1.3,47,Critical,65,84,0.776,3
R007233,W095,P005,A02,06-08-2026,Night,9.9,1.9,42,High,53,78,0.68,4
R007234,W095,P005,A04,07-08-2026,Day,11.5,3.5,21,Medium,42,69,0.615,5
R007235,W095,P005,A06,08-08-2026,Day,10,2,49,Medium,66,89,0.738,6
R007236,W095,P005,A04,10-08-2026,Day,9,1,40,High,54,69,0.779,1
R007237,W095,P005,A08,11-08-2026,Day,9.6,1.6,32,Low,54,73,0.744,2
R007238,W095,P005,A03,12-08-2026,Night,9.2,1.2,40,Critical,67,89,0.748,3
R007239,W095,P005,A05,13-08-2026,Night,8.9,0.9,36,High,66,80,0.828,4
R007240,W095,P005,A01,14-08-2026,Day,10.4,2.4,36,Low,68,96,0.711,5
R007241,W095,P005,A06,15-08-2026,Day,10,2,38,Low,70,88,0.793,6
R007242,W095,P005,A09,17-08-2026,Day,8.1,0.1,46,Low,62,71,0.868,1
R007243,W095,P005,A08,18-08-2026,Day,11.2,3.2,38,High,60,84,0.717,2
R007244,W095,P005,A06,19-08-2026,Day,9.4,1.4,42,Medium,49,61,0.796,3
R007245,W095,P005,A05,20-08-2026,Day,9.3,1.3,40,High,51,65,0.791,4
R007246,W095,P005,A09,22-08-2026,Day,8.9,0.9,51,Medium,70,89,0.787,1
R007247,W095,P005,A07,24-08-2026,Day,9.9,1.9,42,Medium,63,80,0.787,1
R007248,W095,P005,A09,25-08-2026,Day,9.9,1.9,46,Low,61,74,0.829,2
R007249,W095,P005,A06,26-08-2026,Night,9.4,1.4,40,High,58,79,0.739,3
R007250,W095,P005,A01,27-08-2026,Day,9.6,1.6,35,High,50,75,0.673,4
R007251,W095,P005,A06,28-08-2026,Day,9.8,1.8,45,Low,57,67,0.846,5
R007252,W095,P005,A07,29-08-2026,Night,8.8,0.8,51,Low,68,93,0.735,6
R007253,W096,P004,A01,01-06-2026,Night,9.5,1.5,37,Medium,46,76,0.611,1
R007254,W096,P004,A05,02-06-2026,Day,10,2,36,Medium,64,87,0.74,2
R007255,W096,P004,A06,03-06-2026,Day,10.2,2.2,35,Medium,56,93,0.601,3
R007256,W096,P004,A01,04-06-2026,Day,12,4,49,Medium,57,86,0.661,4
R007257,W096,P004,A01,05-06-2026,Day,11.6,3.6,30,High,46,77,0.6,5
R007258,W096,P004,A04,06-06-2026,Day,11.4,3.4,29,High,41,75,0.543,6
R007259,W096,P004,A07,08-06-2026,Day,11,3,30,Critical,45,78,0.577,1
R007260,W096,P004,A09,09-06-2026,Day,11.3,3.3,24,Medium,56,88,0.64,2
R007261,W096,P004,A01,11-06-2026,Day,9.1,1.1,38,Critical,64,86,0.745,1
R007262,W096,P004,A03,12-06-2026,Night,9.9,1.9,20,High,43,64,0.68,2
R007263,W096,P004,A07,13-06-2026,Day,11.5,3.5,27,Critical,35,65,0.537,3
R007264,W096,P004,A05,15-06-2026,Night,11.7,3.7,38,High,44,72,0.609,1
R007265,W096,P004,A07,16-06-2026,Day,12.5,4.5,22,Medium,37,60,0.62,2
R007266,W096,P004,A09,17-06-2026,Day,10.1,2.1,31,Medium,58,89,0.649,3
R007267,W096,P004,A08,18-06-2026,Day,10,2,35,Medium,44,60,0.736,4
R007268,W096,P004,A05,19-06-2026,Day,10.8,2.8,16,High,48,86,0.561,5
R007269,W096,P004,A02,20-06-2026,Night,9.8,1.8,27,High,58,90,0.645,6
R007270,W096,P004,A05,22-06-2026,Night,11.9,3.9,44,Medium,56,89,0.626,1
R007271,W096,P004,A05,23-06-2026,Day,10.8,2.8,36,High,50,73,0.69,2
R007272,W096,P004,A02,24-06-2026,Day,10.4,2.4,33,Medium,63,86,0.728,3
R007273,W096,P004,A01,25-06-2026,Day,10,2,35,Medium,59,95,0.619,4
R007274,W096,P004,A04,26-06-2026,Day,11.8,3.8,21,High,49,95,0.52,5
R007275,W096,P004,A09,27-06-2026,Day,11.4,3.4,25,High,50,82,0.615,6
R007276,W096,P004,A09,29-06-2026,Day,10,2,35,Low,52,68,0.769,1
R007277,W096,P004,A06,30-06-2026,Day,11.3,3.3,21,Medium,54,94,0.571,2
R007278,W096,P004,A04,01-07-2026,Day,10.7,2.7,24,High,52,79,0.657,3
R007279,W096,P004,A05,02-07-2026,Day,9.9,1.9,30,High,51,86,0.596,4
R007280,W096,P004,A02,03-07-2026,Night,10.7,2.7,34,Low,35,62,0.569,5
R007281,W096,P004,A07,04-07-2026,Day,11.2,3.2,32,Critical,56,99,0.562,6
R007282,W096,P004,A02,06-07-2026,Day,11.7,3.7,29,Medium,49,77,0.633,1
R007283,W096,P004,A09,07-07-2026,Day,10.2,2.2,34,Medium,48,64,0.745,2
R007284,W096,P004,A08,08-07-2026,Day,10,2,33,Low,65,82,0.788,3
R007285,W096,P004,A06,09-07-2026,Day,11,3,31,Low,50,74,0.67,4
R007286,W096,P004,A02,10-07-2026,Day,12.1,4.1,18,High,50,91,0.551,5
R007287,W096,P004,A01,11-07-2026,Night,10,2,23,Low,54,79,0.685,6
R007288,W096,P004,A04,13-07-2026,Day,12.1,4.1,38,High,43,75,0.572,1
R007289,W096,P004,A01,14-07-2026,Day,11.2,3.2,38,Medium,56,81,0.691,2
R007290,W096,P004,A05,15-07-2026,Day,9.7,1.7,44,Medium,64,86,0.739,3
R007291,W096,P004,A09,16-07-2026,Day,10.7,2.7,38,High,57,81,0.707,4
R007292,W096,P004,A02,17-07-2026,Day,10.6,2.6,17,Low,56,83,0.674,5
R007293,W096,P004,A01,18-07-2026,Day,9.5,1.5,33,Low,67,99,0.679,6
R007294,W096,P004,A07,20-07-2026,Day,10.8,2.8,31,Medium,48,71,0.671,1
R007295,W096,P004,A01,21-07-2026,Day,11.2,3.2,41,Medium,55,81,0.682,2
R007296,W096,P004,A08,22-07-2026,Day,9.6,1.6,35,Low,49,73,0.664,3
R007297,W096,P004,A03,23-07-2026,Day,8.9,0.9,34,Critical,51,85,0.605,4
R007298,W096,P004,A08,24-07-2026,Day,9,1,24,Medium,46,66,0.704,5
R007299,W096,P004,A02,26-07-2026,Night,11.7,3.7,25,Medium,47,85,0.552,1
R007300,W096,P004,A08,27-07-2026,Day,10.1,2.1,35,Medium,60,83,0.718,2
R007301,W096,P004,A06,28-07-2026,Day,10.9,2.9,15,Critical,39,63,0.621,3
R007302,W096,P004,A08,29-07-2026,Day,9.3,1.3,30,Critical,50,85,0.586,4
R007303,W096,P004,A09,30-07-2026,Day,9.4,1.4,29,High,40,74,0.54,5
R007304,W096,P004,A09,31-07-2026,Day,11.3,3.3,39,Medium,56,85,0.655,6
R007305,W096,P004,A03,01-08-2026,Night,8.7,0.7,32,High,67,89,0.75,7
R007306,W096,P004,A05,03-08-2026,Day,11.2,3.2,33,Low,61,82,0.742,1
R007307,W096,P004,A09,04-08-2026,Day,10.5,2.5,19,High,54,71,0.756,2
R007308,W096,P004,A07,05-08-2026,Day,10,2,43,Low,70,89,0.788,3
R007309,W096,P004,A01,06-08-2026,Day,10,2,50,High,61,85,0.714,4
R007310,W096,P004,A05,07-08-2026,Day,9.6,1.6,30,High,64,99,0.643,5
R007311,W096,P004,A03,08-08-2026,Day,9.5,1.5,35,Critical,36,60,0.605,6
R007312,W096,P004,A04,10-08-2026,Night,10.9,2.9,48,High,48,73,0.653,1
R007313,W096,P004,A08,11-08-2026,Day,12.5,4.5,32,Low,74,99,0.748,2
R007314,W096,P004,A07,12-08-2026,Day,10.5,2.5,29,Medium,65,94,0.693,3
R007315,W096,P004,A06,13-08-2026,Day,10.9,2.9,43,High,46,77,0.602,4
R007316,W096,P004,A04,14-08-2026,Day,11,3,38,Medium,35,61,0.578,5
R007317,W096,P004,A03,15-08-2026,Day,12.3,4.3,37,Medium,42,67,0.628,6
R007318,W096,P004,A07,17-08-2026,Day,9.5,1.5,45,Medium,57,88,0.648,1
R007319,W096,P004,A05,18-08-2026,Day,10.1,2.1,42,Medium,39,61,0.635,2
R007320,W096,P004,A05,19-08-2026,Day,8.9,0.9,32,High,62,87,0.708,3
R007321,W096,P004,A09,20-08-2026,Day,10.4,2.4,42,Low,44,69,0.644,4
R007322,W096,P004,A06,21-08-2026,Day,9.2,1.2,29,Medium,51,72,0.712,5
R007323,W096,P004,A05,22-08-2026,Day,12.8,4.8,19,High,39,74,0.527,6
R007324,W096,P004,A03,25-08-2026,Day,8,0,28,Medium,78,99,0.785,1
R007325,W096,P004,A01,26-08-2026,Day,9.5,1.5,32,Low,50,70,0.713,2
R007326,W096,P004,A05,27-08-2026,Day,11.3,3.3,30,Critical,58,93,0.626,3
R007327,W096,P004,A07,28-08-2026,Day,11.1,3.1,38,Low,42,66,0.639,4
R007328,W096,P004,A09,29-08-2026,Day,11.4,3.4,41,High,38,60,0.628,5
R007329,W097,P001,A01,01-06-2026,Day,9.1,1.1,43,Low,76,82,0.931,1
R007330,W097,P001,A08,02-06-2026,Day,9,1,41,Medium,54,76,0.708,2
R007331,W097,P001,A06,03-06-2026,Day,9.9,1.9,39,Critical,67,91,0.74,3
R007332,W097,P001,A04,04-06-2026,Day,9.8,1.8,43,Medium,56,69,0.816,4
R007333,W097,P001,A06,05-06-2026,Day,8.6,0.6,36,Low,69,93,0.744,5
R007334,W097,P001,A03,06-06-2026,Night,10.8,2.8,51,Medium,64,88,0.725,6
R007335,W097,P001,A09,08-06-2026,Day,9.3,1.3,43,Low,58,63,0.913,1
R007336,W097,P001,A09,10-06-2026,Day,10,2,45,Low,53,69,0.769,1
R007337,W097,P001,A07,11-06-2026,Night,8,0,38,High,52,60,0.874,2
R007338,W097,P001,A08,12-06-2026,Day,10.6,2.6,59,Critical,50,81,0.619,3
R007339,W097,P001,A03,13-06-2026,Day,9,1,51,Low,60,76,0.786,4
R007340,W097,P001,A03,14-06-2026,Night,9,1,31,High,54,75,0.723,5
R007341,W097,P001,A04,15-06-2026,Day,8.6,0.6,49,Medium,63,83,0.765,6
R007342,W097,P001,A05,16-06-2026,Day,8.1,0.1,47,High,59,81,0.731,7
R007343,W097,P001,A02,17-06-2026,Day,9.4,1.4,35,Critical,57,82,0.698,8
R007344,W097,P001,A07,18-06-2026,Night,8.1,0.1,45,High,71,97,0.73,9
R007345,W097,P001,A05,19-06-2026,Day,8.2,0.2,47,High,62,98,0.637,10
R007346,W097,P001,A01,20-06-2026,Day,10.2,2.2,48,Medium,60,91,0.659,11
R007347,W097,P001,A08,22-06-2026,Day,9.2,1.2,45,Low,68,86,0.796,1
R007348,W097,P001,A08,23-06-2026,Day,10.2,2.2,43,Low,52,64,0.817,2
R007349,W097,P001,A08,24-06-2026,Day,9.5,1.5,47,Low,71,86,0.824,3
R007350,W097,P001,A08,25-06-2026,Night,8.7,0.7,31,Low,68,93,0.732,4
R007351,W097,P001,A01,26-06-2026,Day,10.2,2.2,44,Low,60,85,0.707,5
R007352,W097,P001,A05,27-06-2026,Night,12,4,42,Medium,44,62,0.712,6
R007353,W097,P001,A01,29-06-2026,Night,11.5,3.5,46,High,61,81,0.748,1
R007354,W097,P001,A08,30-06-2026,Day,9.7,1.7,31,Low,49,71,0.696,2
R007355,W097,P001,A07,01-07-2026,Day,9.4,1.4,52,Low,56,75,0.744,3
R007356,W097,P001,A09,02-07-2026,Day,9.6,1.6,36,Medium,74,93,0.795,4
R007357,W097,P001,A04,03-07-2026,Day,10.5,2.5,43,Medium,47,68,0.693,5
R007358,W097,P001,A08,04-07-2026,Day,9.6,1.6,59,Critical,64,80,0.802,6
R007359,W097,P001,A05,06-07-2026,Day,8,0,46,Medium,60,70,0.852,1
R007360,W097,P001,A06,07-07-2026,Day,10.2,2.2,48,Medium,57,74,0.764,2
R007361,W097,P001,A01,08-07-2026,Day,8.7,0.7,43,Low,54,72,0.754,3
R007362,W097,P001,A08,09-07-2026,Day,9.8,1.8,36,High,48,62,0.775,4
R007363,W097,P001,A08,10-07-2026,Day,10.1,2.1,39,Low,48,71,0.67,5
R007364,W097,P001,A01,11-07-2026,Day,9.4,1.4,28,Medium,64,90,0.71,6
R007365,W097,P001,A02,13-07-2026,Day,9.6,1.6,34,Low,52,63,0.825,1
R007366,W097,P001,A03,14-07-2026,Day,10,2,50,High,68,93,0.729,2
R007367,W097,P001,A07,15-07-2026,Day,9.9,1.9,37,Medium,59,76,0.78,3
R007368,W097,P001,A04,16-07-2026,Day,11.2,3.2,41,Medium,44,61,0.719,4
R007369,W097,P001,A08,17-07-2026,Night,8.5,0.5,46,Low,56,72,0.779,5
R007370,W097,P001,A02,20-07-2026,Night,8,0,32,Medium,51,66,0.779,1
R007371,W097,P001,A03,21-07-2026,Day,10.1,2.1,37,High,50,70,0.709,2
R007372,W097,P001,A07,22-07-2026,Day,8.8,0.8,34,Medium,38,60,0.639,3
R007373,W097,P001,A05,23-07-2026,Day,10.6,2.6,44,Low,73,90,0.815,4
R007374,W097,P001,A03,24-07-2026,Day,8,0,39,Medium,55,65,0.854,5
R007375,W097,P001,A04,25-07-2026,Night,8.6,0.6,52,Medium,46,60,0.763,6
R007376,W097,P001,A04,26-07-2026,Day,9.2,1.2,43,High,52,76,0.678,7
R007377,W097,P001,A09,27-07-2026,Day,11.3,3.3,49,High,59,79,0.744,8
R007378,W097,P001,A03,28-07-2026,Day,11.7,3.7,39,Critical,44,76,0.585,9
R007379,W097,P001,A01,29-07-2026,Day,8,0,46,Medium,49,68,0.723,10
R007380,W097,P001,A01,30-07-2026,Day,9.2,1.2,52,Medium,51,63,0.81,11
R007381,W097,P001,A03,31-07-2026,Day,9.8,1.8,37,Low,56,79,0.715,12
R007382,W097,P001,A02,01-08-2026,Day,9.2,1.2,32,Medium,62,86,0.716,13
R007383,W097,P001,A07,03-08-2026,Day,9.6,1.6,39,Critical,50,63,0.798,1
R007384,W097,P001,A02,04-08-2026,Day,8.9,0.9,40,Low,62,84,0.742,2
R007385,W097,P001,A06,05-08-2026,Day,9.2,1.2,51,Medium,53,66,0.81,3
R007386,W097,P001,A06,06-08-2026,Day,9.9,1.9,60,Low,62,71,0.875,4
R007387,W097,P001,A06,07-08-2026,Day,9.5,1.5,28,Medium,61,86,0.707,5
R007388,W097,P001,A01,08-08-2026,Day,9.6,1.6,41,Low,69,90,0.772,6
R007389,W097,P001,A05,10-08-2026,Day,9.4,1.4,54,Low,64,74,0.862,1
R007390,W097,P001,A01,11-08-2026,Night,9.3,1.3,27,Low,45,63,0.72,2
R007391,W097,P001,A03,12-08-2026,Day,10.1,2.1,43,High,56,68,0.817,3
R007392,W097,P001,A09,13-08-2026,Day,9.5,1.5,41,Medium,57,70,0.821,4
R007393,W097,P001,A05,14-08-2026,Day,9.4,1.4,54,Medium,59,78,0.761,5
R007394,W097,P001,A03,15-08-2026,Night,10.6,2.6,49,High,60,76,0.795,6
R007395,W097,P001,A03,17-08-2026,Day,10.2,2.2,31,Low,54,67,0.808,1
R007396,W097,P001,A06,18-08-2026,Day,8.7,0.7,36,Low,55,77,0.713,2
R007397,W097,P001,A04,19-08-2026,Night,9.8,1.8,42,Critical,48,74,0.644,3
R007398,W097,P001,A02,20-08-2026,Day,10.2,2.2,49,Low,69,92,0.749,4
R007399,W097,P001,A05,21-08-2026,Day,11.3,3.3,52,Medium,74,98,0.756,5
R007400,W097,P001,A09,22-08-2026,Day,8.9,0.9,36,Medium,63,79,0.801,6
R007401,W097,P001,A06,24-08-2026,Day,9.7,1.7,45,Medium,75,99,0.758,1
R007402,W097,P001,A07,25-08-2026,Night,10.6,2.6,37,Medium,51,68,0.748,2
R007403,W097,P001,A02,26-08-2026,Day,10.4,2.4,41,Medium,58,83,0.693,3
R007404,W097,P001,A02,27-08-2026,Day,10,2,52,High,57,76,0.753,4
R007405,W097,P001,A08,28-08-2026,Day,8,0,37,Medium,63,86,0.737,5
R007406,W097,P001,A03,29-08-2026,Day,9.6,1.6,35,Low,54,81,0.668,6
R007407,W098,P003,A01,01-06-2026,Night,11.9,3.9,35,Low,53,73,0.731,1
R007408,W098,P003,A09,02-06-2026,Day,11.6,3.6,50,Medium,60,95,0.634,2
R007409,W098,P003,A07,03-06-2026,Night,10.8,2.8,36,Medium,61,96,0.639,3
R007410,W098,P003,A05,04-06-2026,Day,11.7,3.7,39,Medium,41,61,0.666,4
R007411,W098,P003,A06,05-06-2026,Day,11.4,3.4,38,Low,44,73,0.596,5
R007412,W098,P003,A08,06-06-2026,Day,10.6,2.6,48,High,61,88,0.69,6
R007413,W098,P003,A06,08-06-2026,Day,10.4,2.4,51,High,64,91,0.699,1
R007414,W098,P003,A02,11-06-2026,Day,9.7,1.7,35,High,54,71,0.763,1
R007415,W098,P003,A05,12-06-2026,Day,8.6,0.6,33,Medium,49,64,0.772,2
R007416,W098,P003,A07,13-06-2026,Day,10.8,2.8,52,High,46,64,0.723,3
R007417,W098,P003,A03,15-06-2026,Day,9,1,46,Low,72,93,0.776,1
R007418,W098,P003,A09,16-06-2026,Day,8.7,0.7,26,Low,51,70,0.732,2
R007419,W098,P003,A02,17-06-2026,Night,8.4,0.4,32,Critical,48,68,0.705,3
R007420,W098,P003,A06,18-06-2026,Night,11.3,3.3,47,Low,59,86,0.684,4
R007421,W098,P003,A02,19-06-2026,Day,10,2,30,Medium,63,82,0.767,5
R007422,W098,P003,A06,20-06-2026,Night,10.5,2.5,12,High,53,80,0.662,6
R007423,W098,P003,A05,22-06-2026,Day,9.9,1.9,30,High,58,80,0.72,1
R007424,W098,P003,A08,24-06-2026,Day,9.6,1.6,47,Medium,51,80,0.637,1
R007425,W098,P003,A04,25-06-2026,Day,9.4,1.4,43,Medium,50,69,0.721,2
R007426,W098,P003,A09,26-06-2026,Day,8,0,39,Medium,77,96,0.804,3
R007427,W098,P003,A05,27-06-2026,Day,11.1,3.1,50,Low,56,84,0.661,4
R007428,W098,P003,A01,28-06-2026,Day,10.1,2.1,43,Medium,69,98,0.709,5
R007429,W098,P003,A04,29-06-2026,Day,9.3,1.3,37,Medium,42,60,0.704,6
R007430,W098,P003,A07,30-06-2026,Day,11,3,34,Medium,52,77,0.673,7
R007431,W098,P003,A08,01-07-2026,Day,8,0,35,High,41,61,0.679,8
R007432,W098,P003,A03,02-07-2026,Day,9.5,1.5,41,Medium,51,69,0.742,9
R007433,W098,P003,A03,03-07-2026,Day,8,0,38,High,63,90,0.703,10
R007434,W098,P003,A06,04-07-2026,Day,9.9,1.9,28,High,47,73,0.644,11
R007435,W098,P003,A06,05-07-2026,Day,10.2,2.2,37,Critical,43,72,0.604,12
R007436,W098,P003,A03,06-07-2026,Day,10.5,2.5,45,Low,47,84,0.563,13
R007437,W098,P003,A05,07-07-2026,Night,10.8,2.8,27,High,60,98,0.608,14
R007438,W098,P003,A01,08-07-2026,Day,10,2,23,Low,47,86,0.543,15
R007439,W098,P003,A07,09-07-2026,Day,12,4,48,Low,44,66,0.672,16
R007440,W098,P003,A04,10-07-2026,Day,9.9,1.9,26,Low,51,76,0.673,17
R007441,W098,P003,A04,11-07-2026,Day,9.3,1.3,40,Low,67,98,0.687,18
R007442,W098,P003,A03,12-07-2026,Day,10.2,2.2,33,Medium,51,77,0.668,19
R007443,W098,P003,A04,13-07-2026,Day,9.2,1.2,39,Medium,60,91,0.66,20
R007444,W098,P003,A07,14-07-2026,Day,8.4,0.4,38,Medium,54,74,0.726,21
R007445,W098,P003,A04,15-07-2026,Day,8.8,0.8,46,High,38,65,0.589,22
R007446,W098,P003,A06,16-07-2026,Day,11.3,3.3,29,Low,57,95,0.603,23
R007447,W098,P003,A08,17-07-2026,Day,8.8,0.8,33,High,67,92,0.732,24
R007448,W098,P003,A08,18-07-2026,Day,8.3,0.3,28,High,60,91,0.663,25
R007449,W098,P003,A09,21-07-2026,Day,8.8,0.8,41,Medium,68,86,0.786,1
R007450,W098,P003,A03,22-07-2026,Night,8.5,0.5,36,High,69,89,0.779,2
R007451,W098,P003,A05,23-07-2026,Day,11.7,3.7,32,Critical,41,63,0.644,3
R007452,W098,P003,A06,24-07-2026,Day,10.3,2.3,32,High,63,89,0.706,4
R007453,W098,P003,A08,25-07-2026,Day,11.1,3.1,34,Critical,48,76,0.629,5
R007454,W098,P003,A02,26-07-2026,Day,9.6,1.6,41,Low,59,86,0.691,6
R007455,W098,P003,A02,27-07-2026,Day,8.1,0.1,30,Medium,73,98,0.743,7
R007456,W098,P003,A02,29-07-2026,Day,10.1,2.1,29,Medium,62,95,0.658,1
R007457,W098,P003,A06,30-07-2026,Day,9,1,30,Critical,69,91,0.755,2
R007458,W098,P003,A03,31-07-2026,Night,10.1,2.1,35,Medium,47,74,0.642,3
R007459,W098,P003,A08,01-08-2026,Day,10.2,2.2,44,Medium,69,84,0.816,4
R007460,W098,P003,A02,03-08-2026,Day,9.1,1.1,33,High,56,69,0.814,1
R007461,W098,P003,A08,04-08-2026,Night,10.3,2.3,25,Medium,50,76,0.662,2
R007462,W098,P003,A04,05-08-2026,Day,9.6,1.6,39,High,63,82,0.769,3
R007463,W098,P003,A09,06-08-2026,Day,10.1,2.1,25,High,64,92,0.699,4
R007464,W098,P003,A05,07-08-2026,Night,10.4,2.4,31,Low,73,95,0.765,5
R007465,W098,P003,A05,08-08-2026,Day,10.2,2.2,37,High,40,60,0.672,6
R007466,W098,P003,A08,10-08-2026,Day,11.3,3.3,36,Low,71,96,0.739,1
R007467,W098,P003,A01,11-08-2026,Day,10.1,2.1,37,Low,74,91,0.814,2
R007468,W098,P003,A06,12-08-2026,Day,8.8,0.8,34,High,63,83,0.758,3
R007469,W098,P003,A04,13-08-2026,Day,10.2,2.2,46,High,56,70,0.793,4
R007470,W098,P003,A04,14-08-2026,Day,11.4,3.4,34,Low,57,85,0.675,5
R007471,W098,P003,A08,15-08-2026,Day,9.4,1.4,38,High,56,77,0.724,6
R007472,W098,P003,A08,16-08-2026,Day,11.1,3.1,45,Medium,52,80,0.65,7
R007473,W098,P003,A05,17-08-2026,Day,8,0,38,High,60,95,0.629,8
R007474,W098,P003,A03,18-08-2026,Night,8.5,0.5,28,High,71,94,0.751,9
R007475,W098,P003,A03,19-08-2026,Day,9,1,44,Critical,49,74,0.665,10
R007476,W098,P003,A05,20-08-2026,Day,10.1,2.1,35,Low,54,87,0.615,11
R007477,W098,P003,A04,21-08-2026,Day,8,0,30,High,45,61,0.743,12
R007478,W098,P003,A04,22-08-2026,Day,11,3,34,Medium,42,72,0.588,13
R007479,W098,P003,A08,24-08-2026,Day,8.2,0.2,18,Low,52,71,0.725,1
R007480,W098,P003,A03,25-08-2026,Night,10.2,2.2,22,High,65,92,0.706,2
R007481,W098,P003,A01,26-08-2026,Night,10.7,2.7,30,Medium,55,85,0.645,3
R007482,W098,P003,A02,28-08-2026,Day,8.9,0.9,45,Medium,63,80,0.785,1
R007483,W098,P003,A03,29-08-2026,Day,9.6,1.6,41,Low,59,79,0.742,2
R007484,W099,P005,A03,01-06-2026,Day,8.6,0.6,49,Medium,59,80,0.741,1
R007485,W099,P005,A09,02-06-2026,Night,10.3,2.3,46,Low,48,66,0.724,2
R007486,W099,P005,A01,03-06-2026,Day,10.4,2.4,32,Medium,51,73,0.704,3
R007487,W099,P005,A07,04-06-2026,Day,10.5,2.5,31,High,57,77,0.736,4
R007488,W099,P005,A07,05-06-2026,Day,10.1,2.1,31,Medium,65,98,0.663,5
R007489,W099,P005,A07,06-06-2026,Day,11.5,3.5,35,Low,52,81,0.647,6
R007490,W099,P005,A06,08-06-2026,Day,11.5,3.5,35,Medium,66,88,0.751,1
R007491,W099,P005,A03,10-06-2026,Day,9.9,1.9,31,Medium,65,77,0.846,1
R007492,W099,P005,A02,11-06-2026,Day,10.7,2.7,28,Low,59,80,0.733,2
R007493,W099,P005,A07,12-06-2026,Day,9.3,1.3,38,Medium,61,76,0.807,3
R007494,W099,P005,A04,13-06-2026,Day,10.1,2.1,38,Medium,53,70,0.756,4
R007495,W099,P005,A06,15-06-2026,Night,9.4,1.4,43,High,57,71,0.8,1
R007496,W099,P005,A07,16-06-2026,Day,9.6,1.6,38,High,53,79,0.672,2
R007497,W099,P005,A03,18-06-2026,Day,11.9,3.9,42,Medium,49,69,0.703,1
R007498,W099,P005,A01,19-06-2026,Day,9.4,1.4,56,Critical,60,94,0.64,2
R007499,W099,P005,A04,20-06-2026,Night,10.2,2.2,34,Medium,60,77,0.774,3
R007500,W099,P005,A05,22-06-2026,Day,11.2,3.2,39,Low,61,89,0.686,1
R007501,W099,P005,A06,23-06-2026,Day,8.9,0.9,42,Critical,61,91,0.675,2
R007502,W099,P005,A09,24-06-2026,Day,9.4,1.4,48,Medium,64,88,0.732,3
R007503,W099,P005,A09,25-06-2026,Day,9.2,1.2,43,Medium,53,73,0.73,4
R007504,W099,P005,A07,26-06-2026,Day,10.2,2.2,39,High,52,81,0.643,5
R007505,W099,P005,A08,27-06-2026,Night,10,2,34,Low,69,92,0.754,6
R007506,W099,P005,A01,28-06-2026,Day,8,0,44,Low,58,74,0.784,7
R007507,W099,P005,A05,29-06-2026,Day,9.5,1.5,32,Medium,71,98,0.725,8
R007508,W099,P005,A05,30-06-2026,Day,9.7,1.7,29,High,64,95,0.673,9
R007509,W099,P005,A08,02-07-2026,Day,10.8,2.8,36,Critical,50,71,0.701,1
R007510,W099,P005,A05,03-07-2026,Day,9,1,31,Medium,52,71,0.738,2
R007511,W099,P005,A02,06-07-2026,Day,9.3,1.3,41,Medium,59,81,0.732,1
R007512,W099,P005,A03,08-07-2026,Day,10.2,2.2,40,High,47,73,0.643,1
R007513,W099,P005,A08,09-07-2026,Night,10.6,2.6,44,Low,69,88,0.783,2
R007514,W099,P005,A09,10-07-2026,Day,11.1,3.1,45,Critical,68,97,0.702,3
R007515,W099,P005,A01,11-07-2026,Day,9.7,1.7,33,Medium,53,68,0.78,4
R007516,W099,P005,A04,13-07-2026,Day,8.6,0.6,54,High,69,89,0.774,1
R007517,W099,P005,A07,14-07-2026,Day,8,0,53,Medium,55,75,0.736,2
R007518,W099,P005,A09,15-07-2026,Day,11.1,3.1,21,Low,53,69,0.767,3
R007519,W099,P005,A08,16-07-2026,Day,9.7,1.7,42,Low,45,66,0.688,4
R007520,W099,P005,A02,17-07-2026,Night,10.2,2.2,45,High,57,82,0.699,5
R007521,W099,P005,A01,18-07-2026,Day,8.4,0.4,37,Medium,73,97,0.749,6
R007522,W099,P005,A02,19-07-2026,Night,10.6,2.6,31,Medium,44,63,0.693,7
R007523,W099,P005,A03,20-07-2026,Day,8.8,0.8,13,Medium,42,64,0.663,8
R007524,W099,P005,A02,21-07-2026,Day,9.8,1.8,38,High,63,90,0.703,9
R007525,W099,P005,A07,22-07-2026,Day,10.3,2.3,28,Low,46,64,0.722,10
R007526,W099,P005,A08,23-07-2026,Night,8.8,0.8,31,Medium,62,86,0.727,11
R007527,W099,P005,A01,24-07-2026,Day,9.4,1.4,35,Medium,58,98,0.589,12
R007528,W099,P005,A05,25-07-2026,Day,8.8,0.8,37,Medium,66,90,0.731,13
R007529,W099,P005,A01,27-07-2026,Day,9,1,33,Low,57,79,0.728,1
R007530,W099,P005,A07,28-07-2026,Night,10.4,2.4,20,Medium,51,77,0.667,2
R007531,W099,P005,A06,29-07-2026,Day,8.8,0.8,49,High,74,90,0.823,3
R007532,W099,P005,A09,30-07-2026,Night,9.6,1.6,52,Medium,53,67,0.794,4
R007533,W099,P005,A09,31-07-2026,Day,9.3,1.3,38,High,42,63,0.659,5
R007534,W099,P005,A09,01-08-2026,Day,11.2,3.2,37,Low,61,78,0.782,6
R007535,W099,P005,A03,03-08-2026,Day,9.9,1.9,35,High,61,85,0.712,1
R007536,W099,P005,A01,05-08-2026,Day,10.6,2.6,30,Medium,49,65,0.755,1
R007537,W099,P005,A01,06-08-2026,Day,9.5,1.5,42,Low,79,96,0.821,2
R007538,W099,P005,A09,07-08-2026,Night,8.9,0.9,46,Medium,59,89,0.668,3
R007539,W099,P005,A03,08-08-2026,Day,10,2,23,Medium,45,65,0.698,4
R007540,W099,P005,A05,10-08-2026,Night,9,1,33,High,42,65,0.648,1
R007541,W099,P005,A06,11-08-2026,Day,10.5,2.5,53,Medium,69,80,0.857,2
R007542,W099,P005,A03,12-08-2026,Day,9.8,1.8,33,High,63,88,0.712,3
R007543,W099,P005,A03,13-08-2026,Day,9.9,1.9,44,High,68,91,0.743,4
R007544,W099,P005,A06,14-08-2026,Day,10.7,2.7,19,Critical,52,81,0.638,5
R007545,W099,P005,A07,15-08-2026,Day,9.4,1.4,35,High,55,84,0.658,6
R007546,W099,P005,A09,17-08-2026,Day,8.7,0.7,35,Low,74,90,0.818,1
R007547,W099,P005,A06,18-08-2026,Day,8.5,0.5,25,High,72,99,0.729,2
R007548,W099,P005,A03,19-08-2026,Day,11.3,3.3,57,Low,81,93,0.867,3
R007549,W099,P005,A05,20-08-2026,Night,12.3,4.3,37,Low,62,91,0.685,4
R007550,W099,P005,A05,21-08-2026,Day,8.9,0.9,38,Low,46,60,0.765,5
R007551,W099,P005,A05,22-08-2026,Day,10.5,2.5,38,Medium,69,93,0.739,6
R007552,W099,P005,A06,23-08-2026,Day,10.1,2.1,37,High,44,70,0.634,7
R007553,W099,P005,A01,24-08-2026,Day,9.9,1.9,37,Critical,39,60,0.658,8
R007554,W099,P005,A01,25-08-2026,Day,8.7,0.7,44,Low,61,93,0.651,9
R007555,W099,P005,A09,27-08-2026,Night,9.9,1.9,27,Critical,58,94,0.617,1
R007556,W099,P005,A01,28-08-2026,Day,11.6,3.6,36,High,45,68,0.667,2
R007557,W099,P005,A02,29-08-2026,Day,10.9,2.9,40,Low,41,62,0.669,3
R007558,W100,P001,A06,01-06-2026,Day,10.8,2.8,26,Medium,56,79,0.706,1
R007559,W100,P001,A09,02-06-2026,Day,10.6,2.6,27,Medium,47,65,0.726,2
R007560,W100,P001,A06,03-06-2026,Day,11.2,3.2,27,High,55,88,0.627,3
R007561,W100,P001,A01,04-06-2026,Day,10.4,2.4,47,Low,57,76,0.749,4
R007562,W100,P001,A08,05-06-2026,Day,11.2,3.2,20,Medium,54,80,0.678,5
R007563,W100,P001,A05,06-06-2026,Day,10.9,2.9,38,Low,38,60,0.638,6
R007564,W100,P001,A07,08-06-2026,Day,10.7,2.7,38,Low,50,79,0.63,1
R007565,W100,P001,A01,09-06-2026,Day,10.8,2.8,36,Medium,64,89,0.724,2
R007566,W100,P001,A05,10-06-2026,Day,10,2,42,Low,72,98,0.734,3
R007567,W100,P001,A07,11-06-2026,Night,11.4,3.4,32,Low,51,85,0.606,4
R007568,W100,P001,A07,12-06-2026,Day,10.6,2.6,35,Medium,57,89,0.638,5
R007569,W100,P001,A02,13-06-2026,Day,10.3,2.3,34,High,54,76,0.707,6
R007570,W100,P001,A03,15-06-2026,Day,12.4,4.4,53,Medium,51,66,0.771,1
R007571,W100,P001,A08,16-06-2026,Day,12.1,4.1,31,High,42,67,0.627,2
R007572,W100,P001,A09,20-06-2026,Day,9.8,1.8,39,Low,54,74,0.729,1
R007573,W100,P001,A05,22-06-2026,Day,8,0,25,Low,77,97,0.791,1
R007574,W100,P001,A01,23-06-2026,Day,10.1,2.1,41,Medium,59,80,0.736,2
R007575,W100,P001,A06,24-06-2026,Day,9.9,1.9,20,High,61,94,0.649,3
R007576,W100,P001,A04,25-06-2026,Day,10.7,2.7,37,High,45,68,0.661,4
R007577,W100,P001,A05,26-06-2026,Night,11.3,3.3,41,Medium,44,64,0.681,5
R007578,W100,P001,A09,27-06-2026,Day,11.3,3.3,28,Critical,55,95,0.579,6
R007579,W100,P001,A01,29-06-2026,Day,11.6,3.6,30,Medium,60,87,0.692,1
R007580,W100,P001,A08,30-06-2026,Day,10.5,2.5,22,Low,67,99,0.68,2
R007581,W100,P001,A09,01-07-2026,Day,10.6,2.6,43,High,47,70,0.665,3
R007582,W100,P001,A07,02-07-2026,Day,12.3,4.3,28,High,41,60,0.68,4
R007583,W100,P001,A08,03-07-2026,Day,11.7,3.7,29,High,56,90,0.618,5
R007584,W100,P001,A09,04-07-2026,Day,9.9,1.9,33,Medium,54,77,0.706,6
R007585,W100,P001,A05,06-07-2026,Day,9.3,1.3,25,Medium,63,91,0.689,1
R007586,W100,P001,A04,07-07-2026,Day,9.6,1.6,39,Critical,55,82,0.672,2
R007587,W100,P001,A02,08-07-2026,Night,11.5,3.5,21,High,45,92,0.492,3
R007588,W100,P001,A08,09-07-2026,Day,11.2,3.2,28,High,41,72,0.569,4
R007589,W100,P001,A08,10-07-2026,Day,10,2,36,Low,45,72,0.623,5
R007590,W100,P001,A07,11-07-2026,Day,12.5,4.5,20,Low,62,91,0.684,6
R007591,W100,P001,A08,13-07-2026,Day,9.3,1.3,43,Medium,68,92,0.736,1
R007592,W100,P001,A04,14-07-2026,Day,11.3,3.3,35,Medium,42,65,0.65,2
R007593,W100,P001,A02,15-07-2026,Day,9.5,1.5,30,High,51,81,0.628,3
R007594,W100,P001,A06,16-07-2026,Day,10.2,2.2,40,Critical,52,70,0.737,4
R007595,W100,P001,A03,17-07-2026,Day,11,3,28,Critical,38,63,0.611,5
R007596,W100,P001,A09,18-07-2026,Day,10.4,2.4,27,High,47,73,0.645,6
R007597,W100,P001,A02,20-07-2026,Day,9.5,1.5,26,Low,65,81,0.801,1
R007598,W100,P001,A02,22-07-2026,Day,10.1,2.1,40,Critical,59,84,0.704,1
R007599,W100,P001,A08,23-07-2026,Day,9.6,1.6,27,Low,57,86,0.664,2
R007600,W100,P001,A04,25-07-2026,Day,11.2,3.2,41,High,42,63,0.671,1
R007601,W100,P001,A02,27-07-2026,Night,11.4,3.4,30,Critical,60,97,0.623,1
R007602,W100,P001,A02,28-07-2026,Day,10.2,2.2,33,Low,57,75,0.759,2
R007603,W100,P001,A01,29-07-2026,Day,10.4,2.4,33,Low,54,77,0.695,3
R007604,W100,P001,A07,30-07-2026,Day,10.3,2.3,24,Low,42,63,0.67,4
R007605,W100,P001,A06,31-07-2026,Day,11.6,3.6,40,Low,46,68,0.675,5
R007606,W100,P001,A07,03-08-2026,Night,11.6,3.6,31,Low,49,80,0.614,1
R007607,W100,P001,A06,04-08-2026,Day,9.4,1.4,28,Medium,55,71,0.768,2
R007608,W100,P001,A04,06-08-2026,Day,10.2,2.2,32,High,63,94,0.675,1
R007609,W100,P001,A09,07-08-2026,Day,11.4,3.4,28,Medium,51,77,0.665,2
R007610,W100,P001,A04,08-08-2026,Day,10.4,2.4,40,High,41,60,0.69,3
R007611,W100,P001,A09,10-08-2026,Day,10.9,2.9,16,High,53,82,0.65,1
R007612,W100,P001,A06,11-08-2026,Night,11.3,3.3,41,High,38,60,0.638,2
R007613,W100,P001,A07,12-08-2026,Day,10.4,2.4,23,High,63,87,0.719,3
R007614,W100,P001,A05,13-08-2026,Day,11.3,3.3,28,High,65,97,0.675,4
R007615,W100,P001,A07,14-08-2026,Day,10.7,2.7,31,High,58,83,0.697,5
R007616,W100,P001,A04,15-08-2026,Day,9.6,1.6,39,Medium,53,75,0.706,6
R007617,W100,P001,A05,17-08-2026,Day,12.6,4.6,22,Low,50,74,0.682,1
R007618,W100,P001,A04,18-08-2026,Day,8.8,0.8,41,Critical,44,65,0.682,2
R007619,W100,P001,A06,19-08-2026,Day,10.4,2.4,26,Low,62,93,0.664,3
R007620,W100,P001,A02,20-08-2026,Day,10.8,2.8,27,Medium,46,64,0.72,4
R007621,W100,P001,A08,21-08-2026,Day,10.1,2.1,43,Low,68,88,0.774,5
R007622,W100,P001,A01,22-08-2026,Day,9.9,1.9,25,Low,43,65,0.661,6
R007623,W100,P001,A02,23-08-2026,Day,10.6,2.6,35,Medium,52,76,0.683,7
R007624,W100,P001,A09,24-08-2026,Day,9.2,1.2,48,High,69,99,0.695,8
R007625,W100,P001,A04,25-08-2026,Day,11,3,28,Medium,48,79,0.612,9
R007626,W100,P001,A02,26-08-2026,Day,11.7,3.7,26,Medium,55,90,0.612,10
R007627,W100,P001,A01,27-08-2026,Day,10.3,2.3,22,High,58,99,0.59,11
R007628,W100,P001,A04,28-08-2026,Night,11.7,3.7,33,High,47,69,0.675,12
R007629,W100,P001,A08,29-08-2026,Day,12,4,39,Low,53,84,0.627,13
R007630,W101,P005,A04,01-06-2026,Day,10.4,2.4,42,Medium,53,83,0.638,1
R007631,W101,P005,A07,02-06-2026,Night,10.6,2.6,31,High,66,99,0.671,2
R007632,W101,P005,A03,03-06-2026,Day,11.9,3.9,52,High,46,68,0.678,3
R007633,W101,P005,A07,04-06-2026,Day,10.6,2.6,34,Critical,52,71,0.73,4
R007634,W101,P005,A02,05-06-2026,Day,11.8,3.8,27,High,51,90,0.562,5
R007635,W101,P005,A03,06-06-2026,Day,10.8,2.8,21,Low,67,96,0.702,6
R007636,W101,P005,A05,08-06-2026,Day,9.6,1.6,28,High,49,66,0.748,1
R007637,W101,P005,A05,09-06-2026,Day,10.7,2.7,37,Low,42,62,0.68,2
R007638,W101,P005,A02,10-06-2026,Day,10.4,2.4,41,Medium,71,98,0.725,3
R007639,W101,P005,A09,11-06-2026,Day,10.7,2.7,36,Critical,45,72,0.624,4
R007640,W101,P005,A06,12-06-2026,Day,12.7,4.7,30,Medium,61,95,0.642,5
R007641,W101,P005,A03,13-06-2026,Day,11.7,3.7,40,Low,51,84,0.609,6
R007642,W101,P005,A07,15-06-2026,Day,11.2,3.2,20,Low,57,95,0.6,1
R007643,W101,P005,A08,16-06-2026,Day,9.5,1.5,41,High,49,75,0.658,2
R007644,W101,P005,A07,17-06-2026,Day,10.3,2.3,34,High,62,91,0.678,3
R007645,W101,P005,A02,18-06-2026,Day,11.3,3.3,50,Medium,52,79,0.657,4
R007646,W101,P005,A05,19-06-2026,Day,10,2,36,Medium,48,72,0.665,5
R007647,W101,P005,A09,20-06-2026,Day,11.1,3.1,27,High,45,64,0.702,6
R007648,W101,P005,A01,21-06-2026,Day,11,3,30,High,43,62,0.691,7
R007649,W101,P005,A04,22-06-2026,Day,9.3,1.3,31,Medium,69,93,0.739,8
R007650,W101,P005,A08,24-06-2026,Day,8.2,0.2,31,Low,61,78,0.787,1
R007651,W101,P005,A02,25-06-2026,Day,10.7,2.7,26,Medium,50,68,0.729,2
R007652,W101,P005,A08,26-06-2026,Day,8.8,0.8,18,High,40,61,0.651,3
R007653,W101,P005,A03,27-06-2026,Night,8.7,0.7,34,High,52,72,0.723,4
R007654,W101,P005,A09,30-06-2026,Day,11.6,3.6,36,Medium,47,66,0.708,1
R007655,W101,P005,A08,01-07-2026,Day,10.8,2.8,38,Medium,60,83,0.723,2
R007656,W101,P005,A02,02-07-2026,Day,10.9,2.9,22,High,69,93,0.741,3
R007657,W101,P005,A08,03-07-2026,Day,8.5,0.5,38,High,64,95,0.675,4
R007658,W101,P005,A07,04-07-2026,Day,8.9,0.9,41,High,47,73,0.648,5
R007659,W101,P005,A06,06-07-2026,Day,8.5,0.5,39,Medium,55,70,0.784,1
R007660,W101,P005,A03,07-07-2026,Night,9.3,1.3,40,High,51,77,0.659,2
R007661,W101,P005,A06,08-07-2026,Day,8.8,0.8,20,Low,68,90,0.753,3
R007662,W101,P005,A08,09-07-2026,Day,10.7,2.7,28,Low,50,64,0.78,4
R007663,W101,P005,A06,10-07-2026,Day,8.8,0.8,41,High,71,96,0.737,5
R007664,W101,P005,A08,11-07-2026,Day,8.9,0.9,35,High,51,72,0.703,6
R007665,W101,P005,A02,12-07-2026,Day,12.3,4.3,33,High,60,96,0.626,7
R007666,W101,P005,A08,13-07-2026,Day,9.9,1.9,30,Low,60,83,0.729,8
R007667,W101,P005,A03,14-07-2026,Day,10.1,2.1,29,High,52,82,0.637,9
R007668,W101,P005,A03,15-07-2026,Day,11.2,3.2,30,Medium,57,81,0.707,10
R007669,W101,P005,A06,16-07-2026,Day,8.6,0.6,42,Medium,53,73,0.722,11
R007670,W101,P005,A08,17-07-2026,Day,10,2,38,Low,62,87,0.707,12
R007671,W101,P005,A09,18-07-2026,Day,8.9,0.9,40,High,40,66,0.607,13
R007672,W101,P005,A02,20-07-2026,Day,10.3,2.3,38,Low,60,76,0.795,1
R007673,W101,P005,A09,21-07-2026,Day,8.6,0.6,25,High,53,71,0.749,2
R007674,W101,P005,A08,22-07-2026,Day,10.5,2.5,39,Critical,43,62,0.687,3
R007675,W101,P005,A05,23-07-2026,Day,10.2,2.2,45,Low,44,61,0.72,4
R007676,W101,P005,A08,24-07-2026,Day,10.9,2.9,31,Medium,41,63,0.658,5
R007677,W101,P005,A01,25-07-2026,Day,10.2,2.2,31,Low,42,61,0.695,6
R007678,W101,P005,A07,27-07-2026,Day,9.9,1.9,38,High,63,91,0.695,1
R007679,W101,P005,A07,28-07-2026,Day,9.4,1.4,34,Medium,51,84,0.604,2
R007680,W101,P005,A08,29-07-2026,Day,10.9,2.9,51,Critical,58,86,0.673,3
R007681,W101,P005,A09,30-07-2026,Day,12,4,28,Medium,42,72,0.58,4
R007682,W101,P005,A05,31-07-2026,Night,10.3,2.3,28,Medium,49,66,0.739,5
R007683,W101,P005,A08,01-08-2026,Day,11.1,3.1,25,Medium,59,96,0.613,6
R007684,W101,P005,A08,03-08-2026,Day,10.5,2.5,21,High,63,96,0.655,1
R007685,W101,P005,A03,04-08-2026,Day,10.6,2.6,45,High,62,96,0.648,2
R007686,W101,P005,A01,05-08-2026,Day,8.7,0.7,41,Low,64,85,0.756,3
R007687,W101,P005,A02,06-08-2026,Day,9.3,1.3,36,Low,61,92,0.667,4
R007688,W101,P005,A01,07-08-2026,Day,10.8,2.8,47,Medium,37,62,0.594,5
R007689,W101,P005,A08,08-08-2026,Day,10.7,2.7,45,High,52,78,0.666,6
R007690,W101,P005,A06,10-08-2026,Day,10.7,2.7,29,Medium,60,91,0.664,1
R007691,W101,P005,A08,11-08-2026,Day,9.4,1.4,33,Medium,73,92,0.796,2
R007692,W101,P005,A05,12-08-2026,Day,10.2,2.2,26,High,69,97,0.711,3
R007693,W101,P005,A08,13-08-2026,Day,11.1,3.1,46,Medium,40,62,0.647,4
R007694,W101,P005,A06,14-08-2026,Day,10.6,2.6,36,High,48,78,0.618,5
R007695,W101,P005,A05,15-08-2026,Day,9.1,1.1,32,Critical,48,69,0.695,6
R007696,W101,P005,A07,17-08-2026,Night,8,0,36,Low,56,76,0.739,1
R007697,W101,P005,A06,18-08-2026,Day,11.5,3.5,30,High,55,81,0.685,2
R007698,W101,P005,A03,19-08-2026,Day,10.5,2.5,33,High,58,91,0.638,3
R007699,W101,P005,A04,20-08-2026,Night,9,1,34,Medium,57,84,0.678,4
R007700,W101,P005,A02,21-08-2026,Day,11.7,3.7,39,Medium,61,95,0.644,5
R007701,W101,P005,A07,22-08-2026,Night,9,1,13,Medium,55,79,0.695,6
R007702,W101,P005,A05,24-08-2026,Day,10.6,2.6,37,Critical,56,84,0.665,1
R007703,W101,P005,A09,25-08-2026,Night,11.4,3.4,24,Low,52,64,0.816,2
R007704,W101,P005,A02,26-08-2026,Day,9.4,1.4,35,Low,64,82,0.778,3
R007705,W101,P005,A06,27-08-2026,Day,8,0,29,Medium,60,80,0.753,4
R007706,W101,P005,A01,28-08-2026,Day,10.1,2.1,21,High,56,90,0.619,5
R007707,W101,P005,A05,29-08-2026,Day,8.6,0.6,27,Low,69,91,0.755,6
R007708,W102,P005,A09,01-06-2026,Night,8.9,0.9,56,Medium,53,70,0.762,1
R007709,W102,P005,A05,02-06-2026,Day,10.2,2.2,32,Low,62,87,0.71,2
R007710,W102,P005,A05,03-06-2026,Day,10.4,2.4,42,Medium,66,88,0.755,3
R007711,W102,P005,A03,04-06-2026,Day,8,0,42,Low,75,95,0.794,4
R007712,W102,P005,A07,05-06-2026,Night,9.8,1.8,39,High,62,93,0.663,5
R007713,W102,P005,A04,06-06-2026,Day,9.7,1.7,48,Medium,71,97,0.727,6
R007714,W102,P005,A06,08-06-2026,Day,9.2,1.2,35,High,66,84,0.79,1
R007715,W102,P005,A01,10-06-2026,Night,11.1,3.1,48,Medium,68,95,0.711,1
R007716,W102,P005,A08,11-06-2026,Day,10.8,2.8,47,High,43,65,0.661,2
R007717,W102,P005,A03,12-06-2026,Day,8.1,0.1,43,Critical,64,94,0.678,3
R007718,W102,P005,A06,13-06-2026,Day,10.2,2.2,40,Low,57,77,0.738,4
R007719,W102,P005,A08,15-06-2026,Day,9.2,1.2,39,Low,54,63,0.852,1
R007720,W102,P005,A06,16-06-2026,Day,8.9,0.9,35,Low,52,85,0.617,2
R007721,W102,P005,A03,17-06-2026,Day,8.8,0.8,37,High,48,68,0.7,3
R007722,W102,P005,A03,18-06-2026,Day,9.1,1.1,42,Medium,68,83,0.82,4
R007723,W102,P005,A07,19-06-2026,Night,8.6,0.6,35,High,71,94,0.755,5
R007724,W102,P005,A05,22-06-2026,Day,9.9,1.9,32,High,54,82,0.656,1
R007725,W102,P005,A04,23-06-2026,Day,10.6,2.6,28,High,58,83,0.693,2
R007726,W102,P005,A03,25-06-2026,Day,10.9,2.9,36,High,49,67,0.729,1
R007727,W102,P005,A08,26-06-2026,Night,10.5,2.5,51,High,46,65,0.704,2
R007728,W102,P005,A06,27-06-2026,Day,10.8,2.8,50,Medium,64,89,0.721,3
R007729,W102,P005,A07,29-06-2026,Day,9,1,33,Critical,47,60,0.787,1
R007730,W102,P005,A04,30-06-2026,Day,9.2,1.2,36,Low,68,83,0.817,2
R007731,W102,P005,A05,01-07-2026,Day,11,3,32,Low,50,68,0.733,3
R007732,W102,P005,A02,02-07-2026,Night,10.9,2.9,32,High,51,76,0.665,4
R007733,W102,P005,A04,04-07-2026,Day,8,0,39,Medium,56,69,0.806,1
R007734,W102,P005,A08,06-07-2026,Night,9.9,1.9,23,Medium,52,65,0.802,1
R007735,W102,P005,A07,08-07-2026,Night,9.9,1.9,55,Critical,74,97,0.76,1
R007736,W102,P005,A05,09-07-2026,Day,9.8,1.8,28,High,47,66,0.708,2
R007737,W102,P005,A01,10-07-2026,Day,9.6,1.6,45,Low,68,92,0.738,3
R007738,W102,P005,A01,11-07-2026,Night,10.8,2.8,51,Medium,61,83,0.732,4
R007739,W102,P005,A06,13-07-2026,Day,8.8,0.8,33,Low,70,85,0.824,1
R007740,W102,P005,A02,14-07-2026,Day,11.3,3.3,32,High,47,64,0.729,2
R007741,W102,P005,A06,15-07-2026,Night,10.3,2.3,46,Medium,66,97,0.682,3
R007742,W102,P005,A02,16-07-2026,Night,8.7,0.7,41,Low,69,83,0.833,4
R007743,W102,P005,A08,17-07-2026,Day,9.7,1.7,52,Medium,54,79,0.682,5
R007744,W102,P005,A09,18-07-2026,Day,9.1,1.1,43,Low,64,76,0.837,6
R007745,W102,P005,A01,20-07-2026,Day,8.6,0.6,44,Low,66,75,0.88,1
R007746,W102,P005,A05,21-07-2026,Day,9.6,1.6,34,High,51,64,0.793,2
R007747,W102,P005,A02,22-07-2026,Night,8.5,0.5,41,Low,56,65,0.864,3
R007748,W102,P005,A02,23-07-2026,Day,9.7,1.7,50,Critical,50,76,0.662,4
R007749,W102,P005,A07,24-07-2026,Day,10.7,2.7,42,Critical,61,85,0.715,5
R007750,W102,P005,A09,25-07-2026,Day,9.2,1.2,42,Medium,59,77,0.765,6
R007751,W102,P005,A02,27-07-2026,Day,10,2,33,High,58,76,0.757,1
R007752,W102,P005,A03,28-07-2026,Night,9.2,1.2,38,High,58,77,0.756,2
R007753,W102,P005,A01,29-07-2026,Night,9.8,1.8,52,Low,50,65,0.766,3
R007754,W102,P005,A01,30-07-2026,Day,12,4,35,Medium,54,70,0.767,4
R007755,W102,P005,A04,31-07-2026,Day,10.5,2.5,35,Low,48,79,0.607,5
R007756,W102,P005,A06,01-08-2026,Day,9.4,1.4,32,Low,73,97,0.749,6
R007757,W102,P005,A03,03-08-2026,Day,10.7,2.7,36,High,67,86,0.778,1
R007758,W102,P005,A07,04-08-2026,Day,10.1,2.1,41,High,58,79,0.735,2
R007759,W102,P005,A02,05-08-2026,Night,9,1,49,Low,54,66,0.824,3
R007760,W102,P005,A09,06-08-2026,Day,8.4,0.4,46,Low,74,88,0.843,4
R007761,W102,P005,A03,07-08-2026,Day,10.2,2.2,44,Medium,73,82,0.891,5
R007762,W102,P005,A02,08-08-2026,Day,9.9,1.9,33,Medium,55,76,0.719,6
R007763,W102,P005,A02,10-08-2026,Day,9.2,1.2,53,Medium,74,86,0.86,1
R007764,W102,P005,A04,12-08-2026,Day,8,0,42,High,53,78,0.674,1
R007765,W102,P005,A03,13-08-2026,Day,10.5,2.5,54,Low,72,89,0.805,2
R007766,W102,P005,A04,14-08-2026,Night,8.2,0.2,41,Medium,51,71,0.722,3
R007767,W102,P005,A08,15-08-2026,Day,10.1,2.1,38,High,74,97,0.758,4
R007768,W102,P005,A05,17-08-2026,Day,8.8,0.8,43,Medium,68,85,0.801,1
R007769,W102,P005,A09,18-08-2026,Day,11.4,3.4,43,High,67,96,0.697,2
R007770,W102,P005,A01,19-08-2026,Day,10.4,2.4,42,Medium,69,86,0.803,3
R007771,W102,P005,A03,20-08-2026,Day,12,4,45,Medium,67,97,0.69,4
R007772,W102,P005,A07,21-08-2026,Day,8.4,0.4,39,Medium,53,74,0.719,5
R007773,W102,P005,A04,22-08-2026,Night,10.1,2.1,42,Medium,52,74,0.701,6
R007774,W102,P005,A05,24-08-2026,Day,10.1,2.1,46,High,69,90,0.762,1
R007775,W102,P005,A09,25-08-2026,Night,8.2,0.2,47,High,62,75,0.825,2
R007776,W102,P005,A03,26-08-2026,Day,8.8,0.8,53,High,68,90,0.76,3
R007777,W102,P005,A02,27-08-2026,Day,9.5,1.5,44,Low,60,85,0.708,4
R007778,W102,P005,A09,28-08-2026,Day,9.7,1.7,45,High,52,76,0.682,5
R007779,W102,P005,A03,29-08-2026,Day,9,1,35,Medium,65,90,0.727,6
R007780,W103,P003,A01,01-06-2026,Day,11.4,3.4,50,Medium,59,80,0.739,1
R007781,W103,P003,A07,02-06-2026,Day,9.4,1.4,43,Medium,48,64,0.751,2
R007782,W103,P003,A05,03-06-2026,Day,8.5,0.5,38,Medium,61,79,0.768,3
R007783,W103,P003,A08,04-06-2026,Day,9.5,1.5,27,Low,57,85,0.67,4
R007784,W103,P003,A07,05-06-2026,Day,10.2,2.2,49,High,59,90,0.653,5
R007785,W103,P003,A03,06-06-2026,Day,9.3,1.3,32,Low,61,77,0.79,6
R007786,W103,P003,A04,08-06-2026,Day,10.2,2.2,31,Low,58,74,0.787,1
R007787,W103,P003,A02,09-06-2026,Night,8,0,48,Low,49,63,0.777,2
R007788,W103,P003,A08,10-06-2026,Day,9.3,1.3,29,High,55,82,0.672,3
R007789,W103,P003,A05,11-06-2026,Day,9.4,1.4,31,High,45,64,0.699,4
R007790,W103,P003,A07,12-06-2026,Day,10.2,2.2,36,Critical,56,78,0.717,5
R007791,W103,P003,A01,13-06-2026,Day,9.7,1.7,38,Medium,58,82,0.71,6
R007792,W103,P003,A04,15-06-2026,Day,9.9,1.9,37,Critical,63,83,0.757,1
R007793,W103,P003,A01,16-06-2026,Day,10,2,44,Medium,60,89,0.674,2
R007794,W103,P003,A06,17-06-2026,Day,9.5,1.5,23,Critical,65,95,0.685,3
R007795,W103,P003,A03,18-06-2026,Day,8.8,0.8,44,Medium,53,66,0.802,4
R007796,W103,P003,A07,19-06-2026,Day,10.5,2.5,47,Low,52,62,0.84,5
R007797,W103,P003,A03,20-06-2026,Day,9.6,1.6,37,High,49,67,0.736,6
R007798,W103,P003,A03,22-06-2026,Day,10.7,2.7,37,High,62,87,0.71,1
R007799,W103,P003,A02,23-06-2026,Day,10.5,2.5,31,Medium,72,95,0.757,2
R007800,W103,P003,A06,24-06-2026,Day,10.1,2.1,56,Low,52,60,0.859,3
R007801,W103,P003,A07,25-06-2026,Night,9.5,1.5,47,Critical,65,84,0.773,4
R007802,W103,P003,A02,26-06-2026,Day,10.2,2.2,48,Low,71,97,0.734,5
R007803,W103,P003,A05,27-06-2026,Day,9.1,1.1,39,Low,79,99,0.795,6
R007804,W103,P003,A07,29-06-2026,Day,8.5,0.5,42,Low,65,86,0.751,1
R007805,W103,P003,A05,30-06-2026,Day,8.5,0.5,21,Medium,61,76,0.804,2
R007806,W103,P003,A02,01-07-2026,Day,9,1,47,Low,57,70,0.818,3
R007807,W103,P003,A09,02-07-2026,Night,10.8,2.8,46,Medium,58,73,0.793,4
R007808,W103,P003,A04,03-07-2026,Day,8.2,0.2,34,Medium,71,98,0.727,5
R007809,W103,P003,A05,04-07-2026,Day,9.6,1.6,52,Medium,58,79,0.732,6
R007810,W103,P003,A04,06-07-2026,Day,10.1,2.1,57,High,50,67,0.746,1
R007811,W103,P003,A06,07-07-2026,Day,9,1,59,Low,51,62,0.821,2
R007812,W103,P003,A09,08-07-2026,Night,8,0,52,Medium,55,73,0.752,3
R007813,W103,P003,A05,09-07-2026,Day,9.4,1.4,45,Low,54,76,0.715,4
R007814,W103,P003,A01,10-07-2026,Day,9.6,1.6,45,Low,63,92,0.687,5
R007815,W103,P003,A09,11-07-2026,Day,10.5,2.5,32,Medium,62,85,0.73,6
R007816,W103,P003,A08,13-07-2026,Day,9.9,1.9,39,Medium,71,86,0.83,1
R007817,W103,P003,A08,14-07-2026,Day,10.2,2.2,34,Low,53,72,0.738,2
R007818,W103,P003,A02,15-07-2026,Day,9.3,1.3,44,Low,69,88,0.783,3
R007819,W103,P003,A08,16-07-2026,Night,10.3,2.3,37,Low,65,88,0.742,4
R007820,W103,P003,A03,17-07-2026,Day,8,0,24,Critical,56,84,0.668,5
R007821,W103,P003,A05,18-07-2026,Day,9,1,42,High,67,85,0.783,6
R007822,W103,P003,A04,20-07-2026,Day,10.9,2.9,35,Medium,75,97,0.777,1
R007823,W103,P003,A06,21-07-2026,Night,10.2,2.2,60,Low,46,65,0.713,2
R007824,W103,P003,A02,22-07-2026,Day,10.9,2.9,46,Medium,67,78,0.853,3
R007825,W103,P003,A08,23-07-2026,Day,11,3,39,Low,54,65,0.829,4
R007826,W103,P003,A04,25-07-2026,Day,8.9,0.9,37,Low,64,89,0.714,1
R007827,W103,P003,A07,27-07-2026,Day,10.1,2.1,25,Medium,59,78,0.758,1
R007828,W103,P003,A06,28-07-2026,Day,8,0,44,Low,69,76,0.914,2
R007829,W103,P003,A02,29-07-2026,Day,10.4,2.4,43,Low,64,86,0.744,3
R007830,W103,P003,A09,30-07-2026,Night,10.4,2.4,37,High,48,83,0.573,4
R007831,W103,P003,A09,31-07-2026,Day,9.5,1.5,54,High,48,69,0.69,5
R007832,W103,P003,A01,01-08-2026,Day,8.6,0.6,44,Medium,58,75,0.776,6
R007833,W103,P003,A07,03-08-2026,Day,8.7,0.7,44,Medium,67,83,0.804,1
R007834,W103,P003,A06,04-08-2026,Day,9.2,1.2,49,High,50,65,0.774,2
R007835,W103,P003,A05,05-08-2026,Day,9.9,1.9,33,Low,77,96,0.804,3
R007836,W103,P003,A03,06-08-2026,Day,10.7,2.7,51,Low,71,94,0.757,4
R007837,W103,P003,A09,08-08-2026,Day,9.1,1.1,39,Low,62,81,0.77,1
R007838,W103,P003,A09,10-08-2026,Day,9.4,1.4,47,High,61,81,0.757,1
R007839,W103,P003,A05,11-08-2026,Day,10.3,2.3,44,High,51,73,0.7,2
R007840,W103,P003,A09,12-08-2026,Day,9.5,1.5,50,High,51,75,0.675,3
R007841,W103,P003,A01,13-08-2026,Day,10.7,2.7,41,Medium,61,92,0.667,4
R007842,W103,P003,A06,14-08-2026,Day,8.5,0.5,44,Medium,54,60,0.894,5
R007843,W103,P003,A06,15-08-2026,Night,8.8,0.8,35,Medium,77,96,0.807,6
R007844,W103,P003,A04,17-08-2026,Day,9.5,1.5,32,High,66,86,0.764,1
R007845,W103,P003,A09,18-08-2026,Day,8.5,0.5,40,Medium,78,93,0.844,2
R007846,W103,P003,A04,19-08-2026,Day,9.3,1.3,49,Critical,54,77,0.699,3
R007847,W103,P003,A08,20-08-2026,Day,12.3,4.3,32,Medium,63,85,0.741,4
R007848,W103,P003,A05,21-08-2026,Day,9.3,1.3,53,High,41,63,0.644,5
R007849,W103,P003,A09,22-08-2026,Day,9.4,1.4,36,High,51,71,0.723,6
R007850,W103,P003,A08,24-08-2026,Day,8.7,0.7,35,Medium,50,61,0.827,1
R007851,W103,P003,A08,25-08-2026,Night,10.5,2.5,32,Medium,66,90,0.734,2
R007852,W103,P003,A07,26-08-2026,Day,10.5,2.5,45,Low,57,81,0.698,3
R007853,W103,P003,A02,27-08-2026,Day,10,2,31,Medium,55,67,0.827,4
R007854,W103,P003,A04,29-08-2026,Day,10.3,2.3,39,High,66,88,0.745,1
R007855,W104,P004,A08,01-06-2026,Day,10.1,2.1,30,Low,55,74,0.749,1
R007856,W104,P004,A06,02-06-2026,Day,10.7,2.7,48,High,47,66,0.716,2
R007857,W104,P004,A09,03-06-2026,Night,11,3,22,High,37,61,0.606,3
R007858,W104,P004,A04,04-06-2026,Day,10.7,2.7,34,Low,48,74,0.642,4
R007859,W104,P004,A07,05-06-2026,Day,8.9,0.9,35,Low,66,94,0.703,5
R007860,W104,P004,A01,06-06-2026,Night,9.5,1.5,45,Medium,64,99,0.649,6
R007861,W104,P004,A03,08-06-2026,Day,11,3,24,Low,57,78,0.727,1
R007862,W104,P004,A06,09-06-2026,Day,10.5,2.5,33,Medium,63,99,0.638,2
R007863,W104,P004,A06,10-06-2026,Day,11.7,3.7,48,Low,68,86,0.787,3
R007864,W104,P004,A01,11-06-2026,Day,11,3,42,Medium,58,80,0.726,4
R007865,W104,P004,A02,12-06-2026,Day,11.4,3.4,34,Medium,61,94,0.648,5
R007866,W104,P004,A04,13-06-2026,Day,10.7,2.7,26,Medium,41,60,0.69,6
R007867,W104,P004,A05,15-06-2026,Day,10.2,2.2,35,High,66,89,0.742,1
R007868,W104,P004,A02,16-06-2026,Night,11.1,3.1,22,High,50,71,0.701,2
R007869,W104,P004,A02,17-06-2026,Day,11.2,3.2,39,Medium,41,63,0.656,3
R007870,W104,P004,A09,18-06-2026,Night,9.6,1.6,19,High,50,73,0.691,4
R007871,W104,P004,A03,19-06-2026,Day,8.8,0.8,21,High,65,94,0.696,5
R007872,W104,P004,A06,20-06-2026,Day,11.3,3.3,32,Medium,49,66,0.744,6
R007873,W104,P004,A07,23-06-2026,Day,10.6,2.6,46,Medium,66,79,0.834,1
R007874,W104,P004,A07,24-06-2026,Day,9.4,1.4,42,High,66,93,0.71,2
R007875,W104,P004,A09,25-06-2026,Day,8.7,0.7,33,Medium,39,63,0.619,3
R007876,W104,P004,A08,26-06-2026,Day,10,2,39,High,72,99,0.724,4
R007877,W104,P004,A01,27-06-2026,Day,9.8,1.8,35,Critical,43,68,0.64,5
R007878,W104,P004,A07,29-06-2026,Day,9.3,1.3,22,Low,60,79,0.758,1
R007879,W104,P004,A04,30-06-2026,Night,10.3,2.3,32,Medium,48,80,0.594,2
R007880,W104,P004,A09,01-07-2026,Night,11.6,3.6,33,Medium,43,62,0.695,3
R007881,W104,P004,A04,02-07-2026,Day,11,3,32,Critical,47,83,0.567,4
R007882,W104,P004,A04,03-07-2026,Day,10.9,2.9,32,Low,41,61,0.673,5
R007883,W104,P004,A04,04-07-2026,Day,9.8,1.8,51,Medium,60,86,0.695,6
R007884,W104,P004,A06,06-07-2026,Day,10.3,2.3,38,Medium,60,80,0.745,1
R007885,W104,P004,A01,07-07-2026,Day,11.1,3.1,29,High,48,70,0.69,2
R007886,W104,P004,A05,08-07-2026,Day,12.7,4.7,24,High,50,76,0.652,3
R007887,W104,P004,A03,09-07-2026,Day,10.7,2.7,39,High,53,77,0.693,4
R007888,W104,P004,A02,10-07-2026,Day,9.7,1.7,48,Critical,71,96,0.738,5
R007889,W104,P004,A09,11-07-2026,Day,10.4,2.4,40,High,45,72,0.627,6
R007890,W104,P004,A02,13-07-2026,Day,11.1,3.1,34,Medium,46,70,0.659,1
R007891,W104,P004,A04,15-07-2026,Day,10.5,2.5,56,Medium,57,82,0.695,1
R007892,W104,P004,A03,16-07-2026,Night,10.6,2.6,32,Low,52,68,0.761,2
R007893,W104,P004,A09,17-07-2026,Night,10.9,2.9,36,Low,59,75,0.788,3
R007894,W104,P004,A02,18-07-2026,Day,11.7,3.7,40,Medium,55,84,0.658,4
R007895,W104,P004,A06,20-07-2026,Day,10.8,2.8,21,High,36,63,0.578,1
R007896,W104,P004,A03,21-07-2026,Day,12.2,4.2,28,Medium,53,94,0.562,2
R007897,W104,P004,A06,22-07-2026,Night,11.2,3.2,26,Low,69,94,0.739,3
R007898,W104,P004,A04,23-07-2026,Day,10.7,2.7,42,Low,63,91,0.688,4
R007899,W104,P004,A09,24-07-2026,Day,8.6,0.6,31,Low,48,71,0.675,5
R007900,W104,P004,A03,25-07-2026,Day,9.3,1.3,29,Medium,44,64,0.689,6
R007901,W104,P004,A07,26-07-2026,Day,10.9,2.9,42,Medium,52,80,0.652,7
R007902,W104,P004,A01,27-07-2026,Day,12.1,4.1,23,High,53,91,0.577,8
R007903,W104,P004,A03,28-07-2026,Day,10.1,2.1,30,Critical,51,86,0.593,9
R007904,W104,P004,A08,29-07-2026,Day,10,2,36,Medium,44,72,0.615,10
R007905,W104,P004,A09,30-07-2026,Night,12.2,4.2,29,Critical,51,95,0.538,11
R007906,W104,P004,A09,31-07-2026,Day,11.8,3.8,34,High,56,88,0.64,12
R007907,W104,P004,A08,01-08-2026,Day,12.3,4.3,25,Low,38,70,0.546,13
R007908,W104,P004,A06,03-08-2026,Night,8.5,0.5,44,High,61,77,0.789,1
R007909,W104,P004,A05,04-08-2026,Day,8.5,0.5,30,Medium,62,87,0.715,2
R007910,W104,P004,A08,05-08-2026,Day,10,2,24,Low,68,94,0.726,3
R007911,W104,P004,A05,06-08-2026,Night,11.7,3.7,34,High,41,66,0.623,4
R007912,W104,P004,A04,07-08-2026,Day,10.9,2.9,26,High,43,62,0.689,5
R007913,W104,P004,A03,10-08-2026,Night,10.1,2.1,27,Low,63,88,0.721,1
R007914,W104,P004,A01,11-08-2026,Day,10.9,2.9,45,High,47,70,0.67,2
R007915,W104,P004,A03,12-08-2026,Night,11,3,16,Medium,64,93,0.693,3
R007916,W104,P004,A05,13-08-2026,Day,9.6,1.6,35,Low,62,83,0.743,4
R007917,W104,P004,A05,14-08-2026,Day,9.9,1.9,31,Medium,46,64,0.725,5
R007918,W104,P004,A08,15-08-2026,Day,11.1,3.1,24,High,53,82,0.649,6
R007919,W104,P004,A02,17-08-2026,Day,11.3,3.3,49,Low,58,89,0.656,1
R007920,W104,P004,A09,18-08-2026,Day,11.8,3.8,29,Low,46,63,0.728,2
R007921,W104,P004,A02,19-08-2026,Night,10.9,2.9,43,High,40,60,0.66,3
R007922,W104,P004,A09,20-08-2026,Night,10.3,2.3,44,Medium,61,98,0.626,4
R007923,W104,P004,A02,21-08-2026,Day,11.8,3.8,52,High,42,67,0.633,5
R007924,W104,P004,A03,22-08-2026,Day,10,2,36,Low,58,78,0.749,6
R007925,W104,P004,A05,24-08-2026,Day,8.8,0.8,36,Medium,51,69,0.742,1
R007926,W104,P004,A05,25-08-2026,Day,9.8,1.8,41,Low,64,87,0.741,2
R007927,W104,P004,A01,26-08-2026,Day,10.9,2.9,32,High,71,98,0.72,3
R007928,W104,P004,A01,27-08-2026,Day,10.8,2.8,27,Low,64,89,0.722,4
R007929,W104,P004,A05,29-08-2026,Night,10.9,2.9,41,Medium,45,67,0.668,1
R007930,W105,P002,A05,01-06-2026,Day,9,1,37,Low,69,93,0.743,1
R007931,W105,P002,A04,02-06-2026,Day,12,4,40,Medium,51,72,0.703,2
R007932,W105,P002,A05,03-06-2026,Day,9.7,1.7,47,Critical,52,73,0.706,3
R007933,W105,P002,A05,04-06-2026,Day,12,4,38,Low,56,78,0.716,4
R007934,W105,P002,A03,05-06-2026,Day,9.3,1.3,36,Medium,64,99,0.645,5
R007935,W105,P002,A08,06-06-2026,Day,8.8,0.8,33,Medium,63,85,0.743,6
R007936,W105,P002,A01,08-06-2026,Day,10.1,2.1,50,Medium,67,82,0.821,1
R007937,W105,P002,A07,09-06-2026,Day,9.3,1.3,50,Medium,79,92,0.86,2
R007938,W105,P002,A06,10-06-2026,Day,10.3,2.3,34,Low,69,87,0.794,3
R007939,W105,P002,A01,11-06-2026,Night,12,4,41,Medium,62,87,0.707,4
R007940,W105,P002,A02,12-06-2026,Night,9.8,1.8,45,Medium,52,70,0.744,5
R007941,W105,P002,A02,13-06-2026,Day,9.3,1.3,21,Critical,64,92,0.692,6
R007942,W105,P002,A02,15-06-2026,Day,10.2,2.2,46,High,51,71,0.715,1
R007943,W105,P002,A08,16-06-2026,Day,9.4,1.4,41,Low,77,93,0.828,2
R007944,W105,P002,A03,17-06-2026,Day,8.6,0.6,36,Low,63,79,0.798,3
R007945,W105,P002,A05,18-06-2026,Day,9.8,1.8,45,High,53,82,0.643,4
R007946,W105,P002,A05,19-06-2026,Day,9.4,1.4,39,Medium,79,96,0.821,5
R007947,W105,P002,A05,20-06-2026,Day,10.4,2.4,54,Medium,63,85,0.746,6
R007948,W105,P002,A09,22-06-2026,Day,9.6,1.6,27,Medium,72,90,0.804,1
R007949,W105,P002,A06,23-06-2026,Day,9.5,1.5,45,Low,70,88,0.793,2
R007950,W105,P002,A02,24-06-2026,Day,10.8,2.8,30,High,49,75,0.651,3
R007951,W105,P002,A05,25-06-2026,Day,10,2,47,Critical,47,71,0.665,4
R007952,W105,P002,A04,26-06-2026,Day,10.3,2.3,36,Low,59,77,0.763,5
R007953,W105,P002,A06,27-06-2026,Night,10,2,48,Medium,54,76,0.712,6
R007954,W105,P002,A04,29-06-2026,Day,9.9,1.9,33,Medium,57,76,0.746,1
R007955,W105,P002,A08,30-06-2026,Day,9.8,1.8,51,Low,80,98,0.813,2
R007956,W105,P002,A05,01-07-2026,Day,9.5,1.5,27,Low,62,83,0.741,3
R007957,W105,P002,A05,02-07-2026,Day,8.2,0.2,41,High,71,86,0.821,4
R007958,W105,P002,A03,03-07-2026,Day,10.7,2.7,38,High,66,86,0.771,5
R007959,W105,P002,A03,04-07-2026,Day,8.4,0.4,46,Medium,55,66,0.831,6
R007960,W105,P002,A09,06-07-2026,Day,9.2,1.2,47,Low,61,75,0.811,1
R007961,W105,P002,A02,07-07-2026,Day,10.4,2.4,43,Medium,56,77,0.728,2
R007962,W105,P002,A04,08-07-2026,Day,10.1,2.1,40,Low,60,79,0.759,3
R007963,W105,P002,A05,09-07-2026,Day,9.8,1.8,29,Low,55,76,0.73,4
R007964,W105,P002,A01,10-07-2026,Day,10.4,2.4,35,Medium,51,70,0.733,5
R007965,W105,P002,A09,11-07-2026,Day,9.1,1.1,23,Low,57,77,0.738,6
R007966,W105,P002,A03,12-07-2026,Day,8.9,0.9,49,High,63,83,0.758,7
R007967,W105,P002,A09,13-07-2026,Day,8.8,0.8,47,Low,55,74,0.749,8
R007968,W105,P002,A08,14-07-2026,Day,9,1,47,Medium,53,73,0.729,9
R007969,W105,P002,A07,15-07-2026,Day,9.8,1.8,36,High,67,95,0.701,10
R007970,W105,P002,A05,16-07-2026,Day,9.7,1.7,42,High,55,74,0.743,11
R007971,W105,P002,A06,17-07-2026,Day,8.6,0.6,44,Critical,44,78,0.569,12
R007972,W105,P002,A08,18-07-2026,Night,8.5,0.5,38,Medium,68,98,0.692,13
R007973,W105,P002,A05,20-07-2026,Day,9.5,1.5,27,Medium,54,77,0.703,1
R007974,W105,P002,A03,21-07-2026,Day,8.9,0.9,60,High,80,94,0.847,2
R007975,W105,P002,A07,22-07-2026,Day,10.4,2.4,49,High,57,84,0.683,3
R007976,W105,P002,A04,23-07-2026,Day,12.5,4.5,43,Medium,40,61,0.653,4
R007977,W105,P002,A09,24-07-2026,Day,8.6,0.6,42,Medium,48,67,0.718,5
R007978,W105,P002,A02,25-07-2026,Day,8.2,0.2,43,High,63,82,0.766,6
R007979,W105,P002,A06,27-07-2026,Day,10.1,2.1,39,Low,68,87,0.785,1
R007980,W105,P002,A07,28-07-2026,Day,8,0,47,Medium,74,90,0.819,2
R007981,W105,P002,A02,29-07-2026,Day,10,2,53,Critical,52,71,0.735,3
R007982,W105,P002,A03,30-07-2026,Day,9.4,1.4,39,Critical,48,77,0.625,4
R007983,W105,P002,A02,31-07-2026,Day,9.7,1.7,26,Low,50,67,0.75,5
R007984,W105,P002,A05,01-08-2026,Day,10.3,2.3,27,Critical,60,92,0.649,6
R007985,W105,P002,A07,03-08-2026,Day,9.4,1.4,31,High,49,61,0.797,1
R007986,W105,P002,A08,04-08-2026,Day,12,4,33,Medium,65,82,0.791,2
R007987,W105,P002,A05,05-08-2026,Day,8.7,0.7,45,Medium,59,79,0.746,3
R007988,W105,P002,A06,06-08-2026,Day,8.8,0.8,32,Medium,64,86,0.741,4
R007989,W105,P002,A01,07-08-2026,Day,11.1,3.1,46,Low,58,79,0.728,5
R007990,W105,P002,A09,08-08-2026,Day,11.5,3.5,49,Low,45,61,0.744,6
R007991,W105,P002,A05,10-08-2026,Day,11.3,3.3,36,Low,57,75,0.757,1
R007992,W105,P002,A06,11-08-2026,Day,9.3,1.3,45,Medium,73,94,0.78,2
R007993,W105,P002,A07,12-08-2026,Night,10.2,2.2,60,Critical,57,76,0.747,3
R007994,W105,P002,A07,13-08-2026,Day,11.2,3.2,51,Low,68,99,0.692,4
R007995,W105,P002,A03,14-08-2026,Night,9.6,1.6,26,Low,64,79,0.808,5
R007996,W105,P002,A01,15-08-2026,Day,9.1,1.1,45,High,41,69,0.588,6
R007997,W105,P002,A07,17-08-2026,Day,9.2,1.2,47,Medium,69,95,0.728,1
R007998,W105,P002,A01,19-08-2026,Day,9.8,1.8,42,High,58,81,0.72,1
R007999,W105,P002,A07,20-08-2026,Day,11.1,3.1,31,Medium,50,65,0.764,2
R008000,W105,P002,A04,21-08-2026,Day,8.9,0.9,44,Medium,62,81,0.765,3
R008001,W105,P002,A01,22-08-2026,Day,9.3,1.3,38,Medium,50,64,0.776,4
R008002,W105,P002,A04,24-08-2026,Day,9.5,1.5,45,Medium,54,74,0.73,1
R008003,W105,P002,A06,25-08-2026,Day,9.6,1.6,51,Low,67,89,0.755,2
R008004,W105,P002,A04,26-08-2026,Day,8.8,0.8,27,High,65,87,0.748,3
R008005,W105,P002,A03,27-08-2026,Day,9.4,1.4,27,High,51,73,0.703,4
R008006,W105,P002,A02,28-08-2026,Day,9.8,1.8,41,Medium,60,77,0.773,5
R008007,W105,P002,A08,29-08-2026,Night,9.9,1.9,42,High,57,79,0.726,6
R008008,W106,P006,A05,01-06-2026,Day,10.7,2.7,43,Low,62,86,0.726,1
R008009,W106,P006,A04,02-06-2026,Day,9.1,1.1,38,Low,74,84,0.876,2
R008010,W106,P006,A03,03-06-2026,Day,8.6,0.6,38,Medium,71,90,0.784,3
R008011,W106,P006,A09,04-06-2026,Day,9.7,1.7,43,High,59,79,0.747,4
R008012,W106,P006,A05,05-06-2026,Night,8.1,0.1,36,Low,58,70,0.829,5
R008013,W106,P006,A02,06-06-2026,Day,9.6,1.6,40,Medium,77,93,0.832,6
R008014,W106,P006,A03,08-06-2026,Night,8.9,0.9,26,Medium,58,78,0.745,1
R008015,W106,P006,A05,09-06-2026,Day,8.9,0.9,55,Medium,56,69,0.805,2
R008016,W106,P006,A08,10-06-2026,Day,10.3,2.3,43,Low,73,86,0.85,3
R008017,W106,P006,A09,11-06-2026,Night,8.6,0.6,37,Low,72,95,0.759,4
R008018,W106,P006,A08,12-06-2026,Day,9.8,1.8,44,Medium,47,60,0.779,5
R008019,W106,P006,A09,13-06-2026,Day,9.4,1.4,40,Low,75,92,0.818,6
R008020,W106,P006,A08,15-06-2026,Day,8.6,0.6,43,High,50,60,0.835,1
R008021,W106,P006,A04,16-06-2026,Day,9.2,1.2,44,Low,72,96,0.752,2
R008022,W106,P006,A07,17-06-2026,Day,9.6,1.6,48,Medium,43,60,0.717,3
R008023,W106,P006,A09,18-06-2026,Day,9.3,1.3,43,Medium,57,80,0.716,4
R008024,W106,P006,A02,19-06-2026,Day,8.9,0.9,41,High,57,78,0.736,5
R008025,W106,P006,A04,20-06-2026,Day,9.5,1.5,52,Low,74,94,0.786,6
R008026,W106,P006,A09,22-06-2026,Day,8.5,0.5,27,Medium,65,85,0.765,1
R008027,W106,P006,A05,23-06-2026,Day,10.8,2.8,50,Medium,77,97,0.791,2
R008028,W106,P006,A01,24-06-2026,Day,9,1,31,High,62,78,0.798,3
R008029,W106,P006,A06,25-06-2026,Day,8.9,0.9,34,High,57,79,0.716,4
R008030,W106,P006,A06,26-06-2026,Day,9.8,1.8,39,Medium,71,97,0.732,5
R008031,W106,P006,A08,27-06-2026,Day,9.6,1.6,41,Medium,50,65,0.767,6
R008032,W106,P006,A02,29-06-2026,Night,9.2,1.2,51,Low,67,87,0.773,1
R008033,W106,P006,A02,30-06-2026,Day,8.7,0.7,26,Medium,70,83,0.848,2
R008034,W106,P006,A02,01-07-2026,Day,9.6,1.6,41,Medium,47,66,0.714,3
R008035,W106,P006,A09,02-07-2026,Day,9.7,1.7,45,High,55,79,0.691,4
R008036,W106,P006,A01,03-07-2026,Day,10.6,2.6,44,High,47,67,0.703,5
R008037,W106,P006,A07,04-07-2026,Day,9.2,1.2,50,Medium,64,94,0.681,6
R008038,W106,P006,A05,06-07-2026,Day,8.8,0.8,40,Medium,65,78,0.838,1
R008039,W106,P006,A08,07-07-2026,Day,9.6,1.6,57,Medium,44,60,0.726,2
R008040,W106,P006,A04,09-07-2026,Day,11,3,52,Medium,65,80,0.817,1
R008041,W106,P006,A04,10-07-2026,Day,9.7,1.7,44,Medium,51,64,0.795,2
R008042,W106,P006,A04,11-07-2026,Day,10,2,36,Low,47,60,0.789,3
R008043,W106,P006,A03,13-07-2026,Day,10.9,2.9,19,Critical,66,91,0.728,1
R008044,W106,P006,A03,14-07-2026,Day,11.2,3.2,53,Medium,51,71,0.713,2
R008045,W106,P006,A05,15-07-2026,Day,11.1,3.1,33,Low,50,71,0.706,3
R008046,W106,P006,A02,16-07-2026,Night,9.9,1.9,27,Medium,52,77,0.676,4
R008047,W106,P006,A04,17-07-2026,Day,9.8,1.8,39,Medium,54,70,0.768,5
R008048,W106,P006,A03,18-07-2026,Day,10.8,2.8,36,High,45,66,0.685,6
R008049,W106,P006,A06,20-07-2026,Day,8.4,0.4,30,Low,80,93,0.866,1
R008050,W106,P006,A09,21-07-2026,Day,10.4,2.4,38,Medium,67,82,0.822,2
R008051,W106,P006,A07,22-07-2026,Day,11.1,3.1,55,Medium,76,92,0.83,3
R008052,W106,P006,A05,24-07-2026,Day,9.1,1.1,24,High,47,61,0.764,1
R008053,W106,P006,A03,25-07-2026,Day,8,0,44,Medium,75,94,0.795,2
R008054,W106,P006,A03,27-07-2026,Day,8.9,0.9,40,Medium,51,63,0.816,1
R008055,W106,P006,A09,28-07-2026,Day,11.1,3.1,38,Low,46,63,0.736,2
R008056,W106,P006,A05,29-07-2026,Day,9.4,1.4,44,Low,61,74,0.825,3
R008057,W106,P006,A06,31-07-2026,Day,8,0,38,High,72,95,0.762,1
R008058,W106,P006,A06,01-08-2026,Night,8.1,0.1,31,High,57,69,0.831,2
R008059,W106,P006,A02,03-08-2026,Day,9.3,1.3,50,Low,69,84,0.816,1
R008060,W106,P006,A02,04-08-2026,Day,9,1,34,Medium,65,75,0.867,2
R008061,W106,P006,A04,05-08-2026,Night,10.4,2.4,25,Low,78,98,0.792,3
R008062,W106,P006,A04,06-08-2026,Day,8.5,0.5,56,Medium,65,74,0.876,4
R008063,W106,P006,A05,07-08-2026,Day,8.7,0.7,43,Medium,51,70,0.725,5
R008064,W106,P006,A02,08-08-2026,Night,8.5,0.5,42,High,67,98,0.688,6
R008065,W106,P006,A04,10-08-2026,Day,8,0,43,High,73,96,0.763,1
R008066,W106,P006,A03,11-08-2026,Day,9,1,42,Medium,67,90,0.739,2
R008067,W106,P006,A05,12-08-2026,Day,9.9,1.9,50,Low,60,79,0.765,3
R008068,W106,P006,A03,13-08-2026,Day,9.7,1.7,52,Low,79,88,0.897,4
R008069,W106,P006,A08,15-08-2026,Day,9.4,1.4,35,Low,61,76,0.799,1
R008070,W106,P006,A02,17-08-2026,Day,9.3,1.3,49,Medium,62,81,0.769,1
R008071,W106,P006,A03,18-08-2026,Day,9.6,1.6,35,Low,59,74,0.798,2
R008072,W106,P006,A05,19-08-2026,Day,8,0,36,Low,88,99,0.885,3
R008073,W106,P006,A06,20-08-2026,Night,9.1,1.1,42,Low,80,93,0.861,4
R008074,W106,P006,A09,21-08-2026,Day,8,0,35,Medium,58,79,0.729,5
R008075,W106,P006,A08,22-08-2026,Day,9.1,1.1,50,Low,66,79,0.832,6
R008076,W106,P006,A04,24-08-2026,Night,9.2,1.2,45,Low,58,66,0.879,1
R008077,W106,P006,A06,25-08-2026,Day,9.7,1.7,40,Medium,54,69,0.785,2
R008078,W106,P006,A05,26-08-2026,Day,10,2,56,High,71,97,0.728,3
R008079,W106,P006,A08,27-08-2026,Day,8.3,0.3,50,High,59,71,0.827,4
R008080,W106,P006,A02,28-08-2026,Day,9.7,1.7,41,High,54,65,0.83,5
R008081,W106,P006,A05,29-08-2026,Day,11.4,3.4,38,Medium,48,65,0.741,6
R008082,W107,P004,A06,01-06-2026,Day,10.2,2.2,37,Critical,58,79,0.729,1
R008083,W107,P004,A06,02-06-2026,Day,11,3,42,Critical,53,74,0.713,2
R008084,W107,P004,A05,03-06-2026,Day,9.4,1.4,46,Medium,61,81,0.747,3
R008085,W107,P004,A09,04-06-2026,Day,9.9,1.9,45,Low,74,86,0.857,4
R008086,W107,P004,A06,05-06-2026,Day,9.2,1.2,56,High,67,90,0.747,5
R008087,W107,P004,A03,06-06-2026,Day,11.5,3.5,43,Low,76,93,0.82,6
R008088,W107,P004,A07,07-06-2026,Day,10.8,2.8,43,Medium,64,92,0.694,7
R008089,W107,P004,A09,08-06-2026,Day,11.1,3.1,50,Critical,36,60,0.605,8
R008090,W107,P004,A04,09-06-2026,Day,10.7,2.7,39,Medium,63,87,0.73,9
R008091,W107,P004,A07,10-06-2026,Day,10.4,2.4,41,Low,64,99,0.643,10
R008092,W107,P004,A05,11-06-2026,Day,8.1,0.1,42,High,44,68,0.649,11
R008093,W107,P004,A06,13-06-2026,Day,9.5,1.5,30,Low,72,86,0.839,1
R008094,W107,P004,A01,15-06-2026,Day,10.5,2.5,46,Medium,60,77,0.781,1
R008095,W107,P004,A09,16-06-2026,Night,9,1,23,Medium,63,81,0.772,2
R008096,W107,P004,A03,17-06-2026,Day,9.7,1.7,40,Medium,75,99,0.761,3
R008097,W107,P004,A07,18-06-2026,Night,9.3,1.3,21,Low,57,86,0.668,4
R008098,W107,P004,A01,19-06-2026,Night,10.2,2.2,23,High,62,95,0.653,5
R008099,W107,P004,A06,20-06-2026,Day,10.3,2.3,30,High,46,64,0.714,6
R008100,W107,P004,A05,22-06-2026,Day,12.1,4.1,40,Medium,60,79,0.755,1
R008101,W107,P004,A06,23-06-2026,Day,8.6,0.6,25,Critical,62,84,0.74,2
R008102,W107,P004,A03,24-06-2026,Day,11.5,3.5,23,High,72,95,0.757,3
R008103,W107,P004,A01,25-06-2026,Day,9.9,1.9,37,Medium,68,96,0.707,4
R008104,W107,P004,A03,26-06-2026,Day,10.4,2.4,38,Medium,54,80,0.68,5
R008105,W107,P004,A08,27-06-2026,Day,11.2,3.2,35,Low,49,61,0.796,6
R008106,W107,P004,A04,29-06-2026,Day,10.1,2.1,25,Critical,43,68,0.632,1
R008107,W107,P004,A06,30-06-2026,Day,10.5,2.5,13,Medium,58,82,0.708,2
R008108,W107,P004,A04,02-07-2026,Day,9.2,1.2,28,Medium,74,99,0.746,1
R008109,W107,P004,A03,03-07-2026,Night,9.1,1.1,54,Medium,72,94,0.764,2
R008110,W107,P004,A06,04-07-2026,Day,8,0,43,High,69,95,0.729,3
R008111,W107,P004,A06,06-07-2026,Day,10.4,2.4,46,Low,66,91,0.728,1
R008112,W107,P004,A03,07-07-2026,Day,9.6,1.6,51,Medium,57,80,0.708,2
R008113,W107,P004,A05,08-07-2026,Day,8.8,0.8,45,Low,70,81,0.866,3
R008114,W107,P004,A07,09-07-2026,Night,9.7,1.7,38,Low,44,62,0.714,4
R008115,W107,P004,A09,10-07-2026,Day,8.8,0.8,36,Medium,55,78,0.705,5
R008116,W107,P004,A04,11-07-2026,Night,11.9,3.9,53,Critical,56,78,0.722,6
R008117,W107,P004,A01,13-07-2026,Day,9.7,1.7,33,High,61,90,0.683,1
R008118,W107,P004,A08,14-07-2026,Day,9.5,1.5,39,Low,56,92,0.605,2
R008119,W107,P004,A06,15-07-2026,Day,9.8,1.8,36,Medium,56,65,0.861,3
R008120,W107,P004,A04,16-07-2026,Day,9.8,1.8,35,Medium,65,87,0.744,4
R008121,W107,P004,A09,17-07-2026,Day,9.8,1.8,43,High,47,73,0.639,5
R008122,W107,P004,A03,18-07-2026,Day,9.8,1.8,44,High,66,89,0.743,6
R008123,W107,P004,A09,20-07-2026,Day,10,2,41,Medium,62,83,0.745,1
R008124,W107,P004,A06,22-07-2026,Day,10.4,2.4,30,Critical,42,62,0.678,1
R008125,W107,P004,A09,23-07-2026,Day,10.5,2.5,25,Medium,66,91,0.729,2
R008126,W107,P004,A05,24-07-2026,Day,12.2,4.2,27,Low,53,71,0.748,3
R008127,W107,P004,A02,25-07-2026,Night,9.8,1.8,40,Medium,61,84,0.725,4
R008128,W107,P004,A02,27-07-2026,Day,10.5,2.5,48,High,59,81,0.728,1
R008129,W107,P004,A09,28-07-2026,Day,10.3,2.3,46,High,66,95,0.692,2
R008130,W107,P004,A09,29-07-2026,Night,10.1,2.1,54,Critical,55,75,0.737,3
R008131,W107,P004,A07,30-07-2026,Day,11.2,3.2,41,Medium,45,65,0.698,4
R008132,W107,P004,A03,31-07-2026,Day,10.5,2.5,53,Low,63,81,0.773,5
R008133,W107,P004,A04,01-08-2026,Day,9.6,1.6,30,Low,67,98,0.685,6
R008134,W107,P004,A08,03-08-2026,Day,11.1,3.1,44,High,48,66,0.725,1
R008135,W107,P004,A08,04-08-2026,Day,8.6,0.6,45,High,60,88,0.687,2
R008136,W107,P004,A07,05-08-2026,Day,11.8,3.8,25,Medium,65,84,0.772,3
R008137,W107,P004,A08,06-08-2026,Day,11.1,3.1,45,Medium,69,96,0.714,4
R008138,W107,P004,A06,07-08-2026,Day,10.5,2.5,29,Low,70,88,0.795,5
R008139,W107,P004,A06,10-08-2026,Day,9.8,1.8,43,High,47,62,0.765,1
R008140,W107,P004,A08,11-08-2026,Day,10.6,2.6,41,Low,46,63,0.738,2
R008141,W107,P004,A06,13-08-2026,Day,10.3,2.3,35,Low,79,98,0.803,1
R008142,W107,P004,A08,14-08-2026,Night,10.5,2.5,31,High,60,88,0.679,2
R008143,W107,P004,A07,15-08-2026,Day,9.6,1.6,20,Medium,62,85,0.73,3
R008144,W107,P004,A04,17-08-2026,Day,11.3,3.3,31,Medium,49,62,0.782,1
R008145,W107,P004,A04,18-08-2026,Day,9.5,1.5,37,High,43,64,0.673,2
R008146,W107,P004,A01,19-08-2026,Day,11,3,52,High,43,65,0.657,3
R008147,W107,P004,A04,20-08-2026,Day,8,0,26,High,42,60,0.696,4
R008148,W107,P004,A03,21-08-2026,Day,10.9,2.9,37,Critical,47,69,0.674,5
R008149,W107,P004,A06,24-08-2026,Day,8.4,0.4,54,Low,69,83,0.829,1
R008150,W107,P004,A09,25-08-2026,Day,11.4,3.4,48,Medium,76,99,0.771,2
R008151,W107,P004,A01,26-08-2026,Day,10.2,2.2,43,Critical,69,99,0.7,3
R008152,W107,P004,A04,27-08-2026,Night,10.2,2.2,40,Medium,63,91,0.69,4
R008153,W107,P004,A06,28-08-2026,Night,10.4,2.4,31,Medium,42,61,0.695,5
R008154,W107,P004,A06,29-08-2026,Day,9.6,1.6,35,High,62,80,0.773,6
R008155,W108,P006,A06,01-06-2026,Day,10.7,2.7,46,Medium,70,92,0.758,1
R008156,W108,P006,A01,02-06-2026,Night,9.5,1.5,30,Medium,44,62,0.706,2
R008157,W108,P006,A03,03-06-2026,Day,9.6,1.6,48,Critical,51,65,0.79,3
R008158,W108,P006,A07,04-06-2026,Day,9.9,1.9,45,Medium,48,64,0.75,4
R008159,W108,P006,A07,05-06-2026,Day,8.4,0.4,41,Low,85,95,0.895,5
R008160,W108,P006,A09,06-06-2026,Day,11,3,44,Critical,41,61,0.676,6
R008161,W108,P006,A08,08-06-2026,Day,8.1,0.1,40,Medium,77,92,0.84,1
R008162,W108,P006,A06,09-06-2026,Night,9.6,1.6,48,Low,47,65,0.719,2
R008163,W108,P006,A04,10-06-2026,Day,8,0,33,Medium,51,64,0.792,3
R008164,W108,P006,A06,11-06-2026,Day,9.8,1.8,54,High,52,71,0.734,4
R008165,W108,P006,A07,12-06-2026,Day,10.7,2.7,32,Low,58,71,0.821,5
R008166,W108,P006,A04,13-06-2026,Day,9.9,1.9,29,Medium,69,94,0.734,6
R008167,W108,P006,A03,15-06-2026,Day,10.3,2.3,42,Medium,61,85,0.72,1
R008168,W108,P006,A03,16-06-2026,Night,11.3,3.3,36,Low,69,90,0.764,2
R008169,W108,P006,A01,17-06-2026,Day,9,1,54,High,55,69,0.801,3
R008170,W108,P006,A01,18-06-2026,Day,9.3,1.3,37,Low,57,75,0.756,4
R008171,W108,P006,A01,20-06-2026,Day,8.1,0.1,52,Medium,62,86,0.721,1
R008172,W108,P006,A06,22-06-2026,Day,9.8,1.8,34,Low,75,91,0.826,1
R008173,W108,P006,A04,23-06-2026,Day,11.2,3.2,33,Low,64,86,0.742,2
R008174,W108,P006,A08,24-06-2026,Day,8,0,45,High,60,74,0.817,3
R008175,W108,P006,A06,25-06-2026,Day,9.4,1.4,33,High,51,63,0.806,4
R008176,W108,P006,A05,26-06-2026,Day,9.9,1.9,50,High,48,64,0.757,5
R008177,W108,P006,A02,27-06-2026,Day,9.8,1.8,32,Low,59,76,0.782,6
R008178,W108,P006,A08,29-06-2026,Day,8.7,0.7,44,Medium,68,83,0.823,1
R008179,W108,P006,A03,30-06-2026,Day,8,0,48,Low,84,96,0.877,2
R008180,W108,P006,A07,01-07-2026,Night,9.9,1.9,53,High,60,77,0.777,3
R008181,W108,P006,A02,02-07-2026,Day,8.5,0.5,49,Medium,48,61,0.79,4
R008182,W108,P006,A04,03-07-2026,Day,10.6,2.6,37,High,65,89,0.729,5
R008183,W108,P006,A06,04-07-2026,Night,8,0,38,High,62,90,0.687,6
R008184,W108,P006,A01,06-07-2026,Day,8.9,0.9,32,Medium,65,97,0.668,1
R008185,W108,P006,A02,07-07-2026,Day,10.1,2.1,47,Critical,60,82,0.731,2
R008186,W108,P006,A09,08-07-2026,Day,9.6,1.6,45,High,57,80,0.712,3
R008187,W108,P006,A06,09-07-2026,Night,8.7,0.7,41,High,67,97,0.692,4
R008188,W108,P006,A08,10-07-2026,Day,8.8,0.8,34,High,55,74,0.738,5
R008189,W108,P006,A02,11-07-2026,Day,8.9,0.9,44,Medium,57,77,0.742,6
R008190,W108,P006,A08,14-07-2026,Day,10,2,35,Low,61,76,0.809,1
R008191,W108,P006,A02,15-07-2026,Day,9.1,1.1,46,Critical,63,89,0.711,2
R008192,W108,P006,A04,16-07-2026,Day,9.7,1.7,35,Medium,66,90,0.729,3
R008193,W108,P006,A02,17-07-2026,Night,11.3,3.3,47,High,58,79,0.739,4
R008194,W108,P006,A03,18-07-2026,Day,8.8,0.8,56,Low,73,89,0.818,5
R008195,W108,P006,A08,20-07-2026,Night,8.1,0.1,30,High,77,97,0.795,1
R008196,W108,P006,A08,21-07-2026,Day,8.5,0.5,48,Medium,48,64,0.753,2
R008197,W108,P006,A02,22-07-2026,Day,9.5,1.5,38,Low,69,81,0.846,3
R008198,W108,P006,A01,23-07-2026,Day,8.4,0.4,55,High,69,92,0.745,4
R008199,W108,P006,A04,24-07-2026,Day,9.4,1.4,41,Critical,48,70,0.68,5
R008200,W108,P006,A01,25-07-2026,Day,8.9,0.9,46,Low,77,96,0.797,6
R008201,W108,P006,A08,27-07-2026,Night,9.6,1.6,23,Low,79,94,0.841,1
R008202,W108,P006,A02,28-07-2026,Day,9.6,1.6,39,Low,52,66,0.781,2
R008203,W108,P006,A05,29-07-2026,Day,9.4,1.4,37,High,67,91,0.732,3
R008204,W108,P006,A07,30-07-2026,Night,10.3,2.3,45,High,64,85,0.756,4
R008205,W108,P006,A01,31-07-2026,Day,9.7,1.7,35,Low,59,82,0.714,5
R008206,W108,P006,A03,01-08-2026,Night,9.9,1.9,45,Medium,54,71,0.763,6
R008207,W108,P006,A04,03-08-2026,Day,9.7,1.7,41,Medium,53,67,0.797,1
R008208,W108,P006,A07,04-08-2026,Day,9.5,1.5,52,High,68,84,0.808,2
R008209,W108,P006,A09,05-08-2026,Day,9.3,1.3,46,Low,55,71,0.769,3
R008210,W108,P006,A08,06-08-2026,Day,9,1,49,Low,49,62,0.797,4
R008211,W108,P006,A09,07-08-2026,Day,9.7,1.7,26,Low,68,95,0.716,5
R008212,W108,P006,A04,08-08-2026,Day,9.4,1.4,45,Critical,60,85,0.704,6
R008213,W108,P006,A04,10-08-2026,Day,10.3,2.3,39,High,71,94,0.756,1
R008214,W108,P006,A06,11-08-2026,Day,10.7,2.7,39,Medium,69,98,0.708,2
R008215,W108,P006,A09,12-08-2026,Night,8,0,56,High,51,70,0.73,3
R008216,W108,P006,A05,13-08-2026,Day,9.6,1.6,39,Medium,45,60,0.758,4
R008217,W108,P006,A06,14-08-2026,Day,9.5,1.5,35,High,49,67,0.725,5
R008218,W108,P006,A02,15-08-2026,Day,10.1,2.1,27,Low,60,73,0.816,6
R008219,W108,P006,A06,17-08-2026,Day,10.2,2.2,41,Low,56,70,0.8,1
R008220,W108,P006,A02,18-08-2026,Night,11.8,3.8,39,Medium,57,80,0.709,2
R008221,W108,P006,A07,19-08-2026,Day,8,0,49,Medium,63,79,0.795,3
R008222,W108,P006,A08,20-08-2026,Day,8.5,0.5,46,Low,66,87,0.756,4
R008223,W108,P006,A06,21-08-2026,Day,9.6,1.6,35,Medium,63,90,0.699,5
R008224,W108,P006,A02,22-08-2026,Day,9.7,1.7,33,Low,81,95,0.853,6
R008225,W108,P006,A07,24-08-2026,Night,8,0,48,Medium,64,72,0.892,1
R008226,W108,P006,A04,25-08-2026,Day,9,1,31,Medium,52,60,0.87,2
R008227,W108,P006,A09,26-08-2026,Day,9.7,1.7,44,Medium,57,81,0.706,3
R008228,W108,P006,A02,27-08-2026,Night,10.8,2.8,33,Medium,63,83,0.756,4
R008229,W108,P006,A06,28-08-2026,Day,10.2,2.2,52,Medium,54,69,0.784,5
R008230,W108,P006,A08,29-08-2026,Day,9.3,1.3,42,High,44,61,0.718,6
R008231,W109,P003,A02,01-06-2026,Day,10.3,2.3,43,Critical,60,90,0.665,1
R008232,W109,P003,A09,02-06-2026,Day,10.9,2.9,37,Critical,58,77,0.753,2
R008233,W109,P003,A03,03-06-2026,Day,9.5,1.5,35,Critical,58,80,0.723,3
R008234,W109,P003,A05,04-06-2026,Day,9.8,1.8,37,Critical,63,85,0.738,4
R008235,W109,P003,A04,05-06-2026,Day,9.9,1.9,45,Low,48,64,0.756,5
R008236,W109,P003,A03,06-06-2026,Day,9.9,1.9,37,Medium,54,79,0.678,6
R008237,W109,P003,A06,08-06-2026,Day,8.1,0.1,43,Low,73,80,0.918,1
R008238,W109,P003,A09,09-06-2026,Day,10.8,2.8,25,High,54,79,0.683,2
R008239,W109,P003,A09,10-06-2026,Day,10,2,38,Medium,48,65,0.734,3
R008240,W109,P003,A06,11-06-2026,Night,10.4,2.4,41,Medium,43,61,0.701,4
R008241,W109,P003,A05,12-06-2026,Night,10.1,2.1,33,High,69,95,0.722,5
R008242,W109,P003,A02,13-06-2026,Night,9,1,31,Medium,60,79,0.759,6
R008243,W109,P003,A07,15-06-2026,Day,11.2,3.2,43,Medium,62,92,0.673,1
R008244,W109,P003,A03,16-06-2026,Day,8,0,39,Low,62,79,0.788,2
R008245,W109,P003,A08,17-06-2026,Day,10.2,2.2,39,Medium,63,89,0.703,3
R008246,W109,P003,A05,18-06-2026,Day,11.5,3.5,37,Medium,57,78,0.732,4
R008247,W109,P003,A06,19-06-2026,Night,10.1,2.1,36,Critical,51,73,0.702,5
R008248,W109,P003,A05,20-06-2026,Day,10.7,2.7,41,High,58,78,0.748,6
R008249,W109,P003,A07,22-06-2026,Day,9.5,1.5,48,Medium,60,89,0.678,1
R008250,W109,P003,A02,23-06-2026,Day,12.8,4.8,35,High,63,87,0.719,2
R008251,W109,P003,A01,24-06-2026,Day,9.2,1.2,27,High,56,78,0.715,3
R008252,W109,P003,A02,25-06-2026,Day,9.9,1.9,48,Low,61,85,0.719,4
R008253,W109,P003,A06,26-06-2026,Day,9.7,1.7,46,Medium,69,99,0.694,5
R008254,W109,P003,A07,27-06-2026,Day,9.7,1.7,36,High,42,61,0.681,6
R008255,W109,P003,A05,28-06-2026,Day,9.8,1.8,32,Low,55,81,0.683,7
R008256,W109,P003,A09,29-06-2026,Day,11,3,38,Medium,62,97,0.643,8
R008257,W109,P003,A03,30-06-2026,Night,9.6,1.6,27,High,40,63,0.639,9
R008258,W109,P003,A05,01-07-2026,Day,11.7,3.7,33,Medium,46,76,0.61,10
R008259,W109,P003,A04,02-07-2026,Night,9.2,1.2,29,Medium,50,85,0.586,11
R008260,W109,P003,A05,03-07-2026,Night,10.4,2.4,42,Low,55,88,0.629,12
R008261,W109,P003,A08,04-07-2026,Day,9.4,1.4,26,High,41,60,0.677,13
R008262,W109,P003,A04,06-07-2026,Day,13,5,31,Medium,58,85,0.678,1
R008263,W109,P003,A01,07-07-2026,Day,9.7,1.7,39,High,64,93,0.686,2
R008264,W109,P003,A02,08-07-2026,Day,10.1,2.1,46,Medium,59,81,0.725,3
R008265,W109,P003,A03,09-07-2026,Day,10.9,2.9,31,Low,55,74,0.748,4
R008266,W109,P003,A06,10-07-2026,Day,10.3,2.3,33,Medium,63,86,0.732,5
R008267,W109,P003,A08,11-07-2026,Night,9.5,1.5,47,Medium,52,72,0.716,6
R008268,W109,P003,A02,13-07-2026,Day,9.8,1.8,35,Medium,65,89,0.735,1
R008269,W109,P003,A04,14-07-2026,Day,9.2,1.2,41,Medium,45,63,0.718,2
R008270,W109,P003,A02,15-07-2026,Day,11.2,3.2,16,High,63,87,0.72,3
R008271,W109,P003,A03,16-07-2026,Day,10.7,2.7,32,High,52,81,0.64,4
R008272,W109,P003,A01,17-07-2026,Night,10.1,2.1,28,Medium,56,99,0.57,5
R008273,W109,P003,A04,18-07-2026,Day,9.2,1.2,40,High,64,88,0.726,6
R008274,W109,P003,A04,20-07-2026,Day,9.6,1.6,47,Low,67,87,0.772,1
R008275,W109,P003,A08,21-07-2026,Day,9.8,1.8,43,Medium,71,99,0.714,2
R008276,W109,P003,A01,22-07-2026,Day,9.9,1.9,35,Low,67,90,0.744,3
R008277,W109,P003,A04,23-07-2026,Day,8,0,40,Medium,64,82,0.784,4
R008278,W109,P003,A07,24-07-2026,Day,8.3,0.3,48,Critical,47,75,0.627,5
R008279,W109,P003,A02,26-07-2026,Day,11.4,3.4,38,High,60,80,0.753,1
R008280,W109,P003,A05,27-07-2026,Day,10.8,2.8,46,Critical,61,84,0.73,2
R008281,W109,P003,A02,28-07-2026,Day,9.9,1.9,43,High,60,85,0.705,3
R008282,W109,P003,A06,30-07-2026,Day,11.1,3.1,38,Critical,70,99,0.711,1
R008283,W109,P003,A07,31-07-2026,Day,9.2,1.2,27,Critical,42,67,0.632,2
R008284,W109,P003,A03,01-08-2026,Day,8.2,0.2,43,Medium,47,62,0.762,3
R008285,W109,P003,A02,03-08-2026,Day,10.5,2.5,35,Medium,43,68,0.63,1
R008286,W109,P003,A08,04-08-2026,Day,10.3,2.3,21,Medium,52,79,0.652,2
R008287,W109,P003,A09,05-08-2026,Day,8.5,0.5,42,Medium,52,62,0.831,3
R008288,W109,P003,A03,06-08-2026,Day,9.9,1.9,36,Low,60,80,0.748,4
R008289,W109,P003,A05,07-08-2026,Day,10.5,2.5,29,Medium,61,93,0.653,5
R008290,W109,P003,A05,08-08-2026,Night,11.1,3.1,38,Low,59,88,0.669,6
R008291,W109,P003,A06,10-08-2026,Day,9.9,1.9,44,Low,64,80,0.799,1
R008292,W109,P003,A02,11-08-2026,Day,9.7,1.7,38,Medium,71,92,0.774,2
R008293,W109,P003,A04,12-08-2026,Day,9.3,1.3,44,Low,63,86,0.732,3
R008294,W109,P003,A07,13-08-2026,Day,9.1,1.1,8,High,43,69,0.628,4
R008295,W109,P003,A04,14-08-2026,Day,10.7,2.7,24,Low,47,61,0.766,5
R008296,W109,P003,A09,15-08-2026,Day,10.3,2.3,30,Medium,55,79,0.694,6
R008297,W109,P003,A02,17-08-2026,Day,10.4,2.4,38,Low,68,96,0.71,1
R008298,W109,P003,A06,18-08-2026,Day,11,3,30,Low,60,79,0.762,2
R008299,W109,P003,A04,19-08-2026,Day,10,2,34,Medium,63,84,0.75,3
R008300,W109,P003,A08,20-08-2026,Day,9,1,34,Medium,64,88,0.727,4
R008301,W109,P003,A05,21-08-2026,Day,10.6,2.6,43,Low,43,62,0.695,5
R008302,W109,P003,A05,22-08-2026,Day,8,0,47,Critical,51,75,0.683,6
R008303,W109,P003,A01,24-08-2026,Day,10.2,2.2,33,High,45,66,0.674,1
R008304,W109,P003,A07,25-08-2026,Night,9.5,1.5,43,Medium,58,74,0.781,2
R008305,W109,P003,A04,26-08-2026,Day,8.6,0.6,36,Medium,52,71,0.733,3
R008306,W109,P003,A08,27-08-2026,Day,10.6,2.6,46,High,61,97,0.625,4
R008307,W109,P003,A04,28-08-2026,Day,9.2,1.2,38,Low,69,90,0.765,5
R008308,W110,P003,A06,01-06-2026,Night,8.7,0.7,51,Medium,50,62,0.805,1
R008309,W110,P003,A04,02-06-2026,Day,8.1,0.1,43,Medium,67,90,0.747,2
R008310,W110,P003,A04,03-06-2026,Day,10.1,2.1,34,Low,69,85,0.806,3
R008311,W110,P003,A08,04-06-2026,Day,8,0,53,Low,61,76,0.805,4
R008312,W110,P003,A09,05-06-2026,Day,9.1,1.1,49,Low,64,82,0.777,5
R008313,W110,P003,A03,06-06-2026,Day,8,0,35,High,53,63,0.839,6
R008314,W110,P003,A01,08-06-2026,Day,9.5,1.5,34,Low,65,85,0.768,1
R008315,W110,P003,A03,09-06-2026,Day,10.5,2.5,50,High,70,96,0.724,2
R008316,W110,P003,A05,10-06-2026,Day,9.5,1.5,42,High,50,64,0.785,3
R008317,W110,P003,A07,13-06-2026,Day,9.1,1.1,47,Medium,56,70,0.802,1
R008318,W110,P003,A09,15-06-2026,Day,8.6,0.6,44,Low,66,77,0.859,1
R008319,W110,P003,A01,16-06-2026,Day,8.6,0.6,41,Low,85,93,0.918,2
R008320,W110,P003,A08,17-06-2026,Day,9.7,1.7,34,High,62,86,0.719,3
R008321,W110,P003,A06,18-06-2026,Day,8.4,0.4,50,Medium,64,78,0.816,4
R008322,W110,P003,A07,19-06-2026,Day,9.7,1.7,39,Low,51,66,0.775,5
R008323,W110,P003,A01,22-06-2026,Day,8,0,38,High,60,88,0.68,1
R008324,W110,P003,A07,23-06-2026,Day,11.4,3.4,46,Medium,83,92,0.897,2
R008325,W110,P003,A04,24-06-2026,Night,8,0,39,Critical,43,61,0.703,3
R008326,W110,P003,A09,25-06-2026,Day,8.6,0.6,49,Low,77,93,0.833,4
R008327,W110,P003,A04,26-06-2026,Day,8,0,50,Low,87,98,0.888,5
R008328,W110,P003,A02,27-06-2026,Day,9.5,1.5,49,Medium,71,88,0.807,6
R008329,W110,P003,A07,29-06-2026,Day,9.8,1.8,48,High,74,94,0.782,1
R008330,W110,P003,A02,30-06-2026,Day,9.3,1.3,50,High,51,68,0.757,2
R008331,W110,P003,A04,01-07-2026,Day,9.8,1.8,38,Low,57,68,0.844,3
R008332,W110,P003,A03,02-07-2026,Day,9.1,1.1,45,Low,60,73,0.828,4
R008333,W110,P003,A08,03-07-2026,Day,12.1,4.1,47,Low,58,86,0.674,5
R008334,W110,P003,A01,04-07-2026,Day,9.8,1.8,52,Critical,60,86,0.699,6
R008335,W110,P003,A07,06-07-2026,Day,9.9,1.9,28,Medium,63,82,0.768,1
R008336,W110,P003,A03,07-07-2026,Day,9.1,1.1,40,High,82,99,0.833,2
R008337,W110,P003,A06,08-07-2026,Day,10.7,2.7,36,High,64,98,0.656,3
R008338,W110,P003,A01,09-07-2026,Night,10.2,2.2,43,Low,55,70,0.793,4
R008339,W110,P003,A08,10-07-2026,Day,9.5,1.5,40,Low,69,80,0.858,5
R008340,W110,P003,A01,11-07-2026,Day,9.2,1.2,39,Medium,62,90,0.694,6
R008341,W110,P003,A08,13-07-2026,Day,8,0,35,High,47,66,0.717,1
R008342,W110,P003,A06,14-07-2026,Day,8.2,0.2,38,Medium,49,66,0.743,2
R008343,W110,P003,A01,15-07-2026,Day,9,1,50,Low,68,87,0.787,3
R008344,W110,P003,A08,16-07-2026,Day,9.4,1.4,49,Low,55,63,0.87,4
R008345,W110,P003,A07,17-07-2026,Day,9.5,1.5,49,High,71,94,0.75,5
R008346,W110,P003,A07,18-07-2026,Day,9.9,1.9,50,Medium,50,68,0.733,6
R008347,W110,P003,A01,20-07-2026,Day,8.7,0.7,49,Critical,63,86,0.735,1
R008348,W110,P003,A05,21-07-2026,Day,11.5,3.5,35,Low,54,76,0.71,2
R008349,W110,P003,A03,22-07-2026,Day,10.7,2.7,43,High,54,69,0.79,3
R008350,W110,P003,A05,23-07-2026,Day,9.1,1.1,39,Medium,60,77,0.783,4
R008351,W110,P003,A01,24-07-2026,Day,8.4,0.4,40,Medium,52,63,0.818,5
R008352,W110,P003,A05,25-07-2026,Day,10.4,2.4,44,High,51,73,0.705,6
R008353,W110,P003,A02,27-07-2026,Day,8.9,0.9,36,Medium,63,79,0.798,1
R008354,W110,P003,A04,28-07-2026,Night,9.6,1.6,45,High,61,74,0.829,2
R008355,W110,P003,A06,30-07-2026,Day,10,2,38,Low,75,95,0.786,1
R008356,W110,P003,A02,31-07-2026,Day,8.6,0.6,44,Low,81,99,0.817,2
R008357,W110,P003,A05,01-08-2026,Day,8.3,0.3,47,Low,58,71,0.824,3
R008358,W110,P003,A07,03-08-2026,Day,8,0,52,Low,78,83,0.935,1
R008359,W110,P003,A02,04-08-2026,Day,9.9,1.9,47,Low,51,64,0.797,2
R008360,W110,P003,A02,05-08-2026,Day,11.7,3.7,25,Low,55,73,0.757,3
R008361,W110,P003,A06,06-08-2026,Day,8.6,0.6,52,Low,64,78,0.825,4
R008362,W110,P003,A05,07-08-2026,Night,9.8,1.8,57,Critical,58,84,0.692,5
R008363,W110,P003,A03,08-08-2026,Day,10.4,2.4,40,Low,59,72,0.817,6
R008364,W110,P003,A05,10-08-2026,Day,8.6,0.6,55,Low,59,70,0.85,1
R008365,W110,P003,A05,11-08-2026,Night,9.4,1.4,47,Low,50,68,0.74,2
R008366,W110,P003,A09,12-08-2026,Day,10.5,2.5,19,High,51,75,0.682,3
R008367,W110,P003,A03,13-08-2026,Day,8,0,39,Medium,83,92,0.906,4
R008368,W110,P003,A08,14-08-2026,Day,8.4,0.4,39,High,53,67,0.793,5
R008369,W110,P003,A06,15-08-2026,Day,8.7,0.7,35,High,66,79,0.832,6
R008370,W110,P003,A01,17-08-2026,Night,8.1,0.1,52,Low,61,71,0.864,1
R008371,W110,P003,A07,18-08-2026,Night,8,0,25,Low,72,85,0.846,2
R008372,W110,P003,A03,19-08-2026,Night,9.8,1.8,31,High,60,83,0.727,3
R008373,W110,P003,A07,20-08-2026,Day,8,0,40,Medium,55,72,0.765,4
R008374,W110,P003,A09,21-08-2026,Night,9.4,1.4,41,Low,90,96,0.937,5
R008375,W110,P003,A02,22-08-2026,Day,8.5,0.5,27,High,59,85,0.692,6
R008376,W110,P003,A08,24-08-2026,Day,8.5,0.5,52,Low,62,79,0.785,1
R008377,W110,P003,A05,25-08-2026,Day,8.6,0.6,36,High,64,96,0.666,2
R008378,W110,P003,A03,26-08-2026,Day,9.5,1.5,30,Medium,64,85,0.757,3
R008379,W110,P003,A09,27-08-2026,Day,9,1,49,Medium,48,62,0.769,4
R008380,W110,P003,A04,28-08-2026,Day,9.9,1.9,44,Low,72,93,0.771,5
R008381,W110,P003,A05,29-08-2026,Night,10,2,39,Critical,52,74,0.699,6
R008382,W111,P003,A02,01-06-2026,Day,8.5,0.5,33,Critical,61,95,0.637,1
R008383,W111,P003,A03,02-06-2026,Day,8,0,41,High,66,91,0.724,2
R008384,W111,P003,A05,03-06-2026,Day,9.9,1.9,49,Low,62,75,0.832,3
R008385,W111,P003,A09,04-06-2026,Day,9.3,1.3,44,Low,60,79,0.755,4
R008386,W111,P003,A07,05-06-2026,Day,10.6,2.6,37,Medium,64,81,0.79,5
R008387,W111,P003,A02,06-06-2026,Day,10,2,46,Critical,63,96,0.652,6
R008388,W111,P003,A07,08-06-2026,Day,8,0,32,Medium,73,96,0.765,1
R008389,W111,P003,A07,09-06-2026,Day,11.1,3.1,36,Medium,49,75,0.653,2
R008390,W111,P003,A03,10-06-2026,Day,9.1,1.1,54,Low,50,67,0.748,3
R008391,W111,P003,A06,11-06-2026,Night,10.3,2.3,49,Low,49,66,0.748,4
R008392,W111,P003,A09,12-06-2026,Day,9.2,1.2,42,Medium,65,90,0.722,5
R008393,W111,P003,A01,13-06-2026,Day,11.1,3.1,49,Low,63,84,0.751,6
R008394,W111,P003,A05,15-06-2026,Day,11.3,3.3,32,Critical,64,89,0.714,1
R008395,W111,P003,A09,16-06-2026,Day,10.5,2.5,56,Low,77,94,0.824,2
R008396,W111,P003,A03,17-06-2026,Night,8.3,0.3,39,Low,78,95,0.825,3
R008397,W111,P003,A03,18-06-2026,Day,9.1,1.1,40,Medium,77,96,0.799,4
R008398,W111,P003,A09,19-06-2026,Day,8.3,0.3,41,Low,49,61,0.797,5
R008399,W111,P003,A09,20-06-2026,Day,8.7,0.7,50,Medium,63,82,0.769,6
R008400,W111,P003,A09,22-06-2026,Day,10.1,2.1,39,Medium,63,83,0.756,1
R008401,W111,P003,A04,23-06-2026,Day,10.7,2.7,55,Low,57,75,0.755,2
R008402,W111,P003,A04,24-06-2026,Day,10,2,57,Medium,50,67,0.742,3
R008403,W111,P003,A07,25-06-2026,Day,11.3,3.3,32,High,45,70,0.638,4
R008404,W111,P003,A01,26-06-2026,Day,9.5,1.5,38,Medium,59,76,0.773,5
R008405,W111,P003,A07,27-06-2026,Night,8.8,0.8,40,High,62,83,0.752,6
R008406,W111,P003,A04,29-06-2026,Night,9.5,1.5,44,Critical,47,62,0.754,1
R008407,W111,P003,A02,30-06-2026,Day,11.1,3.1,46,Low,74,92,0.799,2
R008408,W111,P003,A09,01-07-2026,Night,10.2,2.2,36,Low,75,94,0.8,3
R008409,W111,P003,A08,02-07-2026,Day,8.6,0.6,47,Low,72,91,0.791,4
R008410,W111,P003,A08,04-07-2026,Day,11,3,39,High,66,99,0.668,1
R008411,W111,P003,A02,06-07-2026,Day,9.9,1.9,50,Low,73,79,0.93,1
R008412,W111,P003,A01,07-07-2026,Day,8,0,44,Critical,47,70,0.667,2
R008413,W111,P003,A09,08-07-2026,Day,8,0,51,Medium,78,92,0.848,3
R008414,W111,P003,A09,09-07-2026,Day,8,0,36,Low,82,93,0.88,4
R008415,W111,P003,A03,10-07-2026,Day,8.6,0.6,31,Medium,73,87,0.84,5
R008416,W111,P003,A09,11-07-2026,Day,9.2,1.2,38,High,59,78,0.75,6
R008417,W111,P003,A07,13-07-2026,Day,10.1,2.1,32,Medium,64,78,0.824,1
R008418,W111,P003,A06,14-07-2026,Day,9.7,1.7,36,Medium,70,92,0.763,2
R008419,W111,P003,A06,15-07-2026,Day,8.8,0.8,44,Low,51,65,0.788,3
R008420,W111,P003,A08,16-07-2026,Day,10.6,2.6,39,Low,59,78,0.76,4
R008421,W111,P003,A08,17-07-2026,Day,9.8,1.8,49,Critical,64,99,0.65,5
R008422,W111,P003,A05,18-07-2026,Day,8,0,34,Low,54,73,0.744,6
R008423,W111,P003,A06,20-07-2026,Day,10.3,2.3,25,Medium,56,78,0.715,1
R008424,W111,P003,A03,21-07-2026,Day,8.9,0.9,39,Low,67,82,0.811,2
R008425,W111,P003,A01,22-07-2026,Day,10,2,38,Critical,63,82,0.77,3
R008426,W111,P003,A04,23-07-2026,Day,9.5,1.5,42,Medium,73,94,0.773,4
R008427,W111,P003,A04,24-07-2026,Night,8.9,0.9,42,Low,79,99,0.801,5
R008428,W111,P003,A07,25-07-2026,Day,10.1,2.1,39,Medium,56,67,0.831,6
R008429,W111,P003,A05,27-07-2026,Day,9.8,1.8,42,High,60,71,0.842,1
R008430,W111,P003,A09,28-07-2026,Day,9.7,1.7,52,Low,61,80,0.767,2
R008431,W111,P003,A02,29-07-2026,Day,8,0,50,High,66,88,0.756,3
R008432,W111,P003,A02,30-07-2026,Day,10.1,2.1,40,Low,61,76,0.803,4
R008433,W111,P003,A01,31-07-2026,Night,10.4,2.4,32,Medium,73,99,0.74,5
R008434,W111,P003,A07,01-08-2026,Day,11,3,44,Medium,46,66,0.7,6
R008435,W111,P003,A02,03-08-2026,Day,9.2,1.2,36,Medium,60,77,0.779,1
R008436,W111,P003,A08,04-08-2026,Night,10.1,2.1,47,Low,62,81,0.762,2
R008437,W111,P003,A07,05-08-2026,Day,9.5,1.5,34,Medium,68,78,0.867,3
R008438,W111,P003,A05,06-08-2026,Night,8.5,0.5,46,High,66,97,0.68,4
R008439,W111,P003,A02,07-08-2026,Day,8.5,0.5,42,Critical,78,98,0.8,5
R008440,W111,P003,A02,08-08-2026,Day,8,0,32,High,44,62,0.713,6
R008441,W111,P003,A01,10-08-2026,Day,10.3,2.3,44,Low,60,80,0.752,1
R008442,W111,P003,A09,11-08-2026,Day,9.3,1.3,41,Low,83,95,0.874,2
R008443,W111,P003,A05,12-08-2026,Day,8.5,0.5,36,High,64,78,0.825,3
R008444,W111,P003,A06,13-08-2026,Night,10,2,32,High,59,86,0.681,4
R008445,W111,P003,A07,14-08-2026,Day,11.1,3.1,37,Medium,54,77,0.704,5
R008446,W111,P003,A08,15-08-2026,Day,10.9,2.9,42,Medium,51,68,0.752,6
R008447,W111,P003,A09,17-08-2026,Day,8.7,0.7,40,Low,80,89,0.896,1
R008448,W111,P003,A05,18-08-2026,Day,9.5,1.5,49,Low,48,62,0.778,2
R008449,W111,P003,A09,19-08-2026,Night,9,1,40,High,71,96,0.739,3
R008450,W111,P003,A04,20-08-2026,Day,8.7,0.7,52,Low,54,66,0.818,4
R008451,W111,P003,A01,21-08-2026,Day,8.7,0.7,51,Medium,60,75,0.796,5
R008452,W111,P003,A07,22-08-2026,Day,9.7,1.7,41,Low,70,93,0.753,6
R008453,W111,P003,A01,23-08-2026,Day,8.5,0.5,44,Medium,63,80,0.782,7
R008454,W111,P003,A08,24-08-2026,Night,9.2,1.2,55,Medium,56,76,0.74,8
R008455,W111,P003,A08,25-08-2026,Day,8,0,30,Low,52,63,0.82,9
R008456,W111,P003,A03,26-08-2026,Day,8.8,0.8,46,Low,73,91,0.803,10
R008457,W111,P003,A01,27-08-2026,Day,9,1,57,High,46,65,0.714,11
R008458,W111,P003,A06,28-08-2026,Day,9.1,1.1,40,High,48,67,0.71,12
R008459,W111,P003,A05,29-08-2026,Day,9.4,1.4,57,Medium,68,88,0.767,13
R008460,W112,P001,A09,01-06-2026,Day,8.2,0.2,44,Low,50,62,0.803,1
R008461,W112,P001,A04,02-06-2026,Day,9.8,1.8,39,Critical,52,77,0.673,2
R008462,W112,P001,A06,03-06-2026,Night,9.9,1.9,39,Low,58,79,0.732,3
R008463,W112,P001,A07,04-06-2026,Day,9.4,1.4,36,Low,56,76,0.737,4
R008464,W112,P001,A06,05-06-2026,Day,9.2,1.2,33,Low,75,91,0.825,5
R008465,W112,P001,A06,06-06-2026,Day,10.1,2.1,40,Low,51,70,0.734,6
R008466,W112,P001,A06,08-06-2026,Day,8.6,0.6,52,Low,81,93,0.871,1
R008467,W112,P001,A07,09-06-2026,Day,9.3,1.3,46,Medium,63,88,0.72,2
R008468,W112,P001,A04,10-06-2026,Day,9.9,1.9,45,Medium,58,68,0.851,3
R008469,W112,P001,A09,11-06-2026,Day,10.7,2.7,50,Low,47,63,0.744,4
R008470,W112,P001,A02,12-06-2026,Day,10,2,49,Low,57,74,0.766,5
R008471,W112,P001,A03,13-06-2026,Day,8,0,34,Low,65,82,0.79,6
R008472,W112,P001,A07,15-06-2026,Day,9.5,1.5,26,High,63,87,0.725,1
R008473,W112,P001,A06,16-06-2026,Day,8.8,0.8,32,Medium,73,89,0.815,2
R008474,W112,P001,A04,17-06-2026,Day,9.3,1.3,40,Medium,54,72,0.747,3
R008475,W112,P001,A06,18-06-2026,Day,9.5,1.5,41,High,68,92,0.74,4
R008476,W112,P001,A04,19-06-2026,Night,9.4,1.4,41,High,53,69,0.769,5
R008477,W112,P001,A07,20-06-2026,Day,8.9,0.9,54,Medium,72,96,0.746,6
R008478,W112,P001,A09,22-06-2026,Day,9.1,1.1,44,High,73,99,0.741,1
R008479,W112,P001,A06,23-06-2026,Day,10.8,2.8,34,Medium,52,67,0.777,2
R008480,W112,P001,A01,24-06-2026,Day,10.1,2.1,45,Medium,47,65,0.721,3
R008481,W112,P001,A08,25-06-2026,Night,10.4,2.4,26,Low,47,63,0.745,4
R008482,W112,P001,A06,26-06-2026,Day,9.1,1.1,49,Medium,76,97,0.785,5
R008483,W112,P001,A09,27-06-2026,Day,8,0,38,Medium,67,92,0.727,6
R008484,W112,P001,A07,29-06-2026,Night,10.8,2.8,44,Low,55,71,0.772,1
R008485,W112,P001,A06,30-06-2026,Night,8,0,47,Low,67,78,0.86,2
R008486,W112,P001,A09,01-07-2026,Night,8.8,0.8,44,Medium,81,98,0.829,3
R008487,W112,P001,A03,02-07-2026,Day,8.1,0.1,33,Medium,60,67,0.901,4
R008488,W112,P001,A09,03-07-2026,Day,11.5,3.5,53,Low,73,95,0.771,5
R008489,W112,P001,A04,04-07-2026,Night,12,4,39,Medium,67,94,0.716,6
R008490,W112,P001,A07,06-07-2026,Day,8.6,0.6,45,Low,76,90,0.844,1
R008491,W112,P001,A06,07-07-2026,Day,8.8,0.8,43,Low,68,80,0.849,2
R008492,W112,P001,A03,09-07-2026,Day,10.5,2.5,49,Medium,64,87,0.737,1
R008493,W112,P001,A09,10-07-2026,Day,9.5,1.5,28,Medium,79,95,0.834,2
R008494,W112,P001,A08,11-07-2026,Day,9.9,1.9,30,Low,65,82,0.794,3
R008495,W112,P001,A06,14-07-2026,Day,9.4,1.4,37,Medium,71,92,0.771,1
R008496,W112,P001,A08,15-07-2026,Day,10.1,2.1,39,Low,67,81,0.828,2
R008497,W112,P001,A02,16-07-2026,Day,8.3,0.3,42,Critical,57,76,0.753,3
R008498,W112,P001,A05,17-07-2026,Night,8.7,0.7,60,Medium,62,72,0.862,4
R008499,W112,P001,A02,18-07-2026,Day,8,0,29,High,66,81,0.812,5
R008500,W112,P001,A06,20-07-2026,Day,9.4,1.4,34,Low,59,72,0.818,1
R008501,W112,P001,A09,21-07-2026,Day,11.4,3.4,60,Medium,47,60,0.782,2
R008502,W112,P001,A01,22-07-2026,Day,11.4,3.4,32,Medium,44,67,0.652,3
R008503,W112,P001,A04,23-07-2026,Day,8.3,0.3,41,Medium,62,90,0.69,4
R008504,W112,P001,A07,24-07-2026,Day,9.8,1.8,46,Low,64,86,0.748,5
R008505,W112,P001,A06,25-07-2026,Day,9.2,1.2,48,Medium,50,74,0.673,6
R008506,W112,P001,A06,27-07-2026,Day,9,1,31,Low,68,89,0.768,1
R008507,W112,P001,A01,28-07-2026,Day,9.4,1.4,42,Medium,65,96,0.675,2
R008508,W112,P001,A07,29-07-2026,Day,9.8,1.8,47,Medium,68,96,0.709,3
R008509,W112,P001,A03,30-07-2026,Day,10.6,2.6,37,Low,52,76,0.687,4
R008510,W112,P001,A07,31-07-2026,Day,8.6,0.6,42,Medium,74,90,0.82,5
R008511,W112,P001,A03,01-08-2026,Day,8,0,38,Low,52,70,0.742,6
R008512,W112,P001,A07,03-08-2026,Day,10.6,2.6,36,Low,74,91,0.81,1
R008513,W112,P001,A05,04-08-2026,Day,8,0,29,Medium,52,64,0.81,2
R008514,W112,P001,A01,05-08-2026,Day,8.4,0.4,41,Low,60,86,0.697,3
R008515,W112,P001,A01,06-08-2026,Day,9.6,1.6,37,High,57,83,0.689,4
R008516,W112,P001,A05,07-08-2026,Day,9.1,1.1,42,Low,66,89,0.745,5
R008517,W112,P001,A01,08-08-2026,Night,8.2,0.2,37,Low,60,72,0.835,6
R008518,W112,P001,A05,10-08-2026,Day,10,2,36,Medium,60,81,0.742,1
R008519,W112,P001,A06,11-08-2026,Day,8.4,0.4,39,Medium,52,71,0.734,2
R008520,W112,P001,A02,12-08-2026,Day,10.5,2.5,21,Low,50,71,0.711,3
R008521,W112,P001,A01,13-08-2026,Day,9.3,1.3,39,High,56,80,0.703,4
R008522,W112,P001,A09,14-08-2026,Night,8.7,0.7,41,Critical,45,67,0.674,5
R008523,W112,P001,A03,15-08-2026,Day,9.5,1.5,31,Low,55,64,0.852,6
R008524,W112,P001,A05,18-08-2026,Day,10.1,2.1,34,Low,74,94,0.784,1
R008525,W112,P001,A04,19-08-2026,Day,9.5,1.5,44,Low,52,66,0.785,2
R008526,W112,P001,A09,20-08-2026,Day,9.6,1.6,38,High,60,81,0.738,3
R008527,W112,P001,A02,21-08-2026,Day,9.7,1.7,53,High,57,75,0.756,4
R008528,W112,P001,A03,22-08-2026,Day,8.8,0.8,34,Medium,64,88,0.732,5
R008529,W112,P001,A07,24-08-2026,Day,10.6,2.6,38,Medium,54,73,0.742,1
R008530,W112,P001,A09,25-08-2026,Day,9.9,1.9,29,Critical,70,85,0.823,2
R008531,W112,P001,A08,26-08-2026,Day,9.2,1.2,50,High,75,94,0.798,3
R008532,W112,P001,A01,27-08-2026,Day,10.1,2.1,48,High,62,85,0.725,4
R008533,W112,P001,A01,28-08-2026,Day,9,1,38,Low,50,61,0.826,5
R008534,W112,P001,A01,29-08-2026,Day,9.1,1.1,50,Medium,55,72,0.757,6
R008535,W113,P006,A05,01-06-2026,Day,11.2,3.2,37,High,51,76,0.673,1
R008536,W113,P006,A03,02-06-2026,Day,11.2,3.2,33,Critical,57,83,0.693,2
R008537,W113,P006,A02,03-06-2026,Day,8.6,0.6,33,Low,72,96,0.746,3
R008538,W113,P006,A07,04-06-2026,Day,9.4,1.4,27,High,50,77,0.649,4
R008539,W113,P006,A04,05-06-2026,Day,11.2,3.2,34,High,58,85,0.677,5
R008540,W113,P006,A04,06-06-2026,Day,11.3,3.3,30,Medium,51,77,0.665,6
R008541,W113,P006,A04,07-06-2026,Day,12.6,4.6,43,Low,65,95,0.68,7
R008542,W113,P006,A06,08-06-2026,Night,10.5,2.5,37,Low,67,94,0.717,8
R008543,W113,P006,A05,09-06-2026,Day,11.5,3.5,27,High,57,88,0.645,9
R008544,W113,P006,A03,10-06-2026,Day,11.5,3.5,37,High,43,61,0.706,10
R008545,W113,P006,A06,11-06-2026,Night,9.3,1.3,39,Medium,52,79,0.656,11
R008546,W113,P006,A01,12-06-2026,Day,10.8,2.8,31,Low,71,98,0.727,12
R008547,W113,P006,A01,13-06-2026,Day,10.7,2.7,41,Low,42,61,0.684,13
R008548,W113,P006,A08,15-06-2026,Day,10.1,2.1,38,Medium,65,78,0.834,1
R008549,W113,P006,A01,16-06-2026,Day,10.5,2.5,46,High,73,92,0.798,2
R008550,W113,P006,A09,18-06-2026,Night,10.5,2.5,43,High,43,64,0.677,1
R008551,W113,P006,A08,19-06-2026,Day,10.6,2.6,36,Medium,46,81,0.567,2
R008552,W113,P006,A04,20-06-2026,Day,12.1,4.1,29,High,52,81,0.639,3
R008553,W113,P006,A05,22-06-2026,Day,10.3,2.3,28,Medium,66,93,0.708,1
R008554,W113,P006,A05,23-06-2026,Day,11.4,3.4,33,Medium,51,80,0.634,2
R008555,W113,P006,A01,24-06-2026,Day,9.4,1.4,40,Medium,53,66,0.805,3
R008556,W113,P006,A03,25-06-2026,Day,10.4,2.4,15,Medium,43,68,0.632,4
R008557,W113,P006,A02,26-06-2026,Day,11.3,3.3,31,Low,66,85,0.777,5
R008558,W113,P006,A06,27-06-2026,Day,8.6,0.6,37,Medium,53,86,0.615,6
R008559,W113,P006,A08,29-06-2026,Night,10.4,2.4,29,Medium,47,78,0.597,1
R008560,W113,P006,A02,30-06-2026,Day,10.2,2.2,36,Medium,58,87,0.668,2
R008561,W113,P006,A06,01-07-2026,Day,10.8,2.8,52,Low,47,61,0.765,3
R008562,W113,P006,A09,02-07-2026,Night,10,2,36,Medium,52,66,0.793,4
R008563,W113,P006,A08,03-07-2026,Day,10.2,2.2,44,High,66,89,0.746,5
R008564,W113,P006,A08,04-07-2026,Day,9.1,1.1,43,Low,55,71,0.778,6
R008565,W113,P006,A08,06-07-2026,Night,11.9,3.9,38,Medium,53,69,0.765,1
R008566,W113,P006,A05,07-07-2026,Day,8.9,0.9,20,High,66,90,0.734,2
R008567,W113,P006,A05,08-07-2026,Day,8,0,40,High,71,98,0.721,3
R008568,W113,P006,A06,09-07-2026,Day,11.6,3.6,41,Medium,68,88,0.778,4
R008569,W113,P006,A08,10-07-2026,Day,9.7,1.7,44,Low,78,99,0.792,5
R008570,W113,P006,A01,11-07-2026,Day,11.2,3.2,34,Medium,56,97,0.582,6
R008571,W113,P006,A02,12-07-2026,Day,10.6,2.6,34,High,51,89,0.569,7
R008572,W113,P006,A07,13-07-2026,Day,10.3,2.3,42,Medium,42,61,0.693,8
R008573,W113,P006,A01,14-07-2026,Day,11.6,3.6,49,Medium,46,75,0.617,9
R008574,W113,P006,A07,15-07-2026,Night,9.6,1.6,36,High,57,82,0.701,10
R008575,W113,P006,A03,16-07-2026,Day,10.9,2.9,52,Low,64,87,0.735,11
R008576,W113,P006,A01,17-07-2026,Night,9.1,1.1,42,High,50,66,0.751,12
R008577,W113,P006,A08,18-07-2026,Day,9.8,1.8,34,Low,50,69,0.732,13
R008578,W113,P006,A04,20-07-2026,Night,10.7,2.7,45,Low,48,66,0.729,1
R008579,W113,P006,A09,21-07-2026,Day,10.1,2.1,49,High,58,88,0.662,2
R008580,W113,P006,A08,22-07-2026,Day,10.8,2.8,27,Low,62,89,0.699,3
R008581,W113,P006,A02,23-07-2026,Night,10.6,2.6,36,Critical,50,80,0.622,4
R008582,W113,P006,A07,24-07-2026,Day,10.3,2.3,28,Critical,47,70,0.678,5
R008583,W113,P006,A01,25-07-2026,Night,10,2,33,Low,42,65,0.64,6
R008584,W113,P006,A02,27-07-2026,Night,9.7,1.7,33,Low,68,95,0.721,1
R008585,W113,P006,A01,28-07-2026,Day,10.4,2.4,34,High,69,97,0.707,2
R008586,W113,P006,A09,29-07-2026,Day,10.1,2.1,44,Medium,54,72,0.757,3
R008587,W113,P006,A03,31-07-2026,Day,9.6,1.6,34,Medium,48,69,0.695,1
R008588,W113,P006,A07,01-08-2026,Night,11.6,3.6,41,Low,44,65,0.679,2
R008589,W113,P006,A04,03-08-2026,Day,9.8,1.8,32,Low,57,76,0.75,1
R008590,W113,P006,A01,04-08-2026,Day,9.5,1.5,40,Critical,63,95,0.662,2
R008591,W113,P006,A05,05-08-2026,Day,10.3,2.3,16,Critical,48,70,0.685,3
R008592,W113,P006,A07,06-08-2026,Day,9.9,1.9,50,Critical,63,92,0.687,4
R008593,W113,P006,A04,07-08-2026,Day,10.3,2.3,33,High,47,69,0.675,5
R008594,W113,P006,A01,08-08-2026,Day,8.8,0.8,41,Medium,44,65,0.671,6
R008595,W113,P006,A04,10-08-2026,Day,9.7,1.7,37,High,44,63,0.703,1
R008596,W113,P006,A06,11-08-2026,Day,10.6,2.6,28,Low,43,66,0.648,2
R008597,W113,P006,A01,12-08-2026,Night,8.2,0.2,42,High,69,94,0.739,3
R008598,W113,P006,A03,13-08-2026,Day,10.5,2.5,41,Medium,46,63,0.73,4
R008599,W113,P006,A08,14-08-2026,Day,9.1,1.1,43,High,45,65,0.696,5
R008600,W113,P006,A01,15-08-2026,Day,10.5,2.5,40,Low,60,87,0.689,6
R008601,W113,P006,A02,17-08-2026,Day,12.6,4.6,42,Low,74,97,0.758,1
R008602,W113,P006,A07,18-08-2026,Day,10.6,2.6,33,High,56,81,0.697,2
R008603,W113,P006,A06,19-08-2026,Day,9.5,1.5,36,Low,64,94,0.678,3
R008604,W113,P006,A06,20-08-2026,Day,9.8,1.8,27,Low,76,99,0.767,4
R008605,W113,P006,A07,21-08-2026,Day,8,0,45,Medium,70,86,0.813,5
R008606,W113,P006,A01,22-08-2026,Day,10.9,2.9,39,Low,71,98,0.723,6
R008607,W113,P006,A05,24-08-2026,Day,11.3,3.3,25,Medium,68,98,0.692,1
R008608,W113,P006,A04,25-08-2026,Day,12.2,4.2,40,High,55,80,0.692,2
R008609,W113,P006,A07,27-08-2026,Day,9.7,1.7,43,Medium,49,68,0.722,1
R008610,W113,P006,A03,28-08-2026,Day,10.5,2.5,36,High,48,66,0.725,2
R008611,W113,P006,A07,29-08-2026,Day,10.2,2.2,36,Low,69,91,0.761,3
R008612,W114,P004,A01,01-06-2026,Day,10.8,2.8,28,Low,59,82,0.716,1
R008613,W114,P004,A03,02-06-2026,Day,11.8,3.8,52,Low,56,75,0.743,2
R008614,W114,P004,A09,03-06-2026,Night,9.3,1.3,41,High,46,62,0.744,3
R008615,W114,P004,A09,04-06-2026,Day,10.8,2.8,48,Low,47,66,0.716,4
R008616,W114,P004,A02,05-06-2026,Day,9.8,1.8,45,High,46,71,0.649,5
R008617,W114,P004,A07,06-06-2026,Day,11,3,18,Low,63,96,0.653,6
R008618,W114,P004,A02,08-06-2026,Day,10.2,2.2,30,Medium,46,64,0.713,1
R008619,W114,P004,A06,09-06-2026,Day,9.9,1.9,49,High,63,80,0.783,2
R008620,W114,P004,A09,10-06-2026,Day,10.3,2.3,26,High,46,76,0.61,3
R008621,W114,P004,A03,11-06-2026,Day,10.1,2.1,44,Medium,36,60,0.6,4
R008622,W114,P004,A07,12-06-2026,Day,9.2,1.2,28,Low,41,65,0.628,5
R008623,W114,P004,A03,13-06-2026,Day,10.3,2.3,30,Low,65,95,0.682,6
R008624,W114,P004,A07,15-06-2026,Day,9.3,1.3,41,Medium,70,92,0.757,1
R008625,W114,P004,A02,16-06-2026,Day,11.6,3.6,32,Low,50,73,0.69,2
R008626,W114,P004,A02,17-06-2026,Day,11.6,3.6,35,Low,60,87,0.684,3
R008627,W114,P004,A04,18-06-2026,Day,10.6,2.6,26,Low,70,97,0.722,4
R008628,W114,P004,A03,19-06-2026,Day,10.7,2.7,29,Critical,53,84,0.632,5
R008629,W114,P004,A05,20-06-2026,Day,10.9,2.9,41,Medium,61,92,0.667,6
R008630,W114,P004,A04,22-06-2026,Day,10,2,33,Medium,46,66,0.703,1
R008631,W114,P004,A02,23-06-2026,Day,9.6,1.6,16,High,56,83,0.68,2
R008632,W114,P004,A02,24-06-2026,Night,12.1,4.1,42,Low,66,95,0.694,3
R008633,W114,P004,A02,25-06-2026,Day,10.9,2.9,37,Medium,62,88,0.702,4
R008634,W114,P004,A09,26-06-2026,Day,8.4,0.4,40,High,71,91,0.781,5
R008635,W114,P004,A07,29-06-2026,Day,11.1,3.1,38,Low,53,68,0.784,1
R008636,W114,P004,A06,30-06-2026,Day,8.9,0.9,38,Low,74,98,0.754,2
R008637,W114,P004,A07,02-07-2026,Day,11.4,3.4,32,Critical,40,64,0.624,1
R008638,W114,P004,A03,03-07-2026,Night,9.6,1.6,28,High,62,93,0.665,2
R008639,W114,P004,A01,04-07-2026,Day,10.7,2.7,28,High,55,89,0.616,3
R008640,W114,P004,A06,06-07-2026,Day,9.1,1.1,45,Low,40,61,0.658,1
R008641,W114,P004,A03,07-07-2026,Day,11,3,45,Medium,51,70,0.732,2
R008642,W114,P004,A01,08-07-2026,Night,8.7,0.7,39,Low,68,84,0.808,3
R008643,W114,P004,A07,09-07-2026,Day,10,2,43,Medium,45,60,0.753,4
R008644,W114,P004,A04,10-07-2026,Day,11.1,3.1,39,High,63,98,0.641,5
R008645,W114,P004,A09,11-07-2026,Day,10.8,2.8,15,High,52,76,0.68,6
R008646,W114,P004,A07,13-07-2026,Day,11.2,3.2,42,Low,71,92,0.773,1
R008647,W114,P004,A02,14-07-2026,Day,10.7,2.7,36,Medium,59,78,0.759,2
R008648,W114,P004,A07,15-07-2026,Day,10.2,2.2,36,High,38,61,0.63,3
R008649,W114,P004,A08,16-07-2026,Day,9.5,1.5,36,Medium,56,79,0.711,4
R008650,W114,P004,A02,17-07-2026,Night,11,3,39,High,48,75,0.639,5
R008651,W114,P004,A08,18-07-2026,Day,8,0,37,Low,65,86,0.76,6
R008652,W114,P004,A01,20-07-2026,Day,9.5,1.5,35,Critical,55,74,0.745,1
R008653,W114,P004,A07,21-07-2026,Night,10.9,2.9,37,High,47,65,0.717,2
R008654,W114,P004,A06,22-07-2026,Day,9.3,1.3,37,High,76,96,0.795,3
R008655,W114,P004,A08,24-07-2026,Night,8,0,28,Low,50,69,0.729,1
R008656,W114,P004,A09,25-07-2026,Day,10.5,2.5,42,Critical,59,86,0.691,2
R008657,W114,P004,A09,27-07-2026,Day,8.7,0.7,44,Medium,53,76,0.703,1
R008658,W114,P004,A07,28-07-2026,Day,11.5,3.5,31,Low,46,69,0.67,2
R008659,W114,P004,A03,29-07-2026,Day,9.3,1.3,43,Medium,65,86,0.757,3
R008660,W114,P004,A06,30-07-2026,Day,10.9,2.9,22,Low,45,60,0.756,4
R008661,W114,P004,A06,31-07-2026,Day,8.8,0.8,41,High,67,98,0.685,5
R008662,W114,P004,A01,01-08-2026,Day,9.8,1.8,35,Medium,48,66,0.724,6
R008663,W114,P004,A08,03-08-2026,Day,11.2,3.2,38,Medium,57,86,0.668,1
R008664,W114,P004,A02,04-08-2026,Night,10.4,2.4,25,Medium,65,91,0.718,2
R008665,W114,P004,A03,05-08-2026,Day,10.4,2.4,41,High,68,97,0.703,3
R008666,W114,P004,A09,06-08-2026,Day,11.1,3.1,41,High,66,88,0.755,4
R008667,W114,P004,A05,07-08-2026,Day,8.5,0.5,43,Low,52,63,0.826,5
R008668,W114,P004,A06,08-08-2026,Night,8.8,0.8,35,Medium,70,86,0.817,6
R008669,W114,P004,A05,10-08-2026,Day,11,3,60,Medium,55,73,0.749,1
R008670,W114,P004,A03,11-08-2026,Day,10.7,2.7,34,Critical,42,69,0.615,2
R008671,W114,P004,A04,12-08-2026,Day,9.9,1.9,34,Medium,41,63,0.655,3
R008672,W114,P004,A09,13-08-2026,Day,9.9,1.9,22,High,56,79,0.705,4
R008673,W114,P004,A04,14-08-2026,Day,10.9,2.9,31,Medium,62,86,0.716,5
R008674,W114,P004,A01,15-08-2026,Day,11,3,30,Critical,40,76,0.531,6
R008675,W114,P004,A03,17-08-2026,Day,10.1,2.1,36,High,48,74,0.643,1
R008676,W114,P004,A08,18-08-2026,Day,10.3,2.3,47,High,43,62,0.688,2
R008677,W114,P004,A02,19-08-2026,Night,9.1,1.1,51,High,36,60,0.595,3
R008678,W114,P004,A04,20-08-2026,Day,9.5,1.5,25,Low,51,69,0.745,4
R008679,W114,P004,A04,21-08-2026,Day,9.8,1.8,34,High,69,96,0.715,5
R008680,W114,P004,A08,22-08-2026,Day,10.3,2.3,47,High,54,92,0.584,6
R008681,W114,P004,A03,24-08-2026,Night,10.5,2.5,37,Low,47,64,0.735,1
R008682,W114,P004,A04,25-08-2026,Day,9.9,1.9,37,High,68,88,0.773,2
R008683,W114,P004,A01,26-08-2026,Day,9.8,1.8,46,Critical,73,97,0.756,3
R008684,W114,P004,A05,27-08-2026,Night,9.2,1.2,44,High,57,88,0.645,4
R008685,W114,P004,A02,28-08-2026,Day,10.9,2.9,51,Medium,61,90,0.68,5
R008686,W114,P004,A01,29-08-2026,Day,9,1,30,Medium,52,69,0.752,6
R008687,W115,P004,A07,01-06-2026,Day,11.4,3.4,45,Medium,52,80,0.651,1
R008688,W115,P004,A02,02-06-2026,Day,10.2,2.2,55,Medium,53,64,0.822,2
R008689,W115,P004,A07,03-06-2026,Day,9.7,1.7,36,High,67,97,0.695,3
R008690,W115,P004,A06,04-06-2026,Day,10.1,2.1,60,Low,77,91,0.843,4
R008691,W115,P004,A06,05-06-2026,Day,9.2,1.2,54,Medium,49,62,0.787,5
R008692,W115,P004,A03,06-06-2026,Day,8.9,0.9,47,Low,54,73,0.743,6
R008693,W115,P004,A06,08-06-2026,Day,8.9,0.9,46,Low,70,87,0.801,1
R008694,W115,P004,A07,09-06-2026,Day,9.3,1.3,36,Medium,65,86,0.756,2
R008695,W115,P004,A09,10-06-2026,Day,9.8,1.8,54,Medium,58,77,0.757,3
R008696,W115,P004,A09,11-06-2026,Night,9.2,1.2,48,Medium,50,62,0.803,4
R008697,W115,P004,A06,12-06-2026,Day,9.2,1.2,51,Low,62,71,0.878,5
R008698,W115,P004,A02,13-06-2026,Day,8.8,0.8,36,Medium,78,95,0.818,6
R008699,W115,P004,A08,15-06-2026,Day,9.9,1.9,47,Low,85,98,0.869,1
R008700,W115,P004,A05,16-06-2026,Day,8.9,0.9,47,Low,78,99,0.789,2
R008701,W115,P004,A05,17-06-2026,Day,9,1,53,Medium,75,95,0.786,3
R008702,W115,P004,A03,18-06-2026,Day,8.5,0.5,43,Medium,61,77,0.792,4
R008703,W115,P004,A07,19-06-2026,Day,8.3,0.3,45,Low,73,92,0.792,5
R008704,W115,P004,A06,20-06-2026,Day,9.2,1.2,51,High,61,78,0.778,6
R008705,W115,P004,A05,22-06-2026,Day,8,0,41,Low,78,96,0.817,1
R008706,W115,P004,A07,23-06-2026,Day,10.1,2.1,41,Low,52,65,0.795,2
R008707,W115,P004,A02,24-06-2026,Day,8.3,0.3,47,High,53,66,0.803,3
R008708,W115,P004,A07,25-06-2026,Day,8,0,43,Low,67,84,0.792,4
R008709,W115,P004,A08,27-06-2026,Day,9.2,1.2,27,High,74,94,0.784,1
R008710,W115,P004,A07,29-06-2026,Night,8,0,27,Low,67,80,0.832,1
R008711,W115,P004,A08,30-06-2026,Day,8,0,45,Medium,71,97,0.732,2
R008712,W115,P004,A05,01-07-2026,Day,9,1,41,Medium,79,96,0.82,3
R008713,W115,P004,A05,02-07-2026,Day,9.3,1.3,40,Critical,60,74,0.813,4
R008714,W115,P004,A04,03-07-2026,Night,9.7,1.7,29,High,74,89,0.83,5
R008715,W115,P004,A07,04-07-2026,Day,9.4,1.4,47,Medium,57,75,0.759,6
R008716,W115,P004,A03,06-07-2026,Day,8.9,0.9,36,Medium,74,89,0.833,1
R008717,W115,P004,A09,07-07-2026,Day,9,1,47,Low,53,65,0.808,2
R008718,W115,P004,A02,08-07-2026,Day,9.1,1.1,46,Low,62,68,0.916,3
R008719,W115,P004,A04,09-07-2026,Day,9.1,1.1,35,Low,56,77,0.722,4
R008720,W115,P004,A02,10-07-2026,Day,9.4,1.4,44,Medium,67,97,0.686,5
R008721,W115,P004,A04,11-07-2026,Night,9.7,1.7,38,Low,71,89,0.797,6
R008722,W115,P004,A09,13-07-2026,Day,11,3,50,Medium,62,73,0.844,1
R008723,W115,P004,A01,14-07-2026,Day,8.6,0.6,47,Medium,65,76,0.853,2
R008724,W115,P004,A06,15-07-2026,Day,9.6,1.6,35,Medium,51,77,0.657,3
R008725,W115,P004,A02,16-07-2026,Day,9.6,1.6,45,Low,50,64,0.774,4
R008726,W115,P004,A07,17-07-2026,Day,10.9,2.9,54,Medium,59,93,0.636,5
R008727,W115,P004,A02,18-07-2026,Day,9.3,1.3,57,High,76,97,0.781,6
R008728,W115,P004,A06,20-07-2026,Day,9.9,1.9,41,Low,62,75,0.825,1
R008729,W115,P004,A06,21-07-2026,Day,10.1,2.1,47,Low,61,66,0.921,2
R008730,W115,P004,A06,22-07-2026,Day,8.1,0.1,45,Medium,79,91,0.866,3
R008731,W115,P004,A09,23-07-2026,Day,10,2,42,Medium,80,94,0.856,4
R008732,W115,P004,A07,24-07-2026,Day,11.4,3.4,41,Low,67,83,0.804,5
R008733,W115,P004,A07,25-07-2026,Day,8.1,0.1,57,Low,80,86,0.932,6
R008734,W115,P004,A05,27-07-2026,Day,9.3,1.3,46,Low,81,93,0.872,1
R008735,W115,P004,A07,28-07-2026,Night,9.7,1.7,45,High,49,63,0.782,2
R008736,W115,P004,A06,29-07-2026,Day,10.8,2.8,46,Low,61,71,0.856,3
R008737,W115,P004,A08,30-07-2026,Day,10.6,2.6,57,Medium,62,78,0.792,4
R008738,W115,P004,A01,01-08-2026,Day,9.1,1.1,39,Medium,55,61,0.898,1
R008739,W115,P004,A06,03-08-2026,Day,8.9,0.9,46,High,53,72,0.733,1
R008740,W115,P004,A03,04-08-2026,Night,8.2,0.2,39,Medium,73,92,0.798,2
R008741,W115,P004,A08,05-08-2026,Day,9.7,1.7,47,High,55,80,0.688,3
R008742,W115,P004,A07,06-08-2026,Day,9.2,1.2,50,High,62,86,0.722,4
R008743,W115,P004,A01,07-08-2026,Day,8.4,0.4,45,Low,79,99,0.803,5
R008744,W115,P004,A09,08-08-2026,Day,9,1,42,Low,69,86,0.802,6
R008745,W115,P004,A08,10-08-2026,Day,8.4,0.4,53,Medium,63,79,0.795,1
R008746,W115,P004,A02,11-08-2026,Day,8,0,39,Medium,50,69,0.72,2
R008747,W115,P004,A03,12-08-2026,Day,8.2,0.2,35,Medium,48,61,0.785,3
R008748,W115,P004,A05,13-08-2026,Night,8,0,40,Low,69,90,0.77,4
R008749,W115,P004,A06,14-08-2026,Day,8,0,36,Medium,56,73,0.768,5
R008750,W115,P004,A01,15-08-2026,Day,9.3,1.3,42,Low,53,71,0.751,6
R008751,W115,P004,A01,17-08-2026,Day,9.7,1.7,39,Low,73,87,0.843,1
R008752,W115,P004,A06,18-08-2026,Day,9,1,44,Medium,62,87,0.711,2
R008753,W115,P004,A07,19-08-2026,Day,10.8,2.8,56,Medium,62,83,0.753,3
R008754,W115,P004,A04,20-08-2026,Day,8.8,0.8,45,Low,73,84,0.869,4
R008755,W115,P004,A05,21-08-2026,Day,8,0,58,Medium,67,75,0.887,5
R008756,W115,P004,A01,22-08-2026,Night,9.2,1.2,46,Low,59,83,0.715,6
R008757,W115,P004,A06,24-08-2026,Day,8.8,0.8,47,Low,66,80,0.828,1
R008758,W115,P004,A03,25-08-2026,Day,8.1,0.1,38,Medium,39,60,0.649,2
R008759,W115,P004,A08,26-08-2026,Day,9.7,1.7,45,Medium,65,78,0.829,3
R008760,W115,P004,A08,27-08-2026,Day,10.1,2.1,32,Low,50,60,0.831,4
R008761,W115,P004,A01,28-08-2026,Day,9.4,1.4,44,Low,69,82,0.839,5
R008762,W115,P004,A04,29-08-2026,Day,8,0,39,Low,78,97,0.802,6
R008763,W116,P005,A07,01-06-2026,Day,11.7,3.7,37,High,37,61,0.606,1
R008764,W116,P005,A02,02-06-2026,Day,10.1,2.1,28,Critical,43,69,0.623,2
R008765,W116,P005,A09,03-06-2026,Day,10.5,2.5,34,Low,58,84,0.69,3
R008766,W116,P005,A02,04-06-2026,Day,10.3,2.3,40,High,50,76,0.658,4
R008767,W116,P005,A04,05-06-2026,Day,10.7,2.7,28,Low,60,81,0.743,5
R008768,W116,P005,A04,06-06-2026,Night,11.6,3.6,31,High,46,84,0.553,6
R008769,W116,P005,A07,08-06-2026,Day,10.6,2.6,39,Critical,54,93,0.58,1
R008770,W116,P005,A09,09-06-2026,Day,11,3,33,Low,58,91,0.635,2
R008771,W116,P005,A04,10-06-2026,Night,10.8,2.8,40,Low,67,93,0.724,3
R008772,W116,P005,A03,11-06-2026,Day,10.3,2.3,30,High,47,79,0.596,4
R008773,W116,P005,A01,12-06-2026,Day,10.9,2.9,25,High,50,77,0.656,5
R008774,W116,P005,A05,13-06-2026,Day,9.8,1.8,43,Low,70,99,0.71,6
R008775,W116,P005,A06,15-06-2026,Day,9.1,1.1,33,High,52,71,0.725,1
R008776,W116,P005,A09,16-06-2026,Night,10.4,2.4,32,Critical,55,78,0.711,2
R008777,W116,P005,A05,17-06-2026,Day,10.8,2.8,44,High,60,96,0.62,3
R008778,W116,P005,A09,18-06-2026,Day,11.7,3.7,35,High,56,80,0.698,4
R008779,W116,P005,A06,19-06-2026,Day,10.4,2.4,34,Low,60,85,0.704,5
R008780,W116,P005,A04,20-06-2026,Day,9.7,1.7,42,Low,44,62,0.707,6
R008781,W116,P005,A04,22-06-2026,Day,10.4,2.4,25,High,63,88,0.714,1
R008782,W116,P005,A07,23-06-2026,Day,8.1,0.1,42,Medium,67,93,0.723,2
R008783,W116,P005,A05,24-06-2026,Day,11,3,50,Critical,40,66,0.603,3
R008784,W116,P005,A05,25-06-2026,Day,10.3,2.3,26,Medium,58,82,0.709,4
R008785,W116,P005,A01,26-06-2026,Day,10.9,2.9,27,Medium,41,63,0.65,5
R008786,W116,P005,A02,27-06-2026,Day,11.3,3.3,28,Medium,55,75,0.737,6
R008787,W116,P005,A08,28-06-2026,Day,9.6,1.6,36,High,56,82,0.686,7
R008788,W116,P005,A07,29-06-2026,Day,12.1,4.1,31,Critical,38,75,0.508,8
R008789,W116,P005,A07,30-06-2026,Day,10,2,33,Critical,60,95,0.635,9
R008790,W116,P005,A08,01-07-2026,Night,9.6,1.6,31,Medium,46,64,0.718,10
R008791,W116,P005,A08,02-07-2026,Day,11.2,3.2,18,Critical,55,99,0.557,11
R008792,W116,P005,A05,03-07-2026,Day,10.7,2.7,46,High,62,97,0.635,12
R008793,W116,P005,A05,04-07-2026,Day,10,2,42,Low,49,77,0.637,13
R008794,W116,P005,A02,05-07-2026,Night,8.8,0.8,39,Low,69,97,0.712,14
R008795,W116,P005,A08,06-07-2026,Day,11.4,3.4,19,High,45,90,0.495,15
R008796,W116,P005,A02,07-07-2026,Night,11.3,3.3,24,High,50,85,0.592,16
R008797,W116,P005,A03,08-07-2026,Day,11.3,3.3,13,Medium,56,89,0.627,17
R008798,W116,P005,A08,09-07-2026,Night,10,2,39,Low,58,99,0.588,18
R008799,W116,P005,A01,11-07-2026,Day,9.6,1.6,26,Low,57,92,0.621,1
R008800,W116,P005,A02,13-07-2026,Day,12.1,4.1,34,High,52,75,0.7,1
R008801,W116,P005,A08,14-07-2026,Day,10,2,26,High,51,84,0.609,2
R008802,W116,P005,A04,15-07-2026,Day,10.1,2.1,32,Low,55,77,0.713,3
R008803,W116,P005,A04,16-07-2026,Day,11,3,23,High,42,68,0.61,4
R008804,W116,P005,A09,17-07-2026,Day,9.4,1.4,44,Medium,48,68,0.708,5
R008805,W116,P005,A03,18-07-2026,Day,10.6,2.6,42,Medium,63,93,0.676,6
R008806,W116,P005,A07,20-07-2026,Day,11.9,3.9,35,Medium,65,91,0.715,1
R008807,W116,P005,A02,21-07-2026,Day,11,3,32,Medium,63,90,0.697,2
R008808,W116,P005,A06,22-07-2026,Day,10.8,2.8,19,Low,41,64,0.643,3
R008809,W116,P005,A04,23-07-2026,Day,10.3,2.3,27,Medium,47,72,0.655,4
R008810,W116,P005,A06,24-07-2026,Night,11.1,3.1,29,High,44,71,0.614,5
R008811,W116,P005,A04,25-07-2026,Day,10.5,2.5,35,Critical,55,90,0.606,6
R008812,W116,P005,A01,26-07-2026,Day,12.5,4.5,33,High,52,97,0.537,7
R008813,W116,P005,A09,27-07-2026,Day,10.6,2.6,26,Low,37,61,0.602,8
R008814,W116,P005,A05,28-07-2026,Day,12.2,4.2,34,High,41,68,0.599,9
R008815,W116,P005,A01,29-07-2026,Day,12.4,4.4,29,Low,41,77,0.528,10
R008816,W116,P005,A09,30-07-2026,Day,11.2,3.2,36,Medium,61,98,0.621,11
R008817,W116,P005,A08,31-07-2026,Day,11.8,3.8,28,High,38,66,0.572,12
R008818,W116,P005,A09,01-08-2026,Day,11.4,3.4,33,Medium,43,69,0.623,13
R008819,W116,P005,A01,03-08-2026,Day,11,3,35,Critical,52,95,0.547,1
R008820,W116,P005,A02,04-08-2026,Day,8.6,0.6,35,Medium,61,85,0.718,2
R008821,W116,P005,A09,05-08-2026,Day,10.6,2.6,41,Critical,51,74,0.686,3
R008822,W116,P005,A03,06-08-2026,Day,9.2,1.2,37,Medium,60,91,0.662,4
R008823,W116,P005,A07,07-08-2026,Night,10.3,2.3,40,High,50,62,0.801,5
R008824,W116,P005,A09,10-08-2026,Day,10.3,2.3,35,Critical,53,86,0.62,1
R008825,W116,P005,A05,11-08-2026,Day,10.2,2.2,23,Low,57,86,0.665,2
R008826,W116,P005,A08,12-08-2026,Day,11.3,3.3,27,Low,58,76,0.76,3
R008827,W116,P005,A07,13-08-2026,Day,11.5,3.5,30,High,63,96,0.66,4
R008828,W116,P005,A01,14-08-2026,Day,10.8,2.8,33,Critical,40,72,0.556,5
R008829,W116,P005,A03,15-08-2026,Day,12.1,4.1,30,Low,49,75,0.649,6
R008830,W116,P005,A02,16-08-2026,Day,9.4,1.4,39,High,51,75,0.682,7
R008831,W116,P005,A05,17-08-2026,Night,9.9,1.9,22,Medium,53,88,0.604,8
R008832,W116,P005,A01,18-08-2026,Day,11.4,3.4,26,Medium,45,67,0.671,9
R008833,W116,P005,A08,19-08-2026,Day,11,3,33,High,37,71,0.526,10
R008834,W116,P005,A06,20-08-2026,Day,9.8,1.8,37,Low,49,78,0.635,11
R008835,W116,P005,A04,21-08-2026,Day,11.4,3.4,36,Medium,47,83,0.569,12
R008836,W116,P005,A01,22-08-2026,Night,10.5,2.5,34,Medium,48,94,0.516,13
R008837,W116,P005,A02,24-08-2026,Night,10.3,2.3,37,Medium,44,68,0.645,1
R008838,W116,P005,A01,25-08-2026,Day,11.1,3.1,30,Low,58,83,0.694,2
R008839,W116,P005,A01,26-08-2026,Night,10.5,2.5,41,High,44,67,0.66,3
R008840,W116,P005,A04,27-08-2026,Day,10.4,2.4,35,Critical,48,71,0.675,4
R008841,W116,P005,A01,28-08-2026,Day,11.3,3.3,36,Critical,44,77,0.567,5
R008842,W116,P005,A04,29-08-2026,Day,10.9,2.9,33,Low,44,71,0.622,6
R008843,W117,P005,A04,01-06-2026,Day,9.5,1.5,34,Medium,55,69,0.803,1
R008844,W117,P005,A07,02-06-2026,Day,8.6,0.6,50,Medium,54,65,0.828,2
R008845,W117,P005,A08,03-06-2026,Night,9.3,1.3,47,Medium,53,69,0.773,3
R008846,W117,P005,A08,04-06-2026,Day,9.2,1.2,51,Medium,69,90,0.761,4
R008847,W117,P005,A08,05-06-2026,Day,9.7,1.7,36,Critical,52,82,0.637,5
R008848,W117,P005,A03,06-06-2026,Day,8.8,0.8,37,Medium,51,65,0.779,6
R008849,W117,P005,A06,08-06-2026,Day,11,3,41,High,65,98,0.664,1
R008850,W117,P005,A03,09-06-2026,Day,10.1,2.1,50,Medium,66,95,0.695,2
R008851,W117,P005,A03,10-06-2026,Day,9.2,1.2,32,High,62,91,0.678,3
R008852,W117,P005,A08,11-06-2026,Day,9.5,1.5,31,High,55,68,0.803,4
R008853,W117,P005,A09,12-06-2026,Day,10.5,2.5,32,Medium,39,64,0.615,5
R008854,W117,P005,A09,13-06-2026,Day,9,1,45,High,53,71,0.748,6
R008855,W117,P005,A09,15-06-2026,Day,10.8,2.8,47,Medium,65,84,0.777,1
R008856,W117,P005,A01,16-06-2026,Night,8.3,0.3,38,Medium,79,97,0.817,2
R008857,W117,P005,A04,18-06-2026,Day,13,5,33,Medium,58,96,0.602,1
R008858,W117,P005,A08,19-06-2026,Day,11.4,3.4,42,Low,56,89,0.629,2
R008859,W117,P005,A01,20-06-2026,Day,10.7,2.7,43,Critical,43,64,0.672,3
R008860,W117,P005,A06,22-06-2026,Day,9,1,34,High,48,69,0.699,1
R008861,W117,P005,A02,23-06-2026,Day,9.4,1.4,48,Low,62,83,0.748,2
R008862,W117,P005,A03,24-06-2026,Day,8.6,0.6,29,High,62,89,0.7,3
R008863,W117,P005,A06,25-06-2026,Day,11,3,36,High,49,83,0.587,4
R008864,W117,P005,A05,26-06-2026,Day,8.5,0.5,57,Low,59,80,0.739,5
R008865,W117,P005,A01,27-06-2026,Night,11,3,42,Critical,46,69,0.671,6
R008866,W117,P005,A07,29-06-2026,Day,10.5,2.5,37,Medium,58,73,0.79,1
R008867,W117,P005,A05,30-06-2026,Day,8,0,22,High,68,86,0.787,2
R008868,W117,P005,A03,01-07-2026,Day,8,0,34,Critical,64,82,0.784,3
R008869,W117,P005,A08,02-07-2026,Day,10.4,2.4,41,High,53,89,0.593,4
R008870,W117,P005,A03,04-07-2026,Night,8.8,0.8,25,Critical,59,90,0.652,1
R008871,W117,P005,A08,06-07-2026,Day,10.2,2.2,36,Medium,42,63,0.673,1
R008872,W117,P005,A09,07-07-2026,Day,12.1,4.1,28,Low,38,62,0.615,2
R008873,W117,P005,A03,08-07-2026,Day,9.2,1.2,45,High,67,92,0.726,3
R008874,W117,P005,A01,09-07-2026,Day,9.4,1.4,38,Low,75,95,0.789,4
R008875,W117,P005,A07,10-07-2026,Day,9.8,1.8,31,Medium,45,63,0.717,5
R008876,W117,P005,A09,11-07-2026,Day,9.6,1.6,40,High,57,82,0.698,6
R008877,W117,P005,A09,13-07-2026,Day,10,2,37,Low,47,62,0.757,1
R008878,W117,P005,A01,15-07-2026,Day,10.4,2.4,28,High,64,97,0.66,1
R008879,W117,P005,A09,16-07-2026,Day,9.7,1.7,38,Medium,57,79,0.726,2
R008880,W117,P005,A02,17-07-2026,Day,10.7,2.7,34,High,44,66,0.666,3
R008881,W117,P005,A01,19-07-2026,Day,11.2,3.2,42,High,55,90,0.615,1
R008882,W117,P005,A02,20-07-2026,Day,10.7,2.7,29,High,62,84,0.738,2
R008883,W117,P005,A03,21-07-2026,Day,12.4,4.4,32,High,51,71,0.716,3
R008884,W117,P005,A07,22-07-2026,Day,8.6,0.6,40,Critical,55,87,0.627,4
R008885,W117,P005,A02,23-07-2026,Day,10.2,2.2,48,Critical,50,82,0.614,5
R008886,W117,P005,A03,24-07-2026,Day,11.1,3.1,40,Low,59,80,0.743,6
R008887,W117,P005,A09,25-07-2026,Night,11.4,3.4,45,High,47,70,0.665,7
R008888,W117,P005,A09,27-07-2026,Day,9.6,1.6,42,High,62,89,0.692,1
R008889,W117,P005,A05,28-07-2026,Day,10,2,47,Medium,49,66,0.743,2
R008890,W117,P005,A07,29-07-2026,Night,9.1,1.1,46,Low,66,82,0.81,3
R008891,W117,P005,A03,30-07-2026,Day,9.4,1.4,41,Medium,56,79,0.707,4
R008892,W117,P005,A01,31-07-2026,Day,8,0,34,Medium,56,71,0.784,5
R008893,W117,P005,A04,01-08-2026,Day,10.4,2.4,41,High,68,97,0.7,6
R008894,W117,P005,A05,03-08-2026,Day,12.2,4.2,30,Medium,64,99,0.643,1
R008895,W117,P005,A08,04-08-2026,Day,11.7,3.7,34,Medium,54,75,0.714,2
R008896,W117,P005,A09,06-08-2026,Day,8.4,0.4,48,Medium,72,84,0.859,1
R008897,W117,P005,A04,07-08-2026,Day,12.6,4.6,43,Medium,71,96,0.74,2
R008898,W117,P005,A07,08-08-2026,Day,10.3,2.3,32,Medium,59,82,0.721,3
R008899,W117,P005,A07,10-08-2026,Night,9.7,1.7,37,High,66,89,0.74,1
R008900,W117,P005,A03,11-08-2026,Day,9.3,1.3,32,Low,54,81,0.661,2
R008901,W117,P005,A02,12-08-2026,Night,10.5,2.5,42,Medium,49,70,0.705,3
R008902,W117,P005,A09,13-08-2026,Day,8,0,22,Low,63,90,0.696,4
R008903,W117,P005,A01,14-08-2026,Day,10.7,2.7,38,High,45,71,0.634,5
R008904,W117,P005,A02,15-08-2026,Day,8,0,40,Medium,52,73,0.714,6
R008905,W117,P005,A03,16-08-2026,Day,10.7,2.7,33,Medium,70,99,0.712,7
R008906,W117,P005,A02,17-08-2026,Day,9.8,1.8,43,Medium,62,93,0.67,8
R008907,W117,P005,A05,18-08-2026,Day,11.1,3.1,41,Low,64,93,0.688,9
R008908,W117,P005,A07,19-08-2026,Day,10.2,2.2,36,High,37,70,0.536,10
R008909,W117,P005,A01,20-08-2026,Day,10.9,2.9,35,Low,71,94,0.752,11
R008910,W117,P005,A06,21-08-2026,Day,9.1,1.1,26,Low,50,68,0.74,12
R008911,W117,P005,A08,22-08-2026,Day,8.6,0.6,31,Medium,44,60,0.725,13
R008912,W117,P005,A05,23-08-2026,Day,10.7,2.7,42,Low,49,84,0.585,14
R008913,W117,P005,A03,24-08-2026,Night,9.9,1.9,55,High,58,80,0.727,15
R008914,W117,P005,A03,25-08-2026,Day,8.8,0.8,47,High,47,76,0.623,16
R008915,W117,P005,A09,26-08-2026,Day,8.5,0.5,30,Medium,55,83,0.665,17
R008916,W117,P005,A04,27-08-2026,Night,10.6,2.6,32,Medium,56,86,0.65,18
R008917,W117,P005,A05,28-08-2026,Day,10,2,36,High,37,63,0.586,19
R008918,W117,P005,A07,29-08-2026,Day,10.6,2.6,36,High,35,61,0.579,20
R008919,W118,P005,A07,01-06-2026,Day,8,0,36,High,81,99,0.814,1
R008920,W118,P005,A07,02-06-2026,Night,9.4,1.4,53,Medium,68,90,0.755,2
R008921,W118,P005,A04,03-06-2026,Day,8,0,41,Medium,74,97,0.759,3
R008922,W118,P005,A04,04-06-2026,Day,9.7,1.7,29,High,55,94,0.587,4
R008923,W118,P005,A01,05-06-2026,Day,8.6,0.6,35,Low,49,61,0.804,5
R008924,W118,P005,A03,06-06-2026,Day,9.4,1.4,40,High,52,66,0.789,6
R008925,W118,P005,A04,08-06-2026,Day,9.9,1.9,29,Critical,46,66,0.704,1
R008926,W118,P005,A01,09-06-2026,Day,9.7,1.7,41,Medium,59,78,0.762,2
R008927,W118,P005,A04,10-06-2026,Day,8.5,0.5,38,Medium,58,76,0.76,3
R008928,W118,P005,A03,11-06-2026,Night,8,0,48,High,65,90,0.717,4
R008929,W118,P005,A09,12-06-2026,Day,9.7,1.7,27,High,70,93,0.754,5
R008930,W118,P005,A05,13-06-2026,Day,10.3,2.3,53,Critical,58,89,0.656,6
R008931,W118,P005,A03,15-06-2026,Day,11.1,3.1,44,Medium,58,75,0.773,1
R008932,W118,P005,A06,16-06-2026,Night,11.1,3.1,40,High,46,70,0.662,2
R008933,W118,P005,A03,17-06-2026,Day,12.1,4.1,50,Medium,66,87,0.762,3
R008934,W118,P005,A08,18-06-2026,Night,11.1,3.1,41,Low,49,72,0.685,4
R008935,W118,P005,A02,20-06-2026,Day,8.5,0.5,53,Medium,72,94,0.768,1
R008936,W118,P005,A05,22-06-2026,Day,10.9,2.9,47,Medium,60,74,0.812,1
R008937,W118,P005,A05,23-06-2026,Day,9.6,1.6,40,Low,73,93,0.78,2
R008938,W118,P005,A09,24-06-2026,Night,10.4,2.4,11,Low,62,97,0.635,3
R008939,W118,P005,A07,25-06-2026,Day,9.7,1.7,39,Medium,69,96,0.721,4
R008940,W118,P005,A08,26-06-2026,Day,9.8,1.8,48,Low,48,62,0.779,5
R008941,W118,P005,A02,27-06-2026,Day,8,0,47,High,63,80,0.783,6
R008942,W118,P005,A03,29-06-2026,Day,8.4,0.4,47,Low,81,99,0.821,1
R008943,W118,P005,A03,01-07-2026,Day,9,1,38,Medium,49,62,0.788,1
R008944,W118,P005,A05,02-07-2026,Day,8.9,0.9,34,Medium,51,66,0.775,2
R008945,W118,P005,A07,03-07-2026,Day,9.3,1.3,45,Low,66,87,0.753,3
R008946,W118,P005,A01,04-07-2026,Day,10.2,2.2,30,Medium,41,63,0.657,4
R008947,W118,P005,A03,06-07-2026,Day,9.6,1.6,41,Low,61,79,0.767,1
R008948,W118,P005,A09,07-07-2026,Day,10.2,2.2,26,Medium,55,69,0.796,2
R008949,W118,P005,A06,08-07-2026,Day,10.2,2.2,37,Critical,68,97,0.697,3
R008950,W118,P005,A09,09-07-2026,Day,9.5,1.5,45,Medium,56,77,0.731,4
R008951,W118,P005,A08,10-07-2026,Day,9.6,1.6,36,Low,60,77,0.776,5
R008952,W118,P005,A05,13-07-2026,Day,10,2,32,High,43,70,0.62,1
R008953,W118,P005,A01,14-07-2026,Day,8.9,0.9,36,Low,70,87,0.8,2
R008954,W118,P005,A07,15-07-2026,Day,9.2,1.2,49,Critical,47,68,0.685,3
R008955,W118,P005,A02,16-07-2026,Day,10.1,2.1,33,Medium,64,88,0.726,4
R008956,W118,P005,A09,17-07-2026,Day,9.1,1.1,58,Medium,69,89,0.777,5
R008957,W118,P005,A08,18-07-2026,Day,10.6,2.6,50,Medium,74,93,0.794,6
R008958,W118,P005,A04,21-07-2026,Day,8,0,45,Low,58,73,0.792,1
R008959,W118,P005,A06,22-07-2026,Day,10.9,2.9,42,Low,52,69,0.754,2
R008960,W118,P005,A09,23-07-2026,Day,8.4,0.4,32,High,62,80,0.774,3
R008961,W118,P005,A03,24-07-2026,Day,9.8,1.8,39,Medium,56,87,0.649,4
R008962,W118,P005,A04,25-07-2026,Day,8.2,0.2,35,High,70,97,0.721,5
R008963,W118,P005,A07,27-07-2026,Day,9.4,1.4,38,Medium,54,72,0.755,1
R008964,W118,P005,A05,28-07-2026,Day,10.9,2.9,51,Medium,58,73,0.801,2
R008965,W118,P005,A01,29-07-2026,Night,10.2,2.2,45,Medium,52,68,0.767,3
R008966,W118,P005,A07,30-07-2026,Day,9.6,1.6,43,Medium,51,61,0.839,4
R008967,W118,P005,A01,31-07-2026,Night,9.9,1.9,35,Low,59,78,0.762,5
R008968,W118,P005,A04,01-08-2026,Day,9.2,1.2,36,Low,71,98,0.726,6
R008969,W118,P005,A09,03-08-2026,Day,8,0,41,Medium,52,70,0.747,1
R008970,W118,P005,A01,05-08-2026,Night,8,0,48,Medium,57,64,0.897,1
R008971,W118,P005,A04,06-08-2026,Day,9.6,1.6,34,High,66,90,0.735,2
R008972,W118,P005,A06,07-08-2026,Day,8.8,0.8,49,Medium,54,62,0.877,3
R008973,W118,P005,A05,08-08-2026,Day,9.1,1.1,39,High,46,64,0.713,4
R008974,W118,P005,A07,10-08-2026,Day,9.8,1.8,34,Critical,52,83,0.627,1
R008975,W118,P005,A01,11-08-2026,Day,8.5,0.5,39,Critical,57,78,0.73,2
R008976,W118,P005,A03,12-08-2026,Day,8.9,0.9,32,Low,63,76,0.835,3
R008977,W118,P005,A09,13-08-2026,Day,11.1,3.1,52,High,44,63,0.696,4
R008978,W118,P005,A04,14-08-2026,Day,10.1,2.1,50,Critical,68,92,0.743,5
R008979,W118,P005,A03,15-08-2026,Day,9.5,1.5,48,Medium,48,69,0.698,6
R008980,W118,P005,A01,17-08-2026,Day,9.7,1.7,36,Medium,61,89,0.684,1
R008981,W118,P005,A02,18-08-2026,Night,8.8,0.8,49,Medium,66,88,0.755,2
R008982,W118,P005,A03,19-08-2026,Day,9.6,1.6,45,High,69,82,0.846,3
R008983,W118,P005,A09,20-08-2026,Day,9.6,1.6,36,Medium,70,97,0.721,4
R008984,W118,P005,A04,21-08-2026,Day,11.1,3.1,38,Medium,45,73,0.614,5
R008985,W118,P005,A01,22-08-2026,Night,8,0,32,Low,53,70,0.761,6
R008986,W118,P005,A02,24-08-2026,Night,9.3,1.3,51,Medium,71,93,0.762,1
R008987,W118,P005,A07,25-08-2026,Day,10.2,2.2,47,Medium,67,87,0.773,2
R008988,W118,P005,A05,26-08-2026,Day,9,1,50,Low,81,99,0.821,3
R008989,W118,P005,A06,27-08-2026,Day,10.8,2.8,50,Medium,46,61,0.754,4
R008990,W118,P005,A02,28-08-2026,Day,9.5,1.5,57,Medium,72,91,0.786,5
R008991,W119,P003,A03,01-06-2026,Day,10,2,38,High,49,68,0.72,1
R008992,W119,P003,A07,02-06-2026,Night,10.3,2.3,41,Low,54,72,0.751,2
R008993,W119,P003,A03,05-06-2026,Day,8,0,49,Medium,51,60,0.857,1
R008994,W119,P003,A08,06-06-2026,Day,9.3,1.3,43,Medium,75,93,0.808,2
R008995,W119,P003,A09,09-06-2026,Day,11.7,3.7,37,Critical,49,68,0.727,1
R008996,W119,P003,A07,10-06-2026,Day,10.4,2.4,34,Medium,51,67,0.765,2
R008997,W119,P003,A07,11-06-2026,Day,9.2,1.2,48,Low,60,71,0.839,3
R008998,W119,P003,A07,12-06-2026,Day,10.8,2.8,29,High,55,84,0.655,4
R008999,W119,P003,A06,13-06-2026,Day,10.4,2.4,38,High,62,84,0.741,5
R009000,W119,P003,A07,15-06-2026,Day,8,0,36,Low,66,77,0.86,1
R009001,W119,P003,A01,16-06-2026,Day,9.1,1.1,53,High,68,94,0.719,2
R009002,W119,P003,A05,17-06-2026,Day,8.2,0.2,32,Low,59,74,0.796,3
R009003,W119,P003,A08,18-06-2026,Day,9.9,1.9,34,Medium,46,72,0.632,4
R009004,W119,P003,A04,19-06-2026,Day,9.8,1.8,42,Medium,79,98,0.802,5
R009005,W119,P003,A02,20-06-2026,Night,10.4,2.4,26,High,54,80,0.677,6
R009006,W119,P003,A04,22-06-2026,Day,10.9,2.9,40,Low,51,73,0.695,1
R009007,W119,P003,A09,23-06-2026,Day,8.2,0.2,27,High,52,80,0.654,2
R009008,W119,P003,A08,24-06-2026,Night,8.9,0.9,43,Medium,73,99,0.733,3
R009009,W119,P003,A01,25-06-2026,Day,9.3,1.3,45,Low,58,85,0.677,4
R009010,W119,P003,A01,26-06-2026,Day,9.8,1.8,40,Medium,47,66,0.713,5
R009011,W119,P003,A09,27-06-2026,Day,9.3,1.3,45,Medium,67,95,0.702,6
R009012,W119,P003,A08,29-06-2026,Day,9.4,1.4,31,Medium,52,67,0.775,1
R009013,W119,P003,A04,30-06-2026,Day,10.8,2.8,35,Medium,71,95,0.752,2
R009014,W119,P003,A02,01-07-2026,Day,11.7,3.7,34,Low,49,67,0.735,3
R009015,W119,P003,A05,02-07-2026,Day,10.6,2.6,41,High,73,98,0.743,4
R009016,W119,P003,A05,03-07-2026,Night,9.6,1.6,38,Low,45,64,0.705,5
R009017,W119,P003,A02,04-07-2026,Day,8.6,0.6,33,Medium,55,76,0.72,6
R009018,W119,P003,A05,05-07-2026,Day,9.7,1.7,42,High,43,60,0.721,7
R009019,W119,P003,A03,06-07-2026,Day,8.4,0.4,42,High,54,74,0.726,8
R009020,W119,P003,A06,07-07-2026,Day,9.8,1.8,32,Medium,63,87,0.723,9
R009021,W119,P003,A07,08-07-2026,Day,8.2,0.2,32,High,41,63,0.651,10
R009022,W119,P003,A03,09-07-2026,Day,9.6,1.6,45,Medium,63,94,0.668,11
R009023,W119,P003,A02,10-07-2026,Day,8.3,0.3,49,Low,69,86,0.803,12
R009024,W119,P003,A04,11-07-2026,Day,10.4,2.4,40,Critical,51,75,0.683,13
R009025,W119,P003,A02,13-07-2026,Night,8.5,0.5,41,Low,66,91,0.729,1
R009026,W119,P003,A02,14-07-2026,Day,8,0,50,Medium,62,74,0.832,2
R009027,W119,P003,A08,15-07-2026,Day,10.4,2.4,32,High,61,92,0.662,3
R009028,W119,P003,A07,16-07-2026,Night,8.4,0.4,31,High,64,90,0.712,4
R009029,W119,P003,A06,17-07-2026,Day,8.8,0.8,43,Medium,68,86,0.796,5
R009030,W119,P003,A01,18-07-2026,Day,9.3,1.3,32,Medium,48,60,0.8,6
R009031,W119,P003,A06,20-07-2026,Day,10.3,2.3,34,High,63,82,0.766,1
R009032,W119,P003,A08,21-07-2026,Day,10.5,2.5,30,High,48,82,0.582,2
R009033,W119,P003,A02,22-07-2026,Day,11.8,3.8,35,Critical,61,88,0.689,3
R009034,W119,P003,A08,23-07-2026,Day,9.1,1.1,43,Medium,70,91,0.772,4
R009035,W119,P003,A07,24-07-2026,Day,8.6,0.6,42,Low,52,70,0.747,5
R009036,W119,P003,A01,25-07-2026,Day,10.4,2.4,22,Medium,47,65,0.721,6
R009037,W119,P003,A03,27-07-2026,Night,9.1,1.1,43,Medium,48,64,0.745,1
R009038,W119,P003,A06,28-07-2026,Day,8.5,0.5,23,Medium,47,62,0.761,2
R009039,W119,P003,A07,29-07-2026,Day,9.5,1.5,45,Medium,59,71,0.833,3
R009040,W119,P003,A01,30-07-2026,Day,8.7,0.7,23,Medium,69,88,0.789,4
R009041,W119,P003,A05,31-07-2026,Night,9.7,1.7,46,Low,57,71,0.803,5
R009042,W119,P003,A06,01-08-2026,Night,9.7,1.7,36,High,56,83,0.674,6
R009043,W119,P003,A07,03-08-2026,Day,8.1,0.1,38,Low,49,63,0.784,1
R009044,W119,P003,A03,04-08-2026,Night,8.6,0.6,44,Medium,76,98,0.777,2
R009045,W119,P003,A02,05-08-2026,Day,10,2,31,Low,39,60,0.658,3
R009046,W119,P003,A01,07-08-2026,Day,8.6,0.6,39,Low,50,62,0.808,1
R009047,W119,P003,A04,08-08-2026,Day,11.4,3.4,36,Low,56,74,0.76,2
R009048,W119,P003,A04,10-08-2026,Day,8.6,0.6,39,Medium,84,93,0.902,1
R009049,W119,P003,A02,11-08-2026,Day,9.9,1.9,52,Low,75,93,0.809,2
R009050,W119,P003,A08,12-08-2026,Day,9.3,1.3,45,Medium,55,69,0.804,3
R009051,W119,P003,A05,13-08-2026,Day,11.5,3.5,45,High,51,74,0.686,4
R009052,W119,P003,A06,14-08-2026,Day,9.1,1.1,48,Medium,66,86,0.77,5
R009053,W119,P003,A06,17-08-2026,Day,9.8,1.8,34,Medium,69,91,0.754,1
R009054,W119,P003,A02,18-08-2026,Day,10.1,2.1,43,Low,52,72,0.726,2
R009055,W119,P003,A01,19-08-2026,Day,10,2,57,High,42,60,0.701,3
R009056,W119,P003,A04,20-08-2026,Night,9.4,1.4,32,Medium,71,95,0.749,4
R009057,W119,P003,A08,21-08-2026,Day,9.3,1.3,27,Medium,47,66,0.712,5
R009058,W119,P003,A01,22-08-2026,Day,10,2,29,Medium,47,74,0.637,6
R009059,W119,P003,A06,24-08-2026,Day,11.3,3.3,33,High,73,92,0.791,1
R009060,W119,P003,A07,26-08-2026,Day,9.6,1.6,34,Medium,52,68,0.763,1
R009061,W119,P003,A05,28-08-2026,Day,10.5,2.5,26,High,53,86,0.616,1
R009062,W119,P003,A02,29-08-2026,Day,10.7,2.7,37,High,58,80,0.723,2
R009063,W120,P004,A02,01-06-2026,Day,8.7,0.7,40,Medium,87,99,0.875,1
R009064,W120,P004,A08,02-06-2026,Day,10.2,2.2,38,High,42,63,0.667,2
R009065,W120,P004,A03,03-06-2026,Day,9.3,1.3,37,Low,50,63,0.788,3
R009066,W120,P004,A09,04-06-2026,Day,9.6,1.6,36,Medium,66,94,0.707,4
R009067,W120,P004,A02,05-06-2026,Day,8.5,0.5,45,Low,76,94,0.808,5
R009068,W120,P004,A09,06-06-2026,Day,11.1,3.1,42,High,45,67,0.677,6
R009069,W120,P004,A04,09-06-2026,Night,8,0,43,Low,79,94,0.841,1
R009070,W120,P004,A02,10-06-2026,Day,9.3,1.3,37,High,72,98,0.732,2
R009071,W120,P004,A02,11-06-2026,Day,9.7,1.7,28,Medium,50,61,0.813,3
R009072,W120,P004,A09,13-06-2026,Day,10.5,2.5,40,Medium,62,86,0.717,1
R009073,W120,P004,A05,15-06-2026,Day,10,2,28,High,69,88,0.784,1
R009074,W120,P004,A01,16-06-2026,Day,8.6,0.6,34,Low,62,89,0.696,2
R009075,W120,P004,A03,17-06-2026,Night,10.7,2.7,54,Medium,56,83,0.67,3
R009076,W120,P004,A06,18-06-2026,Night,9.4,1.4,36,Medium,61,78,0.776,4
R009077,W120,P004,A07,19-06-2026,Day,10.3,2.3,40,Medium,67,90,0.742,5
R009078,W120,P004,A02,22-06-2026,Day,8.5,0.5,38,Low,68,84,0.814,1
R009079,W120,P004,A06,23-06-2026,Day,10.1,2.1,40,Low,59,74,0.791,2
R009080,W120,P004,A04,24-06-2026,Day,9.8,1.8,40,High,57,87,0.655,3
R009081,W120,P004,A09,25-06-2026,Day,9.6,1.6,54,Critical,57,86,0.66,4
R009082,W120,P004,A04,26-06-2026,Day,10.2,2.2,56,High,55,66,0.84,5
R009083,W120,P004,A06,27-06-2026,Day,8.4,0.4,54,Medium,66,91,0.729,6
R009084,W120,P004,A04,29-06-2026,Day,8,0,42,Low,77,97,0.794,1
R009085,W120,P004,A08,30-06-2026,Day,10.4,2.4,39,Medium,58,91,0.633,2
R009086,W120,P004,A01,01-07-2026,Day,8.5,0.5,41,Low,65,81,0.802,3
R009087,W120,P004,A01,02-07-2026,Night,10.6,2.6,48,Low,51,81,0.632,4
R009088,W120,P004,A03,03-07-2026,Day,9.4,1.4,48,Low,50,64,0.775,5
R009089,W120,P004,A09,04-07-2026,Day,9,1,47,Low,51,77,0.658,6
R009090,W120,P004,A04,06-07-2026,Day,10.5,2.5,41,Low,56,77,0.733,1
R009091,W120,P004,A06,07-07-2026,Night,10,2,19,Medium,44,63,0.703,2
R009092,W120,P004,A03,08-07-2026,Day,9.6,1.6,44,Medium,55,69,0.791,3
R009093,W120,P004,A09,09-07-2026,Day,9.1,1.1,32,Low,67,95,0.71,4
R009094,W120,P004,A05,10-07-2026,Day,8.8,0.8,39,Low,44,60,0.731,5
R009095,W120,P004,A08,11-07-2026,Day,10.5,2.5,55,Low,47,66,0.717,6
R009096,W120,P004,A02,13-07-2026,Night,10.5,2.5,39,Medium,51,69,0.742,1
R009097,W120,P004,A03,14-07-2026,Day,8.7,0.7,39,Medium,53,72,0.741,2
R009098,W120,P004,A08,15-07-2026,Day,8.5,0.5,29,Medium,55,82,0.674,3
R009099,W120,P004,A06,16-07-2026,Day,10.2,2.2,34,Low,50,66,0.755,4
R009100,W120,P004,A08,17-07-2026,Day,9.9,1.9,48,High,59,78,0.755,5
R009101,W120,P004,A08,18-07-2026,Day,11.3,3.3,36,Medium,52,68,0.762,6
R009102,W120,P004,A01,20-07-2026,Day,9.5,1.5,46,Medium,59,72,0.826,1
R009103,W120,P004,A01,21-07-2026,Night,11.8,3.8,39,Low,64,97,0.657,2
R009104,W120,P004,A05,22-07-2026,Day,9,1,44,Low,43,64,0.67,3
R009105,W120,P004,A02,23-07-2026,Day,9.2,1.2,35,High,49,64,0.762,4
R009106,W120,P004,A06,24-07-2026,Day,8.8,0.8,27,Critical,49,76,0.645,5
R009107,W120,P004,A07,25-07-2026,Day,10.5,2.5,60,Low,79,98,0.803,6
R009108,W120,P004,A08,26-07-2026,Night,10.6,2.6,43,Critical,47,71,0.659,7
R009109,W120,P004,A05,27-07-2026,Night,10.8,2.8,33,Low,58,74,0.781,8
R009110,W120,P004,A01,28-07-2026,Day,8,0,28,Low,59,72,0.825,9
R009111,W120,P004,A02,29-07-2026,Day,8.9,0.9,40,Critical,55,85,0.65,10
R009112,W120,P004,A05,30-07-2026,Day,9.6,1.6,40,Medium,54,81,0.672,11
R009113,W120,P004,A06,31-07-2026,Day,10.3,2.3,39,High,52,81,0.647,12
R009114,W120,P004,A02,01-08-2026,Day,10,2,44,Low,50,69,0.727,13
R009115,W120,P004,A09,03-08-2026,Day,8.2,0.2,31,Critical,66,84,0.782,1
R009116,W120,P004,A08,04-08-2026,Day,12.1,4.1,48,Medium,60,80,0.755,2
R009117,W120,P004,A03,05-08-2026,Day,8.8,0.8,39,Medium,69,90,0.768,3
R009118,W120,P004,A09,06-08-2026,Day,10.3,2.3,43,High,72,94,0.763,4
R009119,W120,P004,A03,07-08-2026,Day,8,0,29,High,57,81,0.701,5
R009120,W120,P004,A01,08-08-2026,Day,9.3,1.3,46,Critical,66,96,0.688,6
R009121,W120,P004,A09,10-08-2026,Night,8,0,41,Medium,61,83,0.734,1
R009122,W120,P004,A06,11-08-2026,Day,8,0,48,Medium,53,66,0.809,2
R009123,W120,P004,A04,12-08-2026,Night,10.1,2.1,43,Low,47,62,0.752,3
R009124,W120,P004,A01,13-08-2026,Day,9.1,1.1,22,Medium,41,63,0.655,4
R009125,W120,P004,A05,14-08-2026,Day,11,3,43,Low,53,69,0.766,5
R009126,W120,P004,A04,15-08-2026,Day,11.4,3.4,41,Low,55,74,0.737,6
R009127,W120,P004,A07,16-08-2026,Day,9.5,1.5,30,Medium,78,98,0.792,7
R009128,W120,P004,A04,18-08-2026,Day,11,3,31,Low,57,71,0.803,1
R009129,W120,P004,A09,19-08-2026,Day,10.4,2.4,31,High,74,93,0.793,2
R009130,W120,P004,A08,20-08-2026,Day,8,0,48,High,74,97,0.767,3
R009131,W120,P004,A08,21-08-2026,Day,10.9,2.9,41,Medium,48,63,0.761,4
R009132,W120,P004,A04,22-08-2026,Day,8.3,0.3,34,High,43,68,0.633,5
R009133,W120,P004,A03,23-08-2026,Day,8.9,0.9,31,Low,54,67,0.808,6
R009134,W120,P004,A04,24-08-2026,Day,9.3,1.3,55,Low,65,80,0.807,7
R009135,W120,P004,A03,25-08-2026,Night,9.7,1.7,37,Critical,49,73,0.666,8
R009136,W120,P004,A06,26-08-2026,Night,9.6,1.6,33,Critical,49,74,0.664,9
R009137,W120,P004,A06,27-08-2026,Day,9.3,1.3,47,Medium,63,81,0.772,10
R009138,W120,P004,A01,28-08-2026,Day,9.2,1.2,43,High,55,68,0.804,11
R009139,W120,P004,A04,29-08-2026,Day,9.9,1.9,38,Low,55,90,0.612,12
R009140,W121,P006,A09,01-06-2026,Day,9.1,1.1,34,Low,61,76,0.796,1
R009141,W121,P006,A05,02-06-2026,Day,9,1,38,Medium,62,78,0.793,2
R009142,W121,P006,A09,03-06-2026,Night,9.2,1.2,41,Medium,62,82,0.759,3
R009143,W121,P006,A09,04-06-2026,Day,9.8,1.8,26,Medium,52,74,0.709,4
R009144,W121,P006,A03,05-06-2026,Day,8.4,0.4,31,Low,75,87,0.857,5
R009145,W121,P006,A01,06-06-2026,Day,8.9,0.9,50,Low,61,83,0.734,6
R009146,W121,P006,A05,08-06-2026,Day,8.4,0.4,30,Low,81,97,0.832,1
R009147,W121,P006,A03,09-06-2026,Day,11.1,3.1,33,Low,48,62,0.781,2
R009148,W121,P006,A01,10-06-2026,Day,8.6,0.6,41,Low,61,76,0.8,3
R009149,W121,P006,A07,11-06-2026,Day,9.1,1.1,37,Low,64,77,0.829,4
R009150,W121,P006,A08,12-06-2026,Day,10.5,2.5,30,Medium,57,80,0.708,5
R009151,W121,P006,A07,13-06-2026,Day,8,0,41,Medium,67,92,0.731,6
R009152,W121,P006,A01,15-06-2026,Night,8.1,0.1,54,Medium,62,76,0.811,1
R009153,W121,P006,A02,16-06-2026,Day,10.4,2.4,54,Low,76,87,0.876,2
R009154,W121,P006,A09,17-06-2026,Day,8.5,0.5,32,Medium,43,65,0.658,3
R009155,W121,P006,A02,18-06-2026,Night,9.3,1.3,43,Low,50,63,0.795,4
R009156,W121,P006,A09,19-06-2026,Day,11.1,3.1,45,High,74,99,0.749,5
R009157,W121,P006,A01,20-06-2026,Day,8.1,0.1,39,Low,76,89,0.851,6
R009158,W121,P006,A03,22-06-2026,Day,9.4,1.4,32,High,49,63,0.773,1
R009159,W121,P006,A07,23-06-2026,Day,10.4,2.4,54,Medium,63,80,0.79,2
R009160,W121,P006,A02,24-06-2026,Day,8,0,32,Low,69,81,0.852,3
R009161,W121,P006,A09,25-06-2026,Day,10.4,2.4,50,Low,75,92,0.815,4
R009162,W121,P006,A06,26-06-2026,Day,9.8,1.8,41,Low,49,62,0.797,5
R009163,W121,P006,A06,27-06-2026,Day,8,0,56,Medium,58,75,0.775,6
R009164,W121,P006,A07,29-06-2026,Day,9.3,1.3,28,Medium,58,84,0.693,1
R009165,W121,P006,A02,30-06-2026,Day,9.4,1.4,57,Critical,46,61,0.758,2
R009166,W121,P006,A01,01-07-2026,Day,10,2,51,Low,74,89,0.833,3
R009167,W121,P006,A07,02-07-2026,Day,8,0,52,High,59,72,0.815,4
R009168,W121,P006,A01,03-07-2026,Day,8.6,0.6,32,Critical,53,74,0.716,5
R009169,W121,P006,A07,04-07-2026,Day,9.1,1.1,35,Critical,54,70,0.775,6
R009170,W121,P006,A02,06-07-2026,Night,8,0,39,Low,62,78,0.799,1
R009171,W121,P006,A02,07-07-2026,Day,8.6,0.6,35,Medium,55,66,0.839,2
R009172,W121,P006,A08,08-07-2026,Night,10.2,2.2,31,Critical,47,64,0.737,3
R009173,W121,P006,A09,09-07-2026,Day,11.1,3.1,49,Medium,67,86,0.775,4
R009174,W121,P006,A08,10-07-2026,Day,8,0,54,Medium,65,80,0.811,5
R009175,W121,P006,A06,11-07-2026,Day,10.4,2.4,33,Medium,64,81,0.796,6
R009176,W121,P006,A02,13-07-2026,Night,10.8,2.8,50,Medium,58,76,0.763,1
R009177,W121,P006,A07,14-07-2026,Night,11.2,3.2,48,Low,60,76,0.786,2
R009178,W121,P006,A09,15-07-2026,Day,8,0,39,Low,71,85,0.83,3
R009179,W121,P006,A07,16-07-2026,Day,9.4,1.4,47,High,76,93,0.822,4
R009180,W121,P006,A05,17-07-2026,Night,9.9,1.9,39,Low,59,75,0.793,5
R009181,W121,P006,A05,18-07-2026,Day,9.3,1.3,40,Medium,74,96,0.772,6
R009182,W121,P006,A08,19-07-2026,Day,8.9,0.9,50,Low,66,80,0.822,7
R009183,W121,P006,A01,20-07-2026,Night,8.5,0.5,31,Low,59,88,0.667,8
R009184,W121,P006,A03,21-07-2026,Night,9.7,1.7,51,Medium,50,66,0.762,9
R009185,W121,P006,A01,22-07-2026,Night,9.4,1.4,34,Medium,42,66,0.63,10
R009186,W121,P006,A07,23-07-2026,Day,9,1,45,Medium,70,98,0.717,11
R009187,W121,P006,A03,24-07-2026,Day,9.3,1.3,55,High,64,87,0.732,12
R009188,W121,P006,A04,25-07-2026,Day,8.1,0.1,31,Low,52,74,0.705,13
R009189,W121,P006,A01,27-07-2026,Day,8.6,0.6,46,Medium,62,73,0.855,1
R009190,W121,P006,A01,28-07-2026,Day,10.1,2.1,43,High,49,67,0.731,2
R009191,W121,P006,A02,29-07-2026,Day,10.3,2.3,50,Low,46,60,0.763,3
R009192,W121,P006,A01,30-07-2026,Day,8.9,0.9,60,Low,64,73,0.878,4
R009193,W121,P006,A05,31-07-2026,Day,9.8,1.8,38,Low,47,68,0.687,5
R009194,W121,P006,A08,01-08-2026,Day,8.8,0.8,40,High,68,89,0.761,6
R009195,W121,P006,A05,03-08-2026,Day,9.6,1.6,31,Low,66,85,0.782,1
R009196,W121,P006,A08,04-08-2026,Night,8.6,0.6,49,Low,62,75,0.821,2
R009197,W121,P006,A01,05-08-2026,Night,9.5,1.5,48,Low,63,87,0.72,3
R009198,W121,P006,A09,06-08-2026,Day,9,1,48,Medium,66,81,0.821,4
R009199,W121,P006,A06,07-08-2026,Night,9,1,32,Medium,61,77,0.79,5
R009200,W121,P006,A09,08-08-2026,Day,8.4,0.4,50,High,64,80,0.806,6
R009201,W121,P006,A01,10-08-2026,Day,8.1,0.1,43,Low,50,64,0.78,1
R009202,W121,P006,A09,11-08-2026,Day,8,0,48,High,59,79,0.749,2
R009203,W121,P006,A04,12-08-2026,Day,9.8,1.8,43,Low,57,76,0.753,3
R009204,W121,P006,A03,13-08-2026,Day,8.9,0.9,55,Low,80,90,0.885,4
R009205,W121,P006,A03,14-08-2026,Day,9.2,1.2,43,Low,66,81,0.811,5
R009206,W121,P006,A05,15-08-2026,Day,9.6,1.6,45,Medium,58,74,0.788,6
R009207,W121,P006,A04,17-08-2026,Day,9.9,1.9,40,Medium,53,67,0.794,1
R009208,W121,P006,A03,18-08-2026,Day,8.2,0.2,45,Medium,75,96,0.777,2
R009209,W121,P006,A08,19-08-2026,Day,8.2,0.2,35,Low,66,78,0.843,3
R009210,W121,P006,A08,20-08-2026,Day,9.4,1.4,42,High,61,80,0.766,4
R009211,W121,P006,A08,21-08-2026,Day,9.6,1.6,43,Medium,56,70,0.807,5
R009212,W121,P006,A07,22-08-2026,Day,9.4,1.4,42,Medium,75,92,0.816,6
R009213,W121,P006,A04,24-08-2026,Day,9.6,1.6,51,Medium,62,70,0.89,1
R009214,W121,P006,A02,25-08-2026,Day,9.7,1.7,49,Medium,44,61,0.715,2
R009215,W121,P006,A09,26-08-2026,Day,9,1,42,High,59,75,0.79,3
R009216,W121,P006,A03,27-08-2026,Day,9.4,1.4,36,High,64,82,0.783,4
R009217,W121,P006,A05,28-08-2026,Day,9,1,51,Medium,74,84,0.878,5
R009218,W121,P006,A05,29-08-2026,Day,8.7,0.7,49,High,50,67,0.744,6
R009219,W122,P003,A04,01-06-2026,Day,9.4,1.4,38,High,45,65,0.692,1
R009220,W122,P003,A07,02-06-2026,Day,10.8,2.8,29,High,64,94,0.681,2
R009221,W122,P003,A09,03-06-2026,Day,11.9,3.9,14,Medium,42,81,0.524,3
R009222,W122,P003,A03,04-06-2026,Day,10.6,2.6,27,Critical,44,72,0.605,4
R009223,W122,P003,A01,05-06-2026,Day,11.8,3.8,36,Medium,39,64,0.606,5
R009224,W122,P003,A01,06-06-2026,Day,11.2,3.2,34,Medium,54,93,0.584,6
R009225,W122,P003,A04,08-06-2026,Day,10.3,2.3,41,Low,57,79,0.72,1
R009226,W122,P003,A05,09-06-2026,Day,10.9,2.9,26,Low,39,65,0.601,2
R009227,W122,P003,A09,10-06-2026,Day,9.7,1.7,36,Low,39,61,0.639,3
R009228,W122,P003,A02,11-06-2026,Day,10.7,2.7,29,Low,59,87,0.68,4
R009229,W122,P003,A03,12-06-2026,Day,12.8,4.8,12,High,45,78,0.573,5
R009230,W122,P003,A04,13-06-2026,Day,11.7,3.7,26,High,46,72,0.642,6
R009231,W122,P003,A04,14-06-2026,Day,11.3,3.3,35,Critical,47,76,0.619,7
R009232,W122,P003,A06,15-06-2026,Day,10.7,2.7,33,Medium,42,69,0.609,8
R009233,W122,P003,A08,16-06-2026,Day,10.9,2.9,25,High,33,64,0.515,9
R009234,W122,P003,A01,17-06-2026,Night,10.5,2.5,31,Low,45,62,0.724,10
R009235,W122,P003,A08,18-06-2026,Day,11.3,3.3,21,Low,50,83,0.607,11
R009236,W122,P003,A04,19-06-2026,Day,11.1,3.1,16,High,52,89,0.582,12
R009237,W122,P003,A01,20-06-2026,Day,11.8,3.8,24,Medium,45,74,0.606,13
R009238,W122,P003,A02,22-06-2026,Day,9.4,1.4,43,Medium,54,73,0.743,1
R009239,W122,P003,A01,24-06-2026,Day,11.7,3.7,30,Medium,43,76,0.571,1
R009240,W122,P003,A07,25-06-2026,Day,10,2,38,High,48,73,0.655,2
R009241,W122,P003,A07,26-06-2026,Day,10.4,2.4,16,Medium,37,62,0.597,3
R009242,W122,P003,A03,27-06-2026,Night,12,4,37,Critical,44,72,0.616,4
R009243,W122,P003,A07,29-06-2026,Day,9.6,1.6,35,Medium,63,87,0.729,1
R009244,W122,P003,A02,30-06-2026,Night,10.3,2.3,31,High,38,60,0.63,2
R009245,W122,P003,A03,01-07-2026,Day,11.5,3.5,34,Medium,40,61,0.661,3
R009246,W122,P003,A02,02-07-2026,Day,8.9,0.9,29,Critical,60,92,0.655,4
R009247,W122,P003,A04,03-07-2026,Day,11.6,3.6,26,Medium,58,93,0.619,5
R009248,W122,P003,A04,04-07-2026,Day,10.7,2.7,54,High,55,82,0.666,6
R009249,W122,P003,A06,06-07-2026,Day,10.8,2.8,33,Medium,56,85,0.655,1
R009250,W122,P003,A05,07-07-2026,Day,10.3,2.3,36,Medium,63,95,0.662,2
R009251,W122,P003,A01,08-07-2026,Day,9.8,1.8,28,Medium,55,79,0.696,3
R009252,W122,P003,A07,09-07-2026,Day,11.1,3.1,31,Medium,68,98,0.69,4
R009253,W122,P003,A04,10-07-2026,Day,12.1,4.1,30,Medium,47,80,0.593,5
R009254,W122,P003,A07,11-07-2026,Night,11.6,3.6,32,Low,51,83,0.613,6
R009255,W122,P003,A06,14-07-2026,Day,11.1,3.1,37,Low,55,80,0.681,1
R009256,W122,P003,A05,15-07-2026,Day,11.2,3.2,38,Medium,53,82,0.645,2
R009257,W122,P003,A05,16-07-2026,Night,10.4,2.4,27,Critical,55,81,0.678,3
R009258,W122,P003,A08,17-07-2026,Night,9.7,1.7,38,Low,68,86,0.787,4
R009259,W122,P003,A03,18-07-2026,Day,10.5,2.5,34,High,56,94,0.596,5
R009260,W122,P003,A04,20-07-2026,Night,10.5,2.5,46,Medium,62,79,0.789,1
R009261,W122,P003,A09,21-07-2026,Day,10.1,2.1,27,Low,53,75,0.706,2
R009262,W122,P003,A05,22-07-2026,Day,11.7,3.7,30,Medium,51,74,0.689,3
R009263,W122,P003,A03,23-07-2026,Day,10.7,2.7,25,Low,60,88,0.679,4
R009264,W122,P003,A08,24-07-2026,Day,10.2,2.2,34,Medium,55,85,0.643,5
R009265,W122,P003,A02,25-07-2026,Day,11.1,3.1,30,Low,41,64,0.642,6
R009266,W122,P003,A01,27-07-2026,Day,10.2,2.2,42,High,69,99,0.7,1
R009267,W122,P003,A07,28-07-2026,Night,9.8,1.8,27,Medium,67,97,0.689,2
R009268,W122,P003,A04,29-07-2026,Night,12,4,34,Low,57,87,0.659,3
R009269,W122,P003,A07,30-07-2026,Day,11.5,3.5,35,Medium,49,76,0.646,4
R009270,W122,P003,A08,31-07-2026,Night,11.4,3.4,13,Medium,48,67,0.72,5
R009271,W122,P003,A02,01-08-2026,Day,9.1,1.1,37,Low,49,80,0.614,6
R009272,W122,P003,A07,03-08-2026,Night,10,2,24,High,59,84,0.705,1
R009273,W122,P003,A09,04-08-2026,Day,11,3,37,Medium,62,96,0.645,2
R009274,W122,P003,A03,05-08-2026,Day,11.2,3.2,28,High,58,81,0.71,3
R009275,W122,P003,A01,06-08-2026,Night,10.5,2.5,37,Medium,63,94,0.675,4
R009276,W122,P003,A05,07-08-2026,Day,11.7,3.7,23,Medium,42,63,0.664,5
R009277,W122,P003,A08,08-08-2026,Day,10.7,2.7,30,High,57,93,0.608,6
R009278,W122,P003,A09,09-08-2026,Day,11.7,3.7,29,High,47,67,0.708,7
R009279,W122,P003,A01,10-08-2026,Day,11.1,3.1,33,High,50,81,0.622,8
R009280,W122,P003,A05,11-08-2026,Day,12.2,4.2,36,Critical,43,72,0.597,9
R009281,W122,P003,A05,12-08-2026,Day,11.7,3.7,37,Critical,49,88,0.556,10
R009282,W122,P003,A09,13-08-2026,Day,10.3,2.3,34,High,41,72,0.574,11
R009283,W122,P003,A08,14-08-2026,Day,11.8,3.8,26,Medium,35,61,0.581,12
R009284,W122,P003,A02,15-08-2026,Day,11.2,3.2,44,High,56,94,0.596,13
R009285,W122,P003,A07,17-08-2026,Day,9.1,1.1,36,Low,57,74,0.765,1
R009286,W122,P003,A03,18-08-2026,Day,9.5,1.5,41,High,43,60,0.709,2
R009287,W122,P003,A02,19-08-2026,Day,10.2,2.2,39,Medium,53,77,0.683,3
R009288,W122,P003,A06,20-08-2026,Day,12.7,4.7,32,Low,60,76,0.794,4
R009289,W122,P003,A07,21-08-2026,Day,13.4,5.4,30,Low,53,82,0.65,5
R009290,W122,P003,A09,22-08-2026,Day,10.5,2.5,45,Medium,48,66,0.729,6
R009291,W122,P003,A03,24-08-2026,Day,11.1,3.1,30,Medium,58,97,0.601,1
R009292,W122,P003,A09,25-08-2026,Day,10.2,2.2,33,Medium,74,96,0.768,2
R009293,W122,P003,A08,26-08-2026,Day,10.9,2.9,32,Critical,43,64,0.665,3
R009294,W122,P003,A09,27-08-2026,Day,10.3,2.3,44,Low,52,67,0.769,4
R009295,W122,P003,A07,28-08-2026,Day,8.8,0.8,14,Medium,44,76,0.584,5
R009296,W122,P003,A04,29-08-2026,Day,10.6,2.6,46,Low,47,71,0.666,6
R009297,W123,P001,A02,01-06-2026,Day,10.5,2.5,37,Medium,74,96,0.77,1
R009298,W123,P001,A07,03-06-2026,Day,9.2,1.2,34,Low,60,70,0.855,1
R009299,W123,P001,A08,04-06-2026,Day,10.7,2.7,45,Medium,53,70,0.752,2
R009300,W123,P001,A08,05-06-2026,Night,8,0,59,Low,52,67,0.778,3
R009301,W123,P001,A07,06-06-2026,Day,9.1,1.1,46,Critical,57,82,0.694,4
R009302,W123,P001,A08,08-06-2026,Day,9.2,1.2,44,Critical,41,62,0.666,1
R009303,W123,P001,A04,09-06-2026,Day,10.3,2.3,40,Medium,58,75,0.769,2
R009304,W123,P001,A01,10-06-2026,Day,9.3,1.3,28,High,63,99,0.634,3
R009305,W123,P001,A09,11-06-2026,Day,8.7,0.7,60,High,51,66,0.772,4
R009306,W123,P001,A05,12-06-2026,Day,8.1,0.1,52,Medium,45,68,0.669,5
R009307,W123,P001,A08,13-06-2026,Day,10.6,2.6,45,Low,58,79,0.735,6
R009308,W123,P001,A05,15-06-2026,Day,8,0,37,Medium,61,76,0.798,1
R009309,W123,P001,A04,16-06-2026,Night,9.7,1.7,53,High,67,83,0.805,2
R009310,W123,P001,A06,17-06-2026,Day,9.8,1.8,47,Low,62,77,0.811,3
R009311,W123,P001,A06,18-06-2026,Day,8.3,0.3,28,Low,44,60,0.726,4
R009312,W123,P001,A08,19-06-2026,Day,8.5,0.5,18,Critical,49,74,0.659,5
R009313,W123,P001,A03,20-06-2026,Day,10.5,2.5,48,Low,49,66,0.737,6
R009314,W123,P001,A01,23-06-2026,Day,10.5,2.5,47,High,68,94,0.726,1
R009315,W123,P001,A02,24-06-2026,Day,9.9,1.9,39,High,48,69,0.693,2
R009316,W123,P001,A01,25-06-2026,Day,10.7,2.7,38,Low,44,63,0.695,3
R009317,W123,P001,A02,26-06-2026,Day,10.1,2.1,38,Low,48,61,0.78,4
R009318,W123,P001,A04,27-06-2026,Day,10.4,2.4,40,Medium,67,95,0.708,5
R009319,W123,P001,A06,29-06-2026,Day,10.7,2.7,38,Medium,64,91,0.703,1
R009320,W123,P001,A07,30-06-2026,Day,8.7,0.7,34,High,52,78,0.67,2
R009321,W123,P001,A01,01-07-2026,Night,8.3,0.3,40,Medium,53,64,0.832,3
R009322,W123,P001,A04,02-07-2026,Day,8.4,0.4,43,Critical,48,67,0.719,4
R009323,W123,P001,A09,03-07-2026,Day,8.8,0.8,43,High,54,68,0.791,5
R009324,W123,P001,A05,04-07-2026,Night,9.8,1.8,42,Low,61,81,0.751,6
R009325,W123,P001,A02,06-07-2026,Day,9.3,1.3,29,Low,49,60,0.817,1
R009326,W123,P001,A05,07-07-2026,Day,8.1,0.1,40,High,57,68,0.838,2
R009327,W123,P001,A03,08-07-2026,Day,10.9,2.9,34,Low,49,60,0.814,3
R009328,W123,P001,A05,09-07-2026,Day,10,2,40,Low,66,95,0.692,4
R009329,W123,P001,A07,10-07-2026,Day,8.6,0.6,38,Medium,63,77,0.824,5
R009330,W123,P001,A09,11-07-2026,Day,10,2,38,High,57,84,0.675,6
R009331,W123,P001,A03,13-07-2026,Day,9,1,45,High,50,61,0.82,1
R009332,W123,P001,A05,14-07-2026,Day,9.6,1.6,46,Medium,61,84,0.731,2
R009333,W123,P001,A04,15-07-2026,Night,8.8,0.8,53,Low,57,69,0.826,3
R009334,W123,P001,A08,16-07-2026,Day,10.2,2.2,42,High,61,83,0.733,4
R009335,W123,P001,A05,17-07-2026,Day,8.1,0.1,43,High,61,87,0.704,5
R009336,W123,P001,A02,18-07-2026,Night,8.9,0.9,37,Medium,49,66,0.741,6
R009337,W123,P001,A03,20-07-2026,Day,9,1,37,Critical,43,63,0.678,1
R009338,W123,P001,A07,21-07-2026,Day,8.2,0.2,32,Low,46,62,0.734,2
R009339,W123,P001,A09,22-07-2026,Night,10.2,2.2,39,Low,72,98,0.733,3
R009340,W123,P001,A03,23-07-2026,Day,10.7,2.7,32,Medium,61,91,0.668,4
R009341,W123,P001,A01,24-07-2026,Day,9.8,1.8,39,Medium,69,85,0.814,5
R009342,W123,P001,A01,25-07-2026,Day,9.9,1.9,44,Low,57,76,0.751,6
R009343,W123,P001,A02,27-07-2026,Day,8.2,0.2,51,Low,81,97,0.834,1
R009344,W123,P001,A04,28-07-2026,Day,9.6,1.6,40,Low,52,64,0.818,2
R009345,W123,P001,A09,29-07-2026,Day,9.6,1.6,31,Critical,67,92,0.727,3
R009346,W123,P001,A07,30-07-2026,Day,8.9,0.9,39,Critical,43,61,0.709,4
R009347,W123,P001,A02,31-07-2026,Day,10.5,2.5,46,High,73,91,0.8,5
R009348,W123,P001,A05,01-08-2026,Day,8.3,0.3,60,Medium,61,81,0.752,6
R009349,W123,P001,A05,03-08-2026,Day,10.1,2.1,23,Medium,64,98,0.65,1
R009350,W123,P001,A02,04-08-2026,Day,9.6,1.6,39,High,56,77,0.721,2
R009351,W123,P001,A01,05-08-2026,Night,9.4,1.4,36,High,79,98,0.805,3
R009352,W123,P001,A01,06-08-2026,Day,8.6,0.6,60,Medium,76,98,0.772,4
R009353,W123,P001,A01,07-08-2026,Day,8.9,0.9,44,Low,61,76,0.803,5
R009354,W123,P001,A07,08-08-2026,Day,8,0,50,Critical,57,75,0.763,6
R009355,W123,P001,A09,10-08-2026,Day,9.1,1.1,39,Medium,79,96,0.825,1
R009356,W123,P001,A09,11-08-2026,Night,8.8,0.8,51,Low,56,65,0.857,2
R009357,W123,P001,A04,12-08-2026,Day,9.5,1.5,38,Medium,65,78,0.838,3
R009358,W123,P001,A09,13-08-2026,Day,9.7,1.7,40,Low,46,62,0.738,4
R009359,W123,P001,A06,14-08-2026,Day,9.2,1.2,48,High,64,83,0.775,5
R009360,W123,P001,A02,15-08-2026,Day,9.2,1.2,37,Low,49,72,0.677,6
R009361,W123,P001,A08,17-08-2026,Day,10,2,40,High,47,69,0.682,1
R009362,W123,P001,A09,18-08-2026,Day,9.4,1.4,48,Medium,67,84,0.793,2
R009363,W123,P001,A07,19-08-2026,Day,8.7,0.7,48,High,56,67,0.836,3
R009364,W123,P001,A07,21-08-2026,Day,9.6,1.6,51,Medium,66,83,0.8,1
R009365,W123,P001,A06,22-08-2026,Night,10.3,2.3,42,Low,58,75,0.775,2
R009366,W123,P001,A04,24-08-2026,Day,9.3,1.3,45,Medium,60,75,0.797,1
R009367,W123,P001,A02,25-08-2026,Day,9.5,1.5,44,Low,50,62,0.812,2
R009368,W123,P001,A08,26-08-2026,Day,9.9,1.9,58,Medium,59,72,0.826,3
R009369,W123,P001,A06,27-08-2026,Day,10.2,2.2,45,Low,64,82,0.78,4
R009370,W123,P001,A09,28-08-2026,Day,8.4,0.4,33,Low,68,91,0.75,5
R009371,W123,P001,A02,29-08-2026,Day,9.2,1.2,39,Medium,79,97,0.819,6
R009372,W124,P005,A09,01-06-2026,Day,12,4,52,Medium,62,89,0.699,1
R009373,W124,P005,A05,02-06-2026,Day,8,0,42,Medium,54,63,0.851,2
R009374,W124,P005,A09,03-06-2026,Day,10.4,2.4,43,High,62,87,0.709,3
R009375,W124,P005,A08,04-06-2026,Day,9.1,1.1,46,Low,70,90,0.779,4
R009376,W124,P005,A06,05-06-2026,Day,9.7,1.7,60,Low,69,83,0.833,5
R009377,W124,P005,A08,06-06-2026,Day,8.8,0.8,45,High,61,96,0.64,6
R009378,W124,P005,A01,08-06-2026,Day,11,3,42,Medium,62,85,0.724,1
R009379,W124,P005,A09,09-06-2026,Day,9.4,1.4,47,High,78,98,0.8,2
R009380,W124,P005,A03,10-06-2026,Day,10.5,2.5,31,Medium,57,73,0.787,3
R009381,W124,P005,A03,11-06-2026,Day,8.9,0.9,53,Low,52,63,0.823,4
R009382,W124,P005,A05,12-06-2026,Day,8.8,0.8,28,High,41,61,0.669,5
R009383,W124,P005,A03,13-06-2026,Day,8.2,0.2,46,Critical,39,60,0.643,6
R009384,W124,P005,A01,15-06-2026,Day,9.9,1.9,49,Medium,70,89,0.788,1
R009385,W124,P005,A03,16-06-2026,Day,10.7,2.7,47,High,53,71,0.742,2
R009386,W124,P005,A05,17-06-2026,Day,8.2,0.2,59,High,51,62,0.822,3
R009387,W124,P005,A06,18-06-2026,Day,11.7,3.7,45,High,68,91,0.747,4
R009388,W124,P005,A06,19-06-2026,Day,8,0,48,High,50,61,0.827,5
R009389,W124,P005,A07,20-06-2026,Day,8.2,0.2,41,Low,55,70,0.787,6
R009390,W124,P005,A09,22-06-2026,Night,10.4,2.4,38,Medium,64,86,0.74,1
R009391,W124,P005,A04,23-06-2026,Day,10.1,2.1,36,Low,73,94,0.777,2
R009392,W124,P005,A02,24-06-2026,Day,9,1,37,Medium,50,66,0.763,3
R009393,W124,P005,A05,25-06-2026,Day,10.5,2.5,48,Medium,60,84,0.718,4
R009394,W124,P005,A02,26-06-2026,Day,8,0,30,Low,58,67,0.87,5
R009395,W124,P005,A09,27-06-2026,Day,10.5,2.5,46,Medium,46,61,0.749,6
R009396,W124,P005,A06,29-06-2026,Day,9.1,1.1,46,High,52,72,0.715,1
R009397,W124,P005,A05,30-06-2026,Day,9.2,1.2,53,Critical,56,73,0.764,2
R009398,W124,P005,A05,01-07-2026,Day,8,0,51,Low,65,83,0.779,3
R009399,W124,P005,A07,02-07-2026,Day,8.8,0.8,47,Medium,70,96,0.729,4
R009400,W124,P005,A04,03-07-2026,Day,9.8,1.8,44,Low,53,75,0.713,5
R009401,W124,P005,A05,04-07-2026,Day,10.3,2.3,43,Low,58,75,0.778,6
R009402,W124,P005,A04,06-07-2026,Day,8.7,0.7,38,High,56,68,0.817,1
R009403,W124,P005,A03,07-07-2026,Day,8.9,0.9,43,Low,65,77,0.838,2
R009404,W124,P005,A04,08-07-2026,Day,9.3,1.3,47,Medium,65,93,0.701,3
R009405,W124,P005,A07,09-07-2026,Day,9.4,1.4,35,Low,54,64,0.845,4
R009406,W124,P005,A04,10-07-2026,Day,9,1,43,Medium,73,99,0.733,5
R009407,W124,P005,A08,11-07-2026,Day,10.2,2.2,40,Medium,56,78,0.715,6
R009408,W124,P005,A03,13-07-2026,Day,10.2,2.2,49,Medium,70,87,0.806,1
R009409,W124,P005,A06,14-07-2026,Day,8,0,48,Low,60,71,0.844,2
R009410,W124,P005,A02,15-07-2026,Day,9.6,1.6,56,Medium,61,74,0.829,3
R009411,W124,P005,A08,16-07-2026,Day,11.7,3.7,52,High,57,84,0.676,4
R009412,W124,P005,A04,17-07-2026,Day,9.9,1.9,56,Medium,53,68,0.785,5
R009413,W124,P005,A04,18-07-2026,Day,10.5,2.5,36,Low,64,88,0.731,6
R009414,W124,P005,A04,20-07-2026,Day,8.5,0.5,42,Medium,53,65,0.817,1
R009415,W124,P005,A03,21-07-2026,Day,8.5,0.5,24,Low,63,74,0.857,2
R009416,W124,P005,A02,22-07-2026,Day,8.1,0.1,36,Critical,51,61,0.838,3
R009417,W124,P005,A04,23-07-2026,Day,10.8,2.8,50,Critical,56,78,0.72,4
R009418,W124,P005,A04,24-07-2026,Night,9.1,1.1,39,Low,67,93,0.721,5
R009419,W124,P005,A08,25-07-2026,Day,10.2,2.2,36,High,53,72,0.741,6
R009420,W124,P005,A07,27-07-2026,Day,8,0,60,Low,70,80,0.88,1
R009421,W124,P005,A01,28-07-2026,Day,9.2,1.2,31,Medium,77,92,0.84,2
R009422,W124,P005,A01,29-07-2026,Day,10.3,2.3,22,Medium,65,93,0.701,3
R009423,W124,P005,A07,30-07-2026,Day,9.9,1.9,45,High,63,92,0.687,4
R009424,W124,P005,A06,31-07-2026,Day,8.8,0.8,48,Medium,69,90,0.767,5
R009425,W124,P005,A01,01-08-2026,Day,9.5,1.5,40,High,43,64,0.671,6
R009426,W124,P005,A05,04-08-2026,Day,10.3,2.3,54,Low,74,90,0.821,1
R009427,W124,P005,A07,05-08-2026,Day,11,3,50,Low,52,70,0.75,2
R009428,W124,P005,A05,06-08-2026,Day,10.6,2.6,48,High,62,95,0.654,3
R009429,W124,P005,A01,07-08-2026,Day,8.9,0.9,45,Medium,74,96,0.774,4
R009430,W124,P005,A05,08-08-2026,Day,9.8,1.8,42,Medium,64,84,0.759,5
R009431,W124,P005,A08,10-08-2026,Day,8,0,36,Medium,55,69,0.803,1
R009432,W124,P005,A09,11-08-2026,Day,10.9,2.9,45,Medium,77,92,0.837,2
R009433,W124,P005,A06,12-08-2026,Day,9.3,1.3,54,Low,54,69,0.79,3
R009434,W124,P005,A02,13-08-2026,Day,9.2,1.2,52,Medium,62,81,0.764,4
R009435,W124,P005,A09,14-08-2026,Day,10,2,35,Low,58,78,0.738,5
R009436,W124,P005,A01,15-08-2026,Day,9,1,43,Medium,55,74,0.738,6
R009437,W124,P005,A06,17-08-2026,Day,9.5,1.5,40,Medium,53,69,0.769,1
R009438,W124,P005,A02,18-08-2026,Night,8.3,0.3,38,Medium,67,84,0.801,2
R009439,W124,P005,A04,19-08-2026,Day,8.6,0.6,49,Low,65,71,0.917,3
R009440,W124,P005,A06,20-08-2026,Day,9.8,1.8,44,High,54,76,0.713,4
R009441,W124,P005,A07,21-08-2026,Day,9.9,1.9,41,High,56,80,0.697,5
R009442,W124,P005,A05,22-08-2026,Day,9,1,44,Low,54,72,0.751,6
R009443,W124,P005,A05,24-08-2026,Day,9.9,1.9,33,Medium,49,65,0.75,1
R009444,W124,P005,A02,25-08-2026,Day,9.6,1.6,38,High,53,77,0.69,2
R009445,W124,P005,A09,26-08-2026,Day,8.4,0.4,45,Low,76,98,0.776,3
R009446,W124,P005,A06,27-08-2026,Day,9.7,1.7,55,Medium,52,62,0.832,4
R009447,W124,P005,A01,28-08-2026,Day,9.2,1.2,51,Low,47,61,0.769,5
R009448,W124,P005,A08,29-08-2026,Day,9.3,1.3,47,Medium,68,95,0.719,6
R009449,W125,P003,A04,01-06-2026,Day,9.5,1.5,46,High,53,66,0.807,1
R009450,W125,P003,A09,02-06-2026,Day,9.7,1.7,31,High,51,75,0.679,2
R009451,W125,P003,A05,03-06-2026,Day,8.9,0.9,42,Critical,54,67,0.812,3
R009452,W125,P003,A06,04-06-2026,Day,8,0,39,Critical,57,83,0.69,4
R009453,W125,P003,A06,05-06-2026,Day,8,0,42,Medium,49,61,0.808,5
R009454,W125,P003,A09,06-06-2026,Day,10.5,2.5,37,Low,57,79,0.717,6
R009455,W125,P003,A01,08-06-2026,Day,10.3,2.3,33,Medium,62,91,0.681,1
R009456,W125,P003,A06,09-06-2026,Day,9.9,1.9,44,Medium,42,60,0.706,2
R009457,W125,P003,A04,10-06-2026,Day,8.3,0.3,48,High,54,68,0.792,3
R009458,W125,P003,A01,11-06-2026,Day,10.7,2.7,38,High,38,62,0.62,4
R009459,W125,P003,A07,12-06-2026,Day,9.6,1.6,37,Low,73,97,0.751,5
R009460,W125,P003,A09,13-06-2026,Night,9.9,1.9,34,High,47,63,0.738,6
R009461,W125,P003,A05,15-06-2026,Day,8.7,0.7,34,Low,65,88,0.738,1
R009462,W125,P003,A02,16-06-2026,Night,8.9,0.9,31,Critical,61,87,0.696,2
R009463,W125,P003,A06,17-06-2026,Day,9.6,1.6,41,Medium,78,94,0.83,3
R009464,W125,P003,A03,18-06-2026,Day,8.3,0.3,34,High,54,81,0.669,4
R009465,W125,P003,A08,19-06-2026,Night,9.7,1.7,31,Medium,59,83,0.713,5
R009466,W125,P003,A09,20-06-2026,Night,9.6,1.6,34,Medium,58,76,0.758,6
R009467,W125,P003,A09,22-06-2026,Day,11.4,3.4,51,Medium,66,97,0.68,1
R009468,W125,P003,A07,24-06-2026,Day,9.6,1.6,32,Medium,55,72,0.769,1
R009469,W125,P003,A08,25-06-2026,Night,11.2,3.2,35,Low,53,72,0.742,2
R009470,W125,P003,A04,26-06-2026,Day,9.2,1.2,50,Medium,64,82,0.782,3
R009471,W125,P003,A06,29-06-2026,Day,8.8,0.8,44,Critical,63,84,0.754,1
R009472,W125,P003,A03,30-06-2026,Day,10.4,2.4,44,Low,74,97,0.761,2
R009473,W125,P003,A02,01-07-2026,Day,9.1,1.1,42,Critical,70,95,0.741,3
R009474,W125,P003,A01,02-07-2026,Day,11.4,3.4,25,Critical,64,96,0.662,4
R009475,W125,P003,A08,03-07-2026,Day,8.4,0.4,36,Medium,65,80,0.808,5
R009476,W125,P003,A06,04-07-2026,Night,9.8,1.8,46,High,77,97,0.791,6
R009477,W125,P003,A04,06-07-2026,Day,9.5,1.5,33,Medium,57,69,0.828,1
R009478,W125,P003,A09,07-07-2026,Day,9.6,1.6,40,Medium,53,65,0.816,2
R009479,W125,P003,A08,08-07-2026,Day,10.3,2.3,43,Medium,54,73,0.744,3
R009480,W125,P003,A07,09-07-2026,Day,8.7,0.7,48,Medium,63,85,0.737,4
R009481,W125,P003,A02,10-07-2026,Day,9.5,1.5,46,Medium,54,73,0.746,5
R009482,W125,P003,A05,11-07-2026,Day,9,1,36,Medium,61,90,0.677,6
R009483,W125,P003,A06,13-07-2026,Day,10.4,2.4,42,High,49,75,0.65,1
R009484,W125,P003,A09,14-07-2026,Day,10,2,21,Medium,66,92,0.714,2
R009485,W125,P003,A08,15-07-2026,Day,9.8,1.8,39,Critical,48,61,0.791,3
R009486,W125,P003,A03,16-07-2026,Day,8.4,0.4,45,Low,71,85,0.832,4
R009487,W125,P003,A05,17-07-2026,Day,8.8,0.8,36,Low,70,89,0.781,5
R009488,W125,P003,A07,18-07-2026,Day,9.3,1.3,40,Low,63,80,0.781,6
R009489,W125,P003,A05,19-07-2026,Day,9.2,1.2,47,High,68,85,0.794,7
R009490,W125,P003,A06,20-07-2026,Day,8.6,0.6,40,Medium,65,87,0.744,8
R009491,W125,P003,A06,21-07-2026,Day,9,1,39,Medium,56,82,0.685,9
R009492,W125,P003,A02,22-07-2026,Day,11.2,3.2,57,Low,55,68,0.809,10
R009493,W125,P003,A01,23-07-2026,Day,8.8,0.8,49,Low,68,97,0.704,11
R009494,W125,P003,A07,24-07-2026,Day,10.3,2.3,53,High,44,61,0.725,12
R009495,W125,P003,A01,25-07-2026,Day,8.3,0.3,54,Medium,60,79,0.758,13
R009496,W125,P003,A09,27-07-2026,Day,9,1,35,Low,76,97,0.78,1
R009497,W125,P003,A03,28-07-2026,Day,8.8,0.8,34,Critical,47,65,0.718,2
R009498,W125,P003,A03,29-07-2026,Day,10.2,2.2,39,High,50,72,0.691,3
R009499,W125,P003,A08,30-07-2026,Day,9.8,1.8,38,Low,66,82,0.799,4
R009500,W125,P003,A08,31-07-2026,Day,10.9,2.9,29,Low,68,96,0.712,5
R009501,W125,P003,A08,01-08-2026,Day,9.6,1.6,27,Low,68,85,0.796,6
R009502,W125,P003,A02,03-08-2026,Night,10.8,2.8,46,High,45,66,0.681,1
R009503,W125,P003,A08,04-08-2026,Day,9,1,53,Medium,82,99,0.829,2
R009504,W125,P003,A07,05-08-2026,Day,9.2,1.2,56,Critical,60,84,0.717,3
R009505,W125,P003,A07,06-08-2026,Day,9.2,1.2,43,Low,60,79,0.755,4
R009506,W125,P003,A02,07-08-2026,Day,9.5,1.5,32,Medium,53,67,0.791,5
R009507,W125,P003,A03,08-08-2026,Day,9.6,1.6,52,Low,79,99,0.794,6
R009508,W125,P003,A07,10-08-2026,Day,8.6,0.6,49,Medium,82,96,0.851,1
R009509,W125,P003,A05,11-08-2026,Day,8.7,0.7,28,High,70,89,0.792,2
R009510,W125,P003,A03,12-08-2026,Day,9.7,1.7,30,Medium,69,89,0.777,3
R009511,W125,P003,A05,13-08-2026,Day,10.1,2.1,38,High,50,61,0.816,4
R009512,W125,P003,A05,14-08-2026,Day,9.3,1.3,53,High,50,75,0.673,5
R009513,W125,P003,A01,15-08-2026,Day,11.1,3.1,41,Medium,45,63,0.722,6
R009514,W125,P003,A05,16-08-2026,Day,9.5,1.5,38,Low,73,94,0.777,7
R009515,W125,P003,A04,17-08-2026,Day,9.4,1.4,43,Low,65,78,0.831,8
R009516,W125,P003,A06,18-08-2026,Day,10.5,2.5,50,High,55,75,0.729,9
R009517,W125,P003,A08,19-08-2026,Day,8.8,0.8,41,Low,56,78,0.714,10
R009518,W125,P003,A01,20-08-2026,Day,9.8,1.8,52,Low,71,83,0.851,11
R009519,W125,P003,A09,21-08-2026,Night,9.8,1.8,40,Low,40,60,0.668,12
R009520,W125,P003,A01,22-08-2026,Day,9.6,1.6,38,Medium,56,91,0.62,13
R009521,W125,P003,A07,24-08-2026,Day,8.9,0.9,38,Low,64,81,0.789,1
R009522,W125,P003,A05,25-08-2026,Day,10.1,2.1,38,Low,45,63,0.722,2
R009523,W125,P003,A02,26-08-2026,Day,8.5,0.5,29,High,50,73,0.688,3
R009524,W125,P003,A01,27-08-2026,Day,10.2,2.2,47,High,54,69,0.783,4
R009525,W125,P003,A04,28-08-2026,Night,9.7,1.7,34,Low,66,98,0.674,5
R009526,W125,P003,A01,29-08-2026,Day,9.1,1.1,42,High,71,88,0.803,6
R009527,W126,P003,A07,01-06-2026,Day,11,3,34,Critical,55,83,0.663,1
R009528,W126,P003,A03,02-06-2026,Day,10.9,2.9,27,High,66,91,0.721,2
R009529,W126,P003,A06,03-06-2026,Day,10.6,2.6,39,Low,59,88,0.671,3
R009530,W126,P003,A07,04-06-2026,Day,10.1,2.1,35,Medium,43,62,0.687,4
R009531,W126,P003,A07,05-06-2026,Day,11.4,3.4,28,High,47,73,0.646,5
R009532,W126,P003,A01,06-06-2026,Day,12.5,4.5,24,Critical,37,71,0.525,6
R009533,W126,P003,A02,07-06-2026,Day,11.2,3.2,33,Low,58,91,0.634,7
R009534,W126,P003,A06,08-06-2026,Day,11.2,3.2,29,High,38,68,0.557,8
R009535,W126,P003,A08,09-06-2026,Day,10.5,2.5,30,Medium,52,82,0.634,9
R009536,W126,P003,A09,10-06-2026,Night,9.4,1.4,45,Low,56,76,0.732,10
R009537,W126,P003,A01,12-06-2026,Day,9,1,35,Medium,44,68,0.64,1
R009538,W126,P003,A09,13-06-2026,Day,11.4,3.4,24,Low,47,64,0.729,2
R009539,W126,P003,A02,15-06-2026,Day,10.6,2.6,35,Medium,58,85,0.684,1
R009540,W126,P003,A06,16-06-2026,Day,9.9,1.9,30,Low,57,75,0.765,2
R009541,W126,P003,A03,17-06-2026,Day,11.3,3.3,43,High,43,66,0.655,3
R009542,W126,P003,A05,18-06-2026,Day,10.7,2.7,45,Low,71,89,0.795,4
R009543,W126,P003,A02,20-06-2026,Day,12.7,4.7,48,Low,48,65,0.738,1
R009544,W126,P003,A09,22-06-2026,Day,10.7,2.7,42,Low,57,90,0.638,1
R009545,W126,P003,A08,23-06-2026,Night,10.6,2.6,44,High,66,96,0.685,2
R009546,W126,P003,A04,24-06-2026,Day,10.4,2.4,29,Low,60,82,0.728,3
R009547,W126,P003,A09,25-06-2026,Day,9.8,1.8,44,High,47,71,0.663,4
R009548,W126,P003,A06,26-06-2026,Day,10.1,2.1,34,Critical,52,89,0.588,5
R009549,W126,P003,A07,27-06-2026,Night,10,2,31,Medium,61,94,0.652,6
R009550,W126,P003,A08,29-06-2026,Day,9.9,1.9,29,Medium,46,75,0.618,1
R009551,W126,P003,A02,30-06-2026,Day,11.2,3.2,42,Low,61,86,0.709,2
R009552,W126,P003,A09,01-07-2026,Night,10.4,2.4,39,Low,64,82,0.781,3
R009553,W126,P003,A08,02-07-2026,Day,9.1,1.1,30,Medium,54,75,0.722,4
R009554,W126,P003,A05,03-07-2026,Night,10.2,2.2,39,Medium,53,72,0.738,5
R009555,W126,P003,A03,04-07-2026,Day,10.2,2.2,35,Medium,60,85,0.708,6
R009556,W126,P003,A06,06-07-2026,Day,9.7,1.7,34,Low,56,79,0.713,1
R009557,W126,P003,A05,07-07-2026,Day,11.3,3.3,31,Medium,61,94,0.653,2
R009558,W126,P003,A09,08-07-2026,Day,10,2,41,Medium,43,60,0.712,3
R009559,W126,P003,A09,09-07-2026,Day,10.9,2.9,39,High,59,89,0.664,4
R009560,W126,P003,A09,10-07-2026,Day,9.3,1.3,29,Low,65,86,0.751,5
R009561,W126,P003,A06,11-07-2026,Day,10.9,2.9,38,Low,68,85,0.796,6
R009562,W126,P003,A08,12-07-2026,Day,12.1,4.1,40,Critical,47,74,0.637,7
R009563,W126,P003,A08,13-07-2026,Day,11.6,3.6,28,Medium,37,62,0.595,8
R009564,W126,P003,A06,14-07-2026,Day,10.4,2.4,53,Low,47,64,0.735,9
R009565,W126,P003,A03,15-07-2026,Day,11.6,3.6,22,High,60,95,0.634,10
R009566,W126,P003,A03,16-07-2026,Day,10.5,2.5,46,Critical,42,68,0.612,11
R009567,W126,P003,A09,17-07-2026,Day,9.9,1.9,48,Medium,47,63,0.745,12
R009568,W126,P003,A09,18-07-2026,Day,10,2,36,High,51,71,0.717,13
R009569,W126,P003,A09,20-07-2026,Day,9.8,1.8,45,Low,69,93,0.743,1
R009570,W126,P003,A08,21-07-2026,Day,9.2,1.2,39,Medium,45,77,0.587,2
R009571,W126,P003,A09,22-07-2026,Day,12.6,4.6,47,High,46,77,0.603,3
R009572,W126,P003,A09,23-07-2026,Day,9.5,1.5,34,High,60,90,0.663,4
R009573,W126,P003,A04,24-07-2026,Day,10.4,2.4,24,Critical,38,64,0.591,5
R009574,W126,P003,A07,25-07-2026,Day,11.8,3.8,18,Medium,49,79,0.62,6
R009575,W126,P003,A04,27-07-2026,Day,10.8,2.8,46,Low,63,77,0.815,1
R009576,W126,P003,A08,28-07-2026,Day,11.5,3.5,44,Medium,61,88,0.694,2
R009577,W126,P003,A06,29-07-2026,Day,10.9,2.9,43,High,53,78,0.673,3
R009578,W126,P003,A08,30-07-2026,Day,9.9,1.9,39,High,58,86,0.676,4
R009579,W126,P003,A07,31-07-2026,Day,11.7,3.7,49,Critical,37,62,0.591,5
R009580,W126,P003,A09,01-08-2026,Day,10.3,2.3,50,High,56,96,0.588,6
R009581,W126,P003,A06,02-08-2026,Night,10.3,2.3,39,Critical,54,73,0.743,7
R009582,W126,P003,A05,03-08-2026,Day,11.9,3.9,35,Medium,48,85,0.559,8
R009583,W126,P003,A02,04-08-2026,Day,10,2,29,Critical,58,88,0.663,9
R009584,W126,P003,A08,05-08-2026,Day,11.2,3.2,50,High,51,82,0.624,10
R009585,W126,P003,A08,06-08-2026,Day,10.5,2.5,42,Medium,60,91,0.66,11
R009586,W126,P003,A07,07-08-2026,Day,9.8,1.8,27,Medium,50,83,0.606,12
R009587,W126,P003,A02,08-08-2026,Day,9.7,1.7,37,Medium,52,79,0.655,13
R009588,W126,P003,A06,10-08-2026,Day,10.8,2.8,43,High,64,93,0.685,1
R009589,W126,P003,A03,11-08-2026,Day,9.6,1.6,43,Low,72,94,0.761,2
R009590,W126,P003,A02,12-08-2026,Day,10.9,2.9,30,Low,60,83,0.725,3
R009591,W126,P003,A06,13-08-2026,Night,9.9,1.9,27,High,57,85,0.67,4
R009592,W126,P003,A04,14-08-2026,Night,11.2,3.2,31,Medium,67,94,0.708,5
R009593,W126,P003,A06,15-08-2026,Day,9.7,1.7,32,Medium,46,61,0.748,6
R009594,W126,P003,A06,18-08-2026,Day,10.9,2.9,34,High,53,82,0.647,1
R009595,W126,P003,A02,19-08-2026,Night,10.7,2.7,47,Medium,66,96,0.689,2
R009596,W126,P003,A07,20-08-2026,Day,9.8,1.8,38,Low,51,68,0.748,3
R009597,W126,P003,A06,21-08-2026,Day,10.2,2.2,45,Low,60,79,0.762,4
R009598,W126,P003,A02,22-08-2026,Day,10.5,2.5,42,High,45,74,0.604,5
R009599,W126,P003,A04,23-08-2026,Day,9.8,1.8,26,High,48,83,0.575,6
R009600,W126,P003,A03,24-08-2026,Day,9.3,1.3,26,Medium,62,92,0.675,7
R009601,W126,P003,A05,25-08-2026,Day,10.3,2.3,41,Low,62,95,0.649,8
R009602,W126,P003,A02,26-08-2026,Day,11.4,3.4,29,Low,44,70,0.633,9
R009603,W126,P003,A09,27-08-2026,Night,10.9,2.9,40,Medium,60,97,0.624,10
R009604,W126,P003,A04,28-08-2026,Day,10.3,2.3,40,Medium,51,83,0.62,11
R009605,W126,P003,A03,29-08-2026,Day,9.2,1.2,40,High,60,91,0.664,12
R009606,W127,P001,A05,01-06-2026,Day,9.1,1.1,35,Low,62,80,0.779,1
R009607,W127,P001,A07,02-06-2026,Day,8,0,30,Medium,79,96,0.821,2
R009608,W127,P001,A01,03-06-2026,Night,9.6,1.6,36,High,51,75,0.678,3
R009609,W127,P001,A05,04-06-2026,Day,8.5,0.5,50,Medium,53,69,0.764,4
R009610,W127,P001,A06,05-06-2026,Day,10.9,2.9,39,Medium,53,79,0.673,5
R009611,W127,P001,A01,06-06-2026,Day,8.3,0.3,35,Medium,56,67,0.833,6
R009612,W127,P001,A03,08-06-2026,Day,11.7,3.7,44,Low,65,88,0.74,1
R009613,W127,P001,A08,09-06-2026,Day,11.4,3.4,32,Low,67,87,0.765,2
R009614,W127,P001,A06,10-06-2026,Day,10.6,2.6,40,High,59,91,0.647,3
R009615,W127,P001,A08,11-06-2026,Day,10.4,2.4,40,Medium,69,98,0.707,4
R009616,W127,P001,A01,12-06-2026,Day,10.7,2.7,49,High,66,99,0.665,5
R009617,W127,P001,A04,13-06-2026,Day,10.5,2.5,38,Medium,61,76,0.801,6
R009618,W127,P001,A04,15-06-2026,Day,10.7,2.7,51,Medium,56,70,0.805,1
R009619,W127,P001,A08,16-06-2026,Day,9.6,1.6,40,High,50,73,0.682,2
R009620,W127,P001,A08,17-06-2026,Day,9.1,1.1,42,High,54,75,0.725,3
R009621,W127,P001,A03,18-06-2026,Day,10.1,2.1,30,Low,65,89,0.736,4
R009622,W127,P001,A03,19-06-2026,Night,10.8,2.8,32,Low,66,81,0.816,5
R009623,W127,P001,A02,20-06-2026,Day,9.7,1.7,29,Medium,67,96,0.696,6
R009624,W127,P001,A08,22-06-2026,Day,10,2,49,Medium,51,72,0.708,1
R009625,W127,P001,A04,23-06-2026,Night,11.2,3.2,40,Low,58,73,0.789,2
R009626,W127,P001,A09,25-06-2026,Day,9.2,1.2,37,High,58,76,0.765,1
R009627,W127,P001,A01,26-06-2026,Day,9.8,1.8,36,Medium,46,63,0.728,2
R009628,W127,P001,A07,27-06-2026,Day,9,1,51,Low,60,75,0.803,3
R009629,W127,P001,A03,29-06-2026,Day,8.5,0.5,41,Low,70,87,0.808,1
R009630,W127,P001,A09,30-06-2026,Night,10.4,2.4,42,Medium,61,87,0.699,2
R009631,W127,P001,A01,01-07-2026,Night,11.6,3.6,22,High,51,80,0.642,3
R009632,W127,P001,A08,02-07-2026,Day,11,3,39,Medium,63,89,0.713,4
R009633,W127,P001,A04,03-07-2026,Day,9.1,1.1,34,Medium,42,77,0.542,5
R009634,W127,P001,A01,04-07-2026,Day,9.6,1.6,39,High,63,90,0.703,6
R009635,W127,P001,A05,06-07-2026,Night,9.9,1.9,33,Low,51,68,0.754,1
R009636,W127,P001,A03,07-07-2026,Day,11.8,3.8,43,Low,71,91,0.785,2
R009637,W127,P001,A04,08-07-2026,Day,9.9,1.9,40,Critical,64,93,0.693,3
R009638,W127,P001,A04,09-07-2026,Day,9.8,1.8,33,Medium,53,71,0.747,4
R009639,W127,P001,A04,10-07-2026,Day,9.4,1.4,51,Medium,69,94,0.733,5
R009640,W127,P001,A04,11-07-2026,Day,11.1,3.1,50,High,51,74,0.689,6
R009641,W127,P001,A03,13-07-2026,Day,8.1,0.1,31,High,51,66,0.775,1
R009642,W127,P001,A06,14-07-2026,Day,11.3,3.3,39,Low,54,88,0.618,2
R009643,W127,P001,A02,15-07-2026,Day,9.3,1.3,39,High,57,83,0.691,3
R009644,W127,P001,A07,16-07-2026,Day,9.7,1.7,28,Low,52,76,0.688,4
R009645,W127,P001,A04,17-07-2026,Day,9.8,1.8,28,Medium,56,81,0.693,5
R009646,W127,P001,A07,18-07-2026,Day,10.1,2.1,31,Low,57,77,0.746,6
R009647,W127,P001,A09,20-07-2026,Day,10.4,2.4,40,Medium,68,84,0.812,1
R009648,W127,P001,A05,21-07-2026,Night,10.9,2.9,42,Low,73,92,0.798,2
R009649,W127,P001,A07,22-07-2026,Day,9.1,1.1,30,Low,56,73,0.761,3
R009650,W127,P001,A07,23-07-2026,Day,10.2,2.2,36,Medium,56,96,0.586,4
R009651,W127,P001,A04,24-07-2026,Day,11,3,37,Low,48,67,0.717,5
R009652,W127,P001,A06,25-07-2026,Day,9.6,1.6,60,Low,50,67,0.746,6
R009653,W127,P001,A04,27-07-2026,Day,10.6,2.6,26,High,72,98,0.732,1
R009654,W127,P001,A02,28-07-2026,Day,11.1,3.1,25,Critical,56,81,0.69,2
R009655,W127,P001,A09,29-07-2026,Day,8.8,0.8,41,Low,71,86,0.83,3
R009656,W127,P001,A09,30-07-2026,Day,10.6,2.6,35,Low,55,75,0.729,4
R009657,W127,P001,A04,31-07-2026,Night,8.9,0.9,33,Low,49,67,0.735,5
R009658,W127,P001,A09,01-08-2026,Day,9.3,1.3,48,High,42,60,0.696,6
R009659,W127,P001,A03,03-08-2026,Day,10.6,2.6,47,High,66,83,0.797,1
R009660,W127,P001,A05,04-08-2026,Day,9.7,1.7,30,Medium,54,81,0.665,2
R009661,W127,P001,A04,05-08-2026,Day,12.3,4.3,50,Medium,73,89,0.818,3
R009662,W127,P001,A05,06-08-2026,Day,9.7,1.7,34,Low,47,61,0.766,4
R009663,W127,P001,A08,08-08-2026,Day,10.1,2.1,47,High,48,67,0.717,1
R009664,W127,P001,A03,10-08-2026,Day,9.6,1.6,46,Medium,77,99,0.78,1
R009665,W127,P001,A08,11-08-2026,Day,10.1,2.1,48,Low,87,97,0.893,2
R009666,W127,P001,A08,12-08-2026,Night,10.3,2.3,49,Medium,56,75,0.748,3
R009667,W127,P001,A04,13-08-2026,Night,10.3,2.3,30,High,43,65,0.661,4
R009668,W127,P001,A03,14-08-2026,Day,10.1,2.1,33,Medium,53,76,0.703,5
R009669,W127,P001,A03,15-08-2026,Day,9.9,1.9,32,Medium,49,65,0.75,6
R009670,W127,P001,A05,16-08-2026,Day,10.2,2.2,45,Medium,59,76,0.772,7
R009671,W127,P001,A08,17-08-2026,Day,11.3,3.3,31,Low,69,96,0.717,8
R009672,W127,P001,A05,18-08-2026,Day,9.3,1.3,42,High,63,92,0.681,9
R009673,W127,P001,A01,20-08-2026,Day,9.5,1.5,46,Medium,77,91,0.848,1
R009674,W127,P001,A05,21-08-2026,Day,9.8,1.8,32,Medium,71,91,0.781,2
R009675,W127,P001,A01,22-08-2026,Day,9.2,1.2,43,High,73,93,0.785,3
R009676,W127,P001,A05,24-08-2026,Day,9.3,1.3,45,Low,64,82,0.776,1
R009677,W127,P001,A04,25-08-2026,Night,12.2,4.2,43,High,38,61,0.622,2
R009678,W127,P001,A07,26-08-2026,Day,8,0,40,Medium,65,75,0.86,3
R009679,W127,P001,A04,27-08-2026,Day,9.1,1.1,38,High,61,90,0.672,4
R009680,W127,P001,A03,28-08-2026,Day,10.6,2.6,43,Medium,61,87,0.704,5
R009681,W127,P001,A07,29-08-2026,Day,9.9,1.9,33,Medium,54,79,0.687,6
R009682,W128,P002,A06,01-06-2026,Night,8.4,0.4,35,High,59,80,0.742,1
R009683,W128,P002,A03,02-06-2026,Day,8,0,24,Medium,60,75,0.796,2
R009684,W128,P002,A02,03-06-2026,Day,8,0,32,Low,51,66,0.775,3
R009685,W128,P002,A05,04-06-2026,Day,10.2,2.2,25,High,63,98,0.644,4
R009686,W128,P002,A06,05-06-2026,Night,8.9,0.9,37,Medium,56,75,0.75,5
R009687,W128,P002,A01,06-06-2026,Day,10.6,2.6,13,Medium,46,67,0.69,6
R009688,W128,P002,A06,08-06-2026,Day,9.7,1.7,33,Critical,40,64,0.626,1
R009689,W128,P002,A03,09-06-2026,Day,10.2,2.2,26,Low,53,74,0.711,2
R009690,W128,P002,A04,10-06-2026,Day,11.3,3.3,38,High,42,70,0.604,3
R009691,W128,P002,A03,11-06-2026,Day,11.2,3.2,40,Low,46,62,0.745,4
R009692,W128,P002,A02,12-06-2026,Day,11.5,3.5,22,High,43,72,0.603,5
R009693,W128,P002,A06,13-06-2026,Day,11.8,3.8,27,High,60,95,0.631,6
R009694,W128,P002,A06,15-06-2026,Day,11.1,3.1,43,Medium,65,96,0.674,1
R009695,W128,P002,A02,16-06-2026,Day,10.5,2.5,43,High,54,83,0.646,2
R009696,W128,P002,A09,17-06-2026,Night,10.9,2.9,46,High,52,67,0.772,3
R009697,W128,P002,A01,18-06-2026,Day,9.8,1.8,38,Medium,61,80,0.761,4
R009698,W128,P002,A09,19-06-2026,Night,12.1,4.1,50,High,39,60,0.652,5
R009699,W128,P002,A08,20-06-2026,Day,9.6,1.6,50,High,43,63,0.688,6
R009700,W128,P002,A05,22-06-2026,Day,10.6,2.6,27,Low,65,89,0.735,1
R009701,W128,P002,A06,23-06-2026,Day,12.5,4.5,34,Critical,59,99,0.597,2
R009702,W128,P002,A04,24-06-2026,Day,11.7,3.7,42,Low,66,87,0.76,3
R009703,W128,P002,A04,25-06-2026,Day,11.4,3.4,44,Medium,64,82,0.776,4
R009704,W128,P002,A05,26-06-2026,Day,10.2,2.2,41,High,42,76,0.556,5
R009705,W128,P002,A09,27-06-2026,Day,9.1,1.1,42,High,71,94,0.755,6
R009706,W128,P002,A03,28-06-2026,Day,10.8,2.8,37,Medium,52,83,0.624,7
R009707,W128,P002,A07,29-06-2026,Day,10.2,2.2,45,High,67,99,0.677,8
R009708,W128,P002,A07,30-06-2026,Day,12.1,4.1,35,Low,47,74,0.633,9
R009709,W128,P002,A01,01-07-2026,Day,11.3,3.3,37,Critical,41,70,0.58,10
R009710,W128,P002,A08,02-07-2026,Night,11.9,3.9,35,Medium,57,96,0.596,11
R009711,W128,P002,A08,03-07-2026,Day,9.8,1.8,37,Critical,42,84,0.503,12
R009712,W128,P002,A02,04-07-2026,Day,9.3,1.3,33,Low,75,98,0.761,13
R009713,W128,P002,A07,06-07-2026,Day,9.8,1.8,34,Medium,42,62,0.685,1
R009714,W128,P002,A04,07-07-2026,Day,11.8,3.8,45,High,58,81,0.721,2
R009715,W128,P002,A04,08-07-2026,Day,9.6,1.6,41,High,70,97,0.721,3
R009716,W128,P002,A04,09-07-2026,Night,11,3,29,Low,44,70,0.622,4
R009717,W128,P002,A03,10-07-2026,Day,10.7,2.7,20,Medium,63,98,0.645,5
R009718,W128,P002,A05,11-07-2026,Day,10.8,2.8,33,Medium,49,79,0.621,6
R009719,W128,P002,A04,13-07-2026,Day,10.2,2.2,36,High,45,66,0.684,1
R009720,W128,P002,A01,14-07-2026,Day,10.7,2.7,24,Low,63,91,0.695,2
R009721,W128,P002,A09,15-07-2026,Day,10.6,2.6,49,High,58,85,0.678,3
R009722,W128,P002,A01,16-07-2026,Day,9.6,1.6,33,Medium,62,84,0.733,4
R009723,W128,P002,A01,17-07-2026,Day,9.9,1.9,28,Low,62,80,0.77,5
R009724,W128,P002,A05,18-07-2026,Day,12,4,28,Medium,44,72,0.616,6
R009725,W128,P002,A06,20-07-2026,Day,8.5,0.5,40,Low,72,88,0.819,1
R009726,W128,P002,A05,21-07-2026,Day,11.9,3.9,38,Medium,43,68,0.631,2
R009727,W128,P002,A08,22-07-2026,Day,10,2,42,Medium,76,99,0.772,3
R009728,W128,P002,A05,23-07-2026,Day,11.6,3.6,33,Medium,48,79,0.61,4
R009729,W128,P002,A03,24-07-2026,Day,12.8,4.8,46,Medium,64,95,0.669,5
R009730,W128,P002,A08,25-07-2026,Day,11,3,45,High,53,73,0.72,6
R009731,W128,P002,A07,27-07-2026,Night,10.2,2.2,37,Low,51,69,0.745,1
R009732,W128,P002,A01,29-07-2026,Day,9.8,1.8,23,High,60,83,0.719,1
R009733,W128,P002,A01,30-07-2026,Day,8.9,0.9,26,Critical,60,95,0.63,2
R009734,W128,P002,A03,31-07-2026,Day,8.8,0.8,40,Critical,55,80,0.686,3
R009735,W128,P002,A09,01-08-2026,Day,10.5,2.5,50,Medium,60,85,0.707,4
R009736,W128,P002,A08,04-08-2026,Day,8.8,0.8,47,High,72,89,0.807,1
R009737,W128,P002,A04,05-08-2026,Day,11.1,3.1,44,Low,54,80,0.671,2
R009738,W128,P002,A02,06-08-2026,Day,11,3,28,Critical,47,76,0.62,3
R009739,W128,P002,A03,07-08-2026,Night,8.8,0.8,27,Medium,46,64,0.721,4
R009740,W128,P002,A04,08-08-2026,Night,11.4,3.4,31,Medium,57,89,0.645,5
R009741,W128,P002,A03,10-08-2026,Day,10.4,2.4,37,Critical,39,65,0.598,1
R009742,W128,P002,A08,11-08-2026,Night,10.8,2.8,42,High,48,70,0.691,2
R009743,W128,P002,A07,12-08-2026,Day,11,3,44,Medium,76,98,0.778,3
R009744,W128,P002,A04,13-08-2026,Day,11.8,3.8,31,Medium,59,92,0.64,4
R009745,W128,P002,A06,14-08-2026,Day,9.9,1.9,33,Low,44,67,0.661,5
R009746,W128,P002,A05,15-08-2026,Day,8.9,0.9,29,High,62,93,0.664,6
R009747,W128,P002,A06,17-08-2026,Day,10.8,2.8,17,Low,59,99,0.6,1
R009748,W128,P002,A08,18-08-2026,Day,10.1,2.1,49,Medium,68,94,0.723,2
R009749,W128,P002,A08,19-08-2026,Day,12.3,4.3,27,Medium,42,60,0.694,3
R009750,W128,P002,A02,21-08-2026,Day,9.5,1.5,41,Medium,75,92,0.81,1
R009751,W128,P002,A07,22-08-2026,Day,12.2,4.2,33,Low,45,70,0.64,2
R009752,W128,P002,A01,25-08-2026,Day,11,3,35,Medium,63,97,0.647,1
R009753,W128,P002,A05,26-08-2026,Day,12.5,4.5,26,Critical,48,80,0.603,2
R009754,W128,P002,A07,27-08-2026,Day,10.5,2.5,36,High,52,66,0.793,3
R009755,W128,P002,A05,28-08-2026,Day,9.7,1.7,30,Medium,49,69,0.705,4
R009756,W128,P002,A07,29-08-2026,Day,10.1,2.1,40,High,45,67,0.665,5
R009757,W129,P004,A04,01-06-2026,Day,10.8,2.8,37,Medium,69,84,0.816,1
R009758,W129,P004,A09,02-06-2026,Day,8.9,0.9,21,High,55,80,0.688,2
R009759,W129,P004,A08,03-06-2026,Day,11.2,3.2,47,Medium,70,99,0.708,3
R009760,W129,P004,A03,04-06-2026,Night,10.4,2.4,46,Medium,70,96,0.724,4
R009761,W129,P004,A01,05-06-2026,Day,10.7,2.7,30,Medium,40,65,0.618,5
R009762,W129,P004,A02,06-06-2026,Day,9.2,1.2,30,Low,63,97,0.645,6
R009763,W129,P004,A07,08-06-2026,Day,11.8,3.8,34,High,44,61,0.728,1
R009764,W129,P004,A08,09-06-2026,Day,11.2,3.2,35,Low,64,89,0.722,2
R009765,W129,P004,A02,10-06-2026,Day,11.6,3.6,38,Medium,44,64,0.685,3
R009766,W129,P004,A09,11-06-2026,Day,9.6,1.6,47,Medium,42,60,0.703,4
R009767,W129,P004,A09,12-06-2026,Day,9.1,1.1,39,Medium,58,74,0.778,5
R009768,W129,P004,A09,13-06-2026,Night,10,2,49,High,51,81,0.625,6
R009769,W129,P004,A02,15-06-2026,Night,10.7,2.7,35,High,59,89,0.659,1
R009770,W129,P004,A04,16-06-2026,Day,11.4,3.4,35,High,58,81,0.721,2
R009771,W129,P004,A08,17-06-2026,Day,11.5,3.5,28,Critical,34,60,0.57,3
R009772,W129,P004,A03,18-06-2026,Day,9.1,1.1,35,Medium,66,95,0.696,4
R009773,W129,P004,A09,19-06-2026,Day,9.9,1.9,35,High,70,98,0.718,5
R009774,W129,P004,A05,20-06-2026,Day,9.9,1.9,26,Medium,54,76,0.707,6
R009775,W129,P004,A09,22-06-2026,Day,8.6,0.6,32,High,49,73,0.667,1
R009776,W129,P004,A08,23-06-2026,Day,11.1,3.1,41,High,58,94,0.622,2
R009777,W129,P004,A04,24-06-2026,Day,10.2,2.2,37,Low,55,77,0.715,3
R009778,W129,P004,A03,25-06-2026,Day,9.8,1.8,44,High,50,68,0.729,4
R009779,W129,P004,A01,27-06-2026,Day,10.8,2.8,38,Medium,58,84,0.694,1
R009780,W129,P004,A07,29-06-2026,Day,10.5,2.5,43,High,59,93,0.633,1
R009781,W129,P004,A02,30-06-2026,Day,10.7,2.7,42,High,66,99,0.666,2
R009782,W129,P004,A09,01-07-2026,Day,9.1,1.1,35,Medium,57,72,0.788,3
R009783,W129,P004,A04,02-07-2026,Day,10.6,2.6,38,Medium,49,68,0.718,4
R009784,W129,P004,A01,03-07-2026,Day,11.3,3.3,45,High,57,86,0.661,5
R009785,W129,P004,A06,04-07-2026,Day,10.2,2.2,44,Medium,60,84,0.715,6
R009786,W129,P004,A07,06-07-2026,Day,8.6,0.6,28,Low,52,70,0.743,1
R009787,W129,P004,A08,07-07-2026,Day,10.7,2.7,33,Low,38,60,0.625,2
R009788,W129,P004,A09,08-07-2026,Night,10.8,2.8,43,High,43,70,0.61,3
R009789,W129,P004,A02,09-07-2026,Day,10.5,2.5,41,High,44,73,0.607,4
R009790,W129,P004,A07,10-07-2026,Day,10,2,30,Medium,64,93,0.683,5
R009791,W129,P004,A08,11-07-2026,Day,10.7,2.7,28,Low,48,73,0.66,6
R009792,W129,P004,A06,13-07-2026,Day,11,3,25,Critical,65,97,0.666,1
R009793,W129,P004,A06,14-07-2026,Night,9.4,1.4,42,High,50,71,0.703,2
R009794,W129,P004,A03,15-07-2026,Day,9.3,1.3,31,Medium,48,73,0.651,3
R009795,W129,P004,A09,16-07-2026,Night,9.6,1.6,29,High,43,67,0.637,4
R009796,W129,P004,A08,17-07-2026,Night,10.7,2.7,35,Medium,49,75,0.658,5
R009797,W129,P004,A08,19-07-2026,Day,10.8,2.8,15,Medium,47,77,0.613,1
R009798,W129,P004,A04,20-07-2026,Day,12.1,4.1,41,Critical,51,78,0.656,2
R009799,W129,P004,A08,21-07-2026,Night,11,3,33,Medium,44,66,0.659,3
R009800,W129,P004,A03,22-07-2026,Night,10.9,2.9,25,Medium,60,94,0.635,4
R009801,W129,P004,A05,23-07-2026,Day,13.4,5.4,40,High,53,94,0.56,5
R009802,W129,P004,A01,24-07-2026,Day,11.3,3.3,43,High,53,96,0.548,6
R009803,W129,P004,A01,25-07-2026,Night,11.3,3.3,32,High,54,79,0.681,7
R009804,W129,P004,A01,26-07-2026,Day,11,3,45,High,53,84,0.63,8
R009805,W129,P004,A01,27-07-2026,Day,8.7,0.7,26,Low,66,99,0.667,9
R009806,W129,P004,A06,28-07-2026,Day,10.7,2.7,23,High,49,85,0.575,10
R009807,W129,P004,A03,29-07-2026,Night,10.1,2.1,43,Medium,45,76,0.589,11
R009808,W129,P004,A03,30-07-2026,Day,9.3,1.3,25,Medium,42,63,0.67,12
R009809,W129,P004,A02,01-08-2026,Day,10.1,2.1,29,Critical,56,86,0.655,1
R009810,W129,P004,A09,03-08-2026,Night,9.2,1.2,33,Critical,69,99,0.697,1
R009811,W129,P004,A02,04-08-2026,Night,12.5,4.5,25,High,44,74,0.599,2
R009812,W129,P004,A08,05-08-2026,Day,9.3,1.3,26,High,50,81,0.618,3
R009813,W129,P004,A09,06-08-2026,Day,8.4,0.4,27,High,51,76,0.676,4
R009814,W129,P004,A05,07-08-2026,Day,10.4,2.4,39,Medium,65,83,0.78,5
R009815,W129,P004,A08,08-08-2026,Day,8.9,0.9,39,Medium,70,92,0.76,6
R009816,W129,P004,A06,10-08-2026,Day,10.6,2.6,35,High,56,90,0.624,1
R009817,W129,P004,A06,11-08-2026,Day,9.6,1.6,30,Medium,48,71,0.673,2
R009818,W129,P004,A03,13-08-2026,Day,11.6,3.6,41,Medium,62,92,0.671,1
R009819,W129,P004,A05,14-08-2026,Day,10.8,2.8,37,High,60,84,0.718,2
R009820,W129,P004,A05,15-08-2026,Day,11.8,3.8,37,Medium,42,70,0.598,3
R009821,W129,P004,A02,17-08-2026,Day,11.6,3.6,33,Medium,52,78,0.669,1
R009822,W129,P004,A02,18-08-2026,Day,9.4,1.4,37,Medium,59,92,0.637,2
R009823,W129,P004,A05,19-08-2026,Day,10.9,2.9,35,High,77,98,0.788,3
R009824,W129,P004,A09,20-08-2026,Day,11.8,3.8,41,High,62,89,0.695,4
R009825,W129,P004,A02,21-08-2026,Day,12.6,4.6,35,High,62,94,0.661,5
R009826,W129,P004,A04,22-08-2026,Day,9.3,1.3,35,Low,73,94,0.774,6
R009827,W129,P004,A06,24-08-2026,Day,10.2,2.2,39,High,70,97,0.724,1
R009828,W129,P004,A08,25-08-2026,Night,12.9,4.9,44,Low,48,72,0.672,2
R009829,W129,P004,A08,26-08-2026,Day,8.8,0.8,37,Critical,47,76,0.621,3
R009830,W129,P004,A04,27-08-2026,Day,11.3,3.3,34,Low,58,86,0.67,4
R009831,W129,P004,A04,28-08-2026,Day,10.6,2.6,31,Medium,44,69,0.643,5
R009832,W130,P006,A04,01-06-2026,Day,9.3,1.3,36,Low,78,92,0.844,1
R009833,W130,P006,A03,02-06-2026,Day,8.1,0.1,53,Medium,53,69,0.771,2
R009834,W130,P006,A05,03-06-2026,Day,8.7,0.7,54,Low,72,88,0.823,3
R009835,W130,P006,A08,04-06-2026,Day,9.7,1.7,31,Medium,62,78,0.796,4
R009836,W130,P006,A09,05-06-2026,Day,10.3,2.3,39,Medium,73,98,0.74,5
R009837,W130,P006,A09,06-06-2026,Day,9.3,1.3,55,Medium,74,98,0.758,6
R009838,W130,P006,A03,08-06-2026,Day,10.1,2.1,38,Low,58,73,0.788,1
R009839,W130,P006,A07,10-06-2026,Day,10.4,2.4,50,Low,75,92,0.811,1
R009840,W130,P006,A03,11-06-2026,Day,10.3,2.3,39,Critical,57,77,0.739,2
R009841,W130,P006,A04,12-06-2026,Day,10.1,2.1,44,High,69,98,0.701,3
R009842,W130,P006,A07,13-06-2026,Night,8.5,0.5,47,Medium,55,69,0.799,4
R009843,W130,P006,A03,15-06-2026,Day,10,2,43,Critical,49,66,0.743,1
R009844,W130,P006,A04,16-06-2026,Day,9.8,1.8,42,Medium,46,65,0.707,2
R009845,W130,P006,A07,17-06-2026,Day,8.6,0.6,28,High,54,91,0.595,3
R009846,W130,P006,A06,18-06-2026,Day,8.1,0.1,39,Low,80,99,0.808,4
R009847,W130,P006,A09,19-06-2026,Night,9.6,1.6,47,High,59,72,0.819,5
R009848,W130,P006,A08,20-06-2026,Night,8,0,28,Medium,46,64,0.715,6
R009849,W130,P006,A06,22-06-2026,Day,10,2,39,High,53,65,0.812,1
R009850,W130,P006,A06,24-06-2026,Night,10.1,2.1,40,Medium,61,79,0.774,1
R009851,W130,P006,A06,25-06-2026,Day,10.7,2.7,44,Medium,61,91,0.674,2
R009852,W130,P006,A08,27-06-2026,Day,10.1,2.1,43,High,61,78,0.78,1
R009853,W130,P006,A06,29-06-2026,Day,8.1,0.1,44,Critical,67,90,0.749,1
R009854,W130,P006,A01,30-06-2026,Day,9.2,1.2,40,High,50,68,0.737,2
R009855,W130,P006,A02,01-07-2026,Day,8,0,32,Low,76,89,0.853,3
R009856,W130,P006,A02,02-07-2026,Day,8,0,44,High,72,86,0.835,4
R009857,W130,P006,A08,03-07-2026,Day,8.4,0.4,39,Low,87,99,0.878,5
R009858,W130,P006,A08,04-07-2026,Day,9.4,1.4,46,Medium,67,92,0.723,6
R009859,W130,P006,A05,06-07-2026,Day,8.4,0.4,26,Low,57,78,0.727,1
R009860,W130,P006,A08,07-07-2026,Day,10.6,2.6,47,Low,57,77,0.74,2
R009861,W130,P006,A08,09-07-2026,Night,10.7,2.7,53,High,57,73,0.774,1
R009862,W130,P006,A08,10-07-2026,Day,10.4,2.4,32,Medium,48,73,0.657,2
R009863,W130,P006,A07,11-07-2026,Day,8.2,0.2,41,High,48,72,0.671,3
R009864,W130,P006,A04,13-07-2026,Night,8.5,0.5,42,Critical,50,65,0.774,1
R009865,W130,P006,A01,14-07-2026,Day,9.3,1.3,49,Low,77,97,0.797,2
R009866,W130,P006,A01,15-07-2026,Day,9.8,1.8,48,Medium,53,74,0.718,3
R009867,W130,P006,A07,16-07-2026,Day,9.4,1.4,51,Medium,49,65,0.748,4
R009868,W130,P006,A03,17-07-2026,Day,8.7,0.7,33,Medium,57,79,0.719,5
R009869,W130,P006,A06,18-07-2026,Day,9.7,1.7,43,Low,64,78,0.814,6
R009870,W130,P006,A04,20-07-2026,Day,8,0,39,Critical,67,83,0.809,1
R009871,W130,P006,A02,21-07-2026,Night,10.9,2.9,50,High,73,96,0.757,2
R009872,W130,P006,A09,22-07-2026,Day,9.5,1.5,59,Low,61,85,0.717,3
R009873,W130,P006,A08,23-07-2026,Day,9.2,1.2,43,Medium,52,67,0.769,4
R009874,W130,P006,A05,24-07-2026,Day,9.1,1.1,43,Low,62,81,0.761,5
R009875,W130,P006,A09,25-07-2026,Day,10.6,2.6,40,Medium,63,78,0.807,6
R009876,W130,P006,A03,27-07-2026,Day,8.2,0.2,34,High,60,73,0.82,1
R009877,W130,P006,A07,28-07-2026,Night,9.1,1.1,43,Low,56,69,0.81,2
R009878,W130,P006,A02,29-07-2026,Day,9,1,30,Medium,51,62,0.817,3
R009879,W130,P006,A09,30-07-2026,Day,10.6,2.6,48,Medium,67,94,0.712,4
R009880,W130,P006,A07,31-07-2026,Day,11.3,3.3,46,Medium,58,78,0.749,5
R009881,W130,P006,A04,01-08-2026,Day,10.7,2.7,44,Low,64,80,0.806,6
R009882,W130,P006,A09,03-08-2026,Day,9.2,1.2,41,High,44,67,0.658,1
R009883,W130,P006,A01,04-08-2026,Day,8.6,0.6,44,Low,72,81,0.893,2
R009884,W130,P006,A05,05-08-2026,Day,8.9,0.9,45,High,66,87,0.76,3
R009885,W130,P006,A05,06-08-2026,Day,9.9,1.9,30,Low,59,88,0.675,4
R009886,W130,P006,A08,07-08-2026,Day,9.1,1.1,37,Low,70,98,0.709,5
R009887,W130,P006,A05,10-08-2026,Night,9.1,1.1,26,Critical,54,74,0.728,1
R009888,W130,P006,A06,11-08-2026,Day,10.7,2.7,41,Low,49,67,0.738,2
R009889,W130,P006,A06,13-08-2026,Night,8.3,0.3,45,Medium,75,91,0.824,1
R009890,W130,P006,A05,14-08-2026,Night,8.8,0.8,45,High,56,73,0.77,2
R009891,W130,P006,A01,15-08-2026,Day,9.1,1.1,36,Low,53,65,0.816,3
R009892,W130,P006,A03,17-08-2026,Night,9.1,1.1,51,Medium,55,69,0.803,1
R009893,W130,P006,A05,19-08-2026,Night,11.6,3.6,41,Medium,58,80,0.722,1
R009894,W130,P006,A04,20-08-2026,Day,10.7,2.7,37,Low,48,60,0.796,2
R009895,W130,P006,A03,21-08-2026,Day,9.1,1.1,45,Medium,65,85,0.765,3
R009896,W130,P006,A08,22-08-2026,Day,10.5,2.5,45,Medium,66,95,0.691,4
R009897,W130,P006,A01,24-08-2026,Day,9.8,1.8,37,Low,53,66,0.801,1
R009898,W130,P006,A03,25-08-2026,Day,8.3,0.3,31,High,59,87,0.676,2
R009899,W130,P006,A06,26-08-2026,Day,10.6,2.6,36,Low,43,60,0.721,3
R009900,W130,P006,A02,27-08-2026,Day,9.6,1.6,45,High,57,73,0.782,4
R009901,W130,P006,A05,28-08-2026,Day,9.1,1.1,39,High,54,79,0.69,5
R009902,W130,P006,A02,29-08-2026,Day,10.9,2.9,37,Medium,45,64,0.696,6
R009903,W131,P002,A04,01-06-2026,Day,11.1,3.1,33,Medium,68,99,0.687,1
R009904,W131,P002,A06,02-06-2026,Day,9,1,36,High,75,98,0.764,2
R009905,W131,P002,A02,03-06-2026,Day,8.7,0.7,57,Low,56,72,0.783,3
R009906,W131,P002,A07,04-06-2026,Night,8.1,0.1,34,Low,77,91,0.844,4
R009907,W131,P002,A07,05-06-2026,Day,10.9,2.9,42,Medium,57,81,0.703,5
R009908,W131,P002,A02,06-06-2026,Day,9.9,1.9,41,High,41,61,0.667,6
R009909,W131,P002,A02,07-06-2026,Day,11,3,38,Medium,57,79,0.721,7
R009910,W131,P002,A08,08-06-2026,Day,10.8,2.8,42,Low,70,91,0.764,8
R009911,W131,P002,A07,09-06-2026,Day,8.7,0.7,37,Medium,59,75,0.785,9
R009912,W131,P002,A09,10-06-2026,Day,9.6,1.6,53,Low,47,63,0.748,10
R009913,W131,P002,A07,11-06-2026,Day,10,2,51,Medium,67,93,0.725,11
R009914,W131,P002,A07,12-06-2026,Day,10.7,2.7,38,Low,48,69,0.693,12
R009915,W131,P002,A09,13-06-2026,Night,10.6,2.6,26,Critical,50,75,0.663,13
R009916,W131,P002,A06,14-06-2026,Day,9.6,1.6,17,Medium,65,91,0.713,14
R009917,W131,P002,A04,15-06-2026,Day,12,4,28,Low,60,97,0.619,15
R009918,W131,P002,A03,16-06-2026,Day,9,1,29,Critical,53,91,0.583,16
R009919,W131,P002,A07,17-06-2026,Day,8,0,36,High,68,97,0.697,17
R009920,W131,P002,A03,18-06-2026,Day,10.5,2.5,54,Medium,70,89,0.785,18
R009921,W131,P002,A03,19-06-2026,Day,8.7,0.7,42,High,42,61,0.693,19
R009922,W131,P002,A07,20-06-2026,Night,8.6,0.6,33,Medium,63,97,0.65,20
R009923,W131,P002,A03,22-06-2026,Night,9.7,1.7,45,High,47,72,0.656,1
R009924,W131,P002,A04,23-06-2026,Day,9.6,1.6,46,High,74,97,0.763,2
R009925,W131,P002,A06,24-06-2026,Night,10.3,2.3,43,Low,64,92,0.701,3
R009926,W131,P002,A07,25-06-2026,Day,8.8,0.8,33,High,69,95,0.73,4
R009927,W131,P002,A03,26-06-2026,Night,8.6,0.6,39,High,50,75,0.663,5
R009928,W131,P002,A07,27-06-2026,Night,11.1,3.1,41,Medium,71,98,0.72,6
R009929,W131,P002,A05,29-06-2026,Day,9.5,1.5,49,Low,64,78,0.819,1
R009930,W131,P002,A05,30-06-2026,Night,10.8,2.8,38,Low,68,83,0.824,2
R009931,W131,P002,A06,01-07-2026,Day,10.1,2.1,32,Medium,57,88,0.65,3
R009932,W131,P002,A06,02-07-2026,Night,10.4,2.4,20,Low,48,69,0.692,4
R009933,W131,P002,A09,03-07-2026,Day,8,0,57,Low,77,89,0.867,5
R009934,W131,P002,A02,04-07-2026,Day,9.4,1.4,42,Medium,57,84,0.679,6
R009935,W131,P002,A08,06-07-2026,Day,8.7,0.7,33,Medium,53,66,0.8,1
R009936,W131,P002,A04,07-07-2026,Day,9.9,1.9,30,Medium,70,98,0.713,2
R009937,W131,P002,A05,08-07-2026,Day,8.5,0.5,43,Low,71,92,0.769,3
R009938,W131,P002,A04,09-07-2026,Day,10.3,2.3,53,High,58,83,0.7,4
R009939,W131,P002,A04,10-07-2026,Day,9.9,1.9,43,Critical,57,91,0.626,5
R009940,W131,P002,A03,11-07-2026,Night,9.8,1.8,35,Medium,56,81,0.694,6
R009941,W131,P002,A04,13-07-2026,Day,9.4,1.4,29,Medium,65,88,0.734,1
R009942,W131,P002,A02,14-07-2026,Day,9.6,1.6,33,Medium,54,69,0.784,2
R009943,W131,P002,A05,15-07-2026,Day,9.7,1.7,46,High,64,82,0.775,3
R009944,W131,P002,A01,16-07-2026,Day,10.7,2.7,37,Low,67,90,0.742,4
R009945,W131,P002,A09,17-07-2026,Day,11.4,3.4,33,High,70,92,0.765,5
R009946,W131,P002,A04,18-07-2026,Day,10.6,2.6,36,Medium,68,90,0.753,6
R009947,W131,P002,A01,20-07-2026,Day,9.2,1.2,38,Low,50,61,0.821,1
R009948,W131,P002,A05,22-07-2026,Night,9.4,1.4,35,Medium,45,62,0.728,1
R009949,W131,P002,A03,23-07-2026,Day,8.8,0.8,47,Medium,75,91,0.823,2
R009950,W131,P002,A06,24-07-2026,Night,11.1,3.1,34,High,48,72,0.66,3
R009951,W131,P002,A04,25-07-2026,Night,8.9,0.9,50,High,50,62,0.799,4
R009952,W131,P002,A03,26-07-2026,Day,10.1,2.1,49,Medium,71,98,0.721,5
R009953,W131,P002,A08,27-07-2026,Day,9.7,1.7,27,Low,55,84,0.659,6
R009954,W131,P002,A07,28-07-2026,Day,10.1,2.1,48,High,54,86,0.633,7
R009955,W131,P002,A06,29-07-2026,Day,9.9,1.9,37,High,60,74,0.807,8
R009956,W131,P002,A02,30-07-2026,Day,10.4,2.4,53,Low,48,65,0.74,9
R009957,W131,P002,A05,31-07-2026,Day,9.5,1.5,39,Medium,60,79,0.759,10
R009958,W131,P002,A06,01-08-2026,Day,10.5,2.5,50,Medium,54,79,0.683,11
R009959,W131,P002,A04,03-08-2026,Day,9.4,1.4,45,Low,71,95,0.75,1
R009960,W131,P002,A06,04-08-2026,Day,9,1,30,Medium,67,82,0.82,2
R009961,W131,P002,A09,05-08-2026,Day,9.3,1.3,29,Low,66,88,0.747,3
R009962,W131,P002,A02,06-08-2026,Day,9.5,1.5,55,Low,65,83,0.781,4
R009963,W131,P002,A08,07-08-2026,Day,10.2,2.2,41,Medium,59,93,0.632,5
R009964,W131,P002,A07,08-08-2026,Day,8.5,0.5,53,Low,62,84,0.734,6
R009965,W131,P002,A08,10-08-2026,Day,9.4,1.4,31,Medium,56,74,0.755,1
R009966,W131,P002,A01,11-08-2026,Day,11.5,3.5,37,High,44,64,0.688,2
R009967,W131,P002,A06,12-08-2026,Day,10.6,2.6,36,Low,56,73,0.772,3
R009968,W131,P002,A05,13-08-2026,Day,8.9,0.9,53,Low,64,81,0.796,4
R009969,W131,P002,A07,14-08-2026,Day,9.8,1.8,44,Medium,69,89,0.777,5
R009970,W131,P002,A06,15-08-2026,Day,9.1,1.1,41,High,58,86,0.673,6
R009971,W131,P002,A04,17-08-2026,Day,9.7,1.7,39,Medium,62,89,0.7,1
R009972,W131,P002,A05,18-08-2026,Day,8.6,0.6,40,Medium,75,94,0.793,2
R009973,W131,P002,A04,19-08-2026,Day,9.7,1.7,40,Medium,59,73,0.803,3
R009974,W131,P002,A09,20-08-2026,Day,10.4,2.4,25,Medium,60,77,0.78,4
R009975,W131,P002,A01,21-08-2026,Day,9.6,1.6,47,Medium,62,87,0.711,5
R009976,W131,P002,A02,22-08-2026,Night,9.9,1.9,33,High,69,91,0.757,6
R009977,W131,P002,A09,24-08-2026,Day,8.4,0.4,41,Critical,58,77,0.759,1
R009978,W131,P002,A08,25-08-2026,Day,9.2,1.2,29,Medium,46,61,0.757,2
R009979,W131,P002,A06,26-08-2026,Day,10.8,2.8,37,High,51,72,0.706,3
R009980,W131,P002,A03,27-08-2026,Day,9.3,1.3,43,Medium,50,68,0.739,4
R009981,W131,P002,A07,28-08-2026,Day,11.4,3.4,35,Low,60,94,0.642,5
R009982,W131,P002,A03,29-08-2026,Day,10,2,51,Medium,45,64,0.696,6
R009983,W132,P005,A07,01-06-2026,Day,8.6,0.6,51,Medium,63,81,0.779,1
R009984,W132,P005,A09,02-06-2026,Day,8.9,0.9,30,High,60,79,0.765,2
R009985,W132,P005,A06,03-06-2026,Night,8.7,0.7,39,High,69,83,0.832,3
R009986,W132,P005,A07,04-06-2026,Day,8,0,41,Low,55,79,0.695,4
R009987,W132,P005,A02,05-06-2026,Day,10.2,2.2,39,Low,62,79,0.787,5
R009988,W132,P005,A02,06-06-2026,Day,10.9,2.9,40,Low,66,95,0.693,6
R009989,W132,P005,A07,08-06-2026,Day,8.8,0.8,31,High,44,62,0.71,1
R009990,W132,P005,A01,10-06-2026,Day,11.1,3.1,44,Medium,45,62,0.72,1
R009991,W132,P005,A04,11-06-2026,Day,8.2,0.2,43,Low,61,68,0.891,2
R009992,W132,P005,A06,12-06-2026,Day,10.8,2.8,46,Low,68,91,0.745,3
R009993,W132,P005,A01,13-06-2026,Day,8.5,0.5,56,Medium,79,97,0.814,4
R009994,W132,P005,A02,15-06-2026,Day,8.7,0.7,46,Medium,54,65,0.836,1
R009995,W132,P005,A03,16-06-2026,Day,8,0,25,Low,53,60,0.881,2
R009996,W132,P005,A04,17-06-2026,Day,9.4,1.4,47,High,49,68,0.727,3
R009997,W132,P005,A07,18-06-2026,Day,11.3,3.3,43,Low,52,62,0.846,4
R009998,W132,P005,A05,19-06-2026,Day,9.6,1.6,44,Low,69,90,0.767,5
R009999,W132,P005,A04,20-06-2026,Night,10.8,2.8,42,Low,75,99,0.753,6
R010000,W132,P005,A09,22-06-2026,Night,8,0,36,Medium,68,83,0.82,1
R010001,W132,P005,A08,23-06-2026,Night,9.7,1.7,31,Medium,67,81,0.824,2
R010002,W132,P005,A07,24-06-2026,Day,10.9,2.9,26,Low,55,76,0.726,3
R010003,W132,P005,A01,25-06-2026,Day,10.7,2.7,45,Critical,55,70,0.791,4
R010004,W132,P005,A06,26-06-2026,Day,10.1,2.1,51,High,49,62,0.784,5
R010005,W132,P005,A01,27-06-2026,Night,10.5,2.5,33,Medium,44,60,0.728,6
R010006,W132,P005,A08,29-06-2026,Night,10.7,2.7,47,High,66,88,0.751,1
R010007,W132,P005,A09,30-06-2026,Day,10.8,2.8,39,Low,60,74,0.805,2
R010008,W132,P005,A05,01-07-2026,Day,10.4,2.4,34,Low,82,98,0.841,3
R010009,W132,P005,A03,02-07-2026,Day,9.9,1.9,41,Critical,58,81,0.721,4
R010010,W132,P005,A09,03-07-2026,Day,8.3,0.3,28,High,72,96,0.754,5
R010011,W132,P005,A06,04-07-2026,Day,9.2,1.2,46,High,51,69,0.734,6
R010012,W132,P005,A09,06-07-2026,Day,10.6,2.6,30,Medium,67,87,0.771,1
R010013,W132,P005,A03,07-07-2026,Day,8,0,38,Low,79,88,0.892,2
R010014,W132,P005,A05,08-07-2026,Day,10.3,2.3,38,Low,64,69,0.931,3
R010015,W132,P005,A09,09-07-2026,Day,9.1,1.1,45,Low,67,88,0.764,4
R010016,W132,P005,A09,10-07-2026,Day,10.4,2.4,34,Low,72,89,0.805,5
R010017,W132,P005,A09,11-07-2026,Night,8.6,0.6,45,High,59,85,0.697,6
R010018,W132,P005,A03,13-07-2026,Day,8.6,0.6,36,Medium,47,68,0.693,1
R010019,W132,P005,A04,14-07-2026,Day,9.9,1.9,42,Medium,56,72,0.773,2
R010020,W132,P005,A06,15-07-2026,Night,8.8,0.8,56,Low,56,71,0.793,3
R010021,W132,P005,A04,16-07-2026,Day,10.8,2.8,28,Medium,52,75,0.7,4
R010022,W132,P005,A01,17-07-2026,Day,9.9,1.9,46,Low,49,64,0.758,5
R010023,W132,P005,A05,18-07-2026,Day,9.8,1.8,46,Medium,68,94,0.723,6
R010024,W132,P005,A09,20-07-2026,Day,9.1,1.1,54,Medium,65,78,0.834,1
R010025,W132,P005,A07,21-07-2026,Day,9.7,1.7,26,High,58,80,0.727,2
R010026,W132,P005,A07,22-07-2026,Day,9.1,1.1,37,Medium,69,80,0.859,3
R010027,W132,P005,A01,23-07-2026,Day,9.4,1.4,38,Critical,55,77,0.72,4
R010028,W132,P005,A08,24-07-2026,Day,8.4,0.4,29,Medium,49,73,0.674,5
R010029,W132,P005,A02,25-07-2026,Day,9.3,1.3,50,High,54,67,0.803,6
R010030,W132,P005,A07,27-07-2026,Day,9.2,1.2,44,Medium,72,91,0.791,1
R010031,W132,P005,A06,28-07-2026,Day,8,0,46,Low,52,62,0.839,2
R010032,W132,P005,A08,29-07-2026,Night,9.3,1.3,40,Low,47,60,0.778,3
R010033,W132,P005,A03,30-07-2026,Day,10.4,2.4,34,Medium,70,90,0.774,4
R010034,W132,P005,A02,31-07-2026,Day,10.1,2.1,38,Medium,62,89,0.693,5
R010035,W132,P005,A04,01-08-2026,Day,8,0,31,Low,74,95,0.783,6
R010036,W132,P005,A08,03-08-2026,Day,8.6,0.6,42,Medium,58,75,0.779,1
R010037,W132,P005,A09,04-08-2026,Day,8.8,0.8,40,Medium,42,63,0.673,2
R010038,W132,P005,A07,05-08-2026,Day,10.2,2.2,45,High,55,74,0.743,3
R010039,W132,P005,A03,06-08-2026,Day,10.7,2.7,46,High,67,94,0.713,4
R010040,W132,P005,A09,07-08-2026,Day,8,0,50,Low,79,94,0.841,5
R010041,W132,P005,A02,08-08-2026,Day,8.6,0.6,40,Medium,58,80,0.73,6
R010042,W132,P005,A02,10-08-2026,Day,8.7,0.7,34,Medium,80,98,0.821,1
R010043,W132,P005,A07,11-08-2026,Day,10.7,2.7,42,Medium,64,78,0.815,2
R010044,W132,P005,A04,12-08-2026,Day,10.3,2.3,42,High,60,85,0.711,3
R010045,W132,P005,A07,13-08-2026,Day,8.9,0.9,51,Low,57,70,0.816,4
R010046,W132,P005,A06,14-08-2026,Day,8.5,0.5,17,Medium,56,70,0.793,5
R010047,W132,P005,A06,15-08-2026,Night,10.9,2.9,45,Medium,49,60,0.811,6
R010048,W132,P005,A07,17-08-2026,Day,8.8,0.8,41,High,68,90,0.755,1
R010049,W132,P005,A07,18-08-2026,Day,11.9,3.9,21,High,69,99,0.698,2
R010050,W132,P005,A05,19-08-2026,Day,10.6,2.6,49,Low,63,75,0.839,3
R010051,W132,P005,A01,20-08-2026,Day,9.8,1.8,56,Medium,69,91,0.759,4
R010052,W132,P005,A09,21-08-2026,Day,8.8,0.8,33,High,68,96,0.704,5
R010053,W132,P005,A07,22-08-2026,Day,8.1,0.1,49,Medium,63,75,0.835,6
R010054,W132,P005,A06,24-08-2026,Day,9.3,1.3,39,Medium,58,75,0.773,1
R010055,W132,P005,A09,25-08-2026,Day,9.9,1.9,42,Low,46,65,0.71,2
R010056,W132,P005,A01,26-08-2026,Day,8.8,0.8,40,Medium,54,71,0.754,3
R010057,W132,P005,A02,27-08-2026,Day,9.9,1.9,56,Medium,74,91,0.809,4
R010058,W132,P005,A06,29-08-2026,Day,8.5,0.5,46,High,64,84,0.762,1
R010059,W133,P003,A01,01-06-2026,Night,8.6,0.6,48,Medium,72,94,0.763,1
R010060,W133,P003,A07,02-06-2026,Day,11.7,3.7,38,Low,44,69,0.641,2
R010061,W133,P003,A08,03-06-2026,Day,11.3,3.3,45,Low,47,65,0.724,3
R010062,W133,P003,A06,04-06-2026,Day,9.9,1.9,45,Medium,56,81,0.691,4
R010063,W133,P003,A03,05-06-2026,Day,9.4,1.4,34,High,46,68,0.677,5
R010064,W133,P003,A04,06-06-2026,Day,8.6,0.6,48,Low,67,88,0.765,6
R010065,W133,P003,A03,08-06-2026,Night,9.8,1.8,53,Critical,57,82,0.696,1
R010066,W133,P003,A01,09-06-2026,Day,9.1,1.1,38,Low,58,68,0.859,2
R010067,W133,P003,A02,10-06-2026,Day,9.8,1.8,32,Medium,67,84,0.802,3
R010068,W133,P003,A08,11-06-2026,Day,10,2,37,High,51,67,0.758,4
R010069,W133,P003,A02,12-06-2026,Night,10.5,2.5,38,High,61,83,0.736,5
R010070,W133,P003,A08,13-06-2026,Day,9.8,1.8,54,Medium,53,74,0.719,6
R010071,W133,P003,A06,14-06-2026,Night,10.6,2.6,51,Low,52,73,0.719,7
R010072,W133,P003,A01,16-06-2026,Day,11.2,3.2,27,Medium,55,81,0.679,1
R010073,W133,P003,A06,17-06-2026,Day,8.6,0.6,39,Medium,67,80,0.836,2
R010074,W133,P003,A06,18-06-2026,Night,10.6,2.6,37,Medium,65,87,0.745,3
R010075,W133,P003,A05,19-06-2026,Night,10.3,2.3,39,Medium,66,81,0.812,4
R010076,W133,P003,A05,20-06-2026,Day,10.1,2.1,34,High,61,93,0.658,5
R010077,W133,P003,A05,22-06-2026,Day,8.9,0.9,57,High,86,97,0.883,1
R010078,W133,P003,A08,23-06-2026,Day,11.5,3.5,41,High,51,71,0.712,2
R010079,W133,P003,A05,24-06-2026,Day,9.6,1.6,37,High,47,70,0.677,3
R010080,W133,P003,A06,25-06-2026,Day,9.7,1.7,44,Medium,72,98,0.739,4
R010081,W133,P003,A07,26-06-2026,Night,11.5,3.5,31,High,49,73,0.676,5
R010082,W133,P003,A06,29-06-2026,Day,10.7,2.7,42,Medium,60,80,0.753,1
R010083,W133,P003,A07,30-06-2026,Day,8.8,0.8,31,Low,77,98,0.785,2
R010084,W133,P003,A02,01-07-2026,Day,11.7,3.7,43,High,44,68,0.651,3
R010085,W133,P003,A09,03-07-2026,Day,10.5,2.5,24,Medium,56,84,0.672,1
R010086,W133,P003,A09,04-07-2026,Day,9.7,1.7,54,High,74,98,0.759,2
R010087,W133,P003,A08,06-07-2026,Night,9.8,1.8,49,Medium,69,85,0.816,1
R010088,W133,P003,A03,07-07-2026,Day,10,2,18,Medium,51,68,0.755,2
R010089,W133,P003,A05,08-07-2026,Day,9,1,38,Low,63,73,0.867,3
R010090,W133,P003,A04,09-07-2026,Day,10,2,38,High,60,81,0.736,4
R010091,W133,P003,A07,10-07-2026,Day,9.7,1.7,27,Low,49,62,0.793,5
R010092,W133,P003,A06,11-07-2026,Night,9.4,1.4,44,Low,48,64,0.758,6
R010093,W133,P003,A02,12-07-2026,Day,9.3,1.3,38,Low,58,68,0.855,7
R010094,W133,P003,A04,13-07-2026,Day,9.4,1.4,38,Low,62,80,0.776,8
R010095,W133,P003,A09,14-07-2026,Day,8,0,27,Critical,62,95,0.651,9
R010096,W133,P003,A04,15-07-2026,Day,10,2,41,High,55,86,0.643,10
R010097,W133,P003,A01,16-07-2026,Night,9.6,1.6,45,Medium,77,95,0.812,11
R010098,W133,P003,A06,17-07-2026,Night,10,2,36,Medium,42,64,0.663,12
R010099,W133,P003,A02,18-07-2026,Day,10.2,2.2,24,Low,54,85,0.64,13
R010100,W133,P003,A08,20-07-2026,Day,9.5,1.5,24,Medium,62,85,0.731,1
R010101,W133,P003,A01,22-07-2026,Day,10.6,2.6,32,Medium,69,85,0.811,1
R010102,W133,P003,A04,23-07-2026,Night,8.4,0.4,54,Medium,53,68,0.779,2
R010103,W133,P003,A02,24-07-2026,Day,8.5,0.5,30,Low,82,98,0.832,3
R010104,W133,P003,A07,25-07-2026,Night,10.5,2.5,35,Medium,58,73,0.79,4
R010105,W133,P003,A08,27-07-2026,Day,9.5,1.5,33,Low,51,65,0.787,1
R010106,W133,P003,A05,28-07-2026,Day,9.1,1.1,41,Medium,54,66,0.817,2
R010107,W133,P003,A07,29-07-2026,Day,10.1,2.1,52,Medium,62,79,0.79,3
R010108,W133,P003,A08,30-07-2026,Night,10.8,2.8,34,Medium,68,93,0.734,4
R010109,W133,P003,A09,31-07-2026,Day,9.5,1.5,48,Medium,56,74,0.751,5
R010110,W133,P003,A06,01-08-2026,Day,9.6,1.6,46,Low,62,91,0.682,6
R010111,W133,P003,A01,03-08-2026,Night,11.4,3.4,48,High,78,96,0.817,1
R010112,W133,P003,A05,04-08-2026,Day,9.7,1.7,44,High,69,92,0.746,2
R010113,W133,P003,A05,05-08-2026,Day,10.8,2.8,44,Medium,54,70,0.774,3
R010114,W133,P003,A03,06-08-2026,Night,10.7,2.7,32,Low,48,80,0.606,4
R010115,W133,P003,A09,07-08-2026,Day,11.4,3.4,36,Low,66,93,0.713,5
R010116,W133,P003,A08,08-08-2026,Day,10.1,2.1,39,Medium,73,87,0.836,6
R010117,W133,P003,A03,10-08-2026,Day,8.5,0.5,55,Critical,74,92,0.801,1
R010118,W133,P003,A09,11-08-2026,Day,8.5,0.5,35,Low,74,91,0.809,2
R010119,W133,P003,A02,12-08-2026,Day,10,2,33,Low,60,71,0.839,3
R010120,W133,P003,A06,13-08-2026,Day,10,2,41,Medium,71,93,0.764,4
R010121,W133,P003,A06,14-08-2026,Day,9.4,1.4,54,Medium,65,90,0.727,5
R010122,W133,P003,A03,17-08-2026,Day,9.5,1.5,47,High,50,66,0.757,1
R010123,W133,P003,A02,18-08-2026,Day,9.9,1.9,49,Medium,54,73,0.738,2
R010124,W133,P003,A06,19-08-2026,Night,10,2,48,Medium,72,97,0.741,3
R010125,W133,P003,A04,20-08-2026,Day,8.6,0.6,50,Low,57,71,0.797,4
R010126,W133,P003,A04,21-08-2026,Day,9.4,1.4,48,High,72,95,0.759,5
R010127,W133,P003,A07,22-08-2026,Day,9.4,1.4,33,Low,50,67,0.751,6
R010128,W133,P003,A04,24-08-2026,Day,9.1,1.1,37,Medium,71,98,0.722,1
R010129,W133,P003,A04,25-08-2026,Day,10.7,2.7,39,Medium,76,98,0.778,2
R010130,W133,P003,A07,26-08-2026,Day,9.8,1.8,41,High,65,75,0.872,3
R010131,W133,P003,A09,27-08-2026,Day,9.2,1.2,34,High,51,68,0.756,4
R010132,W133,P003,A05,28-08-2026,Day,9.8,1.8,42,High,69,92,0.75,5
R010133,W133,P003,A01,29-08-2026,Day,8.8,0.8,29,Medium,64,86,0.739,6
R010134,W134,P001,A06,01-06-2026,Day,8.8,0.8,49,High,49,64,0.764,1
R010135,W134,P001,A05,03-06-2026,Night,8.5,0.5,46,Low,73,90,0.808,1
R010136,W134,P001,A08,04-06-2026,Day,10.7,2.7,45,Medium,69,92,0.755,2
R010137,W134,P001,A04,05-06-2026,Day,9.3,1.3,41,Low,58,72,0.808,3
R010138,W134,P001,A07,06-06-2026,Day,9.9,1.9,35,Medium,62,89,0.699,4
R010139,W134,P001,A02,08-06-2026,Night,10.5,2.5,55,Critical,65,76,0.849,1
R010140,W134,P001,A01,09-06-2026,Day,8.8,0.8,41,Low,65,78,0.83,2
R010141,W134,P001,A03,10-06-2026,Day,8,0,41,High,62,79,0.791,3
R010142,W134,P001,A04,11-06-2026,Night,9,1,30,High,68,87,0.783,4
R010143,W134,P001,A08,12-06-2026,Day,8.3,0.3,38,Low,70,87,0.805,5
R010144,W134,P001,A02,13-06-2026,Day,11.5,3.5,37,Low,56,75,0.747,6
R010145,W134,P001,A07,14-06-2026,Day,9.9,1.9,49,Medium,54,70,0.769,7
R010146,W134,P001,A09,15-06-2026,Day,9.5,1.5,33,Low,67,92,0.729,8
R010147,W134,P001,A04,16-06-2026,Day,8.1,0.1,45,Critical,48,65,0.731,9
R010148,W134,P001,A09,18-06-2026,Day,9.4,1.4,45,Low,77,85,0.907,1
R010149,W134,P001,A07,19-06-2026,Day,9.8,1.8,31,Medium,64,82,0.779,2
R010150,W134,P001,A05,20-06-2026,Day,9.5,1.5,39,Low,69,86,0.799,3
R010151,W134,P001,A01,22-06-2026,Day,10.7,2.7,49,Low,74,84,0.878,1
R010152,W134,P001,A09,23-06-2026,Day,8,0,40,Low,69,92,0.753,2
R010153,W134,P001,A05,24-06-2026,Day,10.1,2.1,41,Medium,63,78,0.811,3
R010154,W134,P001,A09,25-06-2026,Day,9.7,1.7,50,Medium,52,64,0.813,4
R010155,W134,P001,A08,26-06-2026,Night,9.8,1.8,51,Medium,58,73,0.8,5
R010156,W134,P001,A06,27-06-2026,Day,10.1,2.1,40,Critical,63,87,0.723,6
R010157,W134,P001,A05,29-06-2026,Night,9.1,1.1,54,Low,56,69,0.806,1
R010158,W134,P001,A01,30-06-2026,Day,10.4,2.4,53,Medium,60,87,0.691,2
R010159,W134,P001,A06,01-07-2026,Night,10.7,2.7,32,Medium,78,97,0.801,3
R010160,W134,P001,A03,02-07-2026,Day,10,2,40,Medium,59,71,0.837,4
R010161,W134,P001,A03,03-07-2026,Night,8.6,0.6,45,Low,63,84,0.744,5
R010162,W134,P001,A07,05-07-2026,Day,9.9,1.9,49,High,81,97,0.838,1
R010163,W134,P001,A08,06-07-2026,Day,10.2,2.2,37,Critical,46,64,0.72,2
R010164,W134,P001,A03,07-07-2026,Day,10.2,2.2,38,Critical,56,77,0.723,3
R010165,W134,P001,A06,08-07-2026,Night,10.7,2.7,50,High,54,69,0.778,4
R010166,W134,P001,A01,09-07-2026,Day,8,0,52,Low,66,78,0.847,5
R010167,W134,P001,A01,10-07-2026,Day,9.2,1.2,43,High,59,77,0.765,6
R010168,W134,P001,A08,11-07-2026,Day,10,2,49,Low,46,61,0.756,7
R010169,W134,P001,A04,13-07-2026,Day,9.6,1.6,33,Critical,55,78,0.699,1
R010170,W134,P001,A05,14-07-2026,Day,8.2,0.2,30,Low,59,66,0.893,2
R010171,W134,P001,A08,15-07-2026,Day,8.4,0.4,32,Low,57,76,0.745,3
R010172,W134,P001,A06,16-07-2026,Day,9.2,1.2,37,Low,73,83,0.881,4
R010173,W134,P001,A08,17-07-2026,Day,8.4,0.4,38,Medium,79,96,0.822,5
R010174,W134,P001,A02,18-07-2026,Night,10.4,2.4,28,Low,61,91,0.668,6
R010175,W134,P001,A04,20-07-2026,Day,8,0,54,Medium,66,78,0.841,1
R010176,W134,P001,A09,21-07-2026,Day,8.7,0.7,48,Low,58,68,0.854,2
R010177,W134,P001,A06,22-07-2026,Day,9.3,1.3,43,High,60,79,0.755,3
R010178,W134,P001,A06,23-07-2026,Day,9.7,1.7,46,Low,67,83,0.81,4
R010179,W134,P001,A09,24-07-2026,Night,8,0,38,Low,62,74,0.833,5
R010180,W134,P001,A04,25-07-2026,Day,8.1,0.1,49,High,54,72,0.746,6
R010181,W134,P001,A04,27-07-2026,Day,8.7,0.7,49,High,55,84,0.657,1
R010182,W134,P001,A09,28-07-2026,Day,9.9,1.9,51,Medium,57,80,0.712,2
R010183,W134,P001,A03,29-07-2026,Day,10.1,2.1,32,Low,46,62,0.742,3
R010184,W134,P001,A05,30-07-2026,Day,8,0,24,Low,75,91,0.826,4
R010185,W134,P001,A05,31-07-2026,Day,9.2,1.2,43,Medium,64,83,0.768,5
R010186,W134,P001,A04,01-08-2026,Day,8.5,0.5,47,Medium,56,82,0.68,6
R010187,W134,P001,A01,03-08-2026,Day,9.2,1.2,47,High,68,81,0.844,1
R010188,W134,P001,A08,04-08-2026,Day,8,0,38,Critical,65,84,0.768,2
R010189,W134,P001,A08,05-08-2026,Day,8,0,51,Medium,77,98,0.786,3
R010190,W134,P001,A05,06-08-2026,Day,8,0,33,Critical,53,73,0.732,4
R010191,W134,P001,A06,07-08-2026,Day,10.7,2.7,55,High,50,67,0.742,5
R010192,W134,P001,A02,08-08-2026,Day,8.7,0.7,60,Medium,56,70,0.795,6
R010193,W134,P001,A06,10-08-2026,Day,8,0,37,Medium,50,64,0.788,1
R010194,W134,P001,A08,11-08-2026,Day,8.1,0.1,39,Medium,52,63,0.829,2
R010195,W134,P001,A09,12-08-2026,Day,10.3,2.3,51,Low,47,65,0.722,3
R010196,W134,P001,A03,13-08-2026,Day,8.6,0.6,44,Medium,60,77,0.773,4
R010197,W134,P001,A07,14-08-2026,Day,9.6,1.6,33,Low,40,60,0.665,5
R010198,W134,P001,A08,15-08-2026,Day,9.4,1.4,44,Medium,72,96,0.755,6
R010199,W134,P001,A01,17-08-2026,Day,9.6,1.6,37,High,53,73,0.73,1
R010200,W134,P001,A04,18-08-2026,Day,8.6,0.6,40,High,53,62,0.857,2
R010201,W134,P001,A05,19-08-2026,Day,8.3,0.3,41,High,55,75,0.739,3
R010202,W134,P001,A03,20-08-2026,Day,8.6,0.6,41,High,54,86,0.63,4
R010203,W134,P001,A08,21-08-2026,Day,10.8,2.8,42,Medium,64,88,0.724,5
R010204,W134,P001,A06,22-08-2026,Day,10.5,2.5,48,Low,50,64,0.776,6
R010205,W134,P001,A05,24-08-2026,Night,8,0,36,Medium,53,66,0.801,1
R010206,W134,P001,A05,25-08-2026,Night,10.6,2.6,40,High,54,72,0.756,2
R010207,W134,P001,A02,26-08-2026,Day,8,0,38,Low,61,74,0.828,3
R010208,W134,P001,A07,27-08-2026,Day,9.2,1.2,58,High,53,68,0.773,4
R010209,W134,P001,A08,28-08-2026,Day,10.8,2.8,43,High,46,65,0.703,5
R010210,W134,P001,A07,29-08-2026,Day,8.3,0.3,38,Low,80,92,0.874,6
R010211,W135,P001,A06,01-06-2026,Night,11.4,3.4,38,Low,45,62,0.719,1
R010212,W135,P001,A04,02-06-2026,Day,9.2,1.2,31,High,55,80,0.691,2
R010213,W135,P001,A02,03-06-2026,Day,8.9,0.9,46,Low,75,93,0.811,3
R010214,W135,P001,A03,04-06-2026,Day,9.4,1.4,38,Critical,47,71,0.668,4
R010215,W135,P001,A08,05-06-2026,Night,8.5,0.5,37,Medium,49,63,0.774,5
R010216,W135,P001,A01,06-06-2026,Night,9,1,60,Medium,70,86,0.815,6
R010217,W135,P001,A04,08-06-2026,Night,8.2,0.2,54,Medium,57,72,0.792,1
R010218,W135,P001,A05,09-06-2026,Day,8.5,0.5,46,Low,54,62,0.863,2
R010219,W135,P001,A07,10-06-2026,Day,9.6,1.6,39,Low,68,79,0.855,3
R010220,W135,P001,A03,11-06-2026,Day,9.1,1.1,47,Low,66,72,0.915,4
R010221,W135,P001,A03,12-06-2026,Day,10.3,2.3,40,Low,64,82,0.782,5
R010222,W135,P001,A04,13-06-2026,Day,11.2,3.2,39,Medium,50,68,0.739,6
R010223,W135,P001,A07,15-06-2026,Day,8.9,0.9,43,Low,61,70,0.876,1
R010224,W135,P001,A09,16-06-2026,Day,9,1,38,High,48,60,0.795,2
R010225,W135,P001,A08,18-06-2026,Day,8.7,0.7,39,Medium,62,68,0.91,1
R010226,W135,P001,A02,19-06-2026,Day,8,0,39,Low,89,97,0.92,2
R010227,W135,P001,A06,20-06-2026,Day,8.2,0.2,43,Medium,53,63,0.837,3
R010228,W135,P001,A06,22-06-2026,Day,8,0,48,Low,74,91,0.81,1
R010229,W135,P001,A05,23-06-2026,Day,11.1,3.1,27,Low,66,81,0.815,2
R010230,W135,P001,A07,24-06-2026,Day,10,2,30,Medium,46,66,0.702,3
R010231,W135,P001,A05,25-06-2026,Day,8.7,0.7,47,Medium,63,91,0.695,4
R010232,W135,P001,A04,26-06-2026,Day,10.7,2.7,40,Medium,48,68,0.711,5
R010233,W135,P001,A01,27-06-2026,Day,9.4,1.4,21,Low,88,96,0.918,6
R010234,W135,P001,A07,29-06-2026,Day,9.2,1.2,46,Medium,64,81,0.794,1
R010235,W135,P001,A09,30-06-2026,Day,8.9,0.9,47,Low,79,98,0.808,2
R010236,W135,P001,A05,01-07-2026,Day,8.7,0.7,45,Medium,61,88,0.698,3
R010237,W135,P001,A09,02-07-2026,Day,8.7,0.7,43,Medium,79,93,0.846,4
R010238,W135,P001,A04,04-07-2026,Day,9.1,1.1,51,Medium,74,93,0.797,1
R010239,W135,P001,A06,06-07-2026,Day,9.5,1.5,31,Low,62,84,0.734,1
R010240,W135,P001,A08,07-07-2026,Day,8.5,0.5,35,Critical,43,60,0.718,2
R010241,W135,P001,A09,08-07-2026,Day,8.6,0.6,34,Low,67,79,0.846,3
R010242,W135,P001,A05,09-07-2026,Day,10.6,2.6,44,Low,53,82,0.65,4
R010243,W135,P001,A08,10-07-2026,Day,8,0,56,Medium,77,87,0.887,5
R010244,W135,P001,A06,11-07-2026,Day,11.3,3.3,54,Low,67,88,0.756,6
R010245,W135,P001,A01,13-07-2026,Day,9.9,1.9,59,Low,85,99,0.854,1
R010246,W135,P001,A08,15-07-2026,Day,8.8,0.8,40,High,59,75,0.786,1
R010247,W135,P001,A05,16-07-2026,Day,8,0,40,Medium,62,79,0.788,2
R010248,W135,P001,A08,17-07-2026,Day,11.2,3.2,24,Low,61,92,0.667,3
R010249,W135,P001,A09,18-07-2026,Night,8.8,0.8,47,Critical,62,81,0.761,4
R010250,W135,P001,A04,20-07-2026,Day,8.9,0.9,37,Medium,67,88,0.766,1
R010251,W135,P001,A07,21-07-2026,Night,8.8,0.8,24,Low,72,99,0.732,2
R010252,W135,P001,A09,22-07-2026,Day,9.6,1.6,29,Low,59,73,0.809,3
R010253,W135,P001,A06,23-07-2026,Day,10.1,2.1,56,Low,54,71,0.761,4
R010254,W135,P001,A01,24-07-2026,Day,10.2,2.2,44,High,54,66,0.82,5
R010255,W135,P001,A07,25-07-2026,Day,8,0,55,Medium,53,65,0.817,6
R010256,W135,P001,A03,27-07-2026,Day,10.4,2.4,51,Low,60,75,0.794,1
R010257,W135,P001,A06,28-07-2026,Night,8.8,0.8,40,Critical,71,95,0.743,2
R010258,W135,P001,A02,29-07-2026,Day,9.2,1.2,39,High,57,86,0.66,3
R010259,W135,P001,A08,30-07-2026,Day,9.1,1.1,36,Critical,49,74,0.668,4
R010260,W135,P001,A07,31-07-2026,Day,8.3,0.3,26,Medium,58,70,0.829,5
R010261,W135,P001,A09,01-08-2026,Day,9.2,1.2,49,Medium,67,78,0.855,6
R010262,W135,P001,A05,03-08-2026,Day,8.9,0.9,49,Medium,64,86,0.74,1
R010263,W135,P001,A07,04-08-2026,Day,8,0,45,Low,55,64,0.862,2
R010264,W135,P001,A09,05-08-2026,Day,9.5,1.5,46,Low,56,69,0.811,3
R010265,W135,P001,A01,07-08-2026,Day,12.4,4.4,34,Medium,63,83,0.754,1
R010266,W135,P001,A01,08-08-2026,Day,9.8,1.8,47,High,50,65,0.765,2
R010267,W135,P001,A09,10-08-2026,Night,9.1,1.1,26,Low,65,73,0.887,1
R010268,W135,P001,A08,11-08-2026,Day,9.2,1.2,37,Medium,58,83,0.704,2
R010269,W135,P001,A05,12-08-2026,Night,10.1,2.1,45,Medium,52,70,0.749,3
R010270,W135,P001,A05,13-08-2026,Day,8.1,0.1,45,Medium,80,99,0.804,4
R010271,W135,P001,A03,14-08-2026,Day,9.1,1.1,45,Low,57,74,0.772,5
R010272,W135,P001,A01,17-08-2026,Day,9.2,1.2,20,High,49,78,0.626,1
R010273,W135,P001,A05,18-08-2026,Day,10.1,2.1,38,Medium,64,88,0.723,2
R010274,W135,P001,A04,19-08-2026,Day,10,2,36,Medium,58,69,0.835,3
R010275,W135,P001,A07,20-08-2026,Day,10.1,2.1,40,Low,70,92,0.76,4
R010276,W135,P001,A03,21-08-2026,Day,8.5,0.5,54,High,56,80,0.704,5
R010277,W135,P001,A09,22-08-2026,Day,9,1,52,Low,50,62,0.813,6
R010278,W135,P001,A05,24-08-2026,Day,11.3,3.3,38,High,49,62,0.787,1
R010279,W135,P001,A05,26-08-2026,Day,9.6,1.6,44,High,49,61,0.801,1
R010280,W135,P001,A02,27-08-2026,Night,9.2,1.2,49,High,71,94,0.757,2
R010281,W135,P001,A05,28-08-2026,Day,10,2,51,High,57,74,0.77,3
R010282,W135,P001,A08,29-08-2026,Day,10.1,2.1,37,Medium,62,78,0.792,4
R010283,W136,P004,A01,01-06-2026,Day,9.4,1.4,20,Medium,50,65,0.766,1
R010284,W136,P004,A03,02-06-2026,Day,12,4,18,Low,67,98,0.684,2
R010285,W136,P004,A02,03-06-2026,Day,12.6,4.6,30,High,44,65,0.671,3
R010286,W136,P004,A02,04-06-2026,Night,10.8,2.8,35,Medium,42,72,0.583,4
R010287,W136,P004,A07,05-06-2026,Day,12,4,19,High,38,74,0.517,5
R010288,W136,P004,A09,06-06-2026,Day,11.7,3.7,36,High,56,88,0.636,6
R010289,W136,P004,A08,08-06-2026,Day,10.5,2.5,30,High,39,66,0.595,1
R010290,W136,P004,A07,09-06-2026,Day,11.1,3.1,32,Medium,52,73,0.718,2
R010291,W136,P004,A09,10-06-2026,Day,11.5,3.5,41,Medium,42,65,0.65,3
R010292,W136,P004,A08,11-06-2026,Day,12.4,4.4,38,High,63,95,0.658,4
R010293,W136,P004,A01,12-06-2026,Day,9.7,1.7,34,Critical,51,81,0.632,5
R010294,W136,P004,A01,13-06-2026,Day,11.9,3.9,32,High,47,72,0.659,6
R010295,W136,P004,A09,15-06-2026,Day,11.4,3.4,33,Medium,46,78,0.587,1
R010296,W136,P004,A01,16-06-2026,Day,9.8,1.8,25,Low,44,61,0.722,2
R010297,W136,P004,A03,17-06-2026,Day,10.9,2.9,31,High,49,72,0.68,3
R010298,W136,P004,A08,18-06-2026,Day,12.5,4.5,31,High,49,70,0.698,4
R010299,W136,P004,A09,19-06-2026,Day,11.8,3.8,23,Medium,33,64,0.515,5
R010300,W136,P004,A03,20-06-2026,Day,10.3,2.3,16,Low,43,62,0.694,6
R010301,W136,P004,A08,21-06-2026,Night,12.6,4.6,19,High,39,80,0.492,7
R010302,W136,P004,A04,22-06-2026,Day,10.3,2.3,42,Medium,49,74,0.662,8
R010303,W136,P004,A04,23-06-2026,Night,9.7,1.7,27,Low,44,69,0.635,9
R010304,W136,P004,A07,24-06-2026,Day,12.4,4.4,29,Medium,58,88,0.661,10
R010305,W136,P004,A04,25-06-2026,Day,9.9,1.9,25,Medium,47,76,0.621,11
R010306,W136,P004,A03,26-06-2026,Day,9.7,1.7,32,High,44,71,0.621,12
R010307,W136,P004,A07,27-06-2026,Day,8.6,0.6,41,Critical,36,63,0.564,13
R010308,W136,P004,A04,28-06-2026,Day,9.3,1.3,36,Medium,55,86,0.642,14
R010309,W136,P004,A06,29-06-2026,Day,10.7,2.7,32,Medium,50,83,0.599,15
R010310,W136,P004,A07,30-06-2026,Night,10.1,2.1,17,Medium,46,92,0.496,16
R010311,W136,P004,A06,01-07-2026,Day,10.1,2.1,32,Critical,40,65,0.617,17
R010312,W136,P004,A08,02-07-2026,Night,12.1,4.1,45,Medium,50,74,0.676,18
R010313,W136,P004,A06,03-07-2026,Day,11,3,29,High,52,98,0.528,19
R010314,W136,P004,A05,04-07-2026,Day,11.5,3.5,38,Medium,57,93,0.614,20
R010315,W136,P004,A01,05-07-2026,Day,10.6,2.6,19,Critical,37,77,0.485,21
R010316,W136,P004,A04,06-07-2026,Day,12,4,34,High,58,98,0.592,22
R010317,W136,P004,A01,07-07-2026,Night,10.8,2.8,28,High,47,80,0.591,23
R010318,W136,P004,A04,08-07-2026,Day,11,3,30,Low,40,68,0.593,24
R010319,W136,P004,A07,09-07-2026,Day,10.6,2.6,35,Low,52,87,0.601,25
R010320,W136,P004,A05,10-07-2026,Night,11.8,3.8,35,Medium,43,94,0.458,26
R010321,W136,P004,A04,11-07-2026,Day,11.3,3.3,37,Low,64,93,0.691,27
R010322,W136,P004,A03,12-07-2026,Day,10.6,2.6,36,Medium,42,63,0.668,28
R010323,W136,P004,A07,13-07-2026,Day,12.4,4.4,34,High,35,69,0.512,29
R010324,W136,P004,A08,14-07-2026,Day,10.7,2.7,28,Critical,45,79,0.569,30
R010325,W136,P004,A01,15-07-2026,Day,9.9,1.9,35,High,42,64,0.661,31
R010326,W136,P004,A01,16-07-2026,Day,11.5,3.5,45,Critical,45,77,0.588,32
R010327,W136,P004,A06,17-07-2026,Day,10.7,2.7,40,Low,48,88,0.548,33
R010328,W136,P004,A09,18-07-2026,Day,11.8,3.8,19,High,35,62,0.559,34
R010329,W136,P004,A01,20-07-2026,Day,12.3,4.3,36,Critical,56,95,0.59,1
R010330,W136,P004,A05,21-07-2026,Day,12.8,4.8,27,Low,61,88,0.697,2
R010331,W136,P004,A03,22-07-2026,Night,10.6,2.6,30,Medium,52,75,0.691,3
R010332,W136,P004,A04,23-07-2026,Day,8.1,0.1,37,Low,43,61,0.71,4
R010333,W136,P004,A04,25-07-2026,Night,10.6,2.6,29,Medium,54,84,0.637,1
R010334,W136,P004,A01,26-07-2026,Night,11.1,3.1,44,High,42,62,0.685,2
R010335,W136,P004,A01,27-07-2026,Night,10.1,2.1,29,Medium,56,85,0.66,3
R010336,W136,P004,A03,28-07-2026,Day,8.4,0.4,28,Critical,51,83,0.618,4
R010337,W136,P004,A03,29-07-2026,Day,9.9,1.9,44,High,50,76,0.663,5
R010338,W136,P004,A08,30-07-2026,Day,12.4,4.4,42,Low,49,87,0.566,6
R010339,W136,P004,A01,31-07-2026,Day,9.1,1.1,33,Medium,59,84,0.698,7
R010340,W136,P004,A09,01-08-2026,Night,11.4,3.4,40,Critical,42,62,0.682,8
R010341,W136,P004,A09,02-08-2026,Day,9.9,1.9,46,Critical,62,94,0.66,9
R010342,W136,P004,A09,03-08-2026,Night,11.6,3.6,27,Medium,54,89,0.612,10
R010343,W136,P004,A02,04-08-2026,Day,11.6,3.6,31,Medium,47,84,0.555,11
R010344,W136,P004,A06,05-08-2026,Day,11.8,3.8,37,High,40,71,0.567,12
R010345,W136,P004,A04,06-08-2026,Day,12.2,4.2,35,Low,47,78,0.606,13
R010346,W136,P004,A03,07-08-2026,Day,11.8,3.8,31,Medium,46,93,0.496,14
R010347,W136,P004,A05,08-08-2026,Day,9.5,1.5,28,Medium,37,61,0.602,15
R010348,W136,P004,A09,09-08-2026,Day,10.6,2.6,26,Medium,44,68,0.645,16
R010349,W136,P004,A07,10-08-2026,Day,10.2,2.2,35,Medium,56,86,0.65,17
R010350,W136,P004,A05,11-08-2026,Day,9.2,1.2,31,Medium,52,81,0.644,18
R010351,W136,P004,A03,12-08-2026,Day,10.8,2.8,36,Low,52,84,0.615,19
R010352,W136,P004,A08,13-08-2026,Day,13,5,52,High,40,69,0.585,20
R010353,W136,P004,A07,14-08-2026,Night,11.1,3.1,34,Medium,44,72,0.605,21
R010354,W136,P004,A01,15-08-2026,Day,10.3,2.3,28,High,44,65,0.674,22
R010355,W136,P004,A06,17-08-2026,Day,12.3,4.3,31,High,41,66,0.619,1
R010356,W136,P004,A08,18-08-2026,Day,12.1,4.1,24,Critical,51,80,0.642,2
R010357,W136,P004,A04,19-08-2026,Day,10.1,2.1,29,Medium,52,79,0.66,3
R010358,W136,P004,A03,20-08-2026,Day,9.6,1.6,37,Critical,54,87,0.623,4
R010359,W136,P004,A01,21-08-2026,Day,11.4,3.4,22,High,54,89,0.608,5
R010360,W136,P004,A03,22-08-2026,Day,11.4,3.4,32,Low,55,94,0.581,6
R010361,W136,P004,A04,24-08-2026,Day,11.1,3.1,29,High,59,93,0.632,1
R010362,W136,P004,A05,25-08-2026,Day,11.1,3.1,37,High,61,92,0.659,2
R010363,W136,P004,A03,27-08-2026,Day,9.8,1.8,38,Critical,71,95,0.746,1
R010364,W136,P004,A08,28-08-2026,Day,10.1,2.1,36,Medium,53,79,0.675,2
R010365,W136,P004,A07,29-08-2026,Day,9.6,1.6,32,High,37,63,0.587,3
R010366,W137,P002,A08,01-06-2026,Day,9.4,1.4,32,High,57,70,0.82,1
R010367,W137,P002,A08,02-06-2026,Night,10.1,2.1,33,Medium,67,85,0.784,2
R010368,W137,P002,A05,03-06-2026,Day,9.5,1.5,37,Medium,43,61,0.707,3
R010369,W137,P002,A06,04-06-2026,Day,10.5,2.5,22,High,51,73,0.693,4
R010370,W137,P002,A01,05-06-2026,Day,9.8,1.8,45,Low,60,75,0.8,5
R010371,W137,P002,A08,06-06-2026,Day,10.3,2.3,38,Medium,69,98,0.705,6
R010372,W137,P002,A09,08-06-2026,Day,9.5,1.5,36,Medium,56,70,0.804,1
R010373,W137,P002,A09,09-06-2026,Day,10.8,2.8,24,Low,54,71,0.755,2
R010374,W137,P002,A09,10-06-2026,Night,9.6,1.6,43,Low,63,75,0.846,3
R010375,W137,P002,A01,11-06-2026,Day,9.7,1.7,44,Medium,66,77,0.857,4
R010376,W137,P002,A05,12-06-2026,Night,9.4,1.4,41,Medium,56,77,0.733,5
R010377,W137,P002,A09,13-06-2026,Night,9.8,1.8,45,Medium,58,89,0.653,6
R010378,W137,P002,A02,15-06-2026,Day,9,1,32,Medium,48,66,0.73,1
R010379,W137,P002,A03,16-06-2026,Day,9.7,1.7,47,High,68,98,0.693,2
R010380,W137,P002,A05,17-06-2026,Day,9.7,1.7,38,Critical,70,96,0.728,3
R010381,W137,P002,A02,18-06-2026,Day,8.3,0.3,43,Medium,80,98,0.817,4
R010382,W137,P002,A06,20-06-2026,Day,9.7,1.7,36,Low,71,89,0.803,1
R010383,W137,P002,A01,22-06-2026,Night,9.4,1.4,47,Low,68,85,0.805,1
R010384,W137,P002,A02,23-06-2026,Day,9,1,37,Critical,55,82,0.671,2
R010385,W137,P002,A01,24-06-2026,Day,11.6,3.6,47,Medium,68,95,0.718,3
R010386,W137,P002,A08,25-06-2026,Day,8.8,0.8,24,Low,52,77,0.68,4
R010387,W137,P002,A01,26-06-2026,Day,10.6,2.6,46,High,70,98,0.713,5
R010388,W137,P002,A04,27-06-2026,Day,10.1,2.1,38,Low,63,86,0.735,6
R010389,W137,P002,A05,29-06-2026,Day,9.3,1.3,46,Medium,81,88,0.925,1
R010390,W137,P002,A06,30-06-2026,Day,9.7,1.7,35,High,49,70,0.705,2
R010391,W137,P002,A04,01-07-2026,Day,10.7,2.7,35,Low,67,82,0.817,3
R010392,W137,P002,A09,02-07-2026,Day,10.7,2.7,32,Low,55,79,0.692,4
R010393,W137,P002,A08,03-07-2026,Day,9.8,1.8,55,Critical,52,74,0.702,5
R010394,W137,P002,A01,04-07-2026,Day,9.4,1.4,48,High,66,86,0.769,6
R010395,W137,P002,A02,06-07-2026,Day,10.6,2.6,41,Medium,65,86,0.752,1
R010396,W137,P002,A03,07-07-2026,Day,10.9,2.9,50,Medium,67,91,0.739,2
R010397,W137,P002,A02,08-07-2026,Day,9.2,1.2,40,Medium,60,89,0.675,3
R010398,W137,P002,A02,09-07-2026,Day,11.3,3.3,36,High,64,85,0.758,4
R010399,W137,P002,A02,10-07-2026,Day,10.3,2.3,44,Medium,64,87,0.739,5
R010400,W137,P002,A08,11-07-2026,Day,10.9,2.9,35,Medium,55,74,0.739,6
R010401,W137,P002,A01,13-07-2026,Day,10.5,2.5,45,High,65,84,0.774,1
R010402,W137,P002,A09,14-07-2026,Day,8.6,0.6,45,Low,57,75,0.762,2
R010403,W137,P002,A06,15-07-2026,Day,10.5,2.5,33,High,57,80,0.708,3
R010404,W137,P002,A09,16-07-2026,Day,10,2,49,Low,47,67,0.703,4
R010405,W137,P002,A01,17-07-2026,Night,9.2,1.2,45,Critical,52,69,0.752,5
R010406,W137,P002,A08,18-07-2026,Day,8,0,47,Critical,67,86,0.783,6
R010407,W137,P002,A09,20-07-2026,Day,10.5,2.5,35,Medium,71,89,0.802,1
R010408,W137,P002,A03,21-07-2026,Day,9.2,1.2,38,Low,79,86,0.92,2
R010409,W137,P002,A05,22-07-2026,Day,10.2,2.2,30,Low,49,71,0.695,3
R010410,W137,P002,A05,23-07-2026,Day,9.2,1.2,42,Low,60,74,0.805,4
R010411,W137,P002,A09,24-07-2026,Day,11.4,3.4,35,Medium,66,92,0.721,5
R010412,W137,P002,A01,25-07-2026,Day,9.5,1.5,44,Low,61,82,0.744,6
R010413,W137,P002,A07,26-07-2026,Day,9.7,1.7,44,Low,64,85,0.758,7
R010414,W137,P002,A07,27-07-2026,Day,12.4,4.4,40,Critical,50,77,0.647,8
R010415,W137,P002,A02,28-07-2026,Day,12,4,28,High,50,86,0.581,9
R010416,W137,P002,A03,29-07-2026,Day,9,1,44,Low,64,92,0.693,10
R010417,W137,P002,A08,30-07-2026,Day,8,0,51,Medium,69,99,0.696,11
R010418,W137,P002,A07,31-07-2026,Day,9.4,1.4,47,Medium,51,75,0.681,12
R010419,W137,P002,A01,01-08-2026,Day,10.8,2.8,37,High,65,89,0.732,13
R010420,W137,P002,A04,03-08-2026,Day,10.7,2.7,46,Medium,61,92,0.665,1
R010421,W137,P002,A06,04-08-2026,Day,8.9,0.9,32,Medium,84,99,0.845,2
R010422,W137,P002,A08,05-08-2026,Day,9.1,1.1,44,Critical,65,87,0.751,3
R010423,W137,P002,A08,06-08-2026,Day,8.8,0.8,36,Low,59,81,0.731,4
R010424,W137,P002,A05,07-08-2026,Night,11.1,3.1,59,Low,66,83,0.795,5
R010425,W137,P002,A08,10-08-2026,Day,8.2,0.2,42,Low,55,67,0.825,1
R010426,W137,P002,A03,11-08-2026,Day,11.2,3.2,39,Low,49,63,0.785,2
R010427,W137,P002,A07,12-08-2026,Day,10,2,35,Low,62,74,0.835,3
R010428,W137,P002,A03,13-08-2026,Day,8.9,0.9,35,Medium,58,76,0.761,4
R010429,W137,P002,A03,14-08-2026,Day,9.5,1.5,45,Critical,65,88,0.737,5
R010430,W137,P002,A04,15-08-2026,Day,11.2,3.2,34,Low,53,70,0.758,6
R010431,W137,P002,A01,17-08-2026,Day,8.6,0.6,30,Low,80,93,0.859,1
R010432,W137,P002,A09,19-08-2026,Day,9,1,46,Low,82,99,0.827,1
R010433,W137,P002,A08,20-08-2026,Night,11,3,37,Medium,69,91,0.754,2
R010434,W137,P002,A03,21-08-2026,Day,8.9,0.9,44,Low,57,67,0.852,3
R010435,W137,P002,A01,22-08-2026,Day,10,2,29,Medium,52,70,0.742,4
R010436,W137,P002,A07,23-08-2026,Day,10.1,2.1,40,Low,74,94,0.792,5
R010437,W137,P002,A04,24-08-2026,Night,9,1,34,High,62,88,0.702,6
R010438,W137,P002,A04,25-08-2026,Night,9.2,1.2,41,Low,48,64,0.749,7
R010439,W137,P002,A06,26-08-2026,Day,10.1,2.1,35,Medium,53,73,0.731,8
R010440,W137,P002,A07,27-08-2026,Day,9.6,1.6,42,Low,66,92,0.72,9
R010441,W137,P002,A09,28-08-2026,Day,9.5,1.5,44,Medium,54,77,0.699,10
R010442,W137,P002,A05,29-08-2026,Day,9.4,1.4,43,Medium,49,74,0.666,11
R010443,W138,P004,A07,01-06-2026,Night,9.9,1.9,34,Medium,69,90,0.768,1
R010444,W138,P004,A03,02-06-2026,Day,10.2,2.2,35,High,44,72,0.609,2
R010445,W138,P004,A05,03-06-2026,Night,9.6,1.6,35,High,64,84,0.764,3
R010446,W138,P004,A01,04-06-2026,Day,9.5,1.5,43,Critical,59,81,0.73,4
R010447,W138,P004,A07,05-06-2026,Day,8.6,0.6,33,Low,68,86,0.795,5
R010448,W138,P004,A09,06-06-2026,Day,10.1,2.1,43,Low,76,93,0.821,6
R010449,W138,P004,A05,08-06-2026,Day,11.3,3.3,38,Medium,46,66,0.691,1
R010450,W138,P004,A02,09-06-2026,Day,10.7,2.7,39,Low,55,63,0.868,2
R010451,W138,P004,A08,10-06-2026,Day,9.2,1.2,52,Medium,56,77,0.729,3
R010452,W138,P004,A03,11-06-2026,Night,11.4,3.4,41,High,50,73,0.68,4
R010453,W138,P004,A02,12-06-2026,Day,8,0,47,Medium,67,80,0.836,5
R010454,W138,P004,A08,13-06-2026,Day,9.5,1.5,44,High,69,93,0.745,6
R010455,W138,P004,A07,15-06-2026,Day,10.6,2.6,46,Low,48,66,0.734,1
R010456,W138,P004,A05,16-06-2026,Day,10.4,2.4,37,Medium,63,99,0.641,2
R010457,W138,P004,A02,18-06-2026,Day,10,2,30,High,52,63,0.827,1
R010458,W138,P004,A03,19-06-2026,Day,9.1,1.1,36,Medium,44,62,0.712,2
R010459,W138,P004,A07,20-06-2026,Day,9.6,1.6,32,High,58,73,0.796,3
R010460,W138,P004,A04,22-06-2026,Day,10.3,2.3,26,Medium,51,72,0.705,1
R010461,W138,P004,A06,23-06-2026,Day,8,0,37,Medium,70,99,0.708,2
R010462,W138,P004,A05,24-06-2026,Day,9.1,1.1,41,Low,75,90,0.829,3
R010463,W138,P004,A01,25-06-2026,Day,10.2,2.2,51,Medium,59,72,0.815,4
R010464,W138,P004,A08,26-06-2026,Day,10.7,2.7,42,Medium,62,93,0.667,5
R010465,W138,P004,A03,27-06-2026,Day,10.6,2.6,42,High,42,61,0.689,6
R010466,W138,P004,A08,28-06-2026,Day,8,0,42,Low,88,96,0.914,7
R010467,W138,P004,A07,30-06-2026,Day,10.4,2.4,33,Medium,65,86,0.758,1
R010468,W138,P004,A08,01-07-2026,Day,8.8,0.8,33,Low,68,93,0.729,2
R010469,W138,P004,A06,02-07-2026,Day,10.2,2.2,54,Medium,78,98,0.794,3
R010470,W138,P004,A04,03-07-2026,Day,8.8,0.8,46,Critical,80,98,0.812,4
R010471,W138,P004,A05,04-07-2026,Day,9.8,1.8,44,Medium,63,86,0.736,5
R010472,W138,P004,A05,06-07-2026,Day,10,2,36,Low,56,72,0.781,1
R010473,W138,P004,A02,07-07-2026,Day,8.1,0.1,49,Medium,48,60,0.806,2
R010474,W138,P004,A07,08-07-2026,Night,9.8,1.8,56,Medium,73,95,0.769,3
R010475,W138,P004,A09,09-07-2026,Day,10.2,2.2,38,Medium,52,69,0.76,4
R010476,W138,P004,A05,10-07-2026,Day,10.5,2.5,42,Low,65,84,0.773,5
R010477,W138,P004,A09,11-07-2026,Day,9,1,24,Medium,64,80,0.795,6
R010478,W138,P004,A06,14-07-2026,Day,11.1,3.1,38,Medium,69,97,0.714,1
R010479,W138,P004,A05,15-07-2026,Day,8.6,0.6,40,Low,66,77,0.861,2
R010480,W138,P004,A03,16-07-2026,Day,10.7,2.7,51,Medium,45,62,0.734,3
R010481,W138,P004,A02,17-07-2026,Day,10.5,2.5,42,Medium,73,97,0.749,4
R010482,W138,P004,A05,18-07-2026,Day,8.6,0.6,35,High,57,78,0.728,5
R010483,W138,P004,A01,20-07-2026,Day,10.2,2.2,42,Medium,48,60,0.797,1
R010484,W138,P004,A02,22-07-2026,Night,8,0,21,Low,70,84,0.838,1
R010485,W138,P004,A07,23-07-2026,Day,11,3,46,Critical,44,64,0.688,2
R010486,W138,P004,A02,24-07-2026,Day,11.8,3.8,41,Low,71,99,0.714,3
R010487,W138,P004,A01,25-07-2026,Day,10.4,2.4,49,High,46,67,0.681,4
R010488,W138,P004,A09,27-07-2026,Day,9.6,1.6,38,Low,42,60,0.707,1
R010489,W138,P004,A09,28-07-2026,Day,9.4,1.4,36,High,54,73,0.742,2
R010490,W138,P004,A02,29-07-2026,Day,9.5,1.5,33,Critical,56,82,0.686,3
R010491,W138,P004,A01,30-07-2026,Day,9.6,1.6,32,Low,62,91,0.678,4
R010492,W138,P004,A08,31-07-2026,Day,10.9,2.9,53,Medium,64,85,0.751,5
R010493,W138,P004,A08,01-08-2026,Day,10,2,45,Low,47,61,0.765,6
R010494,W138,P004,A06,03-08-2026,Day,9.9,1.9,48,High,68,93,0.731,1
R010495,W138,P004,A09,04-08-2026,Day,8.5,0.5,46,Medium,63,87,0.728,2
R010496,W138,P004,A01,05-08-2026,Day,10,2,34,Critical,43,61,0.708,3
R010497,W138,P004,A09,06-08-2026,Day,8.9,0.9,32,Low,54,70,0.771,4
R010498,W138,P004,A03,07-08-2026,Day,9.7,1.7,19,Medium,55,76,0.723,5
R010499,W138,P004,A06,08-08-2026,Day,9.4,1.4,53,Medium,49,64,0.759,6
R010500,W138,P004,A01,10-08-2026,Day,10.6,2.6,38,Critical,62,79,0.779,1
R010501,W138,P004,A05,11-08-2026,Day,10.3,2.3,44,Low,76,92,0.83,2
R010502,W138,P004,A01,12-08-2026,Night,10.4,2.4,39,Medium,72,95,0.755,3
R010503,W138,P004,A07,13-08-2026,Day,10,2,33,Medium,57,78,0.732,4
R010504,W138,P004,A01,14-08-2026,Day,11.9,3.9,39,Medium,54,82,0.659,5
R010505,W138,P004,A05,15-08-2026,Day,8.9,0.9,46,High,57,86,0.665,6
R010506,W138,P004,A08,17-08-2026,Night,8.9,0.9,44,High,56,78,0.718,1
R010507,W138,P004,A08,18-08-2026,Day,10.7,2.7,46,Low,63,87,0.729,2
R010508,W138,P004,A07,19-08-2026,Night,8.5,0.5,39,Medium,57,77,0.735,3
R010509,W138,P004,A08,20-08-2026,Night,8.3,0.3,42,Low,75,91,0.826,4
R010510,W138,P004,A03,21-08-2026,Night,9.3,1.3,41,Medium,70,87,0.81,5
R010511,W138,P004,A04,22-08-2026,Day,9,1,34,High,65,97,0.675,6
R010512,W138,P004,A06,24-08-2026,Day,10.1,2.1,36,Low,77,86,0.896,1
R010513,W138,P004,A02,25-08-2026,Day,9.5,1.5,34,Medium,58,84,0.694,2
R010514,W138,P004,A06,26-08-2026,Day,10.6,2.6,47,Medium,44,63,0.702,3
R010515,W138,P004,A03,27-08-2026,Day,8.6,0.6,36,High,61,87,0.696,4
R010516,W138,P004,A07,28-08-2026,Day,9.4,1.4,26,Low,57,78,0.731,5
R010517,W138,P004,A02,29-08-2026,Day,9,1,36,Low,64,92,0.701,6
R010518,W139,P003,A04,01-06-2026,Night,9.8,1.8,55,High,60,72,0.827,1
R010519,W139,P003,A01,02-06-2026,Day,9.6,1.6,39,Low,48,63,0.766,2
R010520,W139,P003,A04,03-06-2026,Day,8,0,40,Low,61,72,0.845,3
R010521,W139,P003,A02,04-06-2026,Night,10.9,2.9,42,Medium,50,68,0.734,4
R010522,W139,P003,A09,05-06-2026,Day,9.7,1.7,42,Low,56,74,0.75,5
R010523,W139,P003,A01,06-06-2026,Day,9.8,1.8,52,Medium,71,94,0.754,6
R010524,W139,P003,A03,08-06-2026,Day,9.4,1.4,53,Medium,60,71,0.849,1
R010525,W139,P003,A07,09-06-2026,Day,9.1,1.1,45,Low,51,63,0.806,2
R010526,W139,P003,A08,10-06-2026,Day,9.2,1.2,40,Medium,84,94,0.891,3
R010527,W139,P003,A04,11-06-2026,Day,10.8,2.8,38,Critical,55,86,0.637,4
R010528,W139,P003,A07,12-06-2026,Day,10.2,2.2,45,Medium,45,62,0.729,5
R010529,W139,P003,A08,13-06-2026,Day,9.7,1.7,47,High,52,74,0.7,6
R010530,W139,P003,A04,15-06-2026,Day,8.6,0.6,39,Critical,59,77,0.762,1
R010531,W139,P003,A01,16-06-2026,Night,10,2,48,Medium,46,60,0.761,2
R010532,W139,P003,A06,17-06-2026,Day,8.2,0.2,43,Low,59,73,0.808,3
R010533,W139,P003,A03,18-06-2026,Day,8.9,0.9,33,Medium,50,65,0.762,4
R010534,W139,P003,A07,19-06-2026,Night,9.8,1.8,43,High,70,92,0.757,5
R010535,W139,P003,A01,20-06-2026,Day,9.3,1.3,28,High,54,86,0.63,6
R010536,W139,P003,A07,22-06-2026,Day,11,3,39,Medium,52,67,0.78,1
R010537,W139,P003,A09,23-06-2026,Day,9.3,1.3,60,Low,73,91,0.802,2
R010538,W139,P003,A06,24-06-2026,Day,9.9,1.9,49,Low,66,82,0.8,3
R010539,W139,P003,A01,25-06-2026,Day,9.6,1.6,45,Medium,49,66,0.749,4
R010540,W139,P003,A06,26-06-2026,Day,8.9,0.9,47,Critical,69,99,0.693,5
R010541,W139,P003,A01,27-06-2026,Day,11,3,50,Medium,64,83,0.767,6
R010542,W139,P003,A04,29-06-2026,Day,8.5,0.5,36,High,50,68,0.729,1
R010543,W139,P003,A01,30-06-2026,Day,8.7,0.7,49,High,62,74,0.834,2
R010544,W139,P003,A04,01-07-2026,Night,10.9,2.9,42,Low,75,98,0.76,3
R010545,W139,P003,A06,02-07-2026,Day,8.8,0.8,38,Critical,60,79,0.764,4
R010546,W139,P003,A09,03-07-2026,Day,9.3,1.3,43,Low,66,94,0.703,5
R010547,W139,P003,A06,04-07-2026,Day,8.3,0.3,39,Medium,56,70,0.805,6
R010548,W139,P003,A03,06-07-2026,Night,9.6,1.6,45,Medium,59,71,0.825,1
R010549,W139,P003,A09,07-07-2026,Day,11.2,3.2,31,High,57,77,0.734,2
R010550,W139,P003,A05,08-07-2026,Day,10.1,2.1,41,Low,68,82,0.824,3
R010551,W139,P003,A08,09-07-2026,Day,10.2,2.2,45,Medium,67,91,0.74,4
R010552,W139,P003,A03,11-07-2026,Day,9.9,1.9,47,Low,62,84,0.737,1
R010553,W139,P003,A06,13-07-2026,Day,8.1,0.1,36,Low,53,61,0.864,1
R010554,W139,P003,A08,14-07-2026,Day,9.5,1.5,37,High,65,87,0.742,2
R010555,W139,P003,A05,15-07-2026,Day,8.8,0.8,40,Low,66,80,0.83,3
R010556,W139,P003,A09,16-07-2026,Day,9.8,1.8,35,Critical,78,99,0.783,4
R010557,W139,P003,A03,17-07-2026,Day,9.5,1.5,38,High,72,94,0.765,5
R010558,W139,P003,A01,18-07-2026,Day,10.3,2.3,37,Medium,71,95,0.748,6
R010559,W139,P003,A02,20-07-2026,Day,9.4,1.4,47,Medium,74,95,0.779,1
R010560,W139,P003,A08,21-07-2026,Day,10.9,2.9,34,High,66,83,0.79,2
R010561,W139,P003,A09,22-07-2026,Night,9.7,1.7,45,High,59,88,0.671,3
R010562,W139,P003,A07,23-07-2026,Day,8.8,0.8,42,Low,81,97,0.835,4
R010563,W139,P003,A09,25-07-2026,Day,9.1,1.1,49,Critical,53,82,0.644,1
R010564,W139,P003,A08,27-07-2026,Night,10.4,2.4,38,Medium,42,63,0.671,1
R010565,W139,P003,A03,28-07-2026,Day,9.5,1.5,32,Low,71,89,0.799,2
R010566,W139,P003,A04,29-07-2026,Day,8.5,0.5,44,Low,54,64,0.849,3
R010567,W139,P003,A05,30-07-2026,Day,9.6,1.6,37,Medium,67,89,0.749,4
R010568,W139,P003,A02,31-07-2026,Day,10.7,2.7,47,Low,79,94,0.838,5
R010569,W139,P003,A04,02-08-2026,Day,10.2,2.2,41,High,64,91,0.708,1
R010570,W139,P003,A05,03-08-2026,Day,9.5,1.5,14,High,62,94,0.657,2
R010571,W139,P003,A05,04-08-2026,Day,11.2,3.2,44,Low,52,77,0.677,3
R010572,W139,P003,A09,05-08-2026,Day,9,1,35,Medium,56,76,0.737,4
R010573,W139,P003,A06,06-08-2026,Day,8.7,0.7,45,Medium,47,61,0.775,5
R010574,W139,P003,A07,07-08-2026,Day,9.4,1.4,58,Medium,74,85,0.868,6
R010575,W139,P003,A02,08-08-2026,Day,9.2,1.2,42,Medium,54,74,0.726,7
R010576,W139,P003,A08,10-08-2026,Day,10,2,42,Low,75,99,0.758,1
R010577,W139,P003,A05,11-08-2026,Day,9.9,1.9,30,Low,56,78,0.721,2
R010578,W139,P003,A04,12-08-2026,Night,10.1,2.1,35,High,69,89,0.779,3
R010579,W139,P003,A09,13-08-2026,Day,8.1,0.1,52,Medium,63,78,0.804,4
R010580,W139,P003,A06,14-08-2026,Day,9,1,34,Medium,67,82,0.823,5
R010581,W139,P003,A06,15-08-2026,Day,8.4,0.4,42,Medium,56,74,0.754,6
R010582,W139,P003,A05,17-08-2026,Day,9.4,1.4,35,High,75,96,0.78,1
R010583,W139,P003,A08,18-08-2026,Night,9.5,1.5,33,High,70,97,0.721,2
R010584,W139,P003,A09,19-08-2026,Day,8,0,43,Low,57,66,0.867,3
R010585,W139,P003,A05,20-08-2026,Day,10.1,2.1,32,Low,51,69,0.738,4
R010586,W139,P003,A07,21-08-2026,Day,10.3,2.3,46,Low,53,68,0.779,5
R010587,W139,P003,A01,22-08-2026,Day,9.4,1.4,46,Low,69,90,0.766,6
R010588,W139,P003,A03,24-08-2026,Day,8.6,0.6,49,Critical,49,63,0.784,1
R010589,W139,P003,A04,25-08-2026,Day,9,1,32,Medium,76,94,0.804,2
R010590,W139,P003,A09,26-08-2026,Day,8.6,0.6,28,Medium,64,85,0.754,3
R010591,W139,P003,A06,27-08-2026,Day,9.4,1.4,18,Critical,68,90,0.754,4
R010592,W139,P003,A03,28-08-2026,Day,9.5,1.5,40,High,54,73,0.736,5
R010593,W139,P003,A03,29-08-2026,Day,9.5,1.5,37,High,62,84,0.743,6
R010594,W140,P004,A02,01-06-2026,Day,8.1,0.1,38,Medium,44,60,0.735,1
R010595,W140,P004,A08,02-06-2026,Night,11.7,3.7,50,High,58,84,0.685,2
R010596,W140,P004,A03,04-06-2026,Day,10.4,2.4,40,High,45,62,0.726,1
R010597,W140,P004,A08,05-06-2026,Day,12.1,4.1,27,Critical,51,80,0.635,2
R010598,W140,P004,A04,07-06-2026,Night,10.7,2.7,42,High,60,88,0.685,1
R010599,W140,P004,A02,08-06-2026,Day,10,2,33,Medium,63,91,0.694,2
R010600,W140,P004,A04,09-06-2026,Day,8.5,0.5,46,Low,70,84,0.83,3
R010601,W140,P004,A06,10-06-2026,Day,9.6,1.6,44,Medium,59,77,0.768,4
R010602,W140,P004,A08,11-06-2026,Day,9.7,1.7,38,High,55,80,0.694,5
R010603,W140,P004,A04,12-06-2026,Day,10.1,2.1,29,Medium,53,69,0.764,6
R010604,W140,P004,A05,13-06-2026,Day,8.7,0.7,38,High,55,70,0.786,7
R010605,W140,P004,A01,15-06-2026,Night,10.3,2.3,50,Low,64,87,0.73,1
R010606,W140,P004,A06,16-06-2026,Day,10.7,2.7,21,Low,48,61,0.785,2
R010607,W140,P004,A01,17-06-2026,Day,10.2,2.2,38,Medium,49,66,0.736,3
R010608,W140,P004,A06,18-06-2026,Day,11.2,3.2,41,Medium,55,66,0.826,4
R010609,W140,P004,A09,19-06-2026,Night,10.7,2.7,47,Medium,58,90,0.643,5
R010610,W140,P004,A09,20-06-2026,Day,9.7,1.7,39,Low,70,88,0.796,6
R010611,W140,P004,A01,22-06-2026,Day,9.9,1.9,36,High,56,83,0.672,1
R010612,W140,P004,A05,23-06-2026,Day,9.1,1.1,32,Medium,69,96,0.72,2
R010613,W140,P004,A07,24-06-2026,Day,10.2,2.2,37,Low,60,82,0.737,3
R010614,W140,P004,A07,25-06-2026,Day,10.7,2.7,42,Medium,59,68,0.871,4
R010615,W140,P004,A07,26-06-2026,Night,11.1,3.1,56,Low,58,81,0.716,5
R010616,W140,P004,A05,27-06-2026,Day,9.4,1.4,37,Low,71,93,0.759,6
R010617,W140,P004,A09,29-06-2026,Day,9.9,1.9,36,Low,72,96,0.752,1
R010618,W140,P004,A07,01-07-2026,Day,10.3,2.3,34,High,52,65,0.802,1
R010619,W140,P004,A06,03-07-2026,Night,9.9,1.9,44,Low,84,94,0.898,1
R010620,W140,P004,A07,04-07-2026,Day,11.4,3.4,41,High,59,81,0.734,2
R010621,W140,P004,A06,06-07-2026,Day,12,4,42,Medium,49,68,0.719,1
R010622,W140,P004,A08,07-07-2026,Day,10.1,2.1,48,High,54,75,0.725,2
R010623,W140,P004,A04,08-07-2026,Day,11.2,3.2,48,High,47,66,0.707,3
R010624,W140,P004,A01,09-07-2026,Day,11.6,3.6,34,Low,49,70,0.694,4
R010625,W140,P004,A05,10-07-2026,Day,10.7,2.7,43,Medium,64,88,0.723,5
R010626,W140,P004,A07,13-07-2026,Day,9.7,1.7,50,High,70,96,0.728,1
R010627,W140,P004,A08,14-07-2026,Day,9.4,1.4,34,Medium,54,70,0.766,2
R010628,W140,P004,A05,15-07-2026,Day,10.3,2.3,28,Low,72,93,0.773,3
R010629,W140,P004,A02,16-07-2026,Day,12.1,4.1,41,High,55,78,0.706,4
R010630,W140,P004,A03,17-07-2026,Day,9.8,1.8,41,Medium,72,97,0.739,5
R010631,W140,P004,A08,18-07-2026,Day,11.6,3.6,37,Low,62,82,0.754,6
R010632,W140,P004,A02,21-07-2026,Night,8,0,33,High,61,79,0.777,1
R010633,W140,P004,A03,22-07-2026,Day,9.9,1.9,40,Low,73,93,0.781,2
R010634,W140,P004,A01,23-07-2026,Night,10.5,2.5,32,Medium,66,81,0.812,3
R010635,W140,P004,A07,24-07-2026,Day,10.3,2.3,49,Low,70,90,0.774,4
R010636,W140,P004,A08,25-07-2026,Day,10.3,2.3,42,Medium,65,92,0.706,5
R010637,W140,P004,A09,26-07-2026,Day,9.7,1.7,43,Medium,53,68,0.782,6
R010638,W140,P004,A06,28-07-2026,Day,11,3,44,Medium,43,61,0.707,1
R010639,W140,P004,A03,29-07-2026,Day,9.8,1.8,30,High,54,81,0.663,2
R010640,W140,P004,A03,30-07-2026,Day,9.9,1.9,47,High,63,95,0.659,3
R010641,W140,P004,A08,31-07-2026,Day,9.5,1.5,43,High,52,68,0.761,4
R010642,W140,P004,A04,01-08-2026,Day,8,0,43,Critical,58,87,0.664,5
R010643,W140,P004,A06,03-08-2026,Day,12.1,4.1,33,Medium,43,64,0.665,1
R010644,W140,P004,A09,04-08-2026,Night,9.2,1.2,29,Medium,55,64,0.855,2
R010645,W140,P004,A05,05-08-2026,Day,9.8,1.8,36,Critical,46,62,0.743,3
R010646,W140,P004,A09,06-08-2026,Day,11.3,3.3,57,Low,55,76,0.727,4
R010647,W140,P004,A09,07-08-2026,Day,9.7,1.7,26,Critical,49,81,0.604,5
R010648,W140,P004,A01,08-08-2026,Day,11.4,3.4,43,High,47,67,0.708,6
R010649,W140,P004,A03,10-08-2026,Day,10.1,2.1,41,Medium,46,62,0.738,1
R010650,W140,P004,A09,11-08-2026,Day,9.9,1.9,35,Critical,46,77,0.597,2
R010651,W140,P004,A09,12-08-2026,Day,8.6,0.6,37,High,60,78,0.767,3
R010652,W140,P004,A09,13-08-2026,Day,9.5,1.5,31,Low,40,62,0.639,4
R010653,W140,P004,A01,14-08-2026,Day,10.5,2.5,32,High,46,64,0.723,5
R010654,W140,P004,A07,15-08-2026,Day,9.4,1.4,38,High,67,88,0.759,6
R010655,W140,P004,A03,16-08-2026,Day,10.6,2.6,37,High,62,98,0.634,7
R010656,W140,P004,A03,17-08-2026,Day,10.8,2.8,40,High,55,89,0.613,8
R010657,W140,P004,A02,18-08-2026,Day,10.6,2.6,51,Medium,55,72,0.762,9
R010658,W140,P004,A05,19-08-2026,Day,10.2,2.2,35,Critical,51,91,0.56,10
R010659,W140,P004,A07,20-08-2026,Day,11.8,3.8,25,Low,59,88,0.668,11
R010660,W140,P004,A02,21-08-2026,Day,11,3,40,Medium,59,89,0.665,12
R010661,W140,P004,A04,22-08-2026,Day,11.2,3.2,20,High,51,86,0.591,13
R010662,W140,P004,A08,23-08-2026,Night,10.6,2.6,43,Low,52,73,0.719,14
R010663,W140,P004,A01,25-08-2026,Day,11.1,3.1,33,Medium,59,85,0.696,1
R010664,W140,P004,A01,26-08-2026,Day,9,1,48,Critical,58,90,0.642,2
R010665,W140,P004,A08,27-08-2026,Day,10,2,46,High,78,93,0.836,3
R010666,W140,P004,A02,28-08-2026,Day,9.4,1.4,48,Low,58,76,0.763,4
R010667,W140,P004,A02,29-08-2026,Day,9.8,1.8,32,Low,49,67,0.731,5
R010668,W141,P006,A05,01-06-2026,Day,11.4,3.4,38,High,51,66,0.778,1
R010669,W141,P006,A08,02-06-2026,Day,9.8,1.8,41,Low,49,63,0.781,2
R010670,W141,P006,A08,03-06-2026,Day,10.5,2.5,46,Low,42,60,0.7,3
R010671,W141,P006,A02,04-06-2026,Day,10.4,2.4,36,Critical,59,77,0.762,4
R010672,W141,P006,A01,05-06-2026,Day,8.9,0.9,31,Low,67,91,0.732,5
R010673,W141,P006,A02,06-06-2026,Day,9.3,1.3,34,High,57,79,0.726,6
R010674,W141,P006,A09,07-06-2026,Day,10.6,2.6,28,Critical,64,99,0.642,7
R010675,W141,P006,A04,08-06-2026,Day,8.4,0.4,36,Critical,44,63,0.702,8
R010676,W141,P006,A08,09-06-2026,Day,9.4,1.4,41,High,49,63,0.772,9
R010677,W141,P006,A06,10-06-2026,Night,8.9,0.9,53,Medium,41,60,0.687,10
R010678,W141,P006,A05,11-06-2026,Day,8.9,0.9,21,Low,62,95,0.656,11
R010679,W141,P006,A09,12-06-2026,Day,8,0,32,Low,55,78,0.71,12
R010680,W141,P006,A04,13-06-2026,Day,10.3,2.3,33,Medium,63,92,0.686,13
R010681,W141,P006,A06,15-06-2026,Day,11,3,39,Medium,63,75,0.841,1
R010682,W141,P006,A06,16-06-2026,Day,9.9,1.9,36,High,61,86,0.71,2
R010683,W141,P006,A05,17-06-2026,Night,9.8,1.8,33,High,66,86,0.765,3
R010684,W141,P006,A01,18-06-2026,Day,10.8,2.8,36,High,54,82,0.663,4
R010685,W141,P006,A09,19-06-2026,Day,10.1,2.1,35,Low,43,61,0.701,5
R010686,W141,P006,A08,20-06-2026,Day,9.5,1.5,34,Medium,48,61,0.781,6
R010687,W141,P006,A07,22-06-2026,Night,9.7,1.7,35,Medium,54,82,0.658,1
R010688,W141,P006,A03,23-06-2026,Day,8,0,52,Critical,52,76,0.687,2
R010689,W141,P006,A05,24-06-2026,Day,10.3,2.3,41,Medium,71,95,0.742,3
R010690,W141,P006,A02,25-06-2026,Day,10.2,2.2,44,Low,76,99,0.773,4
R010691,W141,P006,A03,26-06-2026,Night,10.7,2.7,49,Low,47,61,0.772,5
R010692,W141,P006,A07,27-06-2026,Day,9.3,1.3,38,Low,74,97,0.766,6
R010693,W141,P006,A02,29-06-2026,Day,10.6,2.6,48,Medium,48,65,0.734,1
R010694,W141,P006,A07,30-06-2026,Day,10.6,2.6,36,Critical,61,95,0.644,2
R010695,W141,P006,A03,01-07-2026,Day,11.6,3.6,28,High,43,62,0.693,3
R010696,W141,P006,A07,02-07-2026,Night,10.8,2.8,40,High,54,74,0.734,4
R010697,W141,P006,A01,03-07-2026,Day,8.7,0.7,42,High,62,89,0.696,5
R010698,W141,P006,A05,04-07-2026,Day,10.2,2.2,38,Medium,49,68,0.724,6
R010699,W141,P006,A06,06-07-2026,Day,10.6,2.6,46,Critical,56,86,0.649,1
R010700,W141,P006,A08,07-07-2026,Day,10.2,2.2,29,Low,49,69,0.717,2
R010701,W141,P006,A04,08-07-2026,Night,9.6,1.6,43,High,62,87,0.711,3
R010702,W141,P006,A02,09-07-2026,Day,10.5,2.5,31,Low,58,80,0.724,4
R010703,W141,P006,A04,10-07-2026,Day,9.6,1.6,42,Medium,55,78,0.704,5
R010704,W141,P006,A04,11-07-2026,Day,9.4,1.4,36,Medium,69,99,0.697,6
R010705,W141,P006,A07,13-07-2026,Day,12.5,4.5,39,Low,69,95,0.727,1
R010706,W141,P006,A09,14-07-2026,Day,9.9,1.9,40,Low,58,75,0.769,2
R010707,W141,P006,A07,15-07-2026,Day,9.7,1.7,17,Low,45,64,0.702,3
R010708,W141,P006,A01,16-07-2026,Night,9.9,1.9,36,Medium,73,95,0.765,4
R010709,W141,P006,A06,17-07-2026,Day,11.7,3.7,45,Low,50,67,0.748,5
R010710,W141,P006,A03,20-07-2026,Day,10.7,2.7,29,Medium,68,93,0.728,1
R010711,W141,P006,A07,21-07-2026,Day,9.4,1.4,33,Low,64,83,0.773,2
R010712,W141,P006,A04,22-07-2026,Day,11.2,3.2,37,High,62,88,0.701,3
R010713,W141,P006,A04,23-07-2026,Day,9.5,1.5,35,High,67,95,0.71,4
R010714,W141,P006,A01,24-07-2026,Day,11.7,3.7,45,Critical,50,80,0.628,5
R010715,W141,P006,A03,25-07-2026,Day,10.7,2.7,23,High,70,92,0.764,6
R010716,W141,P006,A01,26-07-2026,Day,9.5,1.5,26,High,66,94,0.707,7
R010717,W141,P006,A08,27-07-2026,Day,9.1,1.1,29,High,46,73,0.624,8
R010718,W141,P006,A03,28-07-2026,Day,11.3,3.3,44,Critical,43,74,0.58,9
R010719,W141,P006,A01,29-07-2026,Day,11.4,3.4,38,Medium,37,60,0.609,10
R010720,W141,P006,A04,30-07-2026,Day,9.4,1.4,50,Medium,46,70,0.664,11
R010721,W141,P006,A04,01-08-2026,Night,9.6,1.6,41,Low,51,70,0.725,1
R010722,W141,P006,A07,03-08-2026,Day,8,0,37,Medium,57,75,0.766,1
R010723,W141,P006,A09,05-08-2026,Day,8.4,0.4,59,High,54,70,0.768,1
R010724,W141,P006,A04,06-08-2026,Day,11,3,34,Low,57,76,0.754,2
R010725,W141,P006,A07,07-08-2026,Day,8.8,0.8,35,High,50,70,0.716,3
R010726,W141,P006,A01,08-08-2026,Day,9,1,44,High,60,81,0.741,4
R010727,W141,P006,A01,10-08-2026,Day,9.9,1.9,37,Low,69,92,0.746,1
R010728,W141,P006,A08,11-08-2026,Day,9.5,1.5,30,Medium,69,89,0.774,2
R010729,W141,P006,A04,12-08-2026,Day,10.2,2.2,44,High,51,71,0.719,3
R010730,W141,P006,A04,13-08-2026,Day,8.6,0.6,37,Critical,55,85,0.641,4
R010731,W141,P006,A09,14-08-2026,Day,9.5,1.5,35,High,60,85,0.701,5
R010732,W141,P006,A01,15-08-2026,Day,10.5,2.5,30,Critical,51,80,0.639,6
R010733,W141,P006,A08,17-08-2026,Night,9.7,1.7,48,Medium,54,74,0.729,1
R010734,W141,P006,A05,18-08-2026,Night,10.9,2.9,32,Medium,58,90,0.64,2
R010735,W141,P006,A03,19-08-2026,Day,11.7,3.7,40,Low,68,97,0.7,3
R010736,W141,P006,A06,20-08-2026,Day,11.9,3.9,35,High,58,94,0.621,4
R010737,W141,P006,A07,21-08-2026,Day,10.2,2.2,41,High,57,80,0.718,5
R010738,W141,P006,A04,22-08-2026,Day,9.9,1.9,33,High,50,66,0.759,6
R010739,W141,P006,A07,24-08-2026,Day,11.2,3.2,39,Low,56,83,0.678,1
R010740,W141,P006,A02,25-08-2026,Day,9.6,1.6,38,Critical,72,99,0.723,2
R010741,W141,P006,A07,26-08-2026,Day,9,1,37,High,58,79,0.731,3
R010742,W141,P006,A06,27-08-2026,Day,8.2,0.2,27,Medium,59,75,0.785,4
R010743,W141,P006,A03,28-08-2026,Day,10,2,35,High,60,97,0.62,5
R010744,W141,P006,A06,29-08-2026,Day,9.4,1.4,44,Low,53,70,0.759,6
R010745,W142,P001,A07,01-06-2026,Day,10.6,2.6,27,High,56,72,0.783,1
R010746,W142,P001,A01,02-06-2026,Day,9,1,41,High,49,61,0.811,2
R010747,W142,P001,A06,03-06-2026,Day,8.7,0.7,49,Medium,64,89,0.723,3
R010748,W142,P001,A08,04-06-2026,Day,9.4,1.4,41,Low,76,89,0.851,4
R010749,W142,P001,A07,05-06-2026,Day,9,1,58,High,63,84,0.751,5
R010750,W142,P001,A04,06-06-2026,Day,8.4,0.4,23,Low,60,70,0.855,6
R010751,W142,P001,A02,08-06-2026,Day,9.7,1.7,44,High,70,95,0.733,1
R010752,W142,P001,A05,09-06-2026,Day,9.1,1.1,36,Medium,51,63,0.813,2
R010753,W142,P001,A04,10-06-2026,Day,9.7,1.7,42,Low,75,89,0.845,3
R010754,W142,P001,A06,11-06-2026,Day,8,0,34,Low,77,88,0.879,4
R010755,W142,P001,A08,12-06-2026,Day,8.4,0.4,40,Low,62,78,0.795,5
R010756,W142,P001,A01,13-06-2026,Day,9.3,1.3,41,Low,48,60,0.802,6
R010757,W142,P001,A07,15-06-2026,Day,10.6,2.6,47,Low,47,64,0.738,1
R010758,W142,P001,A07,16-06-2026,Day,11.8,3.8,57,High,61,78,0.777,2
R010759,W142,P001,A01,17-06-2026,Day,9.2,1.2,42,Low,60,69,0.864,3
R010760,W142,P001,A02,18-06-2026,Day,9.3,1.3,29,Critical,74,94,0.787,4
R010761,W142,P001,A04,19-06-2026,Night,9.4,1.4,24,Low,54,83,0.652,5
R010762,W142,P001,A09,20-06-2026,Day,9.9,1.9,44,Medium,53,85,0.627,6
R010763,W142,P001,A06,22-06-2026,Night,8.6,0.6,52,Low,82,95,0.868,1
R010764,W142,P001,A09,23-06-2026,Night,9,1,49,Medium,77,97,0.795,2
R010765,W142,P001,A06,24-06-2026,Day,9.9,1.9,56,Medium,61,81,0.756,3
R010766,W142,P001,A03,25-06-2026,Day,12.2,4.2,44,Medium,55,68,0.811,4
R010767,W142,P001,A08,26-06-2026,Day,9.9,1.9,50,Low,52,72,0.716,5
R010768,W142,P001,A06,27-06-2026,Day,10.9,2.9,41,Medium,62,75,0.823,6
R010769,W142,P001,A05,29-06-2026,Day,8.9,0.9,36,Critical,70,96,0.726,1
R010770,W142,P001,A05,30-06-2026,Day,8,0,32,Low,71,78,0.904,2
R010771,W142,P001,A06,01-07-2026,Day,8.3,0.3,44,High,63,78,0.811,3
R010772,W142,P001,A04,02-07-2026,Day,9.1,1.1,47,Low,60,78,0.772,4
R010773,W142,P001,A09,03-07-2026,Night,10.5,2.5,25,High,41,66,0.621,5
R010774,W142,P001,A07,04-07-2026,Day,8,0,56,High,50,61,0.823,6
R010775,W142,P001,A09,06-07-2026,Day,8.2,0.2,53,High,61,74,0.825,1
R010776,W142,P001,A01,07-07-2026,Night,8.7,0.7,38,Medium,50,69,0.721,2
R010777,W142,P001,A02,08-07-2026,Night,8.3,0.3,31,Low,78,87,0.896,3
R010778,W142,P001,A07,09-07-2026,Night,9.9,1.9,25,Medium,61,84,0.724,4
R010779,W142,P001,A04,10-07-2026,Day,9.7,1.7,41,High,66,88,0.753,5
R010780,W142,P001,A02,11-07-2026,Day,8.8,0.8,44,Low,76,99,0.772,6
R010781,W142,P001,A04,14-07-2026,Day,8.8,0.8,42,High,60,83,0.724,1
R010782,W142,P001,A03,15-07-2026,Night,8.9,0.9,38,Low,58,71,0.82,2
R010783,W142,P001,A05,16-07-2026,Night,9.4,1.4,34,High,72,93,0.776,3
R010784,W142,P001,A07,17-07-2026,Day,9.8,1.8,26,High,64,90,0.712,4
R010785,W142,P001,A07,18-07-2026,Day,8,0,39,High,63,79,0.796,5
R010786,W142,P001,A03,20-07-2026,Day,8.1,0.1,37,Low,87,96,0.903,1
R010787,W142,P001,A03,21-07-2026,Day,9.3,1.3,46,High,56,74,0.761,2
R010788,W142,P001,A08,22-07-2026,Day,8.7,0.7,41,Medium,73,86,0.85,3
R010789,W142,P001,A06,23-07-2026,Night,9.5,1.5,49,Low,51,64,0.794,4
R010790,W142,P001,A05,24-07-2026,Day,9.6,1.6,35,Low,66,92,0.717,5
R010791,W142,P001,A06,25-07-2026,Day,9.5,1.5,57,Critical,68,93,0.735,6
R010792,W142,P001,A09,27-07-2026,Night,8.2,0.2,44,Critical,63,80,0.79,1
R010793,W142,P001,A01,29-07-2026,Day,11,3,45,Medium,48,63,0.754,1
R010794,W142,P001,A04,30-07-2026,Day,9.5,1.5,32,Medium,76,95,0.798,2
R010795,W142,P001,A08,31-07-2026,Day,8.6,0.6,37,Critical,73,94,0.772,3
R010796,W142,P001,A07,01-08-2026,Day,11.4,3.4,40,Medium,71,93,0.765,4
R010797,W142,P001,A08,03-08-2026,Day,9.5,1.5,41,Medium,54,72,0.755,1
R010798,W142,P001,A04,04-08-2026,Night,9.1,1.1,37,Low,73,82,0.89,2
R010799,W142,P001,A09,05-08-2026,Day,9.7,1.7,40,Medium,74,89,0.833,3
R010800,W142,P001,A02,06-08-2026,Night,9.3,1.3,48,Medium,63,76,0.833,4
R010801,W142,P001,A06,07-08-2026,Day,9.9,1.9,43,Medium,59,77,0.769,5
R010802,W142,P001,A06,08-08-2026,Day,9.3,1.3,44,Medium,56,92,0.607,6
R010803,W142,P001,A08,10-08-2026,Day,10.4,2.4,33,High,68,88,0.773,1
R010804,W142,P001,A02,11-08-2026,Day,9.2,1.2,39,Medium,68,85,0.803,2
R010805,W142,P001,A03,12-08-2026,Day,8.5,0.5,58,High,71,82,0.866,3
R010806,W142,P001,A01,13-08-2026,Day,8.7,0.7,50,High,78,98,0.793,4
R010807,W142,P001,A01,14-08-2026,Night,8.8,0.8,24,Low,72,88,0.818,5
R010808,W142,P001,A03,15-08-2026,Day,10.7,2.7,41,Medium,43,66,0.646,6
R010809,W142,P001,A09,17-08-2026,Day,8.7,0.7,35,Low,48,62,0.767,1
R010810,W142,P001,A09,18-08-2026,Night,9.1,1.1,46,High,50,60,0.831,2
R010811,W142,P001,A09,19-08-2026,Day,9.9,1.9,56,Low,82,99,0.825,3
R010812,W142,P001,A03,20-08-2026,Day,8.6,0.6,40,Critical,43,62,0.694,4
R010813,W142,P001,A05,21-08-2026,Day,9.8,1.8,38,High,66,90,0.735,5
R010814,W142,P001,A03,22-08-2026,Day,8.1,0.1,47,Low,74,90,0.822,6
R010815,W142,P001,A09,24-08-2026,Day,8,0,41,High,52,67,0.779,1
R010816,W142,P001,A08,25-08-2026,Day,9.5,1.5,49,High,67,85,0.791,2
R010817,W142,P001,A06,26-08-2026,Day,8.4,0.4,30,High,60,77,0.784,3
R010818,W142,P001,A09,27-08-2026,Day,9.2,1.2,53,Medium,64,82,0.775,4
R010819,W142,P001,A06,28-08-2026,Day,8,0,23,High,71,96,0.74,5
R010820,W142,P001,A07,29-08-2026,Day,11.3,3.3,26,Low,77,88,0.873,6
R010821,W143,P001,A01,01-06-2026,Day,10.2,2.2,39,Low,44,65,0.678,1
R010822,W143,P001,A08,02-06-2026,Day,9.7,1.7,23,High,54,86,0.634,2
R010823,W143,P001,A06,03-06-2026,Day,9.7,1.7,34,Medium,72,97,0.742,3
R010824,W143,P001,A07,04-06-2026,Day,11.7,3.7,33,Medium,46,62,0.749,4
R010825,W143,P001,A08,05-06-2026,Day,11.8,3.8,25,Medium,64,89,0.714,5
R010826,W143,P001,A02,06-06-2026,Day,10.8,2.8,40,Medium,52,79,0.659,6
R010827,W143,P001,A06,08-06-2026,Night,11.9,3.9,43,High,66,97,0.682,1
R010828,W143,P001,A06,09-06-2026,Night,11.5,3.5,37,Low,43,61,0.707,2
R010829,W143,P001,A05,10-06-2026,Day,9.6,1.6,47,Low,71,87,0.813,3
R010830,W143,P001,A03,11-06-2026,Day,12.5,4.5,32,Medium,66,92,0.717,4
R010831,W143,P001,A06,12-06-2026,Night,10.6,2.6,35,Low,50,81,0.616,5
R010832,W143,P001,A04,13-06-2026,Day,8.9,0.9,28,Critical,51,77,0.665,6
R010833,W143,P001,A04,15-06-2026,Day,10.4,2.4,38,Medium,41,62,0.655,1
R010834,W143,P001,A01,16-06-2026,Day,11.2,3.2,35,Medium,58,88,0.655,2
R010835,W143,P001,A08,17-06-2026,Day,10.1,2.1,28,High,48,71,0.679,3
R010836,W143,P001,A01,18-06-2026,Day,10.2,2.2,32,Critical,44,66,0.67,4
R010837,W143,P001,A02,19-06-2026,Day,11.1,3.1,35,Medium,43,62,0.694,5
R010838,W143,P001,A01,20-06-2026,Day,10.7,2.7,20,Low,47,76,0.617,6
R010839,W143,P001,A02,22-06-2026,Day,10.3,2.3,34,Low,64,87,0.739,1
R010840,W143,P001,A07,23-06-2026,Day,11.3,3.3,27,Low,71,97,0.729,2
R010841,W143,P001,A03,24-06-2026,Day,11.9,3.9,28,Critical,61,94,0.646,3
R010842,W143,P001,A05,25-06-2026,Day,10.5,2.5,23,Medium,60,92,0.655,4
R010843,W143,P001,A01,26-06-2026,Day,10,2,25,Low,55,74,0.737,5
R010844,W143,P001,A01,27-06-2026,Day,10.4,2.4,30,Medium,56,87,0.647,6
R010845,W143,P001,A05,28-06-2026,Day,10.7,2.7,35,High,55,91,0.61,7
R010846,W143,P001,A06,29-06-2026,Night,10,2,15,Low,50,75,0.664,8
R010847,W143,P001,A09,30-06-2026,Day,12.2,4.2,35,High,41,75,0.55,9
R010848,W143,P001,A04,01-07-2026,Day,11,3,18,High,35,62,0.568,10
R010849,W143,P001,A09,02-07-2026,Day,10.4,2.4,38,High,40,71,0.569,11
R010850,W143,P001,A01,03-07-2026,Day,11.7,3.7,35,High,56,92,0.608,12
R010851,W143,P001,A08,04-07-2026,Day,11.3,3.3,32,Medium,41,61,0.675,13
R010852,W143,P001,A07,05-07-2026,Day,9.6,1.6,36,Medium,41,61,0.671,14
R010853,W143,P001,A02,06-07-2026,Day,11,3,34,Medium,55,97,0.568,15
R010854,W143,P001,A06,07-07-2026,Day,10,2,31,Medium,53,84,0.634,16
R010855,W143,P001,A08,08-07-2026,Day,11.4,3.4,30,Medium,45,87,0.521,17
R010856,W143,P001,A01,09-07-2026,Day,11.9,3.9,18,Medium,40,79,0.506,18
R010857,W143,P001,A04,10-07-2026,Night,11.7,3.7,29,Medium,62,97,0.641,19
R010858,W143,P001,A02,11-07-2026,Day,11.9,3.9,49,Medium,53,92,0.575,20
R010859,W143,P001,A03,14-07-2026,Day,11.3,3.3,35,Medium,53,81,0.649,1
R010860,W143,P001,A09,15-07-2026,Day,9.6,1.6,32,Low,70,99,0.704,2
R010861,W143,P001,A08,16-07-2026,Day,10.1,2.1,37,Low,56,83,0.67,3
R010862,W143,P001,A06,17-07-2026,Night,10.6,2.6,32,Medium,64,87,0.731,4
R010863,W143,P001,A03,18-07-2026,Day,10.6,2.6,52,Medium,48,76,0.636,5
R010864,W143,P001,A07,21-07-2026,Night,10.1,2.1,37,High,52,77,0.682,1
R010865,W143,P001,A08,22-07-2026,Night,9.6,1.6,28,High,60,78,0.772,2
R010866,W143,P001,A09,23-07-2026,Day,10.2,2.2,45,Medium,56,87,0.645,3
R010867,W143,P001,A08,24-07-2026,Day,11.4,3.4,27,Low,50,84,0.591,4
R010868,W143,P001,A07,25-07-2026,Day,10.2,2.2,34,Critical,57,99,0.581,5
R010869,W143,P001,A06,27-07-2026,Night,10.5,2.5,27,High,61,92,0.664,1
R010870,W143,P001,A05,28-07-2026,Day,10.1,2.1,38,Medium,44,65,0.671,2
R010871,W143,P001,A03,29-07-2026,Day,9.3,1.3,24,Medium,46,64,0.718,3
R010872,W143,P001,A04,30-07-2026,Day,9.7,1.7,16,Medium,45,65,0.689,4
R010873,W143,P001,A07,31-07-2026,Day,12.4,4.4,36,Medium,50,77,0.651,5
R010874,W143,P001,A01,01-08-2026,Day,11.2,3.2,40,High,47,82,0.57,6
R010875,W143,P001,A08,03-08-2026,Day,10.5,2.5,35,Low,68,98,0.699,1
R010876,W143,P001,A02,04-08-2026,Day,11.7,3.7,27,High,39,71,0.547,2
R010877,W143,P001,A02,05-08-2026,Day,11.3,3.3,41,Medium,56,87,0.645,3
R010878,W143,P001,A08,06-08-2026,Day,9.5,1.5,41,High,46,71,0.643,4
R010879,W143,P001,A04,07-08-2026,Day,10.2,2.2,19,High,46,72,0.644,5
R010880,W143,P001,A09,08-08-2026,Day,10.6,2.6,23,Low,59,84,0.697,6
R010881,W143,P001,A09,10-08-2026,Day,10,2,38,Medium,45,66,0.681,1
R010882,W143,P001,A07,11-08-2026,Night,9.1,1.1,20,Medium,61,93,0.655,2
R010883,W143,P001,A09,13-08-2026,Day,10.4,2.4,50,Low,55,84,0.66,1
R010884,W143,P001,A04,14-08-2026,Day,10.9,2.9,29,Medium,40,64,0.619,2
R010885,W143,P001,A09,15-08-2026,Day,10.7,2.7,38,Critical,68,92,0.742,3
R010886,W143,P001,A04,17-08-2026,Day,9.7,1.7,35,Medium,45,68,0.661,1
R010887,W143,P001,A09,18-08-2026,Day,9.8,1.8,22,Low,44,64,0.695,2
R010888,W143,P001,A06,19-08-2026,Night,10.4,2.4,35,Low,48,70,0.684,3
R010889,W143,P001,A01,20-08-2026,Day,11.6,3.6,30,Critical,38,63,0.595,4
R010890,W143,P001,A07,21-08-2026,Day,11.6,3.6,22,Low,54,95,0.57,5
R010891,W143,P001,A07,22-08-2026,Day,9.8,1.8,24,Critical,48,77,0.625,6
R010892,W143,P001,A08,23-08-2026,Day,12.8,4.8,59,Critical,37,67,0.554,7
R010893,W143,P001,A02,24-08-2026,Day,10.4,2.4,29,High,51,83,0.611,8
R010894,W143,P001,A03,25-08-2026,Day,11.9,3.9,39,High,54,85,0.635,9
R010895,W143,P001,A01,27-08-2026,Night,10.9,2.9,46,Medium,66,85,0.778,1
R010896,W143,P001,A04,28-08-2026,Night,11.9,3.9,48,High,53,91,0.583,2
R010897,W143,P001,A04,29-08-2026,Day,9.8,1.8,37,High,62,98,0.629,3
R010898,W144,P005,A04,02-06-2026,Day,9,1,51,High,63,82,0.769,1
R010899,W144,P005,A03,03-06-2026,Day,10.6,2.6,35,Medium,52,75,0.696,2
R010900,W144,P005,A06,04-06-2026,Day,9.7,1.7,32,Medium,53,68,0.782,3
R010901,W144,P005,A08,05-06-2026,Night,8.8,0.8,45,Medium,63,82,0.767,4
R010902,W144,P005,A02,06-06-2026,Day,10.9,2.9,51,Low,68,92,0.742,5
R010903,W144,P005,A04,08-06-2026,Night,10.4,2.4,35,Medium,53,72,0.741,1
R010904,W144,P005,A08,09-06-2026,Night,10.6,2.6,45,High,58,77,0.758,2
R010905,W144,P005,A04,10-06-2026,Day,8.7,0.7,32,Medium,71,89,0.801,3
R010906,W144,P005,A07,11-06-2026,Day,9.8,1.8,39,Medium,57,72,0.788,4
R010907,W144,P005,A06,12-06-2026,Day,8.1,0.1,33,Medium,77,99,0.773,5
R010908,W144,P005,A02,13-06-2026,Day,9.8,1.8,46,High,67,93,0.72,6
R010909,W144,P005,A08,15-06-2026,Night,9.6,1.6,32,Medium,48,62,0.773,1
R010910,W144,P005,A04,16-06-2026,Day,10.9,2.9,47,Medium,81,99,0.82,2
R010911,W144,P005,A07,17-06-2026,Day,8,0,27,Medium,54,65,0.828,3
R010912,W144,P005,A03,18-06-2026,Day,10.4,2.4,33,Medium,60,85,0.708,4
R010913,W144,P005,A09,19-06-2026,Night,9.3,1.3,33,Low,64,93,0.69,5
R010914,W144,P005,A07,20-06-2026,Day,10.1,2.1,56,High,65,88,0.744,6
R010915,W144,P005,A09,22-06-2026,Day,10.4,2.4,29,Medium,60,76,0.785,1
R010916,W144,P005,A03,23-06-2026,Day,8,0,47,Low,42,60,0.707,2
R010917,W144,P005,A02,24-06-2026,Night,10.4,2.4,54,Low,59,71,0.835,3
R010918,W144,P005,A03,25-06-2026,Day,9.4,1.4,33,Low,72,95,0.76,4
R010919,W144,P005,A04,26-06-2026,Day,9.8,1.8,48,Medium,68,80,0.855,5
R010920,W144,P005,A01,27-06-2026,Night,11,3,50,High,51,74,0.69,6
R010921,W144,P005,A09,29-06-2026,Night,10.1,2.1,48,High,73,91,0.8,1
R010922,W144,P005,A02,30-06-2026,Day,10.1,2.1,44,High,68,97,0.7,2
R010923,W144,P005,A08,01-07-2026,Night,8.9,0.9,34,Low,73,84,0.866,3
R010924,W144,P005,A01,02-07-2026,Day,9.6,1.6,37,Low,57,77,0.736,4
R010925,W144,P005,A04,03-07-2026,Day,11,3,39,Low,54,69,0.787,5
R010926,W144,P005,A06,04-07-2026,Day,10.9,2.9,38,Low,51,70,0.726,6
R010927,W144,P005,A05,06-07-2026,Day,8.6,0.6,48,High,68,80,0.845,1
R010928,W144,P005,A02,07-07-2026,Day,10.4,2.4,41,Low,59,77,0.767,2
R010929,W144,P005,A08,08-07-2026,Day,8.5,0.5,40,High,56,80,0.703,3
R010930,W144,P005,A01,09-07-2026,Day,9.6,1.6,35,High,51,76,0.675,4
R010931,W144,P005,A01,10-07-2026,Day,8,0,36,Medium,52,67,0.777,5
R010932,W144,P005,A09,11-07-2026,Day,8,0,43,Low,59,80,0.74,6
R010933,W144,P005,A03,13-07-2026,Night,9.2,1.2,49,Low,75,90,0.828,1
R010934,W144,P005,A06,14-07-2026,Day,9,1,45,High,47,62,0.763,2
R010935,W144,P005,A04,15-07-2026,Day,10.4,2.4,44,Medium,65,85,0.764,3
R010936,W144,P005,A07,16-07-2026,Day,8,0,46,Medium,47,68,0.697,4
R010937,W144,P005,A08,17-07-2026,Day,8,0,47,Critical,50,65,0.769,5
R010938,W144,P005,A04,18-07-2026,Night,10.4,2.4,46,Low,53,63,0.847,6
R010939,W144,P005,A05,20-07-2026,Day,10.5,2.5,37,Medium,74,94,0.79,1
R010940,W144,P005,A09,21-07-2026,Day,8.9,0.9,40,Critical,43,63,0.688,2
R010941,W144,P005,A08,22-07-2026,Night,9.4,1.4,40,Medium,68,91,0.743,3
R010942,W144,P005,A04,23-07-2026,Day,10.7,2.7,35,High,61,83,0.735,4
R010943,W144,P005,A08,24-07-2026,Day,9.5,1.5,41,Medium,63,83,0.763,5
R010944,W144,P005,A06,25-07-2026,Day,9.9,1.9,49,Low,71,95,0.747,6
R010945,W144,P005,A02,27-07-2026,Day,8.5,0.5,44,Medium,49,60,0.82,1
R010946,W144,P005,A02,28-07-2026,Night,9.9,1.9,49,Medium,81,99,0.818,2
R010947,W144,P005,A02,29-07-2026,Day,9.1,1.1,55,Low,75,94,0.8,3
R010948,W144,P005,A04,30-07-2026,Day,9.3,1.3,38,Medium,66,96,0.684,4
R010949,W144,P005,A09,31-07-2026,Day,9.3,1.3,40,Medium,73,96,0.762,5
R010950,W144,P005,A06,01-08-2026,Day,10.3,2.3,51,High,66,87,0.754,6
R010951,W144,P005,A09,03-08-2026,Day,8.1,0.1,32,High,50,68,0.734,1
R010952,W144,P005,A09,04-08-2026,Day,9.4,1.4,40,Medium,49,60,0.816,2
R010953,W144,P005,A09,05-08-2026,Day,10.7,2.7,40,Medium,77,99,0.775,3
R010954,W144,P005,A06,06-08-2026,Day,8.2,0.2,43,Critical,40,61,0.655,4
R010955,W144,P005,A03,07-08-2026,Day,10.5,2.5,46,High,52,74,0.699,5
R010956,W144,P005,A02,08-08-2026,Day,9.5,1.5,38,High,70,90,0.778,6
R010957,W144,P005,A01,10-08-2026,Day,9.2,1.2,37,Medium,54,69,0.784,1
R010958,W144,P005,A02,11-08-2026,Day,8.7,0.7,32,Low,51,67,0.763,2
R010959,W144,P005,A07,12-08-2026,Day,9.6,1.6,41,Low,75,99,0.756,3
R010960,W144,P005,A03,13-08-2026,Day,8.7,0.7,39,Low,66,74,0.891,4
R010961,W144,P005,A03,14-08-2026,Day,8,0,51,Medium,46,63,0.734,5
R010962,W144,P005,A01,15-08-2026,Day,8,0,36,Low,55,66,0.832,6
R010963,W144,P005,A09,17-08-2026,Day,11,3,42,Low,68,94,0.719,1
R010964,W144,P005,A08,18-08-2026,Day,11.7,3.7,31,Low,43,65,0.662,2
R010965,W144,P005,A04,19-08-2026,Day,9,1,43,Low,54,68,0.787,3
R010966,W144,P005,A08,20-08-2026,Day,10.3,2.3,38,High,71,99,0.718,4
R010967,W144,P005,A02,21-08-2026,Day,10.7,2.7,36,Medium,52,70,0.743,5
R010968,W144,P005,A07,22-08-2026,Day,8.8,0.8,38,High,67,83,0.802,6
R010969,W144,P005,A01,24-08-2026,Day,8.5,0.5,39,Medium,49,61,0.795,1
R010970,W144,P005,A03,25-08-2026,Day,11.7,3.7,44,High,63,87,0.72,2
R010971,W144,P005,A09,26-08-2026,Day,8.4,0.4,36,Low,79,95,0.834,3
R010972,W144,P005,A01,27-08-2026,Day,8,0,42,Medium,58,74,0.778,4
R010973,W144,P005,A08,28-08-2026,Day,10.3,2.3,42,Low,67,96,0.697,5
R010974,W144,P005,A09,29-08-2026,Day,9.8,1.8,56,High,65,94,0.695,6
R010975,W145,P005,A04,01-06-2026,Day,10.6,2.6,41,Medium,71,87,0.816,1
R010976,W145,P005,A08,02-06-2026,Day,10,2,47,High,47,63,0.748,2
R010977,W145,P005,A07,03-06-2026,Day,9.6,1.6,40,Medium,42,63,0.667,3
R010978,W145,P005,A02,04-06-2026,Day,9.3,1.3,33,Low,49,68,0.726,4
R010979,W145,P005,A09,05-06-2026,Day,11.7,3.7,38,Low,56,84,0.666,5
R010980,W145,P005,A05,06-06-2026,Day,10.3,2.3,39,Low,56,76,0.743,6
R010981,W145,P005,A09,07-06-2026,Day,10.8,2.8,31,Medium,62,94,0.657,7
R010982,W145,P005,A04,08-06-2026,Day,10.6,2.6,32,High,61,99,0.612,8
R010983,W145,P005,A05,09-06-2026,Day,10.4,2.4,33,Low,62,94,0.661,9
R010984,W145,P005,A09,10-06-2026,Day,10,2,25,High,53,79,0.67,10
R010985,W145,P005,A02,11-06-2026,Day,9.7,1.7,40,Low,56,71,0.786,11
R010986,W145,P005,A09,12-06-2026,Day,8.8,0.8,38,Low,69,95,0.729,12
R010987,W145,P005,A02,13-06-2026,Day,10.4,2.4,48,High,61,93,0.658,13
R010988,W145,P005,A04,15-06-2026,Day,9.1,1.1,37,Medium,45,60,0.745,1
R010989,W145,P005,A06,16-06-2026,Day,10.9,2.9,48,Medium,52,63,0.818,2
R010990,W145,P005,A09,17-06-2026,Day,9.6,1.6,36,Medium,49,75,0.657,3
R010991,W145,P005,A05,18-06-2026,Day,9,1,39,Low,79,94,0.845,4
R010992,W145,P005,A04,19-06-2026,Day,10.9,2.9,32,Low,50,72,0.691,5
R010993,W145,P005,A02,20-06-2026,Night,8.8,0.8,38,Low,60,80,0.751,6
R010994,W145,P005,A03,23-06-2026,Day,10.5,2.5,26,Low,70,94,0.747,1
R010995,W145,P005,A01,24-06-2026,Day,9.5,1.5,47,High,46,78,0.595,2
R010996,W145,P005,A09,25-06-2026,Day,9.6,1.6,47,Low,67,96,0.693,3
R010997,W145,P005,A04,26-06-2026,Day,10.1,2.1,26,Medium,60,92,0.65,4
R010998,W145,P005,A03,27-06-2026,Day,11.5,3.5,42,High,58,86,0.669,5
R010999,W145,P005,A07,29-06-2026,Day,10.3,2.3,44,Low,41,69,0.588,1
R011000,W145,P005,A06,30-06-2026,Day,10.2,2.2,27,Medium,56,92,0.604,2
R011001,W145,P005,A03,01-07-2026,Day,10,2,41,Medium,47,66,0.715,3
R011002,W145,P005,A05,02-07-2026,Day,9.2,1.2,24,High,48,78,0.621,4
R011003,W145,P005,A04,03-07-2026,Day,9.6,1.6,41,High,45,67,0.665,5
R011004,W145,P005,A01,04-07-2026,Day,10.4,2.4,41,Medium,49,83,0.594,6
R011005,W145,P005,A08,06-07-2026,Day,9.7,1.7,18,High,61,92,0.661,1
R011006,W145,P005,A05,07-07-2026,Night,9.3,1.3,39,Medium,51,73,0.695,2
R011007,W145,P005,A01,08-07-2026,Day,11.2,3.2,41,Critical,60,95,0.633,3
R011008,W145,P005,A06,09-07-2026,Night,9.8,1.8,33,Medium,59,85,0.693,4
R011009,W145,P005,A04,10-07-2026,Night,9.5,1.5,50,High,64,88,0.731,5
R011010,W145,P005,A03,11-07-2026,Day,9.8,1.8,49,High,48,65,0.735,6
R011011,W145,P005,A01,13-07-2026,Day,10.8,2.8,28,Medium,67,98,0.68,1
R011012,W145,P005,A03,14-07-2026,Day,10.4,2.4,46,Medium,46,76,0.607,2
R011013,W145,P005,A02,15-07-2026,Day,8.5,0.5,31,High,47,72,0.657,3
R011014,W145,P005,A07,16-07-2026,Night,10.1,2.1,34,Medium,39,60,0.654,4
R011015,W145,P005,A06,17-07-2026,Day,10.3,2.3,43,Medium,58,82,0.707,5
R011016,W145,P005,A08,18-07-2026,Day,9.4,1.4,54,High,62,89,0.694,6
R011017,W145,P005,A02,20-07-2026,Night,10.5,2.5,37,High,51,69,0.738,1
R011018,W145,P005,A01,21-07-2026,Day,11.5,3.5,40,Critical,58,89,0.651,2
R011019,W145,P005,A07,22-07-2026,Day,10.4,2.4,29,High,60,84,0.72,3
R011020,W145,P005,A09,23-07-2026,Day,8.8,0.8,53,Medium,64,84,0.765,4
R011021,W145,P005,A05,24-07-2026,Day,8.4,0.4,39,Medium,57,79,0.722,5
R011022,W145,P005,A06,25-07-2026,Night,9.9,1.9,28,High,49,77,0.637,6
R011023,W145,P005,A09,26-07-2026,Day,9.9,1.9,41,Low,48,66,0.73,7
R011024,W145,P005,A03,27-07-2026,Day,8.5,0.5,38,Medium,60,80,0.749,8
R011025,W145,P005,A01,28-07-2026,Day,8.7,0.7,40,Low,49,66,0.738,9
R011026,W145,P005,A02,29-07-2026,Day,8.8,0.8,52,Medium,66,99,0.67,10
R011027,W145,P005,A08,30-07-2026,Day,10.4,2.4,37,Medium,66,92,0.712,11
R011028,W145,P005,A05,31-07-2026,Night,9.9,1.9,34,High,44,84,0.529,12
R011029,W145,P005,A06,01-08-2026,Day,9.9,1.9,47,Critical,58,85,0.682,13
R011030,W145,P005,A02,03-08-2026,Day,9.4,1.4,38,High,47,65,0.721,1
R011031,W145,P005,A07,04-08-2026,Day,11.2,3.2,31,Low,64,85,0.757,2
R011032,W145,P005,A04,05-08-2026,Day,9.8,1.8,43,Low,68,96,0.711,3
R011033,W145,P005,A03,06-08-2026,Day,9.1,1.1,30,Medium,67,98,0.682,4
R011034,W145,P005,A04,08-08-2026,Day,10.4,2.4,32,Medium,71,92,0.771,1
R011035,W145,P005,A03,10-08-2026,Day,9.8,1.8,37,Medium,55,72,0.761,1
R011036,W145,P005,A01,11-08-2026,Night,8.9,0.9,33,Medium,63,78,0.807,2
R011037,W145,P005,A06,12-08-2026,Day,11.5,3.5,58,High,73,99,0.737,3
R011038,W145,P005,A02,13-08-2026,Day,9,1,36,Low,76,99,0.771,4
R011039,W145,P005,A03,14-08-2026,Day,9.1,1.1,47,Low,77,88,0.871,5
R011040,W145,P005,A01,15-08-2026,Night,10.3,2.3,42,High,61,87,0.698,6
R011041,W145,P005,A06,17-08-2026,Night,10.7,2.7,44,Medium,61,85,0.713,1
R011042,W145,P005,A02,18-08-2026,Day,9.8,1.8,42,Medium,64,91,0.708,2
R011043,W145,P005,A06,19-08-2026,Day,9.2,1.2,41,Medium,56,78,0.713,3
R011044,W145,P005,A07,20-08-2026,Day,9.3,1.3,29,Medium,49,62,0.784,4
R011045,W145,P005,A02,21-08-2026,Day,10.7,2.7,51,Medium,39,60,0.648,5
R011046,W145,P005,A03,22-08-2026,Day,9.3,1.3,25,Medium,60,78,0.773,6
R011047,W145,P005,A02,24-08-2026,Day,10.7,2.7,27,Medium,54,73,0.737,1
R011048,W145,P005,A07,25-08-2026,Day,9.1,1.1,40,Medium,58,84,0.694,2
R011049,W145,P005,A04,26-08-2026,Day,11.2,3.2,45,Critical,65,93,0.701,3
R011050,W145,P005,A06,27-08-2026,Day,8,0,36,High,72,88,0.816,4
R011051,W145,P005,A09,28-08-2026,Day,9.1,1.1,21,High,46,65,0.708,5
R011052,W145,P005,A07,29-08-2026,Day,9.9,1.9,44,Medium,59,93,0.638,6
R011053,W146,P003,A03,01-06-2026,Day,9.8,1.8,48,High,73,96,0.756,1
R011054,W146,P003,A08,02-06-2026,Night,9.4,1.4,35,Medium,53,73,0.727,2
R011055,W146,P003,A05,03-06-2026,Day,8.8,0.8,36,High,53,76,0.696,3
R011056,W146,P003,A03,04-06-2026,Day,9.3,1.3,45,Low,60,75,0.803,4
R011057,W146,P003,A09,05-06-2026,Day,10.6,2.6,39,Low,45,64,0.703,5
R011058,W146,P003,A01,06-06-2026,Day,10.4,2.4,38,Medium,61,92,0.665,6
R011059,W146,P003,A09,07-06-2026,Day,9.9,1.9,34,Medium,48,65,0.737,7
R011060,W146,P003,A05,08-06-2026,Day,8,0,39,Medium,54,73,0.733,8
R011061,W146,P003,A08,09-06-2026,Night,11.7,3.7,24,Medium,42,61,0.69,9
R011062,W146,P003,A08,10-06-2026,Day,8,0,30,High,58,97,0.596,10
R011063,W146,P003,A06,11-06-2026,Day,9.7,1.7,35,Medium,49,70,0.696,11
R011064,W146,P003,A04,12-06-2026,Night,10.6,2.6,46,Medium,59,84,0.704,12
R011065,W146,P003,A09,15-06-2026,Day,9.7,1.7,26,High,64,88,0.722,1
R011066,W146,P003,A02,16-06-2026,Night,10,2,37,Low,59,73,0.811,2
R011067,W146,P003,A08,17-06-2026,Night,10.7,2.7,54,Low,67,82,0.817,3
R011068,W146,P003,A08,18-06-2026,Night,9.7,1.7,41,Low,64,77,0.826,4
R011069,W146,P003,A02,19-06-2026,Day,9.9,1.9,31,High,65,98,0.661,5
R011070,W146,P003,A06,20-06-2026,Day,11.5,3.5,34,Low,61,85,0.717,6
R011071,W146,P003,A03,22-06-2026,Day,9.3,1.3,45,High,66,90,0.728,1
R011072,W146,P003,A05,23-06-2026,Day,10.3,2.3,25,Low,64,90,0.713,2
R011073,W146,P003,A07,24-06-2026,Day,10.1,2.1,35,High,56,77,0.732,3
R011074,W146,P003,A01,25-06-2026,Day,10.9,2.9,42,High,61,90,0.681,4
R011075,W146,P003,A09,26-06-2026,Day,9.8,1.8,38,High,49,67,0.736,5
R011076,W146,P003,A05,27-06-2026,Day,9.6,1.6,41,Medium,49,63,0.774,6
R011077,W146,P003,A07,29-06-2026,Day,10,2,30,Critical,51,87,0.581,1
R011078,W146,P003,A06,30-06-2026,Day,11,3,52,High,42,64,0.654,2
R011079,W146,P003,A08,01-07-2026,Day,10.1,2.1,24,Low,80,99,0.809,3
R011080,W146,P003,A06,02-07-2026,Day,10.6,2.6,45,Medium,47,66,0.709,4
R011081,W146,P003,A09,03-07-2026,Day,10.5,2.5,25,Low,60,89,0.677,5
R011082,W146,P003,A02,04-07-2026,Night,8.8,0.8,38,Critical,44,66,0.667,6
R011083,W146,P003,A04,06-07-2026,Day,11.5,3.5,24,Medium,60,89,0.678,1
R011084,W146,P003,A02,07-07-2026,Night,9.2,1.2,39,High,66,87,0.762,2
R011085,W146,P003,A06,08-07-2026,Day,10.7,2.7,48,Critical,47,76,0.619,3
R011086,W146,P003,A02,09-07-2026,Day,10.7,2.7,45,Low,72,88,0.813,4
R011087,W146,P003,A03,10-07-2026,Day,9.2,1.2,28,High,52,92,0.57,5
R011088,W146,P003,A05,11-07-2026,Night,8.7,0.7,38,Low,65,88,0.743,6
R011089,W146,P003,A06,13-07-2026,Day,11.4,3.4,30,Medium,74,97,0.76,1
R011090,W146,P003,A04,14-07-2026,Day,10.1,2.1,46,High,61,86,0.71,2
R011091,W146,P003,A05,15-07-2026,Day,10.2,2.2,35,High,70,94,0.741,3
R011092,W146,P003,A02,16-07-2026,Day,8.5,0.5,31,Medium,73,96,0.757,4
R011093,W146,P003,A03,17-07-2026,Day,9.3,1.3,38,Low,66,97,0.683,5
R011094,W146,P003,A04,18-07-2026,Day,10,2,31,High,65,97,0.673,6
R011095,W146,P003,A02,19-07-2026,Day,9.2,1.2,44,High,54,79,0.681,7
R011096,W146,P003,A09,20-07-2026,Day,8.7,0.7,35,Low,45,60,0.752,8
R011097,W146,P003,A02,21-07-2026,Day,13.2,5.2,39,Low,59,95,0.626,9
R011098,W146,P003,A01,22-07-2026,Day,8.8,0.8,55,Medium,44,64,0.686,10
R011099,W146,P003,A05,23-07-2026,Night,9.7,1.7,48,Low,66,98,0.67,11
R011100,W146,P003,A03,24-07-2026,Day,10.4,2.4,34,Medium,53,79,0.667,12
R011101,W146,P003,A04,25-07-2026,Day,8.6,0.6,44,Low,48,63,0.77,13
R011102,W146,P003,A02,27-07-2026,Day,9.5,1.5,38,Medium,53,70,0.751,1
R011103,W146,P003,A03,28-07-2026,Day,9.2,1.2,39,Medium,62,83,0.749,2
R011104,W146,P003,A05,29-07-2026,Day,12.3,4.3,35,High,36,62,0.585,3
R011105,W146,P003,A08,30-07-2026,Day,9.3,1.3,43,Medium,52,66,0.788,4
R011106,W146,P003,A05,31-07-2026,Day,9.7,1.7,52,Low,64,84,0.762,5
R011107,W146,P003,A02,01-08-2026,Day,9.1,1.1,31,Medium,59,80,0.742,6
R011108,W146,P003,A07,03-08-2026,Day,9.1,1.1,32,Medium,57,82,0.691,1
R011109,W146,P003,A04,04-08-2026,Day,11.1,3.1,50,High,45,64,0.709,2
R011110,W146,P003,A08,05-08-2026,Day,10.2,2.2,36,Low,55,71,0.771,3
R011111,W146,P003,A06,06-08-2026,Day,9.4,1.4,42,Low,58,72,0.808,4
R011112,W146,P003,A01,07-08-2026,Day,9.2,1.2,31,Low,74,97,0.766,5
R011113,W146,P003,A08,08-08-2026,Day,9.9,1.9,34,High,53,70,0.764,6
R011114,W146,P003,A07,10-08-2026,Day,9.7,1.7,40,Medium,57,73,0.783,1
R011115,W146,P003,A07,11-08-2026,Day,8.4,0.4,33,High,63,91,0.69,2
R011116,W146,P003,A03,12-08-2026,Day,9.8,1.8,35,Medium,48,67,0.723,3
R011117,W146,P003,A03,13-08-2026,Night,9.9,1.9,43,Low,63,92,0.683,4
R011118,W146,P003,A08,14-08-2026,Day,9.8,1.8,40,Low,56,82,0.679,5
R011119,W146,P003,A08,15-08-2026,Night,11.7,3.7,54,Low,49,69,0.705,6
R011120,W146,P003,A02,17-08-2026,Day,9.2,1.2,44,Low,51,63,0.803,1
R011121,W146,P003,A05,18-08-2026,Day,9.6,1.6,37,Medium,55,76,0.725,2
R011122,W146,P003,A06,19-08-2026,Day,10.4,2.4,50,Medium,69,89,0.772,3
R011123,W146,P003,A06,20-08-2026,Day,11,3,39,High,69,94,0.735,4
R011124,W146,P003,A01,21-08-2026,Day,8.9,0.9,51,Medium,49,71,0.684,5
R011125,W146,P003,A05,22-08-2026,Day,10.2,2.2,30,Medium,59,89,0.666,6
R011126,W146,P003,A04,24-08-2026,Day,8.5,0.5,34,High,79,97,0.814,1
R011127,W146,P003,A01,25-08-2026,Day,8.1,0.1,42,Medium,77,94,0.824,2
R011128,W146,P003,A05,26-08-2026,Day,9,1,35,High,72,98,0.733,3
R011129,W146,P003,A08,27-08-2026,Day,8.9,0.9,28,Low,44,61,0.717,4
R011130,W146,P003,A04,28-08-2026,Day,8.5,0.5,35,Medium,53,75,0.712,5
R011131,W146,P003,A02,29-08-2026,Day,10.2,2.2,52,Low,68,93,0.728,6
R011132,W147,P006,A03,01-06-2026,Day,9.2,1.2,37,Medium,83,93,0.892,1
R011133,W147,P006,A05,02-06-2026,Day,9.6,1.6,23,Low,61,77,0.789,2
R011134,W147,P006,A06,03-06-2026,Day,8.9,0.9,38,Medium,64,83,0.77,3
R011135,W147,P006,A08,04-06-2026,Day,10.4,2.4,52,High,48,67,0.718,4
R011136,W147,P006,A02,05-06-2026,Day,9.7,1.7,34,High,54,78,0.698,5
R011137,W147,P006,A05,06-06-2026,Night,10.8,2.8,34,Medium,63,94,0.668,6
R011138,W147,P006,A07,08-06-2026,Day,9.6,1.6,38,High,54,73,0.738,1
R011139,W147,P006,A01,09-06-2026,Day,10.6,2.6,36,Medium,45,70,0.646,2
R011140,W147,P006,A02,11-06-2026,Day,11.2,3.2,40,Low,48,63,0.761,1
R011141,W147,P006,A08,12-06-2026,Day,11,3,37,Low,65,89,0.735,2
R011142,W147,P006,A01,13-06-2026,Day,11.6,3.6,35,Low,64,88,0.731,3
R011143,W147,P006,A04,15-06-2026,Day,9.2,1.2,57,Low,71,93,0.76,1
R011144,W147,P006,A07,16-06-2026,Day,8.4,0.4,29,High,48,64,0.747,2
R011145,W147,P006,A05,17-06-2026,Day,9.7,1.7,27,Low,61,75,0.808,3
R011146,W147,P006,A04,18-06-2026,Day,8.5,0.5,22,Critical,50,65,0.768,4
R011147,W147,P006,A09,19-06-2026,Day,10.9,2.9,25,Medium,49,69,0.705,5
R011148,W147,P006,A02,20-06-2026,Day,9.1,1.1,30,Low,58,70,0.831,6
R011149,W147,P006,A02,22-06-2026,Day,10.4,2.4,35,Medium,77,97,0.793,1
R011150,W147,P006,A02,23-06-2026,Day,9.2,1.2,44,Medium,66,85,0.779,2
R011151,W147,P006,A02,24-06-2026,Day,8.8,0.8,33,Medium,56,75,0.746,3
R011152,W147,P006,A05,25-06-2026,Day,9.2,1.2,51,High,44,67,0.653,4
R011153,W147,P006,A06,26-06-2026,Day,11.6,3.6,53,Low,56,73,0.769,5
R011154,W147,P006,A06,27-06-2026,Day,10.5,2.5,51,High,54,79,0.681,6
R011155,W147,P006,A08,29-06-2026,Night,9.5,1.5,40,High,46,60,0.76,1
R011156,W147,P006,A01,30-06-2026,Day,10,2,52,High,51,74,0.689,2
R011157,W147,P006,A01,01-07-2026,Day,9.3,1.3,35,Low,74,99,0.745,3
R011158,W147,P006,A02,02-07-2026,Day,9.7,1.7,33,Low,53,70,0.763,4
R011159,W147,P006,A02,03-07-2026,Day,9.7,1.7,23,High,67,94,0.716,5
R011160,W147,P006,A04,04-07-2026,Day,8.8,0.8,37,Critical,63,89,0.713,6
R011161,W147,P006,A03,06-07-2026,Day,9.5,1.5,43,Low,77,93,0.824,1
R011162,W147,P006,A08,07-07-2026,Day,10.6,2.6,40,High,57,83,0.692,2
R011163,W147,P006,A04,09-07-2026,Day,10.1,2.1,49,Critical,42,61,0.684,1
R011164,W147,P006,A08,10-07-2026,Day,9.3,1.3,38,High,69,91,0.763,2
R011165,W147,P006,A06,11-07-2026,Day,10.4,2.4,40,Low,72,90,0.795,3
R011166,W147,P006,A09,13-07-2026,Day,9.6,1.6,41,Low,51,70,0.727,1
R011167,W147,P006,A07,14-07-2026,Day,10.8,2.8,36,High,61,92,0.665,2
R011168,W147,P006,A03,15-07-2026,Day,9.4,1.4,49,High,53,71,0.751,3
R011169,W147,P006,A04,16-07-2026,Day,10.7,2.7,38,Medium,58,78,0.743,4
R011170,W147,P006,A01,17-07-2026,Day,9.1,1.1,33,Medium,50,65,0.767,5
R011171,W147,P006,A01,18-07-2026,Day,9,1,49,Low,73,94,0.777,6
R011172,W147,P006,A09,20-07-2026,Day,10.5,2.5,40,Medium,48,62,0.77,1
R011173,W147,P006,A08,21-07-2026,Day,11.3,3.3,41,Medium,50,78,0.641,2
R011174,W147,P006,A05,22-07-2026,Day,9.2,1.2,41,High,66,89,0.74,3
R011175,W147,P006,A08,23-07-2026,Day,9.7,1.7,56,Medium,55,78,0.71,4
R011176,W147,P006,A02,24-07-2026,Day,9.5,1.5,38,Medium,73,90,0.815,5
R011177,W147,P006,A06,25-07-2026,Night,10.4,2.4,24,Low,54,68,0.789,6
R011178,W147,P006,A05,26-07-2026,Day,10.7,2.7,46,Medium,58,77,0.754,7
R011179,W147,P006,A08,27-07-2026,Night,11.4,3.4,26,High,51,82,0.621,8
R011180,W147,P006,A01,28-07-2026,Day,9.9,1.9,42,Medium,60,79,0.763,9
R011181,W147,P006,A04,29-07-2026,Day,9.7,1.7,46,Low,68,91,0.752,10
R011182,W147,P006,A04,30-07-2026,Day,8.9,0.9,36,Low,55,74,0.744,11
R011183,W147,P006,A03,31-07-2026,Day,10.6,2.6,43,Low,57,76,0.749,12
R011184,W147,P006,A06,01-08-2026,Day,10.5,2.5,40,Medium,40,63,0.637,13
R011185,W147,P006,A06,03-08-2026,Day,11.2,3.2,51,Medium,73,91,0.797,1
R011186,W147,P006,A08,04-08-2026,Day,9.6,1.6,31,Medium,75,98,0.768,2
R011187,W147,P006,A08,05-08-2026,Day,9.6,1.6,49,Low,61,73,0.836,3
R011188,W147,P006,A08,06-08-2026,Day,8.8,0.8,41,Medium,75,96,0.783,4
R011189,W147,P006,A05,07-08-2026,Day,10.3,2.3,58,Medium,42,62,0.685,5
R011190,W147,P006,A02,08-08-2026,Day,10,2,43,Low,44,62,0.715,6
R011191,W147,P006,A08,10-08-2026,Day,11.8,3.8,37,Medium,58,75,0.779,1
R011192,W147,P006,A09,11-08-2026,Night,9.6,1.6,51,Medium,57,84,0.681,2
R011193,W147,P006,A03,12-08-2026,Day,8,0,51,High,51,73,0.702,3
R011194,W147,P006,A04,13-08-2026,Day,11.8,3.8,38,High,48,77,0.619,4
R011195,W147,P006,A01,15-08-2026,Night,9.4,1.4,15,Medium,45,61,0.745,1
R011196,W147,P006,A04,17-08-2026,Day,9.1,1.1,53,Low,53,63,0.844,1
R011197,W147,P006,A09,18-08-2026,Night,8.6,0.6,43,High,67,85,0.783,2
R011198,W147,P006,A05,19-08-2026,Night,11.1,3.1,33,High,51,69,0.732,3
R011199,W147,P006,A07,20-08-2026,Day,9.6,1.6,41,Medium,68,86,0.791,4
R011200,W147,P006,A02,21-08-2026,Day,10.3,2.3,32,Critical,41,60,0.686,5
R011201,W147,P006,A08,22-08-2026,Day,11.2,3.2,33,Critical,54,75,0.716,6
R011202,W147,P006,A09,24-08-2026,Day,10.4,2.4,48,High,60,78,0.764,1
R011203,W147,P006,A01,25-08-2026,Day,9.4,1.4,37,Medium,63,86,0.735,2
R011204,W147,P006,A07,26-08-2026,Day,11.2,3.2,44,Medium,52,72,0.716,3
R011205,W147,P006,A09,27-08-2026,Night,9.5,1.5,39,Low,61,79,0.773,4
R011206,W147,P006,A04,28-08-2026,Day,11,3,47,Medium,67,93,0.725,5
R011207,W147,P006,A04,29-08-2026,Night,10,2,42,Medium,60,81,0.744,6
R011208,W148,P002,A05,01-06-2026,Night,10.6,2.6,41,Low,61,80,0.762,1
R011209,W148,P002,A04,02-06-2026,Day,10.1,2.1,36,Low,64,78,0.814,2
R011210,W148,P002,A05,04-06-2026,Night,10.9,2.9,29,High,52,79,0.656,1
R011211,W148,P002,A05,05-06-2026,Day,10.1,2.1,32,Medium,62,84,0.741,2
R011212,W148,P002,A01,06-06-2026,Day,11.9,3.9,32,Medium,45,75,0.603,3
R011213,W148,P002,A05,08-06-2026,Day,9.6,1.6,51,Medium,73,95,0.772,1
R011214,W148,P002,A03,09-06-2026,Day,10.7,2.7,29,Critical,46,77,0.598,2
R011215,W148,P002,A09,10-06-2026,Day,9.9,1.9,38,High,67,93,0.721,3
R011216,W148,P002,A09,11-06-2026,Day,11.8,3.8,44,Medium,58,91,0.638,4
R011217,W148,P002,A04,12-06-2026,Day,9.3,1.3,42,Low,65,97,0.667,5
R011218,W148,P002,A03,13-06-2026,Day,10.4,2.4,26,High,64,99,0.645,6
R011219,W148,P002,A07,14-06-2026,Night,11.2,3.2,38,Critical,64,97,0.66,7
R011220,W148,P002,A05,15-06-2026,Day,11.3,3.3,20,Medium,48,78,0.611,8
R011221,W148,P002,A07,16-06-2026,Night,10.9,2.9,30,Medium,55,84,0.656,9
R011222,W148,P002,A05,17-06-2026,Day,11.9,3.9,49,Medium,37,60,0.621,10
R011223,W148,P002,A02,18-06-2026,Day,10.5,2.5,19,Critical,35,69,0.5,11
R011224,W148,P002,A03,19-06-2026,Day,12.7,4.7,34,High,51,88,0.581,12
R011225,W148,P002,A01,20-06-2026,Day,10.6,2.6,23,Low,53,94,0.564,13
R011226,W148,P002,A09,21-06-2026,Day,10.6,2.6,37,Medium,60,92,0.653,14
R011227,W148,P002,A07,22-06-2026,Day,11.7,3.7,48,Critical,54,86,0.633,15
R011228,W148,P002,A08,23-06-2026,Day,10.3,2.3,40,Critical,55,89,0.617,16
R011229,W148,P002,A05,24-06-2026,Day,10.3,2.3,34,Medium,41,62,0.655,17
R011230,W148,P002,A02,25-06-2026,Day,9.6,1.6,27,Medium,56,97,0.576,18
R011231,W148,P002,A08,26-06-2026,Day,10.7,2.7,32,Low,44,67,0.65,19
R011232,W148,P002,A06,27-06-2026,Night,10.4,2.4,34,Medium,68,96,0.71,20
R011233,W148,P002,A02,28-06-2026,Day,11.1,3.1,45,Medium,47,78,0.608,21
R011234,W148,P002,A06,29-06-2026,Day,9.9,1.9,36,High,54,85,0.636,22
R011235,W148,P002,A06,30-06-2026,Day,10.1,2.1,39,Medium,53,70,0.759,23
R011236,W148,P002,A02,01-07-2026,Day,11.9,3.9,29,Medium,49,78,0.631,24
R011237,W148,P002,A07,03-07-2026,Day,9.9,1.9,32,Medium,74,93,0.797,1
R011238,W148,P002,A09,04-07-2026,Day,9.2,1.2,24,Medium,72,93,0.776,2
R011239,W148,P002,A08,06-07-2026,Day,9.5,1.5,38,Medium,58,79,0.733,1
R011240,W148,P002,A05,07-07-2026,Day,10.9,2.9,38,Critical,65,98,0.668,2
R011241,W148,P002,A05,08-07-2026,Day,8.3,0.3,26,Medium,59,78,0.755,3
R011242,W148,P002,A07,09-07-2026,Day,10.2,2.2,31,Medium,49,74,0.658,4
R011243,W148,P002,A04,10-07-2026,Day,11.1,3.1,32,Critical,40,63,0.632,5
R011244,W148,P002,A08,11-07-2026,Day,10.2,2.2,29,Low,46,75,0.618,6
R011245,W148,P002,A08,13-07-2026,Day,8.4,0.4,39,Low,74,97,0.765,1
R011246,W148,P002,A02,14-07-2026,Day,11.5,3.5,41,Critical,57,79,0.723,2
R011247,W148,P002,A07,15-07-2026,Day,9,1,35,Low,47,63,0.748,3
R011248,W148,P002,A09,16-07-2026,Night,10.6,2.6,30,Low,50,73,0.691,4
R011249,W148,P002,A07,17-07-2026,Day,10.6,2.6,26,Medium,71,93,0.764,5
R011250,W148,P002,A09,18-07-2026,Day,10.4,2.4,40,High,52,81,0.643,6
R011251,W148,P002,A09,20-07-2026,Day,10.7,2.7,38,High,48,67,0.715,1
R011252,W148,P002,A03,21-07-2026,Day,9.6,1.6,43,Critical,50,70,0.716,2
R011253,W148,P002,A01,22-07-2026,Day,10.3,2.3,28,High,64,94,0.682,3
R011254,W148,P002,A07,23-07-2026,Day,10.1,2.1,37,Medium,47,70,0.668,4
R011255,W148,P002,A04,24-07-2026,Day,9.7,1.7,27,High,49,67,0.729,5
R011256,W148,P002,A04,25-07-2026,Day,10.7,2.7,46,Medium,52,67,0.775,6
R011257,W148,P002,A04,27-07-2026,Day,9.9,1.9,35,High,43,75,0.575,1
R011258,W148,P002,A08,28-07-2026,Day,10.5,2.5,24,Low,35,62,0.57,2
R011259,W148,P002,A08,31-07-2026,Day,9.5,1.5,39,Medium,51,73,0.695,1
R011260,W148,P002,A08,02-08-2026,Day,10.7,2.7,51,Medium,46,71,0.642,1
R011261,W148,P002,A06,03-08-2026,Day,10,2,27,Critical,63,92,0.687,2
R011262,W148,P002,A02,04-08-2026,Day,9.7,1.7,27,Critical,52,83,0.627,3
R011263,W148,P002,A06,05-08-2026,Night,8,0,25,Medium,55,79,0.695,4
R011264,W148,P002,A03,06-08-2026,Night,10.6,2.6,29,Medium,52,74,0.707,5
R011265,W148,P002,A09,07-08-2026,Day,10.5,2.5,40,Medium,38,62,0.616,6
R011266,W148,P002,A09,08-08-2026,Day,9.6,1.6,32,High,44,60,0.73,7
R011267,W148,P002,A08,10-08-2026,Day,9.6,1.6,24,High,61,88,0.698,1
R011268,W148,P002,A06,11-08-2026,Day,10.9,2.9,41,Low,62,87,0.715,2
R011269,W148,P002,A04,12-08-2026,Day,9.5,1.5,40,Critical,55,74,0.737,3
R011270,W148,P002,A09,13-08-2026,Day,9.5,1.5,35,Low,46,68,0.683,4
R011271,W148,P002,A03,14-08-2026,Night,11.5,3.5,48,High,41,64,0.641,5
R011272,W148,P002,A05,15-08-2026,Day,11.3,3.3,32,Low,44,65,0.675,6
R011273,W148,P002,A03,17-08-2026,Night,9.3,1.3,28,High,51,78,0.657,1
R011274,W148,P002,A06,18-08-2026,Day,10.7,2.7,28,Critical,45,73,0.622,2
R011275,W148,P002,A07,19-08-2026,Day,10.1,2.1,32,Medium,56,87,0.643,3
R011276,W148,P002,A08,20-08-2026,Day,12,4,35,Medium,65,97,0.667,4
R011277,W148,P002,A02,21-08-2026,Day,10.7,2.7,38,Medium,55,88,0.62,5
R011278,W148,P002,A09,22-08-2026,Night,9.4,1.4,29,Low,71,93,0.769,6
R011279,W148,P002,A01,24-08-2026,Day,13.7,5.7,19,High,55,96,0.577,1
R011280,W148,P002,A08,25-08-2026,Day,10.7,2.7,27,High,54,77,0.698,2
R011281,W148,P002,A04,26-08-2026,Day,11.2,3.2,38,Medium,58,80,0.719,3
R011282,W148,P002,A09,27-08-2026,Night,11.6,3.6,52,Low,69,88,0.786,4
R011283,W148,P002,A05,28-08-2026,Night,8,0,35,Low,39,60,0.645,5
R011284,W148,P002,A07,29-08-2026,Day,8,0,29,High,56,75,0.748,6
R011285,W149,P004,A06,01-06-2026,Day,10.7,2.7,40,Medium,50,68,0.738,1
R011286,W149,P004,A03,02-06-2026,Day,12.1,4.1,16,Low,68,90,0.753,2
R011287,W149,P004,A09,03-06-2026,Day,10.8,2.8,25,Medium,61,90,0.678,3
R011288,W149,P004,A01,04-06-2026,Day,10.9,2.9,38,High,56,87,0.645,4
R011289,W149,P004,A01,05-06-2026,Day,10.3,2.3,44,Critical,52,73,0.717,5
R011290,W149,P004,A06,06-06-2026,Day,11.6,3.6,34,High,55,85,0.644,6
R011291,W149,P004,A05,08-06-2026,Day,11.1,3.1,33,Critical,49,72,0.677,1
R011292,W149,P004,A01,09-06-2026,Day,11.1,3.1,34,Medium,52,73,0.708,2
R011293,W149,P004,A02,10-06-2026,Day,12,4,34,High,62,96,0.645,3
R011294,W149,P004,A08,11-06-2026,Day,11.1,3.1,28,High,42,61,0.697,4
R011295,W149,P004,A05,12-06-2026,Night,10.9,2.9,54,Critical,39,66,0.594,5
R011296,W149,P004,A02,13-06-2026,Night,11.4,3.4,34,High,42,81,0.515,6
R011297,W149,P004,A05,15-06-2026,Day,10.4,2.4,34,Low,67,90,0.747,1
R011298,W149,P004,A08,16-06-2026,Day,10.5,2.5,32,Medium,43,68,0.633,2
R011299,W149,P004,A02,17-06-2026,Day,10.6,2.6,38,Low,55,67,0.82,3
R011300,W149,P004,A03,18-06-2026,Day,10.6,2.6,30,Critical,62,99,0.624,4
R011301,W149,P004,A07,19-06-2026,Day,10.3,2.3,29,Low,67,93,0.716,5
R011302,W149,P004,A02,20-06-2026,Day,10.8,2.8,34,High,54,95,0.573,6
R011303,W149,P004,A02,21-06-2026,Day,11.7,3.7,21,Medium,48,78,0.61,7
R011304,W149,P004,A01,22-06-2026,Day,10.5,2.5,25,High,62,92,0.673,8
R011305,W149,P004,A07,23-06-2026,Day,11.3,3.3,38,Medium,53,95,0.562,9
R011306,W149,P004,A02,24-06-2026,Day,9,1,36,Low,49,76,0.644,10
R011307,W149,P004,A08,25-06-2026,Day,11.2,3.2,26,Medium,52,80,0.648,11
R011308,W149,P004,A03,26-06-2026,Day,10.1,2.1,34,Low,58,99,0.59,12
R011309,W149,P004,A01,27-06-2026,Day,11.2,3.2,27,Low,43,67,0.642,13
R011310,W149,P004,A05,29-06-2026,Day,12.2,4.2,39,High,42,65,0.641,1
R011311,W149,P004,A06,30-06-2026,Day,12.7,4.7,41,Low,42,70,0.596,2
R011312,W149,P004,A03,01-07-2026,Night,10.8,2.8,39,Critical,65,96,0.673,3
R011313,W149,P004,A08,02-07-2026,Day,10,2,33,Medium,65,90,0.721,4
R011314,W149,P004,A02,03-07-2026,Day,12.4,4.4,40,Medium,52,91,0.574,5
R011315,W149,P004,A06,04-07-2026,Day,10.6,2.6,22,Medium,48,80,0.604,6
R011316,W149,P004,A02,06-07-2026,Day,10,2,18,Low,59,83,0.71,1
R011317,W149,P004,A06,07-07-2026,Day,11.2,3.2,37,Low,44,69,0.64,2
R011318,W149,P004,A09,08-07-2026,Day,12,4,34,High,50,77,0.655,3
R011319,W149,P004,A05,09-07-2026,Day,11.2,3.2,23,Low,60,85,0.703,4
R011320,W149,P004,A09,10-07-2026,Day,10,2,39,Medium,49,80,0.615,5
R011321,W149,P004,A09,11-07-2026,Day,11.4,3.4,38,High,60,95,0.626,6
R011322,W149,P004,A03,13-07-2026,Day,11.3,3.3,33,Medium,58,99,0.581,1
R011323,W149,P004,A05,15-07-2026,Day,10.6,2.6,42,Medium,53,80,0.659,1
R011324,W149,P004,A09,16-07-2026,Night,12.8,4.8,38,High,44,64,0.683,2
R011325,W149,P004,A08,17-07-2026,Day,12,4,34,High,53,89,0.596,3
R011326,W149,P004,A08,18-07-2026,Day,9.7,1.7,38,Medium,53,85,0.628,4
R011327,W149,P004,A09,20-07-2026,Day,12.1,4.1,21,High,41,68,0.601,1
R011328,W149,P004,A05,21-07-2026,Day,8.4,0.4,40,Low,69,97,0.716,2
R011329,W149,P004,A05,22-07-2026,Day,10.6,2.6,39,High,53,81,0.658,3
R011330,W149,P004,A05,23-07-2026,Day,12.1,4.1,34,Medium,71,99,0.72,4
R011331,W149,P004,A05,24-07-2026,Day,10.1,2.1,29,High,60,99,0.608,5
R011332,W149,P004,A03,25-07-2026,Night,12.3,4.3,38,Low,40,61,0.648,6
R011333,W149,P004,A09,26-07-2026,Day,12.2,4.2,28,High,38,66,0.57,7
R011334,W149,P004,A07,27-07-2026,Day,9.1,1.1,26,Medium,68,99,0.69,8
R011335,W149,P004,A07,28-07-2026,Day,11.7,3.7,40,Low,59,98,0.604,9
R011336,W149,P004,A01,29-07-2026,Night,9.9,1.9,27,Medium,61,87,0.705,10
R011337,W149,P004,A04,30-07-2026,Day,10.4,2.4,26,Medium,37,60,0.613,11
R011338,W149,P004,A08,31-07-2026,Day,11.7,3.7,31,Low,43,73,0.588,12
R011339,W149,P004,A05,01-08-2026,Day,12.1,4.1,36,Critical,53,93,0.566,13
R011340,W149,P004,A04,03-08-2026,Day,9.6,1.6,26,Medium,59,90,0.653,1
R011341,W149,P004,A06,04-08-2026,Day,9.6,1.6,48,Low,47,67,0.698,2
R011342,W149,P004,A04,05-08-2026,Day,11.2,3.2,28,Low,55,84,0.657,3
R011343,W149,P004,A02,06-08-2026,Night,12,4,34,High,69,91,0.756,4
R011344,W149,P004,A09,07-08-2026,Night,10.8,2.8,39,Low,49,67,0.728,5
R011345,W149,P004,A07,08-08-2026,Day,11.2,3.2,27,Medium,70,99,0.712,6
R011346,W149,P004,A08,10-08-2026,Day,9.7,1.7,28,Medium,43,61,0.706,1
R011347,W149,P004,A07,11-08-2026,Day,10.4,2.4,39,Medium,53,78,0.683,2
R011348,W149,P004,A03,12-08-2026,Day,11.1,3.1,14,Medium,44,71,0.615,3
R011349,W149,P004,A02,13-08-2026,Day,9.2,1.2,36,Medium,74,96,0.769,4
R011350,W149,P004,A07,15-08-2026,Day,11.5,3.5,19,Medium,61,87,0.704,1
R011351,W149,P004,A05,16-08-2026,Day,12.1,4.1,22,High,44,77,0.566,2
R011352,W149,P004,A07,17-08-2026,Day,11.3,3.3,37,High,57,92,0.621,3
R011353,W149,P004,A02,18-08-2026,Night,11.6,3.6,41,Medium,59,91,0.645,4
R011354,W149,P004,A01,20-08-2026,Day,10.3,2.3,29,High,62,98,0.634,1
R011355,W149,P004,A07,21-08-2026,Day,11.1,3.1,49,Medium,45,71,0.631,2
R011356,W149,P004,A02,22-08-2026,Day,12.3,4.3,24,High,42,70,0.598,3
R011357,W149,P004,A01,24-08-2026,Day,10.6,2.6,26,Low,62,78,0.789,1
R011358,W149,P004,A05,25-08-2026,Day,10.1,2.1,35,Low,59,85,0.7,2
R011359,W149,P004,A02,26-08-2026,Day,10.9,2.9,40,Medium,63,93,0.681,3
R011360,W149,P004,A07,27-08-2026,Day,12.8,4.8,31,High,45,65,0.692,4
R011361,W149,P004,A02,28-08-2026,Day,10.8,2.8,28,Low,48,89,0.539,5
R011362,W149,P004,A04,29-08-2026,Day,11.6,3.6,32,Critical,63,91,0.696,6
R011363,W150,P003,A09,01-06-2026,Day,13.4,5.4,45,Low,47,69,0.686,1
R011364,W150,P003,A03,02-06-2026,Day,8.4,0.4,36,Low,47,62,0.764,2
R011365,W150,P003,A02,03-06-2026,Day,8.7,0.7,57,Low,58,69,0.843,3
R011366,W150,P003,A06,04-06-2026,Day,10.4,2.4,24,Medium,51,81,0.631,4
R011367,W150,P003,A07,05-06-2026,Night,10.1,2.1,49,Medium,69,96,0.72,5
R011368,W150,P003,A09,06-06-2026,Day,9.4,1.4,36,Low,50,67,0.751,6
R011369,W150,P003,A01,09-06-2026,Day,9.9,1.9,35,Low,44,61,0.716,1
R011370,W150,P003,A07,10-06-2026,Day,9.2,1.2,48,Medium,58,79,0.734,2
R011371,W150,P003,A01,11-06-2026,Day,9.1,1.1,43,High,59,80,0.735,3
R011372,W150,P003,A06,12-06-2026,Day,9.9,1.9,27,Medium,49,74,0.655,4
R011373,W150,P003,A06,13-06-2026,Day,10,2,46,Medium,64,87,0.741,5
R011374,W150,P003,A03,15-06-2026,Day,9.4,1.4,30,Low,69,92,0.748,1
R011375,W150,P003,A04,17-06-2026,Day,11,3,40,Low,70,90,0.783,1
R011376,W150,P003,A01,18-06-2026,Day,9.4,1.4,33,Low,68,91,0.751,2
R011377,W150,P003,A07,19-06-2026,Day,9.6,1.6,25,Low,61,72,0.843,3
R011378,W150,P003,A09,22-06-2026,Day,9.1,1.1,46,Medium,68,82,0.829,1
R011379,W150,P003,A04,23-06-2026,Night,10.2,2.2,43,High,47,66,0.715,2
R011380,W150,P003,A07,24-06-2026,Night,9.2,1.2,41,High,48,66,0.724,3
R011381,W150,P003,A01,25-06-2026,Day,8.8,0.8,37,Medium,56,70,0.803,4
R011382,W150,P003,A09,26-06-2026,Day,11.1,3.1,40,High,58,85,0.686,5
R011383,W150,P003,A02,27-06-2026,Day,9.7,1.7,37,Low,66,94,0.698,6
R011384,W150,P003,A05,29-06-2026,Day,9.7,1.7,39,High,74,95,0.783,1
R011385,W150,P003,A08,30-06-2026,Night,10.4,2.4,55,Low,55,68,0.804,2
R011386,W150,P003,A01,01-07-2026,Day,8.4,0.4,43,Medium,70,88,0.8,3
R011387,W150,P003,A05,03-07-2026,Day,9.8,1.8,39,High,60,78,0.771,1
R011388,W150,P003,A09,04-07-2026,Day,10.8,2.8,32,Medium,58,79,0.731,2
R011389,W150,P003,A09,05-07-2026,Day,10.2,2.2,38,Medium,47,60,0.787,3
R011390,W150,P003,A08,06-07-2026,Day,9.1,1.1,47,Medium,78,98,0.792,4
R011391,W150,P003,A01,07-07-2026,Day,8.6,0.6,24,Low,50,73,0.687,5
R011392,W150,P003,A01,09-07-2026,Day,9.2,1.2,42,High,76,96,0.791,1
R011393,W150,P003,A06,10-07-2026,Day,11.2,3.2,47,Low,60,91,0.664,2
R011394,W150,P003,A04,11-07-2026,Day,9.3,1.3,40,Medium,46,69,0.673,3
R011395,W150,P003,A05,13-07-2026,Night,9.7,1.7,38,Medium,73,97,0.748,1
R011396,W150,P003,A08,15-07-2026,Day,10.4,2.4,48,Medium,51,68,0.755,1
R011397,W150,P003,A07,16-07-2026,Day,9.6,1.6,39,Medium,64,81,0.786,2
R011398,W150,P003,A09,17-07-2026,Night,9.9,1.9,46,High,65,94,0.687,3
R011399,W150,P003,A03,18-07-2026,Day,12.5,4.5,38,High,42,64,0.655,4
R011400,W150,P003,A02,20-07-2026,Day,11.6,3.6,52,High,48,60,0.8,1
R011401,W150,P003,A09,21-07-2026,Day,10.1,2.1,39,High,60,79,0.755,2
R011402,W150,P003,A05,22-07-2026,Day,8.6,0.6,32,Medium,60,82,0.732,3
R011403,W150,P003,A06,23-07-2026,Night,11,3,46,Medium,57,81,0.698,4
R011404,W150,P003,A07,24-07-2026,Day,8,0,46,Medium,47,62,0.759,5
R011405,W150,P003,A05,25-07-2026,Day,11.2,3.2,35,High,51,67,0.755,6
R011406,W150,P003,A08,27-07-2026,Day,8.7,0.7,43,Medium,54,78,0.697,1
R011407,W150,P003,A04,28-07-2026,Day,8,0,47,Medium,86,94,0.91,2
R011408,W150,P003,A08,29-07-2026,Day,9.4,1.4,42,Low,49,61,0.801,3
R011409,W150,P003,A05,30-07-2026,Day,11,3,47,Medium,68,98,0.693,4
R011410,W150,P003,A08,31-07-2026,Day,12.1,4.1,43,Medium,65,99,0.66,5
R011411,W150,P003,A08,01-08-2026,Day,8.8,0.8,44,Medium,70,94,0.742,6
R011412,W150,P003,A06,03-08-2026,Day,9.3,1.3,38,Medium,60,80,0.755,1
R011413,W150,P003,A09,04-08-2026,Night,9.4,1.4,44,Critical,62,90,0.692,2
R011414,W150,P003,A06,05-08-2026,Day,10.3,2.3,46,High,55,80,0.689,3
R011415,W150,P003,A06,06-08-2026,Day,10.7,2.7,24,Medium,51,76,0.674,4
R011416,W150,P003,A05,07-08-2026,Day,9.2,1.2,43,Medium,63,89,0.71,5
R011417,W150,P003,A01,08-08-2026,Day,9.3,1.3,44,High,70,94,0.743,6
R011418,W150,P003,A01,10-08-2026,Day,10,2,38,Medium,66,89,0.746,1
R011419,W150,P003,A06,11-08-2026,Night,10.1,2.1,51,Low,84,99,0.851,2
R011420,W150,P003,A07,12-08-2026,Day,10.1,2.1,37,Critical,37,60,0.619,3
R011421,W150,P003,A06,13-08-2026,Night,11,3,28,Critical,51,74,0.685,4
R011422,W150,P003,A03,14-08-2026,Day,8.8,0.8,48,High,54,79,0.684,5
R011423,W150,P003,A09,15-08-2026,Day,8,0,33,Critical,43,60,0.716,6
R011424,W150,P003,A04,17-08-2026,Day,8,0,54,Medium,53,64,0.827,1
R011425,W150,P003,A06,18-08-2026,Day,8,0,36,Low,59,68,0.871,2
R011426,W150,P003,A07,19-08-2026,Day,9.9,1.9,42,High,55,73,0.758,3
R011427,W150,P003,A04,20-08-2026,Day,10.6,2.6,41,Low,57,73,0.776,4
R011428,W150,P003,A06,21-08-2026,Day,10.8,2.8,35,Low,39,61,0.646,5
R011429,W150,P003,A01,22-08-2026,Day,9.1,1.1,44,Medium,68,92,0.739,6
R011430,W150,P003,A03,23-08-2026,Day,10.1,2.1,37,Medium,70,88,0.797,7
R011431,W150,P003,A02,24-08-2026,Day,10.9,2.9,33,High,50,94,0.533,8
R011432,W150,P003,A02,25-08-2026,Day,10.8,2.8,44,Medium,64,97,0.664,9
R011433,W150,P003,A05,26-08-2026,Day,12.1,4.1,37,Medium,50,76,0.655,10
R011434,W150,P003,A08,27-08-2026,Day,10.9,2.9,52,Medium,44,60,0.732,11
R011435,W150,P003,A08,28-08-2026,Night,8.9,0.9,42,Low,46,63,0.732,12
R011436,W150,P003,A03,29-08-2026,Night,8.4,0.4,50,Low,44,64,0.689,13
